{"type":"FeatureCollection","features":[{"type":"Feature","properties":{"haz":1},"geometry":{"type":"MultiPolygon","coordinates":[[[[122.60748,12.300055],[122.607664,12.3],[122.60748,12.3],[122.60748,12.300055]]],[[[122.653277,12.3],[122.653461,12.300117],[122.653461,12.3],[122.653277,12.3]]],[[[122.60748,12.300055],[122.607295,12.300235],[122.607479,12.300236],[122.60748,12.300055]]],[[[122.653461,12.300117],[122.653645,12.300298],[122.653645,12.300117],[122.653461,12.300117]]],[[[122.607295,12.300235],[122.607111,12.300416],[122.607295,12.300416],[122.607295,12.300235]]],[[[122.653645,12.300298],[122.653828,12.300479],[122.653829,12.300298],[122.653645,12.300298]]],[[[122.653828,12.300479],[122.654012,12.30066],[122.654012,12.300479],[122.653828,12.300479]]],[[[122.654012,12.30066],[122.654196,12.300841],[122.654196,12.300661],[122.654012,12.30066]]],[[[122.655114,12.301747],[122.654931,12.301566],[122.65493,12.301747],[122.655114,12.301747]]],[[[122.60435,12.301678],[122.60527,12.30186],[122.60527,12.301679],[122.60435,12.301678]]],[[[122.655114,12.301747],[122.655298,12.301928],[122.655298,12.301747],[122.655114,12.301747]]],[[[122.605821,12.302042],[122.605454,12.301861],[122.605453,12.302041],[122.605821,12.302042]]],[[[122.655298,12.301928],[122.655482,12.302109],[122.655482,12.301928],[122.655298,12.301928]]],[[[122.60435,12.30204],[122.603982,12.301858],[122.603982,12.30222],[122.60435,12.30204]]],[[[122.655482,12.302109],[122.655665,12.30229],[122.655666,12.302109],[122.655482,12.302109]]],[[[122.606927,12.300416],[122.606375,12.300958],[122.606373,12.302043],[122.605821,12.302223],[122.60674,12.302405],[122.606927,12.300416]]],[[[122.656033,12.302471],[122.655849,12.30229],[122.655849,12.302471],[122.656033,12.302471]]],[[[122.656033,12.302471],[122.656217,12.302653],[122.656217,12.302472],[122.656033,12.302471]]],[[[122.656217,12.302653],[122.6564,12.302834],[122.656401,12.302653],[122.656217,12.302653]]],[[[122.6564,12.302834],[122.656584,12.303015],[122.656584,12.302834],[122.6564,12.302834]]],[[[122.656584,12.303015],[122.656952,12.303196],[122.656952,12.303015],[122.656584,12.303015]]],[[[122.656952,12.303196],[122.657135,12.303377],[122.657136,12.303196],[122.656952,12.303196]]],[[[122.657135,12.303377],[122.657319,12.303558],[122.657319,12.303377],[122.657135,12.303377]]],[[[122.657319,12.303558],[122.657503,12.303739],[122.657503,12.303558],[122.657319,12.303558]]],[[[122.657503,12.303739],[122.657686,12.30392],[122.657687,12.30374],[122.657503,12.303739]]],[[[122.603798,12.30222],[122.60306,12.303666],[122.603059,12.304208],[122.603981,12.302763],[122.603798,12.30222]]],[[[122.657686,12.304101],[122.658054,12.304463],[122.658238,12.304464],[122.658054,12.303921],[122.657686,12.304101]]],[[[122.658238,12.304464],[122.658421,12.304645],[122.658421,12.304464],[122.658238,12.304464]]],[[[122.658421,12.304645],[122.658605,12.304826],[122.658605,12.304645],[122.658421,12.304645]]],[[[122.658605,12.304826],[122.658973,12.305007],[122.658973,12.304826],[122.658605,12.304826]]],[[[122.658973,12.305007],[122.659156,12.305188],[122.659156,12.305007],[122.658973,12.305007]]],[[[122.659156,12.305188],[122.65934,12.305369],[122.65934,12.305188],[122.659156,12.305188]]],[[[122.65934,12.305369],[122.659708,12.305551],[122.659708,12.30537],[122.65934,12.305369]]],[[[122.603059,12.304208],[122.602873,12.305655],[122.603057,12.305655],[122.603059,12.304208]]],[[[122.659708,12.305551],[122.659891,12.305732],[122.659891,12.305551],[122.659708,12.305551]]],[[[122.659891,12.305732],[122.660075,12.305913],[122.660075,12.305732],[122.659891,12.305732]]],[[[122.660075,12.305913],[122.660259,12.306094],[122.660259,12.305913],[122.660075,12.305913]]],[[[122.660259,12.306094],[122.660442,12.306275],[122.660443,12.306094],[122.660259,12.306094]]],[[[122.585951,12.306172],[122.58687,12.306355],[122.58687,12.306174],[122.585951,12.306172]]],[[[122.660442,12.306275],[122.660626,12.306456],[122.660626,12.306275],[122.660442,12.306275]]],[[[122.58687,12.306355],[122.587238,12.306536],[122.587238,12.306355],[122.58687,12.306355]]],[[[122.602872,12.306559],[122.603056,12.306379],[122.602872,12.306378],[122.602872,12.306559]]],[[[122.660626,12.306456],[122.66081,12.306637],[122.66081,12.306456],[122.660626,12.306456]]],[[[122.583743,12.306531],[122.584294,12.306712],[122.584295,12.306532],[122.583743,12.306531]]],[[[122.585766,12.306353],[122.585214,12.306533],[122.585214,12.306714],[122.585766,12.306715],[122.585766,12.306353]]],[[[122.587238,12.306536],[122.587605,12.306717],[122.587606,12.306537],[122.587238,12.306536]]],[[[122.601216,12.306738],[122.600665,12.306556],[122.600664,12.306737],[122.601216,12.306738]]],[[[122.602872,12.306559],[122.602687,12.30674],[122.602871,12.30674],[122.602872,12.306559]]],[[[122.66081,12.306637],[122.660993,12.306818],[122.660994,12.306637],[122.66081,12.306637]]],[[[122.583742,12.306892],[122.583375,12.306711],[122.583375,12.306892],[122.583742,12.306892]]],[[[122.584294,12.306712],[122.58503,12.306894],[122.58503,12.306714],[122.584294,12.306712]]],[[[122.587605,12.306717],[122.587789,12.306899],[122.587789,12.306718],[122.587605,12.306717]]],[[[122.599744,12.306916],[122.599929,12.306736],[122.599745,12.306735],[122.599744,12.306916]]],[[[122.601216,12.306738],[122.6014,12.306919],[122.6014,12.306738],[122.601216,12.306738]]],[[[122.60232,12.306739],[122.602135,12.30692],[122.602319,12.30692],[122.60232,12.306739]]],[[[122.661361,12.307],[122.661177,12.306819],[122.661177,12.306999],[122.661361,12.307]]],[[[122.583374,12.307073],[122.583007,12.306891],[122.583006,12.307072],[122.583374,12.307073]]],[[[122.59441,12.306908],[122.594778,12.30709],[122.594778,12.306909],[122.59441,12.306908]]],[[[122.595698,12.307091],[122.59533,12.30691],[122.59533,12.307091],[122.595698,12.307091]]],[[[122.599744,12.306916],[122.59956,12.307097],[122.599744,12.307097],[122.599744,12.306916]]],[[[122.6014,12.306919],[122.601583,12.3071],[122.601584,12.306919],[122.6014,12.306919]]],[[[122.601951,12.30692],[122.601767,12.3071],[122.601951,12.3071],[122.601951,12.30692]]],[[[122.661361,12.307],[122.661545,12.307181],[122.661545,12.307],[122.661361,12.307]]],[[[122.583006,12.307072],[122.582822,12.307253],[122.583006,12.307253],[122.583006,12.307072]]],[[[122.588157,12.306899],[122.587972,12.307261],[122.58834,12.307261],[122.588157,12.306899]]],[[[122.592387,12.307086],[122.592019,12.307267],[122.592387,12.307267],[122.592387,12.307086]]],[[[122.59441,12.307089],[122.594226,12.30727],[122.59441,12.30727],[122.59441,12.307089]]],[[[122.598089,12.307095],[122.597169,12.307274],[122.598088,12.307276],[122.598089,12.307095]]],[[[122.59956,12.307097],[122.599376,12.307278],[122.59956,12.307278],[122.59956,12.307097]]],[[[122.661545,12.307181],[122.661728,12.307362],[122.661729,12.307181],[122.661545,12.307181]]],[[[122.582822,12.307434],[122.582454,12.307252],[122.582454,12.307433],[122.582822,12.307434]]],[[[122.58834,12.307261],[122.588892,12.307443],[122.588892,12.307262],[122.58834,12.307261]]],[[[122.591835,12.307266],[122.591467,12.307447],[122.591834,12.307447],[122.591835,12.307266]]],[[[122.59349,12.30745],[122.59257,12.307267],[122.59257,12.307448],[122.59349,12.30745]]],[[[122.596065,12.307092],[122.595881,12.307453],[122.596985,12.307455],[122.596065,12.307092]]],[[[122.598824,12.307277],[122.598272,12.307457],[122.598824,12.307458],[122.598824,12.307277]]],[[[122.599376,12.307278],[122.599192,12.307458],[122.599376,12.307458],[122.599376,12.307278]]],[[[122.661728,12.307362],[122.661912,12.307543],[122.661912,12.307362],[122.661728,12.307362]]],[[[122.589259,12.307624],[122.589076,12.307443],[122.589075,12.307624],[122.589259,12.307624]]],[[[122.591098,12.307627],[122.591283,12.307446],[122.591099,12.307446],[122.591098,12.307627]]],[[[122.59349,12.30745],[122.593674,12.307631],[122.593674,12.30745],[122.59349,12.30745]]],[[[122.594226,12.30727],[122.594041,12.307631],[122.594225,12.307632],[122.594226,12.30727]]],[[[122.661912,12.307543],[122.662096,12.307724],[122.662096,12.307543],[122.661912,12.307543]]],[[[122.591098,12.307627],[122.590914,12.307808],[122.591098,12.307808],[122.591098,12.307627]]],[[[122.593674,12.307631],[122.593857,12.307812],[122.593857,12.307631],[122.593674,12.307631]]],[[[122.662096,12.307724],[122.66228,12.307905],[122.66228,12.307724],[122.662096,12.307724]]],[[[122.589259,12.307624],[122.589443,12.307986],[122.589443,12.307624],[122.589259,12.307624]]],[[[122.590914,12.307808],[122.59073,12.307988],[122.590914,12.307988],[122.590914,12.307808]]],[[[122.66228,12.307905],[122.662463,12.308086],[122.662464,12.307905],[122.66228,12.307905]]],[[[122.589443,12.307986],[122.589626,12.308167],[122.589626,12.307986],[122.589443,12.307986]]],[[[122.59073,12.307988],[122.590546,12.308169],[122.59073,12.308169],[122.59073,12.307988]]],[[[122.593857,12.307812],[122.594041,12.308174],[122.594041,12.307812],[122.593857,12.307812]]],[[[122.662463,12.308086],[122.662831,12.308267],[122.662831,12.308087],[122.662463,12.308086]]],[[[122.662831,12.308267],[122.663015,12.308449],[122.663015,12.308268],[122.662831,12.308267]]],[[[122.663015,12.308449],[122.663198,12.30863],[122.663199,12.308449],[122.663015,12.308449]]],[[[122.58981,12.308168],[122.589625,12.30871],[122.589809,12.30871],[122.58981,12.308168]]],[[[122.663566,12.30863],[122.663382,12.308992],[122.66375,12.308992],[122.663566,12.30863]]],[[[122.589809,12.30871],[122.589993,12.309072],[122.589993,12.30871],[122.589809,12.30871]]],[[[122.66375,12.308992],[122.663933,12.309173],[122.663934,12.308992],[122.66375,12.308992]]],[[[122.663933,12.309173],[122.664117,12.309354],[122.664117,12.309173],[122.663933,12.309173]]],[[[122.590546,12.308169],[122.589992,12.309253],[122.590728,12.309435],[122.590546,12.308169]]],[[[122.664117,12.309354],[122.664485,12.309536],[122.664485,12.309355],[122.664117,12.309354]]],[[[122.664485,12.309536],[122.664668,12.309717],[122.664669,12.309536],[122.664485,12.309536]]],[[[122.664668,12.309717],[122.664852,12.309898],[122.664852,12.309717],[122.664668,12.309717]]],[[[122.664852,12.309898],[122.665036,12.310079],[122.665036,12.309898],[122.664852,12.309898]]],[[[122.665036,12.310079],[122.66522,12.31026],[122.66522,12.310079],[122.665036,12.310079]]],[[[122.66522,12.31026],[122.665403,12.310441],[122.665403,12.31026],[122.66522,12.31026]]],[[[122.665403,12.310441],[122.665587,12.310803],[122.665587,12.310441],[122.665403,12.310441]]],[[[122.58227,12.307433],[122.579141,12.309056],[122.578037,12.308873],[122.577853,12.309415],[122.578403,12.31014],[122.578955,12.310141],[122.579138,12.310864],[122.580059,12.309781],[122.578956,12.309598],[122.578587,12.309959],[122.578221,12.309235],[122.580796,12.309058],[122.58227,12.307433]]],[[[122.575274,12.311401],[122.574538,12.311581],[122.574538,12.311761],[122.575274,12.311401]]],[[[122.665771,12.310803],[122.665585,12.311888],[122.665769,12.311888],[122.665771,12.310803]]],[[[122.665585,12.311888],[122.665401,12.31225],[122.665585,12.31225],[122.665585,12.311888]]],[[[122.574539,12.3114],[122.573803,12.311399],[122.57325,12.31194],[122.572515,12.311758],[122.57233,12.312301],[122.573434,12.312121],[122.574539,12.3114]]],[[[122.57877,12.310864],[122.578585,12.311406],[122.577665,12.311585],[122.576379,12.310679],[122.575275,12.31122],[122.576195,12.31086],[122.578032,12.312309],[122.578769,12.311768],[122.57877,12.310864]]],[[[122.57233,12.312301],[122.572146,12.312481],[122.57233,12.312481],[122.57233,12.312301]]],[[[122.572146,12.312481],[122.571962,12.312662],[122.572145,12.312662],[122.572146,12.312481]]],[[[122.665401,12.31225],[122.665216,12.312792],[122.6654,12.312792],[122.665401,12.31225]]],[[[122.571962,12.312662],[122.571777,12.312842],[122.571961,12.312843],[122.571962,12.312662]]],[[[122.665584,12.313154],[122.6654,12.312973],[122.6654,12.313154],[122.665584,12.313154]]],[[[122.665584,12.313154],[122.665767,12.313335],[122.665768,12.313154],[122.665584,12.313154]]],[[[122.667239,12.313156],[122.666503,12.313336],[122.667239,12.313337],[122.667239,12.313156]]],[[[122.571777,12.312842],[122.571593,12.313385],[122.571776,12.313385],[122.571777,12.312842]]],[[[122.665767,12.313335],[122.666135,12.313516],[122.666135,12.313336],[122.665767,12.313335]]],[[[122.66779,12.313518],[122.667423,12.313337],[122.667423,12.313518],[122.66779,12.313518]]],[[[122.66779,12.313518],[122.667974,12.3137],[122.667974,12.313519],[122.66779,12.313518]]],[[[122.668526,12.3137],[122.668158,12.313881],[122.668526,12.313881],[122.668526,12.3137]]],[[[122.57196,12.313928],[122.571776,12.313566],[122.571776,12.313927],[122.57196,12.313928]]],[[[122.669813,12.313883],[122.669445,12.314063],[122.669813,12.314064],[122.669813,12.313883]]],[[[122.670181,12.314064],[122.669997,12.314245],[122.670181,12.314245],[122.670181,12.314064]]],[[[122.670548,12.314426],[122.670365,12.314245],[122.670364,12.314426],[122.670548,12.314426]]],[[[122.572143,12.313928],[122.571959,12.31447],[122.572143,12.314471],[122.572143,12.313928]]],[[[122.670548,12.314426],[122.670732,12.314607],[122.670732,12.314426],[122.670548,12.314426]]],[[[122.572143,12.314471],[122.572326,12.314652],[122.572327,12.314471],[122.572143,12.314471]]],[[[122.670732,12.314607],[122.670916,12.314788],[122.670916,12.314607],[122.670732,12.314607]]],[[[122.571774,12.314832],[122.571958,12.315013],[122.571958,12.314832],[122.571774,12.314832]]],[[[122.57251,12.314833],[122.572326,12.315013],[122.57251,12.315014],[122.57251,12.314833]]],[[[122.571774,12.314651],[122.571223,12.314469],[122.570854,12.315192],[122.569934,12.315191],[122.569933,12.315914],[122.571774,12.314651]]],[[[122.570301,12.316095],[122.570116,12.316276],[122.5703,12.316276],[122.570301,12.316095]]],[[[122.569564,12.316818],[122.56938,12.316637],[122.56938,12.316817],[122.569564,12.316818]]],[[[122.570484,12.316457],[122.570299,12.316819],[122.570483,12.316819],[122.570484,12.316457]]],[[[122.568828,12.316817],[122.569195,12.316998],[122.569196,12.316817],[122.568828,12.316817]]],[[[122.569564,12.316818],[122.569747,12.316999],[122.569748,12.316818],[122.569564,12.316818]]],[[[122.569747,12.316999],[122.570115,12.317361],[122.570115,12.316999],[122.569747,12.316999]]],[[[122.568828,12.316997],[122.568642,12.317721],[122.568826,12.317721],[122.568828,12.316997]]],[[[122.568642,12.317721],[122.568458,12.317901],[122.568642,12.317901],[122.568642,12.317721]]],[[[122.674406,12.318771],[122.674222,12.318952],[122.674405,12.318952],[122.674406,12.318771]]],[[[122.56864,12.319167],[122.568458,12.318263],[122.568456,12.319167],[122.56864,12.319167]]],[[[122.569008,12.319349],[122.568824,12.319168],[122.568824,12.319349],[122.569008,12.319349]]],[[[122.569008,12.319349],[122.569191,12.31953],[122.569192,12.319349],[122.569008,12.319349]]],[[[122.677161,12.321488],[122.676977,12.321849],[122.677161,12.321849],[122.677161,12.321488]]],[[[122.569007,12.319711],[122.568086,12.320613],[122.568084,12.321879],[122.569007,12.319711]]],[[[122.568268,12.32188],[122.568451,12.322061],[122.568452,12.32188],[122.568268,12.32188]]],[[[122.677161,12.32203],[122.676977,12.322211],[122.677161,12.322211],[122.677161,12.32203]]],[[[122.568635,12.322423],[122.568451,12.322242],[122.568451,12.322423],[122.568635,12.322423]]],[[[122.568818,12.322966],[122.567899,12.322603],[122.567898,12.322783],[122.568818,12.322966]]],[[[122.680069,12.325289],[122.679916,12.32547],[122.6801,12.32547],[122.680069,12.325289]]],[[[122.567715,12.322783],[122.566977,12.323686],[122.566425,12.323685],[122.566973,12.326399],[122.567341,12.3264],[122.567342,12.325315],[122.566792,12.32459],[122.567715,12.322783]]],[[[122.567341,12.3264],[122.567524,12.326581],[122.567525,12.3264],[122.567341,12.3264]]],[[[122.567892,12.326762],[122.567708,12.326581],[122.567708,12.326762],[122.567892,12.326762]]],[[[122.567892,12.326762],[122.568076,12.326943],[122.568076,12.326763],[122.567892,12.326762]]],[[[122.568076,12.326943],[122.568259,12.327125],[122.56826,12.326944],[122.568076,12.326943]]],[[[122.568259,12.327125],[122.568443,12.327487],[122.568443,12.327125],[122.568259,12.327125]]],[[[122.681353,12.327642],[122.681201,12.327822],[122.681385,12.327823],[122.681353,12.327642]]],[[[122.567889,12.32839],[122.568441,12.328572],[122.568258,12.327667],[122.567889,12.32839]]],[[[122.567889,12.328752],[122.567521,12.32857],[122.567521,12.328751],[122.567889,12.328752]]],[[[122.567521,12.328751],[122.567337,12.328932],[122.567521,12.328932],[122.567521,12.328751]]],[[[122.567337,12.328932],[122.567152,12.329112],[122.567336,12.329113],[122.567337,12.328932]]],[[[122.566968,12.329112],[122.566784,12.329293],[122.566968,12.329293],[122.566968,12.329112]]],[[[122.682302,12.329632],[122.682118,12.329813],[122.682302,12.329813],[122.682302,12.329632]]],[[[122.566415,12.329835],[122.566231,12.330015],[122.566415,12.330015],[122.566415,12.329835]]],[[[122.56623,12.330558],[122.566046,12.330738],[122.56623,12.330739],[122.56623,12.330558]]],[[[122.682485,12.330718],[122.682301,12.330898],[122.682484,12.330899],[122.682485,12.330718]]],[[[122.565678,12.330919],[122.565862,12.330738],[122.565678,12.330738],[122.565678,12.330919]]],[[[122.565678,12.330919],[122.565494,12.331099],[122.565677,12.331099],[122.565678,12.330919]]],[[[122.565309,12.331641],[122.565124,12.331822],[122.565308,12.331822],[122.565309,12.331641]]],[[[122.564204,12.332001],[122.56402,12.332182],[122.564204,12.332182],[122.564204,12.332001]]],[[[122.5631,12.332361],[122.562916,12.332542],[122.5631,12.332542],[122.5631,12.332361]]],[[[122.562548,12.332722],[122.562363,12.332903],[122.562547,12.332903],[122.562548,12.332722]]],[[[122.56218,12.332902],[122.561995,12.333083],[122.562179,12.333083],[122.56218,12.332902]]],[[[122.561627,12.333082],[122.560707,12.333262],[122.561627,12.333263],[122.561627,12.333082]]],[[[122.560523,12.333261],[122.560339,12.333442],[122.560523,12.333442],[122.560523,12.333261]]],[[[122.560155,12.333442],[122.559971,12.333622],[122.560155,12.333623],[122.560155,12.333442]]],[[[122.559418,12.334164],[122.559602,12.333983],[122.559418,12.333983],[122.559418,12.334164]]],[[[122.559418,12.334164],[122.559234,12.334345],[122.559418,12.334345],[122.559418,12.334164]]],[[[122.559234,12.334525],[122.559049,12.334706],[122.559233,12.334706],[122.559234,12.334525]]],[[[122.559049,12.334887],[122.558865,12.335067],[122.559049,12.335068],[122.559049,12.334887]]],[[[122.55868,12.335429],[122.558496,12.335609],[122.55868,12.33561],[122.55868,12.335429]]],[[[122.558311,12.336152],[122.558127,12.336332],[122.558311,12.336332],[122.558311,12.336152]]],[[[122.558126,12.336694],[122.557941,12.337236],[122.558125,12.337236],[122.558126,12.336694]]],[[[122.558308,12.337779],[122.558125,12.337598],[122.558124,12.337779],[122.558308,12.337779]]],[[[122.558308,12.337779],[122.558492,12.338141],[122.558492,12.33778],[122.558308,12.337779]]],[[[122.684315,12.338135],[122.684131,12.338316],[122.684315,12.338316],[122.684315,12.338135]]],[[[122.558675,12.338323],[122.55849,12.339046],[122.558674,12.339046],[122.558675,12.338323]]],[[[122.55849,12.339407],[122.558674,12.339227],[122.55849,12.339227],[122.55849,12.339407]]],[[[122.55849,12.339407],[122.558305,12.339588],[122.558489,12.339588],[122.55849,12.339407]]],[[[122.558305,12.339588],[122.558121,12.339768],[122.558305,12.339769],[122.558305,12.339588]]],[[[122.682657,12.340123],[122.682473,12.340303],[122.682657,12.340304],[122.682657,12.340123]]],[[[122.557937,12.34013],[122.557752,12.34031],[122.557936,12.340311],[122.557937,12.34013]]],[[[122.556096,12.340489],[122.556464,12.340851],[122.556464,12.340489],[122.556096,12.340489]]],[[[122.557383,12.341214],[122.557567,12.341034],[122.557383,12.341033],[122.557383,12.341214]]],[[[122.554808,12.34121],[122.554439,12.34139],[122.554807,12.341391],[122.554808,12.34121]]],[[[122.557383,12.341395],[122.557015,12.341214],[122.557015,12.341394],[122.557383,12.341395]]],[[[122.552967,12.341569],[122.553152,12.341026],[122.552968,12.341026],[122.552967,12.341569]]],[[[122.557015,12.341394],[122.55683,12.341575],[122.557014,12.341575],[122.557015,12.341394]]],[[[122.685231,12.341573],[122.685047,12.341753],[122.685231,12.341753],[122.685231,12.341573]]],[[[122.685599,12.341573],[122.685415,12.341754],[122.685599,12.341754],[122.685599,12.341573]]],[[[122.556095,12.341393],[122.555726,12.341754],[122.556094,12.341755],[122.556095,12.341393]]],[[[122.681368,12.341749],[122.681184,12.34193],[122.681367,12.34193],[122.681368,12.341749]]],[[[122.553151,12.34175],[122.553519,12.341931],[122.553521,12.340665],[122.553337,12.340665],[122.553151,12.34175]]],[[[122.555542,12.341754],[122.555174,12.341934],[122.555542,12.341935],[122.555542,12.341754]]],[[[122.55683,12.341756],[122.556463,12.341574],[122.556462,12.342117],[122.55683,12.341756]]],[[[122.683943,12.342114],[122.683758,12.342294],[122.683942,12.342295],[122.683943,12.342114]]],[[[122.680999,12.342291],[122.680815,12.342472],[122.680999,12.342472],[122.680999,12.342291]]],[[[122.556277,12.342659],[122.556461,12.342479],[122.556277,12.342478],[122.556277,12.342659]]],[[[122.680815,12.342653],[122.680631,12.342833],[122.680815,12.342833],[122.680815,12.342653]]],[[[122.556277,12.342659],[122.556093,12.34284],[122.556276,12.34284],[122.556277,12.342659]]],[[[122.681918,12.342835],[122.68155,12.343015],[122.681918,12.343016],[122.681918,12.342835]]],[[[122.556093,12.34284],[122.555908,12.34302],[122.556092,12.343021],[122.556093,12.34284]]],[[[122.680446,12.343195],[122.68063,12.343014],[122.680446,12.343014],[122.680446,12.343195]]],[[[122.555724,12.34302],[122.55554,12.343201],[122.555724,12.343201],[122.555724,12.34302]]],[[[122.680446,12.343195],[122.680262,12.343375],[122.680446,12.343376],[122.680446,12.343195]]],[[[122.681366,12.343196],[122.681182,12.343376],[122.681366,12.343377],[122.681366,12.343196]]],[[[122.552781,12.343015],[122.552596,12.343377],[122.55278,12.343377],[122.552781,12.343015]]],[[[122.555172,12.343381],[122.555356,12.3432],[122.555172,12.3432],[122.555172,12.343381]]],[[[122.555172,12.343381],[122.554988,12.343561],[122.555172,12.343562],[122.555172,12.343381]]],[[[122.681182,12.343557],[122.680997,12.343738],[122.681181,12.343738],[122.681182,12.343557]]],[[[122.55278,12.343739],[122.55315,12.342292],[122.552966,12.342292],[122.55278,12.343739]]],[[[122.554988,12.343561],[122.554803,12.343742],[122.554987,12.343742],[122.554988,12.343561]]],[[[122.554803,12.343742],[122.554619,12.343923],[122.554803,12.343923],[122.554803,12.343742]]],[[[122.680262,12.343556],[122.680077,12.344099],[122.680261,12.344099],[122.680262,12.343556]]],[[[122.554435,12.343922],[122.554252,12.343379],[122.553517,12.343197],[122.55333,12.344644],[122.553515,12.344102],[122.554251,12.344103],[122.554249,12.345188],[122.554435,12.343922]]],[[[122.55333,12.344644],[122.553145,12.345548],[122.553329,12.345548],[122.55333,12.344644]]],[[[122.685777,12.346276],[122.685593,12.346456],[122.685777,12.346456],[122.685777,12.346276]]],[[[122.685593,12.346818],[122.685408,12.346999],[122.685592,12.346999],[122.685593,12.346818]]],[[[122.685224,12.34736],[122.68504,12.347541],[122.685224,12.347541],[122.685224,12.34736]]],[[[122.552588,12.34826],[122.552413,12.348214],[122.552404,12.348259],[122.552588,12.34826]]],[[[122.552404,12.34844],[122.55222,12.348621],[122.552404,12.348621],[122.552404,12.34844]]],[[[122.553328,12.345729],[122.55388,12.345911],[122.553509,12.347538],[122.55406,12.348081],[122.552588,12.348079],[122.553875,12.348624],[122.554428,12.347901],[122.554061,12.347539],[122.554248,12.345911],[122.553328,12.345729]]],[[[122.552219,12.348802],[122.552035,12.349163],[122.552219,12.349163],[122.552219,12.348802]]],[[[122.552034,12.349525],[122.552218,12.349344],[122.552034,12.349344],[122.552034,12.349525]]],[[[122.552034,12.349525],[122.55185,12.349705],[122.552034,12.349706],[122.552034,12.349525]]],[[[122.551666,12.349705],[122.551482,12.349886],[122.551666,12.349886],[122.551666,12.349705]]],[[[122.685589,12.350073],[122.685405,12.350254],[122.685589,12.350254],[122.685589,12.350073]]],[[[122.550927,12.351332],[122.551113,12.350609],[122.550929,12.350608],[122.550927,12.351332]]],[[[122.550927,12.351332],[122.550743,12.351512],[122.550927,12.351513],[122.550927,12.351332]]],[[[122.684851,12.351519],[122.684667,12.3517],[122.684851,12.3517],[122.684851,12.351519]]],[[[122.550558,12.351874],[122.550743,12.351693],[122.550559,12.351693],[122.550558,12.351874]]],[[[122.550558,12.351874],[122.550374,12.352054],[122.550558,12.352054],[122.550558,12.351874]]],[[[122.684667,12.351881],[122.684483,12.352062],[122.684667,12.352062],[122.684667,12.351881]]],[[[122.68393,12.352423],[122.684114,12.352242],[122.68393,12.352242],[122.68393,12.352423]]],[[[122.55019,12.352416],[122.550005,12.352596],[122.550189,12.352596],[122.55019,12.352416]]],[[[122.68393,12.352423],[122.683746,12.352603],[122.68393,12.352604],[122.68393,12.352423]]],[[[122.550005,12.352777],[122.549821,12.352958],[122.550005,12.352958],[122.550005,12.352777]]],[[[122.549453,12.353138],[122.549637,12.352957],[122.549453,12.352957],[122.549453,12.353138]]],[[[122.548531,12.354041],[122.548163,12.354221],[122.548531,12.354221],[122.548531,12.354041]]],[[[122.549453,12.353138],[122.549267,12.354223],[122.549451,12.354223],[122.549453,12.353138]]],[[[122.547795,12.354401],[122.547979,12.354221],[122.547795,12.35422],[122.547795,12.354401]]],[[[122.683928,12.354231],[122.683744,12.354412],[122.683928,12.354412],[122.683928,12.354231]]],[[[122.548715,12.354403],[122.54853,12.354764],[122.548714,12.354764],[122.548715,12.354403]]],[[[122.549265,12.354946],[122.54945,12.354585],[122.549266,12.354584],[122.549265,12.354946]]],[[[122.548898,12.354945],[122.548713,12.355126],[122.548897,12.355126],[122.548898,12.354945]]],[[[122.549265,12.354946],[122.549081,12.355127],[122.549265,12.355127],[122.549265,12.354946]]],[[[122.547611,12.354401],[122.54761,12.355124],[122.546874,12.355123],[122.546688,12.355846],[122.547056,12.355847],[122.547057,12.355304],[122.547793,12.355305],[122.547611,12.354401]]],[[[122.546688,12.355846],[122.546504,12.356027],[122.546688,12.356027],[122.546688,12.355846]]],[[[122.547976,12.356029],[122.548527,12.356573],[122.548344,12.35603],[122.547976,12.356029]]],[[[122.547975,12.356572],[122.547791,12.356752],[122.547975,12.356753],[122.547975,12.356572]]],[[[122.546504,12.356027],[122.546135,12.35693],[122.546687,12.356931],[122.546504,12.356027]]],[[[122.547791,12.356752],[122.547606,12.356933],[122.54779,12.356933],[122.547791,12.356752]]],[[[122.547606,12.357114],[122.546687,12.356931],[122.546686,12.357112],[122.547606,12.357114]]],[[[122.545058,12.357109],[122.545398,12.357291],[122.545399,12.35711],[122.545058,12.357109]]],[[[122.54503,12.357471],[122.544846,12.357386],[122.544846,12.357471],[122.54503,12.357471]]],[[[122.548342,12.357296],[122.548157,12.357476],[122.548341,12.357477],[122.548342,12.357296]]],[[[122.545398,12.357653],[122.545213,12.357833],[122.545397,12.357833],[122.545398,12.357653]]],[[[122.547605,12.358018],[122.547789,12.357837],[122.547605,12.357837],[122.547605,12.358018]]],[[[122.544477,12.358194],[122.544661,12.358013],[122.544477,12.358013],[122.544477,12.358194]]],[[[122.545029,12.358194],[122.545213,12.358014],[122.545029,12.358014],[122.545029,12.358194]]],[[[122.547605,12.358018],[122.54742,12.358198],[122.547604,12.358199],[122.547605,12.358018]]],[[[122.544477,12.358194],[122.544293,12.358374],[122.544477,12.358374],[122.544477,12.358194]]],[[[122.545029,12.358194],[122.544844,12.358375],[122.545028,12.358375],[122.545029,12.358194]]],[[[122.544293,12.358374],[122.544108,12.358555],[122.544292,12.358555],[122.544293,12.358374]]],[[[122.544844,12.358375],[122.54466,12.358736],[122.544844,12.358737],[122.544844,12.358375]]],[[[122.546868,12.358559],[122.547419,12.358741],[122.54742,12.358379],[122.546868,12.358559]]],[[[122.546867,12.358921],[122.5465,12.358739],[122.546499,12.35892],[122.546867,12.358921]]],[[[122.54466,12.358736],[122.544475,12.359098],[122.544659,12.359098],[122.54466,12.358736]]],[[[122.546499,12.35892],[122.546315,12.359101],[122.546499,12.359101],[122.546499,12.35892]]],[[[122.544475,12.359098],[122.544291,12.359278],[122.544475,12.359279],[122.544475,12.359098]]],[[[122.546315,12.359101],[122.546131,12.359281],[122.546315,12.359282],[122.546315,12.359101]]],[[[122.543739,12.359458],[122.543923,12.359278],[122.54374,12.358916],[122.543739,12.359458]]],[[[122.54613,12.359462],[122.545946,12.359824],[122.54613,12.359824],[122.54613,12.359462]]],[[[122.686497,12.359841],[122.687049,12.35948],[122.687233,12.359842],[122.687233,12.359299],[122.68613,12.358755],[122.685946,12.359298],[122.686497,12.359841]]],[[[122.686497,12.360022],[122.68668,12.360203],[122.686681,12.360022],[122.686497,12.360022]]],[[[122.687049,12.360022],[122.686864,12.360203],[122.687048,12.360203],[122.687049,12.360022]]],[[[122.542081,12.360902],[122.541897,12.36054],[122.541897,12.360902],[122.542081,12.360902]]],[[[122.54484,12.360907],[122.545944,12.360728],[122.546129,12.360186],[122.544841,12.360545],[122.54484,12.360907]]],[[[122.685943,12.361287],[122.686129,12.359841],[122.685577,12.359659],[122.685391,12.361287],[122.685943,12.361287]],[[122.685944,12.360383],[122.685576,12.361106],[122.685577,12.360202],[122.685944,12.360383]]],[[[122.542081,12.360902],[122.542632,12.361446],[122.542817,12.360723],[122.542081,12.360902]]],[[[122.545023,12.361269],[122.544839,12.36163],[122.545023,12.361631],[122.545023,12.361269]]],[[[122.544654,12.361992],[122.544839,12.361811],[122.544655,12.361811],[122.544654,12.361992]]],[[[122.682816,12.361464],[122.683919,12.361827],[122.683552,12.361104],[122.684288,12.360562],[122.684842,12.358935],[122.684844,12.357307],[122.683927,12.354774],[122.683742,12.35604],[122.684293,12.356583],[122.684659,12.358573],[122.68392,12.360561],[122.682816,12.361464]]],[[[122.684655,12.361828],[122.684471,12.362009],[122.684655,12.362009],[122.684655,12.361828]]],[[[122.541895,12.361626],[122.542262,12.362169],[122.542446,12.362169],[122.541895,12.361626]]],[[[122.544654,12.361992],[122.54447,12.362172],[122.544654,12.362173],[122.544654,12.361992]]],[[[122.685023,12.36201],[122.684838,12.36219],[122.685022,12.36219],[122.685023,12.36201]]],[[[122.541895,12.361987],[122.541159,12.361805],[122.541158,12.362348],[122.541895,12.361987]]],[[[122.543734,12.362171],[122.544102,12.362353],[122.544102,12.362172],[122.543734,12.362171]]],[[[122.541342,12.362348],[122.541526,12.362529],[122.541526,12.362348],[122.541342,12.362348]]],[[[122.542446,12.362169],[122.54263,12.362531],[122.54263,12.362169],[122.542446,12.362169]]],[[[122.543734,12.362352],[122.543549,12.362533],[122.543733,12.362533],[122.543734,12.362352]]],[[[122.685206,12.362372],[122.685022,12.362552],[122.685206,12.362552],[122.685206,12.362372]]],[[[122.541526,12.362529],[122.541709,12.36271],[122.54171,12.362529],[122.541526,12.362529]]],[[[122.543549,12.362533],[122.543365,12.362713],[122.543549,12.362713],[122.543549,12.362533]]],[[[122.542814,12.362531],[122.542629,12.362893],[122.543181,12.362894],[122.542814,12.362531]]],[[[122.685465,12.363763],[122.685834,12.362859],[122.685205,12.362914],[122.685465,12.363763]]],[[[122.541709,12.362891],[122.542077,12.363073],[122.542076,12.363796],[122.542445,12.363073],[122.541709,12.362891]]],[[[122.685648,12.363944],[122.685464,12.364125],[122.685648,12.364125],[122.685648,12.363944]]],[[[122.541708,12.363795],[122.541523,12.364338],[122.541338,12.364518],[122.541706,12.364519],[122.541708,12.363795]]],[[[122.541338,12.364518],[122.541154,12.364699],[122.541338,12.364699],[122.541338,12.364518]]],[[[122.541154,12.36488],[122.540786,12.364698],[122.540786,12.36506],[122.541154,12.36488]]],[[[122.540786,12.36506],[122.540601,12.365421],[122.540785,12.365422],[122.540786,12.36506]]],[[[122.540416,12.365783],[122.540601,12.365602],[122.540417,12.365602],[122.540416,12.365783]]],[[[122.540416,12.365783],[122.540232,12.365963],[122.540416,12.365964],[122.540416,12.365783]]],[[[122.534897,12.366135],[122.535264,12.366678],[122.535265,12.366136],[122.534897,12.366135]]],[[[122.537287,12.366682],[122.537103,12.366862],[122.537287,12.366863],[122.537287,12.366682]]],[[[122.537839,12.366864],[122.537655,12.366682],[122.537655,12.366863],[122.537839,12.366864]]],[[[122.540232,12.366144],[122.539496,12.366143],[122.539495,12.366866],[122.540232,12.366144]]],[[[122.537839,12.366864],[122.538023,12.367045],[122.538023,12.366864],[122.537839,12.366864]]],[[[122.539679,12.366867],[122.539862,12.367048],[122.539863,12.366867],[122.539679,12.366867]]],[[[122.538023,12.367045],[122.538758,12.367227],[122.538758,12.367046],[122.538023,12.367045]]],[[[122.536182,12.367222],[122.535631,12.36686],[122.535078,12.367401],[122.536182,12.367222]]],[[[122.536182,12.367222],[122.536366,12.367404],[122.536366,12.367223],[122.536182,12.367222]]],[[[122.538758,12.367227],[122.538942,12.367408],[122.538942,12.367227],[122.538758,12.367227]]],[[[122.535078,12.367401],[122.534894,12.367582],[122.535078,12.367582],[122.535078,12.367401]]],[[[122.536366,12.367404],[122.53655,12.367585],[122.53655,12.367404],[122.536366,12.367404]]],[[[122.538942,12.367408],[122.539309,12.367589],[122.53931,12.367409],[122.538942,12.367408]]],[[[122.539494,12.367228],[122.539677,12.36759],[122.540045,12.367591],[122.540046,12.367229],[122.539494,12.367228]]],[[[122.534894,12.367763],[122.534158,12.367581],[122.534158,12.367762],[122.534894,12.367763]]],[[[122.53655,12.367585],[122.537101,12.367767],[122.537102,12.367405],[122.53655,12.367585]]],[[[122.534158,12.367762],[122.533974,12.367942],[122.534158,12.367942],[122.534158,12.367762]]],[[[122.533974,12.367942],[122.533789,12.368123],[122.533973,12.368123],[122.533974,12.367942]]],[[[122.684172,12.368103],[122.683987,12.368283],[122.684171,12.368283],[122.684172,12.368103]]],[[[122.533789,12.368123],[122.533605,12.368303],[122.533789,12.368303],[122.533789,12.368123]]],[[[122.532685,12.368302],[122.533053,12.368483],[122.533053,12.368302],[122.532685,12.368302]]],[[[122.533605,12.368303],[122.533421,12.368484],[122.533605,12.368484],[122.533605,12.368303]]],[[[122.532685,12.368482],[122.532501,12.368663],[122.532684,12.368663],[122.532685,12.368482]]],[[[122.533421,12.368484],[122.533236,12.368664],[122.53342,12.368665],[122.533421,12.368484]]],[[[122.684171,12.368645],[122.683987,12.369007],[122.684171,12.369007],[122.684171,12.368645]]],[[[122.5325,12.369206],[122.532684,12.369025],[122.5325,12.369025],[122.5325,12.369206]]],[[[122.532499,12.369386],[122.531948,12.369205],[122.531947,12.369385],[122.532499,12.369386]]],[[[122.531947,12.369385],[122.531763,12.369566],[122.531947,12.369566],[122.531947,12.369385]]],[[[122.531027,12.369565],[122.531395,12.369746],[122.531395,12.369565],[122.531027,12.369565]]],[[[122.683618,12.36973],[122.683434,12.36991],[122.683618,12.36991],[122.683618,12.36973]]],[[[122.531027,12.369746],[122.530843,12.369926],[122.531026,12.369926],[122.531027,12.369746]]],[[[122.530843,12.369926],[122.530658,12.370107],[122.530842,12.370107],[122.530843,12.369926]]],[[[122.683433,12.370091],[122.683249,12.370272],[122.683433,12.370272],[122.683433,12.370091]]],[[[122.530658,12.370107],[122.530474,12.370287],[122.530658,12.370288],[122.530658,12.370107]]],[[[122.683249,12.370633],[122.683065,12.370814],[122.683249,12.370814],[122.683249,12.370633]]],[[[122.530474,12.370287],[122.530105,12.37101],[122.530472,12.371191],[122.530474,12.370287]]],[[[122.530288,12.371191],[122.530104,12.371372],[122.530288,12.371372],[122.530288,12.371191]]],[[[122.530104,12.371372],[122.52992,12.371552],[122.530104,12.371553],[122.530104,12.371372]]],[[[122.529736,12.371552],[122.529551,12.371732],[122.529735,12.371733],[122.529736,12.371552]]],[[[122.683247,12.3719],[122.683063,12.371718],[122.683063,12.371899],[122.683247,12.3719]]],[[[122.683247,12.3719],[122.683431,12.372261],[122.683431,12.3719],[122.683247,12.3719]]],[[[122.686559,12.371722],[122.686927,12.372085],[122.686927,12.371542],[122.686559,12.371722]]],[[[122.524951,12.372086],[122.524767,12.372267],[122.524951,12.372267],[122.524951,12.372086]]],[[[122.521456,12.372261],[122.521271,12.372441],[122.521455,12.372442],[122.521456,12.372261]]],[[[122.520168,12.37244],[122.519983,12.37262],[122.520167,12.37262],[122.520168,12.37244]]],[[[122.52072,12.37226],[122.520535,12.372621],[122.520903,12.372622],[122.52072,12.37226]]],[[[122.683614,12.372623],[122.683431,12.372442],[122.68343,12.372623],[122.683614,12.372623]]],[[[122.526423,12.37245],[122.526238,12.372631],[122.526422,12.372631],[122.526423,12.37245]]],[[[122.519799,12.37262],[122.519615,12.3728],[122.519799,12.372801],[122.519799,12.37262]]],[[[122.683614,12.372623],[122.683798,12.372804],[122.683798,12.372624],[122.683614,12.372623]]],[[[122.52679,12.372632],[122.526606,12.372813],[122.52679,12.372813],[122.52679,12.372632]]],[[[122.51943,12.373162],[122.519247,12.37298],[122.519246,12.373161],[122.51943,12.373162]]],[[[122.520167,12.372982],[122.520534,12.373164],[122.520534,12.372983],[122.520167,12.372982]]],[[[122.51943,12.373162],[122.519614,12.373343],[122.519614,12.373162],[122.51943,12.373162]]],[[[122.520166,12.373163],[122.519982,12.373343],[122.520166,12.373344],[122.520166,12.373163]]],[[[122.520534,12.373164],[122.520718,12.373345],[122.520718,12.373164],[122.520534,12.373164]]],[[[122.684533,12.373529],[122.684349,12.373348],[122.684349,12.373529],[122.684533,12.373529]]],[[[122.520165,12.373706],[122.52035,12.373525],[122.520166,12.373525],[122.520165,12.373706]]],[[[122.684533,12.373529],[122.684717,12.37371],[122.684717,12.373529],[122.684533,12.373529]]],[[[122.520165,12.373706],[122.519981,12.373886],[122.520165,12.373886],[122.520165,12.373706]]],[[[122.684717,12.37371],[122.684901,12.373891],[122.684901,12.37371],[122.684717,12.37371]]],[[[122.519981,12.373886],[122.519797,12.374067],[122.519981,12.374067],[122.519981,12.373886]]],[[[122.518693,12.373884],[122.519244,12.374246],[122.519245,12.373885],[122.518693,12.373884]]],[[[122.517405,12.374243],[122.51722,12.374424],[122.517404,12.374424],[122.517405,12.374243]]],[[[122.519244,12.374246],[122.519428,12.374428],[122.519428,12.374247],[122.519244,12.374246]]],[[[122.518509,12.374064],[122.518508,12.374426],[122.517588,12.374424],[122.517587,12.375148],[122.517772,12.374606],[122.518876,12.374608],[122.518509,12.374064]]],[[[122.6849,12.374072],[122.685083,12.374976],[122.684714,12.375699],[122.685451,12.374796],[122.685452,12.374253],[122.6849,12.374072]]],[[[122.516666,12.375689],[122.516482,12.375869],[122.516666,12.37587],[122.516666,12.375689]]],[[[122.684714,12.375699],[122.68453,12.37588],[122.684714,12.37588],[122.684714,12.375699]]],[[[122.515744,12.376953],[122.51556,12.377134],[122.515743,12.377134],[122.515744,12.376953]]],[[[122.68453,12.376061],[122.684345,12.377327],[122.684529,12.377327],[122.68453,12.376061]]],[[[122.683975,12.378411],[122.684159,12.378231],[122.683976,12.37823],[122.683975,12.378411]]],[[[122.683975,12.378411],[122.683791,12.378592],[122.683975,12.378592],[122.683975,12.378411]]],[[[122.515741,12.378581],[122.515557,12.378761],[122.51574,12.378762],[122.515741,12.378581]]],[[[122.683791,12.378592],[122.683607,12.378953],[122.683791,12.378954],[122.683791,12.378592]]],[[[122.683791,12.378954],[122.683974,12.379135],[122.683975,12.378954],[122.683791,12.378954]]],[[[122.683974,12.379135],[122.684158,12.379316],[122.684158,12.379135],[122.683974,12.379135]]],[[[122.684158,12.379316],[122.684342,12.379497],[122.684342,12.379316],[122.684158,12.379316]]],[[[122.684342,12.379497],[122.684526,12.379678],[122.684526,12.379497],[122.684342,12.379497]]],[[[122.515555,12.379666],[122.515371,12.379846],[122.515555,12.379846],[122.515555,12.379666]]],[[[122.684709,12.38004],[122.684525,12.380401],[122.684709,12.380402],[122.684709,12.38004]]],[[[122.684892,12.381125],[122.684708,12.380763],[122.684708,12.381125],[122.684892,12.381125]]],[[[122.513344,12.381109],[122.51316,12.381289],[122.513344,12.381289],[122.513344,12.381109]]],[[[122.684892,12.381125],[122.685076,12.381306],[122.685076,12.381126],[122.684892,12.381125]]],[[[122.513712,12.381471],[122.513528,12.38129],[122.513528,12.381471],[122.513712,12.381471]]],[[[122.515185,12.380931],[122.517024,12.381296],[122.517024,12.380934],[122.515736,12.380932],[122.514451,12.379483],[122.512793,12.380565],[122.512976,12.381108],[122.513714,12.380024],[122.51445,12.380025],[122.515185,12.380931]]],[[[122.685076,12.381306],[122.685259,12.381487],[122.68526,12.381307],[122.685076,12.381306]]],[[[122.513712,12.381471],[122.513895,12.381652],[122.513896,12.381471],[122.513712,12.381471]]],[[[122.685259,12.381487],[122.685443,12.381669],[122.685443,12.381488],[122.685259,12.381487]]],[[[122.512056,12.381649],[122.511871,12.381829],[122.512055,12.38183],[122.512056,12.381649]]],[[[122.512423,12.38183],[122.51224,12.381649],[122.512239,12.38183],[122.512423,12.38183]]],[[[122.685443,12.381669],[122.685627,12.38185],[122.685627,12.381669],[122.685443,12.381669]]],[[[122.511503,12.382009],[122.511687,12.381829],[122.511503,12.381829],[122.511503,12.382009]]],[[[122.512423,12.38183],[122.512607,12.382011],[122.512607,12.381831],[122.512423,12.38183]]],[[[122.512974,12.382193],[122.512791,12.382012],[122.51279,12.382193],[122.512974,12.382193]]],[[[122.514815,12.381654],[122.513526,12.382194],[122.51463,12.382196],[122.514815,12.381654]]],[[[122.686363,12.382031],[122.686179,12.382212],[122.686363,12.382212],[122.686363,12.382031]]],[[[122.511503,12.382009],[122.511318,12.382371],[122.511502,12.382371],[122.511503,12.382009]]],[[[122.513526,12.382375],[122.512974,12.382193],[122.512974,12.382374],[122.513526,12.382375]]],[[[122.687735,12.382937],[122.687649,12.383118],[122.687833,12.383118],[122.687735,12.382937]]],[[[122.511318,12.382371],[122.511132,12.383456],[122.511316,12.383456],[122.511318,12.382371]]],[[[122.688323,12.38364],[122.688201,12.383661],[122.688342,12.383661],[122.688323,12.38364]]],[[[122.511314,12.384722],[122.51113,12.384903],[122.511314,12.384903],[122.511314,12.384722]]],[[[122.511497,12.385265],[122.511313,12.385084],[122.511313,12.385265],[122.511497,12.385265]]],[[[122.511497,12.385265],[122.511681,12.385446],[122.511681,12.385265],[122.511497,12.385265]]],[[[122.511681,12.385446],[122.511864,12.385627],[122.511865,12.385446],[122.511681,12.385446]]],[[[122.498985,12.385966],[122.499343,12.386087],[122.499344,12.385906],[122.498985,12.385966]]],[[[122.512048,12.385808],[122.511863,12.38617],[122.512047,12.38617],[122.512048,12.385808]]],[[[122.503032,12.386335],[122.502847,12.386515],[122.503031,12.386516],[122.503032,12.386335]]],[[[122.512046,12.386532],[122.511862,12.386712],[122.512046,12.386713],[122.512046,12.386532]]],[[[122.498238,12.386809],[122.498054,12.386989],[122.498238,12.386989],[122.498238,12.386809]]],[[[122.512046,12.386894],[122.511861,12.387074],[122.512045,12.387074],[122.512046,12.386894]]],[[[122.497502,12.386988],[122.497317,12.387169],[122.497501,12.387169],[122.497502,12.386988]]],[[[122.496765,12.387168],[122.496581,12.387348],[122.496765,12.387348],[122.496765,12.387168]]],[[[122.496213,12.387528],[122.496397,12.387348],[122.496213,12.387347],[122.496213,12.387528]]],[[[122.690588,12.387462],[122.690404,12.387643],[122.690588,12.387643],[122.690588,12.387462]]],[[[122.495292,12.387707],[122.495477,12.387527],[122.495293,12.387527],[122.495292,12.387707]]],[[[122.495292,12.387888],[122.494925,12.387707],[122.494924,12.387888],[122.495292,12.387888]]],[[[122.495476,12.387708],[122.49566,12.387889],[122.49566,12.387708],[122.495476,12.387708]]],[[[122.505788,12.388148],[122.505604,12.387967],[122.505604,12.388148],[122.505788,12.388148]]],[[[122.496213,12.387528],[122.496027,12.388251],[122.496211,12.388252],[122.496213,12.387528]]],[[[122.505788,12.388148],[122.505972,12.388329],[122.505972,12.388149],[122.505788,12.388148]]],[[[122.690771,12.388005],[122.690587,12.388366],[122.690771,12.388366],[122.690771,12.388005]]],[[[122.49566,12.38807],[122.495291,12.38825],[122.495291,12.388431],[122.495659,12.388432],[122.49566,12.38807]]],[[[122.511859,12.388159],[122.511675,12.388521],[122.511859,12.388521],[122.511859,12.388159]]],[[[122.49474,12.387887],[122.494555,12.38861],[122.494739,12.388611],[122.49474,12.387887]]],[[[122.485355,12.388955],[122.484987,12.389135],[122.485355,12.389136],[122.485355,12.388955]]],[[[122.506154,12.389415],[122.505969,12.389595],[122.506153,12.389596],[122.506154,12.389415]]],[[[122.485721,12.389679],[122.485906,12.389498],[122.485722,12.389498],[122.485721,12.389679]]],[[[122.486457,12.38968],[122.486274,12.389499],[122.486273,12.38968],[122.486457,12.38968]]],[[[122.491241,12.389508],[122.490873,12.389689],[122.491241,12.389689],[122.491241,12.389508]]],[[[122.473762,12.389779],[122.473578,12.389836],[122.473762,12.389837],[122.473762,12.389779]]],[[[122.485721,12.389679],[122.485537,12.389859],[122.485721,12.38986],[122.485721,12.389679]]],[[[122.490505,12.389869],[122.490689,12.389688],[122.490505,12.389688],[122.490505,12.389869]]],[[[122.506521,12.389958],[122.506337,12.389777],[122.506337,12.389958],[122.506521,12.389958]]],[[[122.691321,12.389814],[122.691137,12.389995],[122.691321,12.389995],[122.691321,12.389814]]],[[[122.490505,12.389869],[122.49032,12.390049],[122.490504,12.39005],[122.490505,12.389869]]],[[[122.493632,12.389875],[122.493448,12.390055],[122.493632,12.390055],[122.493632,12.389875]]],[[[122.506521,12.389958],[122.506704,12.390139],[122.506705,12.389959],[122.506521,12.389958]]],[[[122.486641,12.389681],[122.486456,12.390223],[122.48664,12.390223],[122.486641,12.389681]]],[[[122.49032,12.390049],[122.490136,12.39023],[122.49032,12.39023],[122.49032,12.390049]]],[[[122.493264,12.390055],[122.49308,12.390235],[122.493264,12.390236],[122.493264,12.390055]]],[[[122.48664,12.390223],[122.486824,12.390404],[122.486824,12.390224],[122.48664,12.390223]]],[[[122.489768,12.390229],[122.489584,12.39041],[122.489768,12.39041],[122.489768,12.390229]]],[[[122.475417,12.39041],[122.475233,12.390563],[122.475417,12.390563],[122.475417,12.39041]]],[[[122.483696,12.390398],[122.484248,12.39058],[122.484248,12.3904],[122.483696,12.390398]]],[[[122.488664,12.390408],[122.488479,12.390588],[122.488663,12.390589],[122.488664,12.390408]]],[[[122.491425,12.38969],[122.492896,12.390235],[122.492345,12.389691],[122.491425,12.38969]]],[[[122.691688,12.390538],[122.691504,12.390718],[122.691688,12.390719],[122.691688,12.390538]]],[[[122.471,12.390736],[122.470817,12.390659],[122.470817,12.390735],[122.471,12.390736]]],[[[122.483696,12.390579],[122.483512,12.39076],[122.483695,12.39076],[122.483696,12.390579]]],[[[122.484248,12.39058],[122.484431,12.390762],[122.484432,12.390581],[122.484248,12.39058]]],[[[122.485536,12.390221],[122.485351,12.390763],[122.485535,12.390764],[122.485536,12.390221]]],[[[122.511119,12.39069],[122.511489,12.389425],[122.510936,12.389966],[122.510016,12.389965],[122.510383,12.390689],[122.511119,12.39069]]],[[[122.511118,12.390871],[122.511302,12.391052],[122.511302,12.390871],[122.511118,12.390871]]],[[[122.470632,12.390916],[122.470448,12.391096],[122.470632,12.391097],[122.470632,12.390916]]],[[[122.476336,12.390927],[122.476151,12.391107],[122.476335,12.391108],[122.476336,12.390927]]],[[[122.511302,12.391052],[122.511486,12.391233],[122.511486,12.391052],[122.511302,12.391052]]],[[[122.477071,12.391109],[122.476887,12.39129],[122.477071,12.39129],[122.477071,12.391109]]],[[[122.481119,12.391117],[122.480935,12.391297],[122.481119,12.391298],[122.481119,12.391117]]],[[[122.482223,12.391119],[122.482039,12.3913],[122.482223,12.3913],[122.482223,12.391119]]],[[[122.484615,12.390943],[122.48443,12.391304],[122.484614,12.391304],[122.484615,12.390943]]],[[[122.485351,12.391125],[122.485166,12.391306],[122.48535,12.391306],[122.485351,12.391125]]],[[[122.511854,12.391234],[122.511669,12.391414],[122.511853,12.391415],[122.511854,12.391234]]],[[[122.691872,12.391081],[122.691687,12.391442],[122.691871,12.391442],[122.691872,12.391081]]],[[[122.480015,12.391296],[122.47983,12.391476],[122.480014,12.391477],[122.480015,12.391296]]],[[[122.48351,12.391483],[122.483694,12.391303],[122.48351,12.391302],[122.48351,12.391483]]],[[[122.482958,12.391482],[122.482774,12.391663],[122.482958,12.391663],[122.482958,12.391482]]],[[[122.48351,12.391483],[122.483326,12.391664],[122.48351,12.391664],[122.48351,12.391483]]],[[[122.484798,12.391486],[122.484614,12.391666],[122.484798,12.391667],[122.484798,12.391486]]],[[[122.485166,12.391486],[122.484982,12.391667],[122.485166,12.391667],[122.485166,12.391486]]],[[[122.513325,12.391417],[122.513141,12.391779],[122.513325,12.391779],[122.513325,12.391417]]],[[[122.691687,12.391623],[122.691319,12.391803],[122.691687,12.391804],[122.691687,12.391623]]],[[[122.46879,12.391817],[122.468975,12.391636],[122.468791,12.391636],[122.46879,12.391817]]],[[[122.510381,12.391774],[122.510197,12.391954],[122.510381,12.391955],[122.510381,12.391774]]],[[[122.511301,12.391775],[122.510932,12.391956],[122.5113,12.391956],[122.511301,12.391775]]],[[[122.512405,12.391777],[122.51222,12.391958],[122.512404,12.391958],[122.512405,12.391777]]],[[[122.690767,12.391803],[122.690583,12.391983],[122.690767,12.391984],[122.690767,12.391803]]],[[[122.46879,12.391817],[122.468606,12.391997],[122.46879,12.391997],[122.46879,12.391817]]],[[[122.479094,12.391837],[122.478909,12.392017],[122.479093,12.392017],[122.479094,12.391837]]],[[[122.468606,12.391997],[122.468422,12.392178],[122.468606,12.392178],[122.468606,12.391997]]],[[[122.509644,12.392134],[122.50946,12.392315],[122.509644,12.392315],[122.509644,12.392134]]],[[[122.5067,12.392491],[122.506516,12.392128],[122.506516,12.39249],[122.5067,12.392491]]],[[[122.5067,12.392491],[122.506883,12.392672],[122.506884,12.392491],[122.5067,12.392491]]],[[[122.463085,12.392557],[122.462717,12.392709],[122.463085,12.39271],[122.463085,12.392557]]],[[[122.467501,12.392537],[122.467317,12.392718],[122.467501,12.392718],[122.467501,12.392537]]],[[[122.689846,12.392525],[122.689662,12.392887],[122.689846,12.392887],[122.689846,12.392525]]],[[[122.508722,12.393218],[122.509458,12.393581],[122.50946,12.392496],[122.508722,12.393218]]],[[[122.508722,12.393579],[122.508354,12.393398],[122.508353,12.39394],[122.508722,12.393579]]],[[[122.460507,12.393971],[122.460322,12.394151],[122.460506,12.394151],[122.460507,12.393971]]],[[[122.45609,12.394323],[122.456049,12.394297],[122.456012,12.394323],[122.45609,12.394323]]],[[[122.459586,12.394511],[122.459401,12.394692],[122.459585,12.394692],[122.459586,12.394511]]],[[[122.458665,12.39469],[122.458481,12.394871],[122.458665,12.394871],[122.458665,12.39469]]],[[[122.459033,12.394691],[122.458849,12.394871],[122.459033,12.394872],[122.459033,12.394691]]],[[[122.687083,12.395054],[122.686899,12.394873],[122.686899,12.395054],[122.687083,12.395054]]],[[[122.690211,12.395058],[122.690027,12.395238],[122.690211,12.395239],[122.690211,12.395058]]],[[[122.453328,12.395584],[122.453143,12.395764],[122.453327,12.395765],[122.453328,12.395584]]],[[[122.689474,12.39578],[122.689106,12.395961],[122.689474,12.395961],[122.689474,12.39578]]],[[[122.690026,12.395781],[122.689842,12.395962],[122.690026,12.395962],[122.690026,12.395781]]],[[[122.687083,12.395235],[122.687818,12.39614],[122.687082,12.396139],[122.687081,12.396682],[122.688922,12.39596],[122.687819,12.395055],[122.687083,12.395235]]],[[[122.451302,12.396665],[122.451117,12.396845],[122.451301,12.396846],[122.451302,12.396665]]],[[[122.450933,12.397026],[122.450749,12.397206],[122.450933,12.397207],[122.450933,12.397026]]],[[[122.450011,12.397747],[122.45,12.397928],[122.450011,12.397928],[122.450011,12.397747]]],[[[122.697752,12.397898],[122.697567,12.39796],[122.697751,12.39796],[122.697752,12.397898]]],[[[122.698119,12.39802],[122.697935,12.398141],[122.698119,12.398141],[122.698119,12.39802]]],[[[122.687079,12.398129],[122.686895,12.398309],[122.687079,12.39831],[122.687079,12.398129]]],[[[122.698303,12.398322],[122.698119,12.398503],[122.698303,12.398503],[122.698303,12.398322]]],[[[122.687815,12.398672],[122.688183,12.398853],[122.688183,12.398673],[122.687815,12.398672]]],[[[122.696095,12.398682],[122.69591,12.398862],[122.696094,12.398862],[122.696095,12.398682]]],[[[122.687814,12.399034],[122.687447,12.398853],[122.687446,12.399033],[122.687814,12.399034]]],[[[122.687446,12.399214],[122.687078,12.399033],[122.687078,12.399214],[122.687446,12.399214]]],[[[122.69591,12.399586],[122.695725,12.399766],[122.695909,12.399766],[122.69591,12.399586]]],[[[122.685054,12.399754],[122.684869,12.399935],[122.685053,12.399935],[122.685054,12.399754]]],[[[122.685422,12.399755],[122.685237,12.399935],[122.685421,12.399935],[122.685422,12.399755]]],[[[122.688182,12.399034],[122.688365,12.399939],[122.688549,12.399939],[122.688734,12.399216],[122.688182,12.399034]]],[[[122.684317,12.400115],[122.684501,12.399934],[122.684317,12.399934],[122.684317,12.400115]]],[[[122.685789,12.399936],[122.685605,12.400116],[122.685789,12.400117],[122.685789,12.399936]]],[[[122.688365,12.399939],[122.688181,12.400119],[122.688365,12.40012],[122.688365,12.399939]]],[[[122.684317,12.400115],[122.684133,12.400296],[122.684317,12.400296],[122.684317,12.400115]]],[[[122.688181,12.400119],[122.687997,12.4003],[122.688181,12.4003],[122.688181,12.400119]]],[[[122.695357,12.400128],[122.695173,12.400308],[122.695357,12.400308],[122.695357,12.400128]]],[[[122.684317,12.400658],[122.684133,12.400476],[122.684133,12.400657],[122.684317,12.400658]]],[[[122.693333,12.400125],[122.692965,12.400306],[122.693148,12.400668],[122.693332,12.400668],[122.693333,12.400125]]],[[[122.698668,12.400493],[122.698484,12.400674],[122.698574,12.400674],[122.698668,12.400493]]],[[[122.68726,12.400661],[122.687076,12.400842],[122.68726,12.400842],[122.68726,12.400661]]],[[[122.684317,12.400658],[122.6845,12.401019],[122.684501,12.400658],[122.684317,12.400658]]],[[[122.686524,12.400841],[122.68634,12.401022],[122.686524,12.401022],[122.686524,12.400841]]],[[[122.686892,12.400841],[122.686708,12.401022],[122.686892,12.401022],[122.686892,12.400841]]],[[[122.693332,12.40103],[122.693148,12.40121],[122.693332,12.40121],[122.693332,12.40103]]],[[[122.684316,12.4012],[122.684132,12.401381],[122.684316,12.401381],[122.684316,12.4012]]],[[[122.692964,12.401391],[122.692779,12.401572],[122.692963,12.401572],[122.692964,12.401391]]],[[[122.683763,12.401923],[122.683947,12.401742],[122.683763,12.401742],[122.683763,12.401923]]],[[[122.698299,12.401759],[122.698115,12.401939],[122.698299,12.401904],[122.698299,12.401759]]],[[[122.683763,12.401923],[122.683579,12.402104],[122.683763,12.402104],[122.683763,12.401923]]],[[[122.681739,12.402282],[122.681554,12.402463],[122.681738,12.402463],[122.681739,12.402282]]],[[[122.692227,12.402113],[122.692594,12.402295],[122.692595,12.401933],[122.692227,12.402113]]],[[[122.68321,12.402465],[122.68229,12.402645],[122.68321,12.402646],[122.68321,12.402465]]],[[[122.692226,12.402475],[122.692042,12.402656],[122.692226,12.402656],[122.692226,12.402475]]],[[[122.692042,12.402656],[122.691858,12.402837],[122.692042,12.402837],[122.692042,12.402656]]],[[[122.691858,12.402837],[122.691674,12.403017],[122.691858,12.403017],[122.691858,12.402837]]],[[[122.679713,12.403365],[122.679529,12.403546],[122.679713,12.403546],[122.679713,12.403365]]],[[[122.679345,12.403726],[122.679161,12.403907],[122.679345,12.403907],[122.679345,12.403726]]],[[[122.682657,12.40373],[122.682289,12.403187],[122.681737,12.403367],[122.681737,12.403729],[122.682657,12.40373]]],[[[122.691489,12.40374],[122.691305,12.403921],[122.691489,12.403921],[122.691489,12.40374]]],[[[122.696457,12.403746],[122.696273,12.403927],[122.696457,12.403927],[122.696457,12.403746]]],[[[122.681552,12.404091],[122.681737,12.40391],[122.681553,12.40391],[122.681552,12.404091]]],[[[122.682657,12.403911],[122.68284,12.404092],[122.682841,12.403911],[122.682657,12.403911]]],[[[122.681552,12.404091],[122.681368,12.404271],[122.681552,12.404271],[122.681552,12.404091]]],[[[122.68284,12.404092],[122.683024,12.404273],[122.683024,12.404092],[122.68284,12.404092]]],[[[122.67916,12.404088],[122.679344,12.40445],[122.679896,12.40445],[122.67916,12.404088]]],[[[122.681368,12.404452],[122.680816,12.404271],[122.680816,12.404451],[122.681368,12.404452]]],[[[122.684128,12.404455],[122.683944,12.404274],[122.683944,12.404455],[122.684128,12.404455]]],[[[122.67916,12.40445],[122.678792,12.404087],[122.678608,12.40463],[122.67916,12.40445]]],[[[122.680816,12.404632],[122.679896,12.40445],[122.679896,12.404631],[122.680816,12.404632]]],[[[122.684128,12.404455],[122.684312,12.404636],[122.684312,12.404456],[122.684128,12.404455]]],[[[122.690936,12.404463],[122.690752,12.404644],[122.690936,12.404644],[122.690936,12.404463]]],[[[122.684312,12.404636],[122.684495,12.404818],[122.684496,12.404637],[122.684312,12.404636]]],[[[122.684679,12.404999],[122.684495,12.405179],[122.684679,12.405179],[122.684679,12.404999]]],[[[122.695903,12.405011],[122.695719,12.405192],[122.695903,12.405192],[122.695903,12.405011]]],[[[122.685415,12.405542],[122.685047,12.405542],[122.684679,12.40536],[122.684862,12.405722],[122.685415,12.405542]]],[[[122.689279,12.405546],[122.689094,12.405727],[122.689278,12.405727],[122.689279,12.405546]]],[[[122.695349,12.406819],[122.695165,12.407],[122.695232,12.407],[122.695349,12.406819]]],[[[122.685229,12.406808],[122.686334,12.406086],[122.686334,12.405905],[122.685414,12.405723],[122.685045,12.406808],[122.684309,12.406807],[122.684309,12.407168],[122.685229,12.406808]]],[[[122.685229,12.406989],[122.685413,12.40717],[122.685413,12.406989],[122.685229,12.406989]]],[[[122.687621,12.406991],[122.687437,12.407172],[122.687621,12.407172],[122.687621,12.406991]]],[[[122.684308,12.407349],[122.684124,12.40753],[122.684308,12.40753],[122.684308,12.407349]]],[[[122.68486,12.407531],[122.684676,12.407711],[122.68486,12.407712],[122.68486,12.407531]]],[[[122.683571,12.408614],[122.684491,12.408435],[122.684676,12.407892],[122.684124,12.408073],[122.68394,12.407711],[122.683571,12.408614]]],[[[122.693875,12.408445],[122.693691,12.408626],[122.693875,12.408626],[122.693875,12.408445]]],[[[122.689825,12.41043],[122.689641,12.410611],[122.689825,12.410611],[122.689825,12.41043]]],[[[122.689457,12.410611],[122.689272,12.410791],[122.689456,12.410792],[122.689457,12.410611]]],[[[122.688351,12.412056],[122.688167,12.412237],[122.688351,12.412237],[122.688351,12.412056]]],[[[122.687429,12.413321],[122.687245,12.413502],[122.687429,12.413502],[122.687429,12.413321]]],[[[122.687061,12.413863],[122.686876,12.414044],[122.68706,12.414044],[122.687061,12.413863]]],[[[122.686876,12.414225],[122.686692,12.414406],[122.686876,12.414406],[122.686876,12.414225]]],[[[122.68448,12.41802],[122.684295,12.418201],[122.684479,12.418201],[122.68448,12.41802]]],[[[122.687424,12.418205],[122.687239,12.418321],[122.687424,12.418211],[122.687424,12.418205]]],[[[122.685214,12.419287],[122.68503,12.419106],[122.68503,12.419287],[122.685214,12.419287]]],[[[122.685214,12.419287],[122.685398,12.419468],[122.685398,12.419287],[122.685214,12.419287]]],[[[122.685582,12.419649],[122.685397,12.420011],[122.685581,12.420011],[122.685582,12.419649]]],[[[122.684291,12.42218],[122.684106,12.42236],[122.68429,12.422361],[122.684291,12.42218]]],[[[122.682265,12.423624],[122.68208,12.423805],[122.682264,12.423805],[122.682265,12.423624]]],[[[122.681896,12.423986],[122.681712,12.424166],[122.681896,12.424166],[122.681896,12.423986]]],[[[122.680239,12.424888],[122.68116,12.424527],[122.680239,12.424526],[122.680239,12.424888]]],[[[122.681527,12.42507],[122.681343,12.425251],[122.681527,12.425251],[122.681527,12.42507]]],[[[122.685022,12.42616],[122.684838,12.42634],[122.685022,12.42634],[122.685022,12.42616]]],[[[122.684653,12.426883],[122.684469,12.427063],[122.684653,12.427063],[122.684653,12.426883]]],[[[122.686491,12.428248],[122.686307,12.428331],[122.686491,12.428332],[122.686491,12.428248]]],[[[122.683547,12.42869],[122.683362,12.428871],[122.683546,12.428871],[122.683547,12.42869]]],[[[122.683545,12.430318],[122.68336,12.430498],[122.683544,12.430498],[122.683545,12.430318]]],[[[122.682807,12.431402],[122.682992,12.431221],[122.682808,12.431221],[122.682807,12.431402]]],[[[122.682807,12.431402],[122.682623,12.431583],[122.682807,12.431583],[122.682807,12.431402]]],[[[122.682623,12.431583],[122.682439,12.431763],[122.682623,12.431763],[122.682623,12.431583]]],[[[122.682254,12.432306],[122.68207,12.432486],[122.682254,12.432486],[122.682254,12.432306]]],[[[122.68207,12.432667],[122.681885,12.432848],[122.682069,12.432848],[122.68207,12.432667]]],[[[122.67526,12.433563],[122.675076,12.433744],[122.67526,12.433744],[122.67526,12.433563]]],[[[122.681517,12.433571],[122.681332,12.433751],[122.681516,12.433752],[122.681517,12.433571]]],[[[122.674892,12.433744],[122.674707,12.433924],[122.674891,12.433925],[122.674892,12.433744]]],[[[122.674523,12.434286],[122.674707,12.434105],[122.674523,12.434105],[122.674523,12.434286]]],[[[122.674523,12.434286],[122.674339,12.434466],[122.674523,12.434467],[122.674523,12.434286]]],[[[122.675627,12.434287],[122.675443,12.434468],[122.675627,12.434468],[122.675627,12.434287]]],[[[122.674339,12.434466],[122.674154,12.434647],[122.674338,12.434647],[122.674339,12.434466]]],[[[122.681516,12.434294],[122.681331,12.434656],[122.681515,12.434656],[122.681516,12.434294]]],[[[122.676362,12.435011],[122.676178,12.435192],[122.676362,12.435192],[122.676362,12.435011]]],[[[122.676362,12.435373],[122.676177,12.435554],[122.676361,12.435554],[122.676362,12.435373]]],[[[122.673784,12.436274],[122.6736,12.436455],[122.673784,12.436455],[122.673784,12.436274]]],[[[122.674703,12.437361],[122.674519,12.437541],[122.674703,12.437542],[122.674703,12.437361]]],[[[122.677647,12.437907],[122.677462,12.438087],[122.677647,12.438088],[122.677647,12.437907]]],[[[122.678015,12.437907],[122.677831,12.438088],[122.678015,12.438088],[122.678015,12.437907]]],[[[122.674702,12.438446],[122.674517,12.438626],[122.674701,12.438627],[122.674702,12.438446]]],[[[122.67783,12.438269],[122.677646,12.43863],[122.67783,12.43863],[122.67783,12.438269]]],[[[122.674517,12.438807],[122.674333,12.438988],[122.674517,12.438988],[122.674517,12.438807]]],[[[122.678013,12.439173],[122.677829,12.439354],[122.678013,12.439354],[122.678013,12.439173]]],[[[122.674149,12.439349],[122.673964,12.43953],[122.674148,12.43953],[122.674149,12.439349]]],[[[122.666971,12.439702],[122.667155,12.439522],[122.666971,12.439522],[122.666971,12.439702]]],[[[122.666602,12.440245],[122.666418,12.440425],[122.666602,12.440425],[122.666602,12.440245]]],[[[122.673411,12.440434],[122.673227,12.440614],[122.673411,12.440615],[122.673411,12.440434]]],[[[122.666787,12.439702],[122.666419,12.440063],[122.666785,12.440968],[122.667154,12.440969],[122.666787,12.439702]]],[[[122.668441,12.441875],[122.668256,12.442055],[122.66844,12.442055],[122.668441,12.441875]]],[[[122.665127,12.442594],[122.664759,12.442774],[122.665127,12.442775],[122.665127,12.442594]]],[[[122.666231,12.442957],[122.666047,12.443138],[122.666231,12.443138],[122.666231,12.442957]]],[[[122.67212,12.442964],[122.671935,12.443145],[122.672119,12.443145],[122.67212,12.442964]]],[[[122.665678,12.443861],[122.665494,12.44368],[122.665494,12.44386],[122.665678,12.443861]]],[[[122.66899,12.443684],[122.668806,12.443864],[122.66899,12.443865],[122.66899,12.443684]]],[[[122.665678,12.443861],[122.665861,12.444042],[122.665862,12.443861],[122.665678,12.443861]]],[[[122.671935,12.443868],[122.67175,12.444049],[122.671934,12.444049],[122.671935,12.443868]]],[[[122.666229,12.444042],[122.666045,12.444223],[122.666229,12.444223],[122.666229,12.444042]]],[[[122.669174,12.444046],[122.66899,12.444226],[122.669174,12.444227],[122.669174,12.444046]]],[[[122.667149,12.444586],[122.666965,12.444766],[122.667149,12.444767],[122.667149,12.444586]]],[[[122.670645,12.44459],[122.670461,12.444771],[122.670645,12.444771],[122.670645,12.44459]]],[[[122.667515,12.445852],[122.667331,12.446033],[122.667515,12.446033],[122.667515,12.445852]]],[[[122.666225,12.447478],[122.666041,12.447659],[122.666225,12.447659],[122.666225,12.447478]]],[[[122.666041,12.44784],[122.665856,12.448021],[122.66604,12.448021],[122.666041,12.44784]]],[[[122.666408,12.448021],[122.666224,12.448202],[122.666408,12.448202],[122.666408,12.448021]]],[[[122.666776,12.448564],[122.666592,12.448745],[122.666776,12.448745],[122.666776,12.448564]]],[[[122.666959,12.448926],[122.666775,12.449107],[122.666959,12.449107],[122.666959,12.448926]]],[[[122.667326,12.449831],[122.667142,12.450012],[122.667326,12.450012],[122.667326,12.449831]]],[[[122.667509,12.450736],[122.667325,12.451097],[122.667509,12.451097],[122.667509,12.450736]]],[[[122.667508,12.451278],[122.667324,12.45182],[122.667508,12.451821],[122.667508,12.451278]]],[[[122.662723,12.451815],[122.662539,12.451995],[122.662723,12.451996],[122.662723,12.451815]]],[[[122.663275,12.452177],[122.662907,12.451996],[122.662906,12.452177],[122.663275,12.452177]]],[[[122.667323,12.452001],[122.667139,12.452182],[122.667323,12.452182],[122.667323,12.452001]]],[[[122.663275,12.452177],[122.664194,12.452359],[122.664195,12.452178],[122.663275,12.452177]]],[[[122.664931,12.45236],[122.664746,12.452541],[122.66493,12.452541],[122.664931,12.45236]]],[[[122.665114,12.452903],[122.66493,12.452722],[122.66493,12.452903],[122.665114,12.452903]]],[[[122.666402,12.452904],[122.666586,12.452724],[122.666402,12.452724],[122.666402,12.452904]]],[[[122.665114,12.452903],[122.665298,12.453084],[122.665298,12.452903],[122.665114,12.452903]]],[[[122.666402,12.452904],[122.666218,12.453085],[122.666402,12.453085],[122.666402,12.452904]]],[[[122.66585,12.453085],[122.665666,12.453265],[122.66585,12.453265],[122.66585,12.453085]]],[[[122.661801,12.45326],[122.662169,12.452899],[122.662171,12.451814],[122.661801,12.452899],[122.660697,12.453078],[122.661801,12.45326]]],[[[122.660696,12.45344],[122.660512,12.453621],[122.660696,12.453621],[122.660696,12.45344]]],[[[122.660696,12.453802],[122.660512,12.453982],[122.660696,12.453983],[122.660696,12.453802]]],[[[122.6618,12.453622],[122.6618,12.453984],[122.662168,12.453984],[122.662168,12.453803],[122.6618,12.453622]]],[[[122.660695,12.454525],[122.660511,12.454706],[122.660695,12.454706],[122.660695,12.454525]]],[[[122.660326,12.454886],[122.660142,12.455067],[122.660326,12.455067],[122.660326,12.454886]]],[[[122.659406,12.455066],[122.659222,12.455428],[122.659406,12.455428],[122.659406,12.455066]]],[[[122.659773,12.45579],[122.659589,12.455609],[122.659589,12.45579],[122.659773,12.45579]]],[[[122.659773,12.45579],[122.659957,12.455971],[122.659957,12.45579],[122.659773,12.45579]]],[[[122.66014,12.456514],[122.659956,12.456694],[122.66014,12.456695],[122.66014,12.456514]]],[[[122.659036,12.456874],[122.658851,12.457055],[122.659035,12.457055],[122.659036,12.456874]]],[[[122.66198,12.456878],[122.661796,12.457058],[122.66198,12.457059],[122.66198,12.456878]]],[[[122.658483,12.457054],[122.658299,12.457235],[122.658483,12.457235],[122.658483,12.457054]]],[[[122.659403,12.457598],[122.659218,12.457779],[122.659403,12.457779],[122.659403,12.457598]]],[[[122.660875,12.4576],[122.660691,12.457781],[122.660875,12.457781],[122.660875,12.4576]]],[[[122.659034,12.457778],[122.65885,12.457959],[122.659034,12.457959],[122.659034,12.457778]]],[[[122.657378,12.458138],[122.657194,12.457776],[122.65701,12.458138],[122.657378,12.458138]]],[[[122.660691,12.457961],[122.660506,12.458142],[122.66069,12.458142],[122.660691,12.457961]]],[[[122.658298,12.45832],[122.658482,12.458139],[122.658298,12.458139],[122.658298,12.45832]]],[[[122.658297,12.458501],[122.658114,12.458139],[122.657378,12.458138],[122.658297,12.458501]]],[[[122.659985,12.461041],[122.659801,12.461221],[122.659985,12.461222],[122.659985,12.461041]]],[[[122.667162,12.461773],[122.666978,12.461954],[122.667162,12.461954],[122.667162,12.461773]]],[[[122.667714,12.461774],[122.66753,12.461954],[122.667714,12.461955],[122.667714,12.461774]]],[[[122.664585,12.461951],[122.664401,12.462131],[122.664585,12.462132],[122.664585,12.461951]]],[[[122.666609,12.461953],[122.666425,12.462134],[122.666609,12.462134],[122.666609,12.461953]]],[[[122.665505,12.462314],[122.665689,12.462133],[122.665505,12.462133],[122.665505,12.462314]]],[[[122.664769,12.462313],[122.664584,12.462493],[122.664768,12.462494],[122.664769,12.462313]]],[[[122.665505,12.462314],[122.66532,12.462494],[122.665504,12.462494],[122.665505,12.462314]]],[[[122.668633,12.462679],[122.668449,12.46286],[122.668633,12.46286],[122.668633,12.462679]]],[[[122.66808,12.46304],[122.667896,12.463221],[122.66808,12.463221],[122.66808,12.46304]]],[[[122.667712,12.463221],[122.667528,12.463401],[122.667712,12.463401],[122.667712,12.463221]]],[[[122.661637,12.464479],[122.661453,12.46466],[122.661637,12.46466],[122.661637,12.464479]]],[[[122.652802,12.465191],[122.652618,12.465372],[122.652802,12.465372],[122.652802,12.465191]]],[[[122.653722,12.465193],[122.653538,12.465373],[122.653722,12.465373],[122.653722,12.465193]]],[[[122.654274,12.465193],[122.65409,12.465374],[122.654274,12.465374],[122.654274,12.465193]]],[[[122.652249,12.465733],[122.652065,12.465914],[122.652249,12.465914],[122.652249,12.465733]]],[[[122.652065,12.466095],[122.65188,12.466275],[122.652064,12.466276],[122.652065,12.466095]]],[[[122.660347,12.466105],[122.660162,12.466286],[122.660346,12.466286],[122.660347,12.466105]]],[[[122.652616,12.466457],[122.652432,12.466638],[122.652616,12.466638],[122.652616,12.466457]]],[[[122.660346,12.466467],[122.660162,12.466648],[122.660346,12.466648],[122.660346,12.466467]]],[[[122.659977,12.467009],[122.659793,12.46719],[122.659977,12.46719],[122.659977,12.467009]]],[[[122.659609,12.467189],[122.659425,12.46737],[122.659609,12.46737],[122.659609,12.467189]]],[[[122.652615,12.467542],[122.652431,12.467723],[122.652615,12.467723],[122.652615,12.467542]]],[[[122.654823,12.467545],[122.654639,12.467726],[122.654823,12.467726],[122.654823,12.467545]]],[[[122.655191,12.467907],[122.655007,12.468088],[122.655191,12.468088],[122.655191,12.467907]]],[[[122.657031,12.468452],[122.656847,12.468271],[122.656847,12.468452],[122.657031,12.468452]]],[[[122.657031,12.468452],[122.657215,12.468633],[122.657215,12.468452],[122.657031,12.468452]]],[[[122.657398,12.468814],[122.657214,12.468995],[122.657398,12.468995],[122.657398,12.468814]]],[[[122.658502,12.469358],[122.658318,12.469539],[122.658502,12.469539],[122.658502,12.469358]]],[[[122.649298,12.470432],[122.649483,12.47007],[122.648746,12.470431],[122.649298,12.470432]]],[[[122.660709,12.470627],[122.660525,12.470808],[122.660709,12.470808],[122.660709,12.470627]]],[[[122.648746,12.470793],[122.648561,12.470973],[122.648745,12.470974],[122.648746,12.470793]]],[[[122.650218,12.470795],[122.650034,12.470975],[122.650218,12.470975],[122.650218,12.470795]]],[[[122.651138,12.470796],[122.650954,12.470976],[122.651138,12.470977],[122.651138,12.470796]]],[[[122.648561,12.471154],[122.648377,12.471335],[122.648561,12.471335],[122.648561,12.471154]]],[[[122.649113,12.471155],[122.648929,12.471336],[122.649113,12.471336],[122.649113,12.471155]]],[[[122.652426,12.471521],[122.652241,12.471702],[122.652425,12.471702],[122.652426,12.471521]]],[[[122.653897,12.472065],[122.653713,12.472246],[122.653897,12.472246],[122.653897,12.472065]]],[[[122.654633,12.472247],[122.654449,12.472428],[122.654633,12.472428],[122.654633,12.472247]]],[[[122.655001,12.472428],[122.654817,12.472609],[122.655001,12.472609],[122.655001,12.472428]]],[[[122.524879,12.473135],[122.524695,12.473316],[122.524879,12.473316],[122.524879,12.473135]]],[[[122.451141,12.473166],[122.450957,12.473346],[122.451141,12.473347],[122.451141,12.473166]]],[[[122.450956,12.473527],[122.450772,12.473708],[122.450956,12.473708],[122.450956,12.473527]]],[[[122.523774,12.473857],[122.524142,12.473857],[122.524511,12.473315],[122.52359,12.473314],[122.523774,12.473857]],[[122.523774,12.473676],[122.523958,12.473495],[122.523958,12.473676],[122.523774,12.473676]]],[[[122.652055,12.473691],[122.65187,12.473871],[122.652054,12.473872],[122.652055,12.473691]]],[[[122.522853,12.474036],[122.523222,12.473675],[122.52267,12.473493],[122.522853,12.474036]]],[[[122.525062,12.473678],[122.524877,12.474039],[122.525062,12.47404],[122.525062,12.473678]]],[[[122.523037,12.474036],[122.523221,12.474217],[122.523221,12.474036],[122.523037,12.474036]]],[[[122.646716,12.474226],[122.646532,12.474407],[122.646716,12.474407],[122.646716,12.474226]]],[[[122.642483,12.474763],[122.642667,12.474583],[122.642483,12.474582],[122.642483,12.474763]]],[[[122.649845,12.474592],[122.649661,12.474773],[122.649845,12.474773],[122.649845,12.474592]]],[[[122.524876,12.474763],[122.524692,12.474943],[122.524876,12.474944],[122.524876,12.474763]]],[[[122.642483,12.474763],[122.642298,12.474944],[122.642482,12.474944],[122.642483,12.474763]]],[[[122.523219,12.474941],[122.523035,12.475121],[122.523219,12.475122],[122.523219,12.474941]]],[[[122.651684,12.475318],[122.651869,12.475137],[122.651685,12.475137],[122.651684,12.475318]]],[[[122.450953,12.475155],[122.450768,12.475315],[122.450952,12.475336],[122.450953,12.475155]]],[[[122.523403,12.475303],[122.523218,12.475483],[122.523402,12.475484],[122.523403,12.475303]]],[[[122.651684,12.475318],[122.6515,12.475499],[122.651684,12.475499],[122.651684,12.475318]]],[[[122.452609,12.475339],[122.452424,12.47552],[122.452609,12.47552],[122.452609,12.475339]]],[[[122.651132,12.475498],[122.650948,12.475679],[122.651132,12.475679],[122.651132,12.475498]]],[[[122.524875,12.475486],[122.52469,12.475848],[122.524874,12.475848],[122.524875,12.475486]]],[[[122.647635,12.475674],[122.64745,12.475855],[122.647635,12.475855],[122.647635,12.475674]]],[[[122.648003,12.475675],[122.647819,12.475856],[122.648003,12.475856],[122.648003,12.475675]]],[[[122.523586,12.476027],[122.52377,12.475665],[122.523586,12.475665],[122.523586,12.476027]]],[[[122.453896,12.475884],[122.453712,12.476065],[122.453896,12.476065],[122.453896,12.475884]]],[[[122.523586,12.476027],[122.523401,12.476207],[122.523585,12.476207],[122.523586,12.476027]]],[[[122.454632,12.476067],[122.454263,12.476247],[122.454631,12.476248],[122.454632,12.476067]]],[[[122.523217,12.476207],[122.523032,12.476568],[122.523216,12.476568],[122.523217,12.476207]]],[[[122.454631,12.476428],[122.454447,12.476609],[122.454631,12.476609],[122.454631,12.476428]]],[[[122.51659,12.476918],[122.516774,12.476738],[122.51659,12.476738],[122.51659,12.476918]]],[[[122.522848,12.47693],[122.523032,12.476749],[122.522848,12.476749],[122.522848,12.47693]]],[[[122.454446,12.47679],[122.454262,12.47697],[122.454446,12.476971],[122.454446,12.47679]]],[[[122.51659,12.476918],[122.516406,12.477099],[122.51659,12.477099],[122.51659,12.476918]]],[[[122.516774,12.476919],[122.516958,12.4771],[122.516958,12.476919],[122.516774,12.476919]]],[[[122.522848,12.47693],[122.522663,12.47711],[122.522847,12.47711],[122.522848,12.47693]]],[[[122.516406,12.477099],[122.516221,12.477279],[122.516405,12.47728],[122.516406,12.477099]]],[[[122.522663,12.477291],[122.522295,12.477109],[122.522295,12.47729],[122.522663,12.477291]]],[[[122.642847,12.477477],[122.643031,12.477296],[122.642847,12.477296],[122.642847,12.477477]]],[[[122.642847,12.477477],[122.642663,12.477657],[122.642847,12.477658],[122.642847,12.477477]]],[[[122.524502,12.478018],[122.524318,12.478198],[122.524502,12.478198],[122.524502,12.478018]]],[[[122.454444,12.477875],[122.454259,12.478236],[122.454443,12.478237],[122.454444,12.477875]]],[[[122.459413,12.478066],[122.458309,12.478064],[122.458308,12.478244],[122.459228,12.478427],[122.459413,12.478066]]],[[[122.521004,12.478554],[122.521558,12.47747],[122.522111,12.477471],[122.522296,12.476567],[122.521375,12.476927],[122.521004,12.478554]]],[[[122.459413,12.478247],[122.459596,12.478609],[122.459597,12.478247],[122.459413,12.478247]]],[[[122.52082,12.478554],[122.520636,12.478734],[122.52082,12.478734],[122.52082,12.478554]]],[[[122.516958,12.477281],[122.517509,12.477463],[122.517324,12.478186],[122.517875,12.47891],[122.517877,12.477463],[122.516958,12.477281]]],[[[122.520636,12.478734],[122.520451,12.478915],[122.520635,12.478915],[122.520636,12.478734]]],[[[122.520451,12.479096],[122.520083,12.478914],[122.520083,12.479095],[122.520451,12.479096]]],[[[122.524317,12.47856],[122.524132,12.479102],[122.524316,12.479102],[122.524317,12.47856]]],[[[122.517322,12.47909],[122.517138,12.47927],[122.517322,12.479271],[122.517322,12.47909]]],[[[122.520083,12.479095],[122.519899,12.479275],[122.520083,12.479276],[122.520083,12.479095]]],[[[122.454625,12.479141],[122.454441,12.479322],[122.454625,12.479322],[122.454625,12.479141]]],[[[122.457386,12.479147],[122.457202,12.479327],[122.457386,12.479328],[122.457386,12.479147]]],[[[122.518058,12.479453],[122.517874,12.479091],[122.517874,12.479453],[122.518058,12.479453]]],[[[122.63401,12.479093],[122.634746,12.479455],[122.634747,12.479094],[122.63401,12.479093]]],[[[122.519899,12.479275],[122.519714,12.479456],[122.519898,12.479456],[122.519899,12.479275]]],[[[122.519714,12.479456],[122.51953,12.479636],[122.519714,12.479637],[122.519714,12.479456]]],[[[122.5245,12.479284],[122.524315,12.479645],[122.524499,12.479645],[122.5245,12.479284]]],[[[122.64358,12.479467],[122.643396,12.479648],[122.64358,12.479648],[122.64358,12.479467]]],[[[122.459594,12.479694],[122.459409,12.479874],[122.459593,12.479875],[122.459594,12.479694]]],[[[122.518242,12.479453],[122.518057,12.479996],[122.518241,12.479996],[122.518242,12.479453]]],[[[122.519714,12.479637],[122.519897,12.479999],[122.519898,12.479637],[122.519714,12.479637]]],[[[122.641924,12.479827],[122.641739,12.480007],[122.641923,12.480008],[122.641924,12.479827]]],[[[122.633826,12.479273],[122.633273,12.479996],[122.63272,12.480357],[122.633457,12.480177],[122.63401,12.479635],[122.633826,12.479273]]],[[[122.518241,12.479996],[122.518424,12.480358],[122.518425,12.479996],[122.518241,12.479996]]],[[[122.634561,12.479817],[122.634377,12.480359],[122.634561,12.480359],[122.634561,12.479817]]],[[[122.457568,12.480232],[122.457383,12.480413],[122.457568,12.480413],[122.457568,12.480232]]],[[[122.63272,12.480357],[122.632536,12.480537],[122.63272,12.480538],[122.63272,12.480357]]],[[[122.632536,12.480537],[122.632352,12.480718],[122.632536,12.480718],[122.632536,12.480537]]],[[[122.518424,12.480358],[122.518608,12.48072],[122.518608,12.480358],[122.518424,12.480358]]],[[[122.634008,12.480539],[122.63364,12.48072],[122.634008,12.48072],[122.634008,12.480539]]],[[[122.519896,12.480722],[122.519713,12.480179],[122.519344,12.480721],[122.519896,12.480722]]],[[[122.644499,12.480553],[122.643947,12.480734],[122.644499,12.480734],[122.644499,12.480553]]],[[[122.518976,12.480721],[122.518791,12.480901],[122.518975,12.480901],[122.518976,12.480721]]],[[[122.643395,12.480733],[122.642658,12.480913],[122.643394,12.480914],[122.643395,12.480733]]],[[[122.644867,12.480916],[122.644683,12.480735],[122.644683,12.480915],[122.644867,12.480916]]],[[[122.631983,12.480898],[122.631799,12.481079],[122.631983,12.481079],[122.631983,12.480898]]],[[[122.641002,12.480911],[122.64137,12.481092],[122.64137,12.480911],[122.641002,12.480911]]],[[[122.459959,12.480961],[122.459775,12.481141],[122.459959,12.481141],[122.459959,12.480961]]],[[[122.641002,12.481091],[122.640817,12.481272],[122.641001,12.481272],[122.641002,12.481091]]],[[[122.641922,12.481093],[122.641553,12.481273],[122.641922,12.481274],[122.641922,12.481093]]],[[[122.457567,12.480775],[122.457382,12.481317],[122.457566,12.481317],[122.457567,12.480775]]],[[[122.642658,12.481274],[122.642473,12.481455],[122.642657,12.481455],[122.642658,12.481274]]],[[[122.64413,12.481276],[122.643946,12.481457],[122.64413,12.481457],[122.64413,12.481276]]],[[[122.644498,12.481639],[122.644314,12.481458],[122.644314,12.481638],[122.644498,12.481639]]],[[[122.520815,12.481447],[122.52063,12.481809],[122.520814,12.481809],[122.520815,12.481447]]],[[[122.644498,12.481639],[122.644682,12.48182],[122.644682,12.481639],[122.644498,12.481639]]],[[[122.509219,12.481788],[122.509587,12.48197],[122.509587,12.481789],[122.509219,12.481788]]],[[[122.511796,12.481793],[122.511611,12.481973],[122.511795,12.481974],[122.511796,12.481793]]],[[[122.52744,12.481821],[122.527256,12.482001],[122.52744,12.482002],[122.52744,12.481821]]],[[[122.644867,12.481097],[122.645602,12.481459],[122.645049,12.482001],[122.646154,12.481822],[122.645787,12.481098],[122.644867,12.481097]]],[[[122.509219,12.481969],[122.509034,12.48215],[122.509218,12.48215],[122.509219,12.481969]]],[[[122.631245,12.482163],[122.63143,12.48144],[122.631246,12.48144],[122.631245,12.482163]]],[[[122.522286,12.482173],[122.522471,12.481812],[122.522102,12.482173],[122.522286,12.482173]]],[[[122.631245,12.482163],[122.631061,12.482344],[122.631245,12.482344],[122.631245,12.482163]]],[[[122.50885,12.48233],[122.508666,12.482511],[122.50885,12.482511],[122.50885,12.48233]]],[[[122.529095,12.482909],[122.528911,12.482728],[122.52891,12.482908],[122.529095,12.482909]]],[[[122.459587,12.482768],[122.459403,12.482949],[122.459587,12.482949],[122.459587,12.482768]]],[[[122.631061,12.482525],[122.630508,12.482524],[122.630508,12.483067],[122.631061,12.482525]]],[[[122.529095,12.482909],[122.529278,12.48309],[122.529279,12.482909],[122.529095,12.482909]]],[[[122.505168,12.483047],[122.504983,12.483227],[122.505167,12.483228],[122.505168,12.483047]]],[[[122.504615,12.483227],[122.504431,12.483407],[122.504615,12.483407],[122.504615,12.483227]]],[[[122.468236,12.483328],[122.468052,12.483509],[122.468236,12.483509],[122.468236,12.483328]]],[[[122.4675,12.483507],[122.467315,12.483688],[122.467499,12.483688],[122.4675,12.483507]]],[[[122.472101,12.483517],[122.471917,12.483697],[122.472101,12.483697],[122.472101,12.483517]]],[[[122.504062,12.483587],[122.503878,12.483768],[122.504062,12.483768],[122.504062,12.483587]]],[[[122.468972,12.483691],[122.468787,12.483872],[122.468972,12.483872],[122.468972,12.483691]]],[[[122.472102,12.483155],[122.472468,12.483879],[122.472655,12.482794],[122.472102,12.483155]]],[[[122.529461,12.483814],[122.529277,12.483994],[122.529461,12.483995],[122.529461,12.483814]]],[[[122.460321,12.483855],[122.460137,12.483938],[122.460321,12.484036],[122.460321,12.483855]]],[[[122.460688,12.484217],[122.460505,12.484036],[122.460504,12.484217],[122.460688,12.484217]]],[[[122.469707,12.484054],[122.469523,12.484235],[122.469707,12.484235],[122.469707,12.484054]]],[[[122.471916,12.483878],[122.47118,12.484057],[122.471179,12.484238],[122.471916,12.483878]]],[[[122.503693,12.484129],[122.503509,12.48431],[122.503693,12.48431],[122.503693,12.484129]]],[[[122.460688,12.484217],[122.460872,12.484399],[122.460873,12.484218],[122.460688,12.484217]]],[[[122.46529,12.484227],[122.465105,12.484407],[122.465289,12.484407],[122.46529,12.484227]]],[[[122.470259,12.484236],[122.469891,12.484416],[122.470259,12.484417],[122.470259,12.484236]]],[[[122.460872,12.484399],[122.461056,12.48458],[122.461056,12.484399],[122.460872,12.484399]]],[[[122.464553,12.484406],[122.463817,12.484585],[122.464553,12.484587],[122.464553,12.484406]]],[[[122.471179,12.484419],[122.470627,12.484418],[122.470626,12.484599],[122.471179,12.484419]]],[[[122.463633,12.484585],[122.463448,12.484765],[122.463632,12.484766],[122.463633,12.484585]]],[[[122.531116,12.484902],[122.530932,12.48472],[122.530931,12.484901],[122.531116,12.484902]]],[[[122.462896,12.484764],[122.462528,12.484944],[122.462896,12.484945],[122.462896,12.484764]]],[[[122.473939,12.484786],[122.473755,12.484967],[122.473939,12.484967],[122.473939,12.484786]]],[[[122.50406,12.484853],[122.503875,12.485034],[122.504059,12.485034],[122.50406,12.484853]]],[[[122.630691,12.483248],[122.63069,12.484152],[122.629953,12.484875],[122.628849,12.484873],[122.630137,12.485056],[122.630874,12.484333],[122.630691,12.483248]]],[[[122.531116,12.484902],[122.531299,12.485083],[122.5313,12.484902],[122.531116,12.484902]]],[[[122.528722,12.485078],[122.528538,12.485259],[122.528722,12.485259],[122.528722,12.485078]]],[[[122.531299,12.485083],[122.531483,12.485264],[122.531483,12.485083],[122.531299,12.485083]]],[[[122.531483,12.485264],[122.532403,12.485446],[122.532403,12.485266],[122.531483,12.485264]]],[[[122.614491,12.485576],[122.614307,12.485757],[122.614491,12.485757],[122.614491,12.485576]]],[[[122.614123,12.485757],[122.613754,12.485937],[122.614123,12.485937],[122.614123,12.485757]]],[[[122.528905,12.485802],[122.528721,12.485983],[122.528905,12.485983],[122.528905,12.485802]]],[[[122.613386,12.486117],[122.613387,12.485394],[122.613019,12.485574],[122.613386,12.486117]]],[[[122.626822,12.486136],[122.628479,12.485777],[122.628848,12.485054],[122.627559,12.485956],[122.626638,12.485955],[122.626822,12.486136]]],[[[122.533139,12.485629],[122.532954,12.486171],[122.533138,12.486171],[122.533139,12.485629]]],[[[122.461973,12.486028],[122.461789,12.486209],[122.461973,12.486209],[122.461973,12.486028]]],[[[122.61357,12.486118],[122.613754,12.486299],[122.613754,12.486118],[122.61357,12.486118]]],[[[122.473568,12.486232],[122.473384,12.486413],[122.473568,12.486413],[122.473568,12.486232]]],[[[122.474672,12.486234],[122.474488,12.486415],[122.474672,12.486415],[122.474672,12.486234]]],[[[122.613754,12.486299],[122.613938,12.48648],[122.613938,12.486299],[122.613754,12.486299]]],[[[122.503873,12.486119],[122.503689,12.48648],[122.503873,12.486481],[122.503873,12.486119]]],[[[122.624797,12.486495],[122.624429,12.486133],[122.624429,12.486495],[122.624797,12.486495]]],[[[122.472095,12.48641],[122.471911,12.486591],[122.472095,12.486591],[122.472095,12.48641]]],[[[122.624797,12.486495],[122.624981,12.486676],[122.624981,12.486495],[122.624797,12.486495]]],[[[122.473751,12.486594],[122.473567,12.486775],[122.473751,12.486775],[122.473751,12.486594]]],[[[122.596452,12.486635],[122.596268,12.486816],[122.596452,12.486816],[122.596452,12.486635]]],[[[122.598476,12.486819],[122.598293,12.486638],[122.598292,12.486819],[122.598476,12.486819]]],[[[122.506817,12.486667],[122.506633,12.486847],[122.506817,12.486848],[122.506817,12.486667]]],[[[122.597004,12.486636],[122.597924,12.486818],[122.597925,12.486637],[122.597004,12.486636]]],[[[122.503504,12.486842],[122.503319,12.487022],[122.503503,12.487023],[122.503504,12.486842]]],[[[122.533504,12.487076],[122.533689,12.486715],[122.533505,12.486714],[122.533504,12.487076]]],[[[122.47872,12.486966],[122.478536,12.487146],[122.47872,12.487146],[122.47872,12.486966]]],[[[122.613569,12.487022],[122.6132,12.487202],[122.613569,12.487203],[122.613569,12.487022]]],[[[122.478352,12.487146],[122.478167,12.487326],[122.478351,12.487327],[122.478352,12.487146]]],[[[122.479456,12.487148],[122.479271,12.487328],[122.479456,12.487329],[122.479456,12.487148]]],[[[122.595899,12.486996],[122.595715,12.487357],[122.595899,12.487358],[122.595899,12.486996]]],[[[122.598661,12.486819],[122.598476,12.487361],[122.599212,12.487363],[122.598661,12.486819]]],[[[122.500742,12.487198],[122.500558,12.487379],[122.500742,12.487379],[122.500742,12.487198]]],[[[122.626454,12.486136],[122.626453,12.487221],[122.626268,12.487401],[122.626636,12.487402],[122.626454,12.486136]]],[[[122.474302,12.487319],[122.474118,12.487499],[122.474302,12.4875],[122.474302,12.487319]]],[[[122.59958,12.487544],[122.599396,12.487182],[122.599396,12.487544],[122.59958,12.487544]]],[[[122.626268,12.487401],[122.626084,12.487582],[122.626268,12.487582],[122.626268,12.487401]]],[[[122.59958,12.487544],[122.600132,12.487726],[122.600132,12.487545],[122.59958,12.487544]]],[[[122.600868,12.487546],[122.600684,12.487726],[122.600868,12.487727],[122.600868,12.487546]]],[[[122.509208,12.487576],[122.509024,12.487756],[122.509208,12.487756],[122.509208,12.487576]]],[[[122.474853,12.487682],[122.474669,12.487862],[122.474853,12.487862],[122.474853,12.487682]]],[[[122.50295,12.487745],[122.502766,12.487925],[122.50295,12.487926],[122.50295,12.487745]]],[[[122.624428,12.487399],[122.624243,12.487941],[122.624427,12.487941],[122.624428,12.487399]]],[[[122.625531,12.487762],[122.625532,12.4874],[122.62498,12.487581],[122.624797,12.486857],[122.624795,12.487761],[122.625531,12.487762]]],[[[122.53332,12.487076],[122.533135,12.487799],[122.532766,12.487979],[122.533503,12.487799],[122.53332,12.487076]]],[[[122.59553,12.488081],[122.595715,12.487538],[122.59553,12.487538],[122.59553,12.488081]]],[[[122.603812,12.487912],[122.603444,12.488092],[122.603812,12.488093],[122.603812,12.487912]]],[[[122.532766,12.48816],[122.53203,12.487978],[122.53203,12.488159],[122.532766,12.48816]]],[[[122.59553,12.488081],[122.595345,12.488261],[122.595529,12.488261],[122.59553,12.488081]]],[[[122.482398,12.48842],[122.482215,12.488238],[122.482214,12.488419],[122.482398,12.48842]]],[[[122.489576,12.488433],[122.489393,12.488252],[122.489392,12.488433],[122.489576,12.488433]]],[[[122.482398,12.48842],[122.482582,12.488601],[122.482582,12.48842],[122.482398,12.48842]]],[[[122.489576,12.488433],[122.48976,12.488614],[122.48976,12.488434],[122.489576,12.488433]]],[[[122.595345,12.488442],[122.595161,12.488623],[122.595345,12.488623],[122.595345,12.488442]]],[[[122.624242,12.488665],[122.624427,12.488122],[122.624243,12.488122],[122.624242,12.488665]]],[[[122.594792,12.488803],[122.594977,12.488622],[122.594793,12.488622],[122.594792,12.488803]]],[[[122.605836,12.488638],[122.605652,12.488819],[122.605836,12.488819],[122.605836,12.488638]]],[[[122.482766,12.488782],[122.482581,12.488962],[122.482765,12.488963],[122.482766,12.488782]]],[[[122.594792,12.488803],[122.594608,12.488983],[122.594792,12.488984],[122.594792,12.488803]]],[[[122.529636,12.489059],[122.529268,12.488877],[122.529267,12.489058],[122.529636,12.489059]]],[[[122.535158,12.488887],[122.534973,12.489068],[122.535157,12.489068],[122.535158,12.488887]]],[[[122.475219,12.488948],[122.475035,12.489129],[122.475219,12.489129],[122.475219,12.488948]]],[[[122.605283,12.488999],[122.604915,12.48918],[122.605283,12.48918],[122.605283,12.488999]]],[[[122.530371,12.489241],[122.531111,12.487614],[122.530006,12.487793],[122.529636,12.488878],[122.530188,12.488698],[122.530371,12.489241]],[[122.530742,12.488156],[122.530558,12.487975],[122.530742,12.487976],[122.530742,12.488156]]],[[[122.534605,12.489067],[122.534421,12.489248],[122.534605,12.489248],[122.534605,12.489067]]],[[[122.535525,12.489069],[122.535341,12.48925],[122.535525,12.48925],[122.535525,12.489069]]],[[[122.594608,12.489164],[122.594423,12.489345],[122.594607,12.489345],[122.594608,12.489164]]],[[[122.609516,12.489186],[122.609148,12.489367],[122.609516,12.489367],[122.609516,12.489186]]],[[[122.529267,12.48942],[122.528715,12.489057],[122.528715,12.489419],[122.529267,12.48942]]],[[[122.530187,12.489241],[122.530003,12.489421],[122.530187,12.489421],[122.530187,12.489241]]],[[[122.534973,12.489249],[122.534788,12.489429],[122.534973,12.48943],[122.534973,12.489249]]],[[[122.474666,12.489309],[122.474482,12.489489],[122.474666,12.48949],[122.474666,12.489309]]],[[[122.490311,12.489339],[122.490126,12.489519],[122.49031,12.48952],[122.490311,12.489339]]],[[[122.604178,12.489359],[122.603994,12.48954],[122.604178,12.48954],[122.604178,12.489359]]],[[[122.608964,12.489366],[122.60878,12.489547],[122.608964,12.489547],[122.608964,12.489366]]],[[[122.535525,12.489431],[122.53534,12.489611],[122.535524,12.489612],[122.535525,12.489431]]],[[[122.501474,12.489551],[122.50129,12.489731],[122.501474,12.489732],[122.501474,12.489551]]],[[[122.532027,12.489786],[122.531844,12.489063],[122.531659,12.489786],[122.532027,12.489786]]],[[[122.594054,12.489887],[122.594239,12.489706],[122.594055,12.489706],[122.594054,12.489887]]],[[[122.490862,12.489882],[122.490677,12.490063],[122.490862,12.490063],[122.490862,12.489882]]],[[[122.594054,12.489887],[122.59387,12.490067],[122.594054,12.490068],[122.594054,12.489887]]],[[[122.608595,12.489908],[122.608411,12.490089],[122.608595,12.490089],[122.608595,12.489908]]],[[[122.530554,12.490146],[122.530738,12.489965],[122.530554,12.489965],[122.530554,12.490146]]],[[[122.486444,12.490055],[122.48626,12.490235],[122.486444,12.490236],[122.486444,12.490055]]],[[[122.59387,12.490067],[122.593686,12.490248],[122.59387,12.490248],[122.59387,12.490067]]],[[[122.501473,12.490093],[122.501289,12.490274],[122.501473,12.490274],[122.501473,12.490093]]],[[[122.504234,12.490098],[122.504049,12.490279],[122.504233,12.490279],[122.504234,12.490098]]],[[[122.530554,12.490146],[122.53037,12.490326],[122.530554,12.490326],[122.530554,12.490146]]],[[[122.60068,12.490258],[122.600496,12.490439],[122.60068,12.490439],[122.60068,12.490258]]],[[[122.60841,12.49027],[122.608226,12.49045],[122.60841,12.490451],[122.60841,12.49027]]],[[[122.530738,12.490146],[122.530921,12.490508],[122.530922,12.490146],[122.530738,12.490146]]],[[[122.593317,12.490428],[122.593133,12.490609],[122.593317,12.490609],[122.593317,12.490428]]],[[[122.606201,12.490447],[122.606017,12.490628],[122.606201,12.490628],[122.606201,12.490447]]],[[[122.621847,12.490289],[122.621111,12.490107],[122.621296,12.489565],[122.619823,12.489744],[122.619088,12.488477],[122.618536,12.488837],[122.6178,12.488475],[122.617067,12.486484],[122.616699,12.486484],[122.617247,12.489017],[122.618534,12.489742],[122.619639,12.489562],[122.619822,12.490105],[122.620743,12.490107],[122.620926,12.490649],[122.621847,12.490289]]],[[[122.53037,12.490326],[122.530185,12.490687],[122.530369,12.490688],[122.53037,12.490326]]],[[[122.486443,12.490417],[122.486259,12.490778],[122.486443,12.490778],[122.486443,12.490417]]],[[[122.592949,12.490609],[122.592765,12.490789],[122.592949,12.490789],[122.592949,12.490609]]],[[[122.500552,12.490634],[122.500367,12.490815],[122.500551,12.490815],[122.500552,12.490634]]],[[[122.50681,12.490646],[122.506625,12.490826],[122.506809,12.490827],[122.50681,12.490646]]],[[[122.530369,12.490688],[122.530737,12.490869],[122.530737,12.490688],[122.530369,12.490688]]],[[[122.592396,12.490789],[122.592212,12.490969],[122.592396,12.49097],[122.592396,12.490789]]],[[[122.606937,12.49081],[122.606753,12.490991],[122.606937,12.490991],[122.606937,12.49081]]],[[[122.50368,12.490821],[122.503496,12.491001],[122.50368,12.491002],[122.50368,12.490821]]],[[[122.624609,12.489208],[122.623689,12.488845],[122.623504,12.489749],[122.624056,12.48975],[122.623872,12.490111],[122.621846,12.490651],[122.623135,12.490472],[122.62295,12.491014],[122.623502,12.491015],[122.624608,12.48975],[122.623873,12.489388],[122.623873,12.489026],[122.624609,12.489208]]],[[[122.550615,12.490903],[122.550799,12.491084],[122.550799,12.490903],[122.550615,12.490903]]],[[[122.550615,12.490722],[122.550247,12.490722],[122.550246,12.491264],[122.55043,12.491265],[122.550615,12.490722]]],[[[122.550799,12.491084],[122.550982,12.491265],[122.550983,12.491085],[122.550799,12.491084]]],[[[122.48681,12.491141],[122.486442,12.491321],[122.48681,12.491322],[122.48681,12.491141]]],[[[122.591843,12.49133],[122.592028,12.49115],[122.591844,12.49115],[122.591843,12.49133]]],[[[122.4927,12.491152],[122.492332,12.491332],[122.4927,12.491333],[122.4927,12.491152]]],[[[122.495829,12.491158],[122.495645,12.491338],[122.495829,12.491339],[122.495829,12.491158]]],[[[122.550982,12.491265],[122.551166,12.491447],[122.551166,12.491266],[122.550982,12.491265]]],[[[122.487362,12.491323],[122.487178,12.491503],[122.487362,12.491504],[122.487362,12.491323]]],[[[122.591843,12.49133],[122.591659,12.491511],[122.591843,12.491511],[122.591843,12.49133]]],[[[122.602335,12.491346],[122.601966,12.491526],[122.602334,12.491527],[122.602335,12.491346]]],[[[122.502759,12.491362],[122.502575,12.491542],[122.502759,12.491543],[122.502759,12.491362]]],[[[122.550614,12.491446],[122.55043,12.491626],[122.550614,12.491627],[122.550614,12.491446]]],[[[122.551718,12.491809],[122.551534,12.491628],[122.551534,12.491809],[122.551718,12.491809]]],[[[122.492883,12.491695],[122.492699,12.491875],[122.492883,12.491876],[122.492883,12.491695]]],[[[122.551718,12.491809],[122.551901,12.49199],[122.551902,12.49181],[122.551718,12.491809]]],[[[122.590922,12.491872],[122.590738,12.492052],[122.590922,12.492052],[122.590922,12.491872]]],[[[122.530919,12.491955],[122.530734,12.492135],[122.530918,12.492136],[122.530919,12.491955]]],[[[122.550797,12.491989],[122.550613,12.492169],[122.550797,12.492169],[122.550797,12.491989]]],[[[122.552085,12.492172],[122.551901,12.492352],[122.552085,12.492352],[122.552085,12.492172]]],[[[122.590001,12.492232],[122.589817,12.492412],[122.590001,12.492413],[122.590001,12.492232]]],[[[122.498036,12.492247],[122.497851,12.492428],[122.498035,12.492428],[122.498036,12.492247]]],[[[122.55098,12.492531],[122.550796,12.492712],[122.55098,12.492712],[122.55098,12.492531]]],[[[122.552453,12.492534],[122.552268,12.492714],[122.552452,12.492715],[122.552453,12.492534]]],[[[122.585951,12.492768],[122.585951,12.492792],[122.586029,12.492768],[122.585951,12.492768]]],[[[122.532022,12.49268],[122.531837,12.492861],[122.532021,12.492861],[122.532022,12.49268]]],[[[122.579877,12.492759],[122.579509,12.492939],[122.579877,12.49294],[122.579877,12.492759]]],[[[122.509014,12.49282],[122.509198,12.493182],[122.509382,12.493182],[122.509382,12.492821],[122.509014,12.49282]]],[[[122.579324,12.49312],[122.57914,12.4933],[122.579324,12.493301],[122.579324,12.49312]]],[[[122.584662,12.493309],[122.584662,12.493323],[122.584687,12.493309],[122.584662,12.493309]]],[[[122.506437,12.493177],[122.506252,12.493357],[122.506436,12.493358],[122.506437,12.493177]]],[[[122.579692,12.493663],[122.579507,12.493843],[122.579691,12.493844],[122.579692,12.493663]]],[[[122.531651,12.493945],[122.531467,12.494126],[122.531651,12.494126],[122.531651,12.493945]]],[[[122.498032,12.494236],[122.497848,12.494055],[122.497848,12.494236],[122.498032,12.494236]]],[[[122.555763,12.494167],[122.555579,12.494348],[122.555763,12.494348],[122.555763,12.494167]]],[[[122.556315,12.494168],[122.556131,12.494349],[122.556315,12.494349],[122.556315,12.494168]]],[[[122.572512,12.494194],[122.572328,12.494375],[122.572512,12.494375],[122.572512,12.494194]]],[[[122.498032,12.494236],[122.498215,12.494418],[122.498216,12.494237],[122.498032,12.494236]]],[[[122.523552,12.494474],[122.523369,12.493569],[122.521162,12.492661],[122.521895,12.494471],[122.523552,12.494474]]],[[[122.52208,12.493929],[122.522816,12.494292],[122.522817,12.49393],[122.52208,12.493929]]],[[[122.526681,12.494298],[122.526497,12.494479],[122.526681,12.494479],[122.526681,12.494298]]],[[[122.545271,12.494511],[122.545086,12.494692],[122.545271,12.494692],[122.545271,12.494511]]],[[[122.545271,12.49433],[122.545639,12.494693],[122.545639,12.494331],[122.545271,12.49433]]],[[[122.544718,12.495053],[122.544902,12.494872],[122.544718,12.494872],[122.544718,12.495053]]],[[[122.545454,12.494873],[122.54527,12.495054],[122.545454,12.495054],[122.545454,12.494873]]],[[[122.551161,12.49434],[122.550976,12.495063],[122.55116,12.495064],[122.551161,12.49434]]],[[[122.532018,12.495031],[122.531833,12.495212],[122.532017,12.495212],[122.532018,12.495031]]],[[[122.544718,12.495053],[122.544533,12.495233],[122.544717,12.495234],[122.544718,12.495053]]],[[[122.548031,12.495058],[122.54711,12.495238],[122.548031,12.495239],[122.548031,12.495058]]],[[[122.546742,12.495418],[122.546926,12.495237],[122.546742,12.495237],[122.546742,12.495418]]],[[[122.570854,12.495277],[122.57067,12.495457],[122.570854,12.495458],[122.570854,12.495277]]],[[[122.544349,12.495414],[122.544165,12.495595],[122.544349,12.495595],[122.544349,12.495414]]],[[[122.546742,12.495418],[122.546557,12.495599],[122.546741,12.495599],[122.546742,12.495418]]],[[[122.548399,12.49524],[122.548214,12.495601],[122.548398,12.495602],[122.548399,12.49524]]],[[[122.550975,12.495425],[122.550791,12.495606],[122.550975,12.495606],[122.550975,12.495425]]],[[[122.545821,12.495597],[122.545085,12.495777],[122.545821,12.495778],[122.545821,12.495597]]],[[[122.546557,12.495779],[122.546189,12.495598],[122.546189,12.495779],[122.546557,12.495779]]],[[[122.548581,12.495964],[122.548398,12.495783],[122.548397,12.495963],[122.548581,12.495964]]],[[[122.550054,12.496147],[122.550238,12.495966],[122.550054,12.495966],[122.550054,12.496147]]],[[[122.504222,12.496067],[122.504038,12.496247],[122.504222,12.496247],[122.504222,12.496067]]],[[[122.544716,12.496138],[122.544531,12.496319],[122.544716,12.496319],[122.544716,12.496138]]],[[[122.550054,12.496147],[122.549869,12.496328],[122.550053,12.496328],[122.550054,12.496147]]],[[[122.538457,12.496308],[122.538273,12.496489],[122.538457,12.496489],[122.538457,12.496308]]],[[[122.539561,12.496491],[122.539746,12.49631],[122.539562,12.49631],[122.539561,12.496491]]],[[[122.545083,12.4965],[122.5449,12.496319],[122.544715,12.4965],[122.545083,12.4965]]],[[[122.549685,12.496327],[122.548949,12.496326],[122.548581,12.495964],[122.548765,12.496507],[122.549685,12.496327]]],[[[122.569564,12.496541],[122.569748,12.49636],[122.569564,12.49636],[122.569564,12.496541]]],[[[122.490849,12.496393],[122.490665,12.496574],[122.490849,12.496574],[122.490849,12.496393]]],[[[122.532015,12.496297],[122.531831,12.496659],[122.532015,12.496659],[122.532015,12.496297]]],[[[122.539561,12.496491],[122.539377,12.496672],[122.539561,12.496672],[122.539561,12.496491]]],[[[122.569564,12.496541],[122.569379,12.496721],[122.569563,12.496721],[122.569564,12.496541]]],[[[122.55539,12.496698],[122.55576,12.496156],[122.555208,12.495975],[122.553918,12.496515],[122.554102,12.496877],[122.55539,12.496698]]],[[[122.554654,12.496697],[122.555206,12.496698],[122.555391,12.496337],[122.554655,12.496336],[122.554654,12.496697]]],[[[122.491033,12.496755],[122.490848,12.496936],[122.491032,12.496936],[122.491033,12.496755]]],[[[122.568827,12.496901],[122.568642,12.497082],[122.568826,12.497082],[122.568827,12.496901]]],[[[122.568274,12.497081],[122.56809,12.497262],[122.568274,12.497262],[122.568274,12.497081]]],[[[122.533302,12.497204],[122.533118,12.497384],[122.533302,12.497385],[122.533302,12.497204]]],[[[122.567354,12.49726],[122.567169,12.497441],[122.567353,12.497441],[122.567354,12.49726]]],[[[122.56496,12.497618],[122.564776,12.497799],[122.56496,12.497799],[122.56496,12.497618]]],[[[122.565144,12.49798],[122.564959,12.498342],[122.565143,12.498342],[122.565144,12.49798]]],[[[122.539558,12.4983],[122.539374,12.49848],[122.539558,12.49848],[122.539558,12.4983]]],[[[122.54324,12.498306],[122.543055,12.498486],[122.543239,12.498487],[122.54324,12.498306]]],[[[122.538822,12.498479],[122.538637,12.49866],[122.538821,12.49866],[122.538822,12.498479]]],[[[122.539557,12.498842],[122.539373,12.499023],[122.539557,12.499023],[122.539557,12.498842]]],[[[122.541949,12.499389],[122.541765,12.499569],[122.541949,12.49957],[122.541949,12.499389]]],[[[122.540476,12.499748],[122.539924,12.499928],[122.540476,12.499929],[122.540476,12.499748]]],[[[122.533665,12.500098],[122.533481,12.500279],[122.533665,12.500279],[122.533665,12.500098]]],[[[122.53532,12.501186],[122.535135,12.501366],[122.535319,12.501367],[122.53532,12.501186]]]]}},{"type":"Feature","properties":{"haz":2},"geometry":{"type":"MultiPolygon","coordinates":[[[[122.574731,12.306155],[122.575098,12.306517],[122.575099,12.306156],[122.574731,12.306155]]],[[[122.60748,12.3],[122.606192,12.300234],[122.605638,12.301499],[122.603615,12.301496],[122.603062,12.302038],[122.602324,12.304026],[122.602688,12.306378],[122.602136,12.306739],[122.603056,12.306379],[122.602875,12.304208],[122.603982,12.301858],[122.606373,12.302043],[122.606375,12.300958],[122.60748,12.3]]],[[[122.574728,12.307783],[122.574914,12.306879],[122.574177,12.307782],[122.574728,12.307783]]],[[[122.601952,12.306739],[122.601585,12.305834],[122.601033,12.305833],[122.601033,12.306376],[122.599193,12.306735],[122.594227,12.306546],[122.59349,12.30745],[122.594041,12.307812],[122.59441,12.306908],[122.599192,12.307458],[122.599745,12.306735],[122.601216,12.306557],[122.601583,12.3071],[122.601952,12.306739]]],[[[122.653461,12.300117],[122.665587,12.310441],[122.6654,12.312973],[122.665767,12.313335],[122.667239,12.313156],[122.668526,12.3137],[122.667424,12.312795],[122.665952,12.312974],[122.665953,12.31225],[122.667057,12.311347],[122.665772,12.309899],[122.661545,12.306819],[122.654197,12.300118],[122.653461,12.300117]]],[[[122.668526,12.313881],[122.669813,12.313883],[122.670732,12.314426],[122.669998,12.313521],[122.668526,12.313881]]],[[[122.670732,12.314426],[122.670916,12.314607],[122.670916,12.314427],[122.670732,12.314426]]],[[[122.6711,12.314789],[122.670916,12.314969],[122.6711,12.314969],[122.6711,12.314789]]],[[[122.59349,12.307088],[122.593307,12.306726],[122.591835,12.306905],[122.589995,12.307806],[122.589628,12.307082],[122.585952,12.30563],[122.58503,12.306533],[122.583744,12.306169],[122.581719,12.307251],[122.580063,12.307429],[122.579326,12.308333],[122.576934,12.308691],[122.577484,12.309957],[122.576013,12.309593],[122.575459,12.310678],[122.573804,12.310675],[122.573251,12.311398],[122.572331,12.311396],[122.571042,12.312299],[122.571225,12.313384],[122.569385,12.313381],[122.569566,12.315552],[122.569933,12.315914],[122.569934,12.315191],[122.570854,12.315192],[122.571223,12.314469],[122.572326,12.315013],[122.571593,12.312842],[122.572515,12.311758],[122.574722,12.311581],[122.575827,12.310678],[122.577298,12.311042],[122.577481,12.311585],[122.578585,12.311406],[122.578955,12.310141],[122.57822,12.309959],[122.578037,12.308873],[122.579141,12.309056],[122.583743,12.306531],[122.585214,12.306714],[122.58687,12.306174],[122.589259,12.307443],[122.589993,12.309072],[122.590361,12.309073],[122.590362,12.308168],[122.591099,12.307446],[122.59349,12.307088]]],[[[122.569933,12.315914],[122.570116,12.316276],[122.570117,12.315914],[122.569933,12.315914]]],[[[122.672936,12.317323],[122.672752,12.317503],[122.672936,12.317504],[122.672936,12.317323]]],[[[122.673487,12.318047],[122.673303,12.317866],[122.673303,12.318047],[122.673487,12.318047]]],[[[122.673487,12.318047],[122.673671,12.318228],[122.673671,12.318047],[122.673487,12.318047]]],[[[122.673671,12.318228],[122.673854,12.318409],[122.673855,12.318228],[122.673671,12.318228]]],[[[122.673854,12.318409],[122.674038,12.31859],[122.674038,12.318409],[122.673854,12.318409]]],[[[122.674038,12.31859],[122.674222,12.318771],[122.674222,12.31859],[122.674038,12.31859]]],[[[122.675141,12.319496],[122.675174,12.319315],[122.675141,12.319315],[122.675141,12.319496]]],[[[122.675325,12.319496],[122.675508,12.319677],[122.675508,12.319596],[122.675325,12.319496]]],[[[122.675508,12.319677],[122.675692,12.319858],[122.67558,12.319677],[122.675508,12.319677]]],[[[122.675692,12.319858],[122.675876,12.320039],[122.675876,12.320004],[122.675692,12.319858]]],[[[122.675876,12.320039],[122.676059,12.32022],[122.675913,12.320039],[122.675876,12.320039]]],[[[122.676059,12.32022],[122.676243,12.320401],[122.676243,12.320351],[122.676059,12.32022]]],[[[122.676243,12.320401],[122.676427,12.320582],[122.676296,12.320401],[122.676243,12.320401]]],[[[122.676427,12.320582],[122.676611,12.320764],[122.676611,12.320739],[122.676427,12.320582]]],[[[122.677162,12.321345],[122.676978,12.321487],[122.677161,12.321488],[122.677162,12.321345]]],[[[122.677161,12.32203],[122.676977,12.321849],[122.676977,12.32203],[122.677161,12.32203]]],[[[122.677161,12.32203],[122.677345,12.322211],[122.677345,12.32203],[122.677161,12.32203]]],[[[122.677896,12.322393],[122.677712,12.322573],[122.677896,12.322574],[122.677896,12.322393]]],[[[122.678264,12.322656],[122.67808,12.322755],[122.678264,12.322755],[122.678264,12.322656]]],[[[122.679122,12.32366],[122.678998,12.323841],[122.679182,12.323841],[122.679122,12.32366]]],[[[122.679496,12.324203],[122.679365,12.324384],[122.679549,12.324384],[122.679496,12.324203]]],[[[122.679642,12.324565],[122.679549,12.324746],[122.679733,12.324746],[122.679642,12.324565]]],[[[122.679837,12.324927],[122.679732,12.325108],[122.679916,12.325108],[122.679837,12.324927]]],[[[122.680807,12.326556],[122.68065,12.326737],[122.680834,12.326737],[122.680807,12.326556]]],[[[122.681018,12.326918],[122.680834,12.327099],[122.681017,12.327099],[122.681018,12.326918]]],[[[122.681567,12.328004],[122.681384,12.328184],[122.681568,12.328185],[122.681567,12.328004]]],[[[122.681737,12.328366],[122.681568,12.328546],[122.681752,12.328547],[122.681737,12.328366]]],[[[122.681909,12.328728],[122.681751,12.328908],[122.681935,12.328909],[122.681909,12.328728]]],[[[122.682071,12.32909],[122.681935,12.32927],[122.682119,12.32927],[122.682071,12.32909]]],[[[122.570116,12.316457],[122.568093,12.316092],[122.568275,12.317358],[122.567721,12.318804],[122.568272,12.319529],[122.567535,12.320251],[122.567534,12.320974],[122.566981,12.321154],[122.567164,12.321878],[122.566061,12.321695],[122.566611,12.322601],[122.565508,12.322237],[122.565507,12.32278],[122.565139,12.322779],[122.565139,12.323141],[122.565875,12.323142],[122.566057,12.324047],[122.564768,12.32513],[122.564767,12.325672],[122.565502,12.325673],[122.564949,12.326396],[122.566237,12.326398],[122.567891,12.327305],[122.5666,12.329292],[122.568073,12.32839],[122.568259,12.327125],[122.566789,12.326218],[122.566975,12.325314],[122.566423,12.324951],[122.566792,12.324409],[122.566425,12.323685],[122.566977,12.323686],[122.567899,12.322603],[122.568635,12.322604],[122.568084,12.321879],[122.568086,12.320613],[122.568455,12.31971],[122.569007,12.31953],[122.568273,12.318986],[122.568459,12.31772],[122.568828,12.316817],[122.570115,12.316999],[122.570116,12.316457]]],[[[122.5666,12.329292],[122.566416,12.329473],[122.5666,12.329473],[122.5666,12.329292]]],[[[122.566416,12.329473],[122.566231,12.329834],[122.566415,12.329835],[122.566416,12.329473]]],[[[122.682485,12.330537],[122.682301,12.330718],[122.682485,12.330718],[122.682485,12.330537]]],[[[122.566047,12.329834],[122.566047,12.330196],[122.565678,12.330738],[122.56623,12.330558],[122.566047,12.329834]]],[[[122.565678,12.330738],[122.565494,12.330918],[122.565678,12.330919],[122.565678,12.330738]]],[[[122.682668,12.330899],[122.682484,12.331079],[122.682668,12.33108],[122.682668,12.330899]]],[[[122.565309,12.33128],[122.565494,12.331099],[122.56531,12.331099],[122.565309,12.33128]]],[[[122.682852,12.331261],[122.682668,12.331441],[122.682852,12.331442],[122.682852,12.331261]]],[[[122.565309,12.33128],[122.565125,12.331641],[122.565309,12.331641],[122.565309,12.33128]]],[[[122.565124,12.331822],[122.564757,12.331641],[122.564757,12.331821],[122.565124,12.331822]]],[[[122.683005,12.331804],[122.682851,12.331984],[122.683035,12.331984],[122.683005,12.331804]]],[[[122.563469,12.331819],[122.564204,12.332001],[122.564205,12.331821],[122.563469,12.331819]]],[[[122.564756,12.332002],[122.564389,12.331821],[122.564388,12.332002],[122.564756,12.332002]]],[[[122.563469,12.332],[122.563284,12.332181],[122.563468,12.332181],[122.563469,12.332]]],[[[122.564388,12.332002],[122.564204,12.332182],[122.564388,12.332183],[122.564388,12.332002]]],[[[122.563284,12.332362],[122.562916,12.33218],[122.562916,12.332361],[122.563284,12.332362]]],[[[122.683649,12.332709],[122.683586,12.332889],[122.683764,12.33289],[122.683649,12.332709]]],[[[122.68388,12.333071],[122.683769,12.333251],[122.683953,12.333252],[122.68388,12.333071]]],[[[122.684072,12.333433],[122.683953,12.333613],[122.684137,12.333613],[122.684072,12.333433]]],[[[122.68432,12.334156],[122.684136,12.334337],[122.68432,12.334337],[122.68432,12.334156]]],[[[122.562732,12.332361],[122.559604,12.33326],[122.55905,12.334525],[122.559971,12.333441],[122.561995,12.333083],[122.562732,12.332361]]],[[[122.55905,12.334525],[122.558865,12.334887],[122.559049,12.334887],[122.55905,12.334525]]],[[[122.684467,12.33488],[122.684319,12.335061],[122.684488,12.335061],[122.684467,12.33488]]],[[[122.558865,12.334887],[122.558681,12.335248],[122.558865,12.335248],[122.558865,12.334887]]],[[[122.558681,12.335248],[122.558496,12.335428],[122.55868,12.335429],[122.558681,12.335248]]],[[[122.558496,12.335428],[122.558312,12.33579],[122.558496,12.33579],[122.558496,12.335428]]],[[[122.684487,12.335784],[122.684318,12.335965],[122.684464,12.335965],[122.684487,12.335784]]],[[[122.684317,12.336507],[122.684133,12.33705],[122.684317,12.33705],[122.684317,12.336507]]],[[[122.558128,12.33579],[122.557759,12.336512],[122.557758,12.337236],[122.558311,12.336152],[122.558128,12.33579]]],[[[122.684315,12.338316],[122.684131,12.338497],[122.684315,12.338497],[122.684315,12.338316]]],[[[122.683947,12.338858],[122.684131,12.338678],[122.683947,12.338677],[122.683947,12.338858]]],[[[122.683947,12.338858],[122.683762,12.339039],[122.683946,12.339039],[122.683947,12.338858]]],[[[122.682842,12.339942],[122.682657,12.340123],[122.682841,12.340123],[122.682842,12.339942]]],[[[122.557941,12.337417],[122.55794,12.338321],[122.557387,12.338863],[122.557386,12.339225],[122.558122,12.339045],[122.557753,12.34013],[122.558674,12.339227],[122.557941,12.337417]]],[[[122.682289,12.340665],[122.682473,12.340484],[122.682289,12.340484],[122.682289,12.340665]]],[[[122.682289,12.340665],[122.682105,12.340846],[122.682289,12.340846],[122.682289,12.340665]]],[[[122.557753,12.34013],[122.557567,12.340853],[122.557751,12.340853],[122.557753,12.34013]]],[[[122.553153,12.340846],[122.552968,12.341026],[122.553152,12.341026],[122.553153,12.340846]]],[[[122.681736,12.341388],[122.68192,12.341207],[122.681736,12.341207],[122.681736,12.341388]]],[[[122.681736,12.341388],[122.681552,12.341568],[122.681736,12.341569],[122.681736,12.341388]]],[[[122.685047,12.341392],[122.685599,12.341573],[122.685599,12.341392],[122.685047,12.341392]]],[[[122.681552,12.341568],[122.681368,12.341749],[122.681552,12.341749],[122.681552,12.341568]]],[[[122.685047,12.341572],[122.684863,12.341753],[122.685047,12.341753],[122.685047,12.341572]]],[[[122.685599,12.341573],[122.685783,12.341754],[122.685783,12.341573],[122.685599,12.341573]]],[[[122.684679,12.341753],[122.684495,12.341933],[122.684679,12.341934],[122.684679,12.341753]]],[[[122.685783,12.341754],[122.685966,12.341935],[122.685967,12.341754],[122.685783,12.341754]]],[[[122.684127,12.341933],[122.683943,12.342114],[122.684127,12.342114],[122.684127,12.341933]]],[[[122.685966,12.341935],[122.68615,12.342116],[122.68615,12.341935],[122.685966,12.341935]]],[[[122.552966,12.342292],[122.552782,12.342473],[122.552966,12.342473],[122.552966,12.342292]]],[[[122.683758,12.342294],[122.683574,12.342475],[122.683758,12.342475],[122.683758,12.342294]]],[[[122.552782,12.342654],[122.5526,12.343015],[122.552781,12.343015],[122.552782,12.342654]]],[[[122.681918,12.342835],[122.682286,12.343016],[122.682286,12.342835],[122.681918,12.342835]]],[[[122.68339,12.342836],[122.683206,12.343017],[122.68339,12.343017],[122.68339,12.342836]]],[[[122.682286,12.343016],[122.68247,12.343197],[122.68247,12.343016],[122.682286,12.343016]]],[[[122.68247,12.343197],[122.683021,12.343379],[122.683022,12.343198],[122.68247,12.343197]]],[[[122.686149,12.342659],[122.686149,12.343382],[122.686158,12.343382],[122.686186,12.343173],[122.686149,12.342659]]],[[[122.680813,12.343919],[122.680997,12.343738],[122.680813,12.343738],[122.680813,12.343919]]],[[[122.680261,12.344099],[122.68063,12.343376],[122.681182,12.343557],[122.681918,12.342835],[122.681183,12.342653],[122.681183,12.34211],[122.680262,12.343375],[122.680261,12.344099]]],[[[122.686075,12.344106],[122.685964,12.344286],[122.686059,12.344286],[122.686075,12.344106]]],[[[122.685962,12.345372],[122.685778,12.345552],[122.685962,12.345552],[122.685962,12.345372]]],[[[122.685777,12.346456],[122.685593,12.346637],[122.685777,12.346637],[122.685777,12.346456]]],[[[122.685408,12.347179],[122.685592,12.346999],[122.685408,12.346999],[122.685408,12.347179]]],[[[122.685408,12.347179],[122.685224,12.34736],[122.685408,12.34736],[122.685408,12.347179]]],[[[122.685223,12.347903],[122.68504,12.347541],[122.685039,12.347902],[122.685223,12.347903]]],[[[122.552589,12.347898],[122.552507,12.348079],[122.552588,12.348079],[122.552589,12.347898]]],[[[122.685223,12.347903],[122.685407,12.348084],[122.685407,12.347903],[122.685223,12.347903]]],[[[122.557384,12.340852],[122.556832,12.340852],[122.557386,12.339225],[122.556283,12.339223],[122.554993,12.340306],[122.554628,12.338859],[122.554073,12.340304],[122.553153,12.340634],[122.553521,12.340665],[122.553519,12.341931],[122.552967,12.341569],[122.553148,12.343739],[122.552596,12.343377],[122.553143,12.346633],[122.552589,12.347898],[122.55406,12.348081],[122.553509,12.347538],[122.55388,12.345911],[122.553145,12.345548],[122.553517,12.343197],[122.554619,12.343923],[122.556461,12.342479],[122.556463,12.341574],[122.557384,12.340852]]],[[[122.554807,12.341391],[122.55444,12.341209],[122.554439,12.34139],[122.554807,12.341391]]],[[[122.556094,12.341755],[122.555727,12.341392],[122.555726,12.341754],[122.556094,12.341755]]],[[[122.555542,12.341935],[122.555175,12.341753],[122.555174,12.341934],[122.555542,12.341935]]],[[[122.555725,12.342658],[122.555357,12.342477],[122.555357,12.342839],[122.555725,12.342658]]],[[[122.556096,12.340489],[122.556464,12.340851],[122.556464,12.340489],[122.556096,12.340489]]],[[[122.685407,12.348084],[122.685591,12.348265],[122.685591,12.348084],[122.685407,12.348084]]],[[[122.55222,12.34844],[122.552404,12.348237],[122.55222,12.348335],[122.55222,12.34844]]],[[[122.685591,12.348265],[122.685775,12.348446],[122.685775,12.348265],[122.685591,12.348265]]],[[[122.55222,12.34844],[122.552035,12.348801],[122.552219,12.348802],[122.55222,12.34844]]],[[[122.551482,12.349705],[122.552034,12.349525],[122.552035,12.348982],[122.551482,12.349705]]],[[[122.551297,12.350066],[122.551482,12.349886],[122.551298,12.349885],[122.551297,12.350066]]],[[[122.551297,12.350066],[122.551113,12.350428],[122.551297,12.350428],[122.551297,12.350066]]],[[[122.551113,12.350428],[122.550929,12.350608],[122.551113,12.350609],[122.551113,12.350428]]],[[[122.685404,12.350435],[122.68522,12.350616],[122.685404,12.350616],[122.685404,12.350435]]],[[[122.550558,12.351874],[122.550927,12.351332],[122.550928,12.350789],[122.550375,12.351512],[122.550558,12.351874]]],[[[122.550374,12.352235],[122.550006,12.352054],[122.550006,12.352415],[122.550374,12.352235]]],[[[122.684298,12.352242],[122.684114,12.352423],[122.684298,12.352423],[122.684298,12.352242]]],[[[122.684114,12.352604],[122.68393,12.352784],[122.684114,12.352785],[122.684114,12.352604]]],[[[122.684482,12.352966],[122.684298,12.352785],[122.684298,12.352966],[122.684482,12.352966]]],[[[122.549822,12.352415],[122.549269,12.352776],[122.549269,12.353137],[122.550005,12.352777],[122.549822,12.352415]]],[[[122.684482,12.352966],[122.684665,12.353147],[122.684665,12.352966],[122.684482,12.352966]]],[[[122.68448,12.35387],[122.684665,12.35369],[122.684481,12.353689],[122.68448,12.35387]]],[[[122.547795,12.35422],[122.547611,12.354401],[122.547795,12.354401],[122.547795,12.35422]]],[[[122.548715,12.354041],[122.54798,12.353859],[122.547795,12.35422],[122.548531,12.354041],[122.549081,12.355127],[122.54945,12.354585],[122.549269,12.353137],[122.548715,12.354041]],[[122.548899,12.354041],[122.549082,12.354584],[122.548898,12.354584],[122.548899,12.354041]]],[[[122.544846,12.357471],[122.544698,12.357651],[122.544846,12.357652],[122.544846,12.357471]]],[[[122.545397,12.357833],[122.545583,12.356929],[122.545215,12.356929],[122.545397,12.357833]]],[[[122.544477,12.358013],[122.544661,12.357832],[122.544563,12.357832],[122.544477,12.358013]]],[[[122.544477,12.358194],[122.544293,12.358181],[122.544293,12.358193],[122.544477,12.358194]]],[[[122.544293,12.358374],[122.544109,12.358361],[122.544109,12.358374],[122.544293,12.358374]]],[[[122.543924,12.358735],[122.544108,12.358555],[122.543953,12.358554],[122.543924,12.358735]]],[[[122.543924,12.358735],[122.54374,12.358916],[122.543924,12.358916],[122.543924,12.358735]]],[[[122.547427,12.3544],[122.54669,12.354942],[122.545952,12.356387],[122.546134,12.357292],[122.547238,12.357475],[122.546131,12.359101],[122.548342,12.357296],[122.548343,12.356572],[122.547606,12.357114],[122.546135,12.35693],[122.546874,12.355123],[122.54761,12.355124],[122.547427,12.3544]]],[[[122.545213,12.357833],[122.544291,12.359459],[122.543739,12.359458],[122.543563,12.358962],[122.543738,12.35982],[122.54521,12.359642],[122.544843,12.359279],[122.545396,12.358376],[122.545213,12.357833]]],[[[122.542266,12.360118],[122.542818,12.36018],[122.542818,12.359999],[122.542266,12.360118]]],[[[122.542266,12.360179],[122.542082,12.36036],[122.542265,12.36036],[122.542266,12.360179]]],[[[122.542082,12.36036],[122.541897,12.36054],[122.542081,12.360541],[122.542082,12.36036]]],[[[122.684296,12.35387],[122.683743,12.354774],[122.684844,12.357307],[122.684842,12.358935],[122.684288,12.360562],[122.683552,12.361104],[122.683919,12.361827],[122.684655,12.361828],[122.684287,12.361466],[122.684656,12.360924],[122.685943,12.361649],[122.688337,12.35912],[122.687971,12.358215],[122.685395,12.358212],[122.685397,12.356765],[122.684295,12.355136],[122.684296,12.35387]]],[[[122.68705,12.358937],[122.685946,12.358936],[122.686496,12.360203],[122.687233,12.359842],[122.68705,12.358937]]],[[[122.685943,12.361287],[122.685945,12.359659],[122.685393,12.35984],[122.685391,12.361287],[122.685943,12.361287]]],[[[122.684655,12.361828],[122.684839,12.362009],[122.684839,12.361829],[122.684655,12.361828]]],[[[122.685206,12.362372],[122.685023,12.36201],[122.685022,12.362371],[122.685206,12.362372]]],[[[122.685206,12.362552],[122.685833,12.363096],[122.685649,12.363764],[122.686937,12.363584],[122.686386,12.362679],[122.685206,12.362552]]],[[[122.685649,12.363764],[122.685464,12.363944],[122.685648,12.363944],[122.685649,12.363764]]],[[[122.685832,12.364306],[122.685647,12.36503],[122.685831,12.36503],[122.685832,12.364306]]],[[[122.538762,12.365057],[122.539498,12.364877],[122.539499,12.364334],[122.538763,12.364514],[122.538762,12.365057]]],[[[122.686014,12.365573],[122.68583,12.366115],[122.686014,12.366115],[122.686014,12.365573]]],[[[122.685646,12.366296],[122.685461,12.366476],[122.685645,12.366476],[122.685646,12.366296]]],[[[122.685093,12.366476],[122.684909,12.366656],[122.685093,12.366657],[122.685093,12.366476]]],[[[122.684541,12.367018],[122.684725,12.366837],[122.684541,12.366837],[122.684541,12.367018]]],[[[122.684541,12.367018],[122.684357,12.367198],[122.684541,12.367199],[122.684541,12.367018]]],[[[122.545947,12.3591],[122.544105,12.360544],[122.544471,12.361811],[122.543182,12.36217],[122.543002,12.360181],[122.542632,12.361446],[122.541742,12.36054],[122.540606,12.362347],[122.539502,12.362707],[122.540974,12.362709],[122.541708,12.363434],[122.540603,12.364155],[122.540233,12.365602],[122.538392,12.36596],[122.538391,12.366684],[122.537839,12.366864],[122.538942,12.367408],[122.539862,12.367229],[122.539496,12.366143],[122.540601,12.365602],[122.540786,12.364698],[122.542076,12.363434],[122.541159,12.361805],[122.542263,12.361626],[122.542813,12.362712],[122.54447,12.362172],[122.544839,12.361811],[122.544656,12.360726],[122.545945,12.360366],[122.545947,12.3591]]],[[[122.539127,12.366866],[122.53931,12.367047],[122.539311,12.366866],[122.539127,12.366866]]],[[[122.539127,12.366866],[122.538943,12.366685],[122.538943,12.366865],[122.539127,12.366866]]],[[[122.684357,12.367379],[122.684172,12.368103],[122.684356,12.368103],[122.684357,12.367379]]],[[[122.684171,12.368283],[122.683987,12.368645],[122.684171,12.368645],[122.684171,12.368283]]],[[[122.683986,12.369368],[122.684171,12.369007],[122.683987,12.369007],[122.683986,12.369368]]],[[[122.683986,12.369368],[122.683802,12.369549],[122.683986,12.369549],[122.683986,12.369368]]],[[[122.683802,12.369549],[122.683618,12.36991],[122.683802,12.369911],[122.683802,12.369549]]],[[[122.683434,12.36991],[122.683249,12.370272],[122.683249,12.370814],[122.683617,12.370453],[122.683434,12.36991]]],[[[122.535265,12.365774],[122.533976,12.366676],[122.533606,12.367761],[122.532134,12.367939],[122.531948,12.369024],[122.530844,12.369022],[122.530475,12.369745],[122.52937,12.370285],[122.529184,12.371732],[122.530288,12.371191],[122.530106,12.370467],[122.531027,12.369565],[122.5325,12.369206],[122.532685,12.368302],[122.533421,12.368484],[122.535631,12.36686],[122.536918,12.367585],[122.537103,12.366681],[122.537839,12.366683],[122.537656,12.366321],[122.535632,12.366679],[122.535265,12.365774]],[[122.534897,12.366135],[122.535264,12.366678],[122.534895,12.366859],[122.534897,12.366135]]],[[[122.529184,12.371732],[122.528999,12.371912],[122.529183,12.371913],[122.529184,12.371732]]],[[[122.528631,12.372093],[122.528815,12.371912],[122.528631,12.371912],[122.528631,12.372093]]],[[[122.522192,12.37226],[122.522192,12.372262],[122.522199,12.372262],[122.522192,12.37226]]],[[[122.522376,12.372263],[122.522316,12.372236],[122.522256,12.372262],[122.522376,12.372263]]],[[[122.525135,12.372087],[122.524951,12.372267],[122.525135,12.372267],[122.525135,12.372087]]],[[[122.528631,12.372093],[122.528447,12.372273],[122.528631,12.372273],[122.528631,12.372093]]],[[[122.520168,12.372259],[122.519984,12.372439],[122.520168,12.37244],[122.520168,12.372259]]],[[[122.520352,12.372259],[122.520719,12.37244],[122.521271,12.372441],[122.520904,12.372079],[122.520352,12.372259]]],[[[122.683065,12.370814],[122.682696,12.371537],[122.683431,12.3719],[122.683431,12.372442],[122.684535,12.37172],[122.684352,12.370997],[122.683248,12.371357],[122.683065,12.370814]]],[[[122.525687,12.372268],[122.525503,12.372449],[122.525687,12.372449],[122.525687,12.372268]]],[[[122.528447,12.372273],[122.528262,12.372454],[122.528446,12.372454],[122.528447,12.372273]]],[[[122.519984,12.372439],[122.519799,12.37262],[122.519983,12.37262],[122.519984,12.372439]]],[[[122.683615,12.372443],[122.683798,12.372624],[122.683798,12.372443],[122.683615,12.372443]]],[[[122.52679,12.372632],[122.526423,12.37245],[122.526422,12.372631],[122.52679,12.372632]]],[[[122.528262,12.372635],[122.52771,12.372453],[122.52771,12.372634],[122.528262,12.372635]]],[[[122.519431,12.3728],[122.519615,12.372619],[122.519431,12.372705],[122.519431,12.3728]]],[[[122.52679,12.372632],[122.527526,12.372814],[122.527526,12.372633],[122.52679,12.372632]]],[[[122.519431,12.3728],[122.519247,12.37298],[122.519431,12.372981],[122.519431,12.3728]]],[[[122.683798,12.372804],[122.684166,12.373167],[122.68435,12.373167],[122.684166,12.372624],[122.683798,12.372804]]],[[[122.68435,12.373167],[122.684533,12.373348],[122.684534,12.373167],[122.68435,12.373167]]],[[[122.684533,12.373348],[122.684717,12.373529],[122.684717,12.373348],[122.684533,12.373348]]],[[[122.519063,12.37298],[122.519062,12.373523],[122.518325,12.373883],[122.516485,12.374061],[122.517219,12.375328],[122.517587,12.375329],[122.517773,12.374244],[122.518508,12.374426],[122.518693,12.373884],[122.519245,12.373885],[122.519244,12.374246],[122.519796,12.374247],[122.520533,12.373525],[122.520534,12.373164],[122.51943,12.373342],[122.519063,12.37298]]],[[[122.519613,12.373705],[122.519429,12.374066],[122.519613,12.374066],[122.519613,12.373705]]],[[[122.517405,12.374243],[122.51722,12.374424],[122.517404,12.374424],[122.517405,12.374243]]],[[[122.517218,12.375509],[122.516851,12.375327],[122.51685,12.375508],[122.517218,12.375509]]],[[[122.51685,12.375508],[122.516666,12.375689],[122.51685,12.375689],[122.51685,12.375508]]],[[[122.516113,12.37623],[122.515929,12.376411],[122.516113,12.376411],[122.516113,12.37623]]],[[[122.51316,12.381108],[122.512792,12.381108],[122.512793,12.380565],[122.513715,12.379662],[122.514451,12.379483],[122.515186,12.380388],[122.515924,12.378943],[122.51482,12.379303],[122.513901,12.378758],[122.512979,12.37948],[122.512425,12.381107],[122.512792,12.381288],[122.51316,12.381108]]],[[[122.687111,12.372085],[122.687296,12.371],[122.686008,12.371179],[122.685822,12.372988],[122.684717,12.373529],[122.685451,12.374796],[122.68453,12.37588],[122.684529,12.377327],[122.683791,12.378954],[122.684526,12.379497],[122.684708,12.380763],[122.685259,12.381487],[122.684528,12.377689],[122.684713,12.376784],[122.685449,12.376604],[122.686558,12.372627],[122.687111,12.372085]],[[122.686927,12.372085],[122.686559,12.371722],[122.686927,12.371542],[122.686927,12.372085]]],[[[122.512424,12.381649],[122.512056,12.381468],[122.512056,12.381649],[122.512424,12.381649]]],[[[122.685443,12.381488],[122.685627,12.381669],[122.685627,12.381488],[122.685443,12.381488]]],[[[122.511504,12.381648],[122.511871,12.381829],[122.511872,12.381648],[122.511504,12.381648]]],[[[122.685627,12.381669],[122.685811,12.38185],[122.685811,12.381669],[122.685627,12.381669]]],[[[122.686179,12.38185],[122.685995,12.382031],[122.686179,12.382031],[122.686179,12.38185]]],[[[122.51316,12.38147],[122.513527,12.381832],[122.512423,12.38183],[122.513895,12.382014],[122.513528,12.38129],[122.51316,12.38147]]],[[[122.68673,12.382393],[122.686547,12.382212],[122.686546,12.382393],[122.68673,12.382393]]],[[[122.68673,12.382393],[122.686914,12.382575],[122.686914,12.382394],[122.68673,12.382393]]],[[[122.687282,12.382575],[122.687098,12.382756],[122.687282,12.382756],[122.687282,12.382575]]],[[[122.68762,12.382756],[122.687466,12.382937],[122.68765,12.382937],[122.68762,12.382756]]],[[[122.688794,12.384267],[122.688752,12.384385],[122.688924,12.384385],[122.688794,12.384267]]],[[[122.688936,12.384566],[122.689092,12.384531],[122.688936,12.384396],[122.688936,12.384566]]],[[[122.511503,12.382009],[122.510766,12.382732],[122.510946,12.384721],[122.511503,12.382009]]],[[[122.689119,12.384567],[122.689296,12.384748],[122.689129,12.384567],[122.689119,12.384567]]],[[[122.689331,12.384791],[122.689303,12.384928],[122.689458,12.384929],[122.689331,12.384791]]],[[[122.511314,12.384903],[122.511129,12.385083],[122.511313,12.385084],[122.511314,12.384903]]],[[[122.689671,12.38511],[122.689487,12.384961],[122.689487,12.38511],[122.689671,12.38511]]],[[[122.511497,12.385265],[122.511313,12.385445],[122.511497,12.385446],[122.511497,12.385265]]],[[[122.689855,12.385291],[122.68967,12.385471],[122.689854,12.385472],[122.689855,12.385291]]],[[[122.499905,12.385606],[122.499537,12.385786],[122.499905,12.385786],[122.499905,12.385606]]],[[[122.501009,12.385608],[122.500825,12.385788],[122.501009,12.385788],[122.501009,12.385608]]],[[[122.511864,12.385627],[122.51168,12.385808],[122.511864,12.385808],[122.511864,12.385627]]],[[[122.499353,12.385785],[122.499169,12.385966],[122.499353,12.385966],[122.499353,12.385785]]],[[[122.690038,12.385653],[122.689854,12.386014],[122.690038,12.386014],[122.690038,12.385653]]],[[[122.49916,12.385906],[122.498975,12.386087],[122.499159,12.386087],[122.49916,12.385906]]],[[[122.50156,12.38597],[122.501376,12.386151],[122.50156,12.386151],[122.50156,12.38597]]],[[[122.501928,12.386333],[122.501744,12.386151],[122.501744,12.386332],[122.501928,12.386333]]],[[[122.50432,12.386156],[122.5034,12.386335],[122.50432,12.386337],[122.50432,12.386156]]],[[[122.501928,12.386333],[122.502295,12.386514],[122.502296,12.386333],[122.501928,12.386333]]],[[[122.502848,12.386334],[122.502479,12.386515],[122.502847,12.386515],[122.502848,12.386334]]],[[[122.504687,12.386519],[122.504504,12.386337],[122.504503,12.386518],[122.504687,12.386519]]],[[[122.690221,12.386376],[122.690037,12.386557],[122.690221,12.386557],[122.690221,12.386376]]],[[[122.504687,12.386519],[122.504871,12.3867],[122.504871,12.386519],[122.504687,12.386519]]],[[[122.512046,12.386713],[122.511862,12.386893],[122.512046,12.386894],[122.512046,12.386713]]],[[[122.498054,12.386808],[122.497502,12.386988],[122.498054,12.386989],[122.498054,12.386808]]],[[[122.505054,12.386881],[122.50487,12.387061],[122.505054,12.387062],[122.505054,12.386881]]],[[[122.690405,12.386919],[122.69022,12.3871],[122.690404,12.3871],[122.690405,12.386919]]],[[[122.496582,12.386986],[122.497317,12.387169],[122.497318,12.386988],[122.496582,12.386986]]],[[[122.505238,12.387243],[122.505053,12.387424],[122.505237,12.387424],[122.505238,12.387243]]],[[[122.690588,12.387281],[122.690404,12.387462],[122.690588,12.387462],[122.690588,12.387281]]],[[[122.505421,12.387786],[122.505237,12.387605],[122.505237,12.387786],[122.505421,12.387786]]],[[[122.505421,12.387786],[122.505604,12.387967],[122.505605,12.387786],[122.505421,12.387786]]],[[[122.690772,12.387824],[122.690587,12.388005],[122.690771,12.388005],[122.690772,12.387824]]],[[[122.496397,12.387167],[122.495294,12.387165],[122.494556,12.387887],[122.495477,12.387527],[122.495659,12.388432],[122.496027,12.388432],[122.496397,12.387167]]],[[[122.506155,12.388511],[122.505971,12.388872],[122.506155,12.388872],[122.506155,12.388511]]],[[[122.494372,12.387887],[122.49437,12.389153],[122.494554,12.389153],[122.494739,12.388611],[122.494372,12.387887]]],[[[122.69077,12.389271],[122.690955,12.388367],[122.690771,12.388366],[122.69077,12.389271]]],[[[122.49437,12.389153],[122.494185,12.389333],[122.494369,12.389333],[122.49437,12.389153]]],[[[122.506154,12.389234],[122.50597,12.389415],[122.506154,12.389415],[122.506154,12.389234]]],[[[122.494185,12.389333],[122.494001,12.389514],[122.494185,12.389514],[122.494185,12.389333]]],[[[122.494001,12.389514],[122.493817,12.389694],[122.494001,12.389694],[122.494001,12.389514]]],[[[122.506337,12.389596],[122.506153,12.389777],[122.506337,12.389777],[122.506337,12.389596]]],[[[122.691138,12.389271],[122.691137,12.389814],[122.691321,12.389814],[122.691138,12.389271]]],[[[122.472659,12.389654],[122.472474,12.389834],[122.472658,12.389835],[122.472659,12.389654]]],[[[122.47286,12.389762],[122.472842,12.389835],[122.472925,12.389835],[122.47286,12.389762]]],[[[122.691321,12.389814],[122.691505,12.390176],[122.691505,12.389814],[122.691321,12.389814]]],[[[122.474612,12.390019],[122.474497,12.3902],[122.474681,12.3902],[122.474612,12.390019]]],[[[122.493633,12.389694],[122.49161,12.388967],[122.489584,12.390229],[122.490873,12.389508],[122.492345,12.389691],[122.492712,12.390235],[122.493633,12.389694]]],[[[122.471185,12.390374],[122.471083,12.390328],[122.471035,12.390374],[122.471185,12.390374]]],[[[122.475049,12.390292],[122.474865,12.390382],[122.475049,12.390382],[122.475049,12.390292]]],[[[122.489584,12.39041],[122.488664,12.390227],[122.488664,12.390408],[122.489584,12.39041]]],[[[122.691505,12.390176],[122.691688,12.390538],[122.691689,12.390176],[122.691505,12.390176]]],[[[122.475601,12.390449],[122.475417,12.390563],[122.4756,12.390564],[122.475601,12.390449]]],[[[122.510383,12.390508],[122.510016,12.389965],[122.510936,12.389966],[122.511489,12.389425],[122.511861,12.387074],[122.511491,12.388339],[122.510387,12.388518],[122.510017,12.389603],[122.509649,12.389602],[122.509648,12.390145],[122.510383,12.390508]]],[[[122.470817,12.390735],[122.470632,12.390916],[122.470816,12.390916],[122.470817,12.390735]]],[[[122.476152,12.390746],[122.475968,12.390926],[122.476152,12.390927],[122.476152,12.390746]]],[[[122.470264,12.391096],[122.470448,12.390916],[122.470264,12.390987],[122.470264,12.391096]]],[[[122.476704,12.390928],[122.476335,12.391108],[122.476703,12.391109],[122.476704,12.390928]]],[[[122.510383,12.390869],[122.510934,12.391232],[122.511302,12.391233],[122.510751,12.390689],[122.510383,12.390869]]],[[[122.470264,12.391096],[122.470079,12.391277],[122.470263,12.391277],[122.470264,12.391096]]],[[[122.477439,12.39111],[122.477071,12.39129],[122.477439,12.391291],[122.477439,12.39111]]],[[[122.480935,12.391117],[122.480199,12.391296],[122.480935,12.391297],[122.480935,12.391117]]],[[[122.482407,12.391119],[122.482223,12.3913],[122.482407,12.3913],[122.482407,12.391119]]],[[[122.51167,12.391233],[122.511485,12.391414],[122.511669,12.391414],[122.51167,12.391233]]],[[[122.470079,12.391277],[122.469895,12.391457],[122.470079,12.391457],[122.470079,12.391277]]],[[[122.47799,12.391473],[122.477807,12.391291],[122.477807,12.391472],[122.47799,12.391473]]],[[[122.479831,12.391295],[122.479646,12.391476],[122.47983,12.391476],[122.479831,12.391295]]],[[[122.507992,12.390323],[122.508726,12.391228],[122.509645,12.391592],[122.508911,12.390505],[122.507992,12.390323]]],[[[122.469895,12.391638],[122.468975,12.391455],[122.468975,12.391636],[122.469895,12.391638]]],[[[122.47799,12.391473],[122.478174,12.391654],[122.478174,12.391473],[122.47799,12.391473]]],[[[122.479278,12.391656],[122.479462,12.391476],[122.479278,12.391475],[122.479278,12.391656]]],[[[122.484982,12.391486],[122.485722,12.389498],[122.486458,12.389499],[122.486824,12.390404],[122.48848,12.390227],[122.487193,12.390043],[122.486642,12.389138],[122.485172,12.388593],[122.484807,12.386964],[122.484435,12.389134],[122.485169,12.389678],[122.485167,12.390763],[122.484799,12.390943],[122.484249,12.390038],[122.483329,12.389855],[122.482777,12.390035],[122.482776,12.390578],[122.483328,12.390759],[122.483326,12.391302],[122.48259,12.391481],[122.483326,12.391664],[122.483694,12.391303],[122.483512,12.390579],[122.484248,12.3904],[122.484614,12.391485],[122.484982,12.391486]]],[[[122.484987,12.388954],[122.485355,12.389136],[122.485355,12.388955],[122.484987,12.388954]]],[[[122.510197,12.391593],[122.510565,12.391774],[122.510565,12.391593],[122.510197,12.391593]]],[[[122.513141,12.391417],[122.512405,12.391597],[122.512405,12.391777],[122.513141,12.391779],[122.513141,12.391417]]],[[[122.468606,12.391816],[122.468791,12.391636],[122.468607,12.391635],[122.468606,12.391816]]],[[[122.478174,12.391654],[122.478358,12.391835],[122.478358,12.391654],[122.478174,12.391654]]],[[[122.479278,12.391656],[122.479094,12.391837],[122.479278,12.391837],[122.479278,12.391656]]],[[[122.510197,12.391773],[122.510013,12.391954],[122.510197,12.391954],[122.510197,12.391773]]],[[[122.512221,12.391777],[122.5113,12.391956],[122.51222,12.391958],[122.512221,12.391777]]],[[[122.691688,12.390719],[122.691687,12.391804],[122.690767,12.391984],[122.692055,12.391804],[122.691688,12.390719]]],[[[122.468606,12.391816],[122.468422,12.391997],[122.468606,12.391997],[122.468606,12.391816]]],[[[122.509461,12.391953],[122.509828,12.392134],[122.509829,12.391954],[122.509461,12.391953]]],[[[122.690583,12.391983],[122.690398,12.392164],[122.690582,12.392164],[122.690583,12.391983]]],[[[122.468422,12.392178],[122.468054,12.391996],[122.468054,12.392177],[122.468422,12.392178]]],[[[122.478909,12.392017],[122.478357,12.392197],[122.478909,12.392198],[122.478909,12.392017]]],[[[122.69003,12.392345],[122.690214,12.392164],[122.69003,12.392164],[122.69003,12.392345]]],[[[122.46695,12.392356],[122.465882,12.392205],[122.465662,12.392353],[122.46695,12.392356]]],[[[122.468054,12.392177],[122.467869,12.392357],[122.468053,12.392358],[122.468054,12.392177]]],[[[122.464005,12.392531],[122.463822,12.392427],[122.463821,12.39253],[122.464005,12.392531]]],[[[122.467317,12.392356],[122.467133,12.392537],[122.467317,12.392537],[122.467317,12.392356]]],[[[122.506703,12.390863],[122.5067,12.392491],[122.507435,12.392673],[122.506884,12.39231],[122.506703,12.390863]]],[[[122.69003,12.392345],[122.689846,12.392706],[122.69003,12.392706],[122.69003,12.392345]]],[[[122.462717,12.392528],[122.462533,12.392709],[122.462717,12.392709],[122.462717,12.392528]]],[[[122.467685,12.392538],[122.467501,12.392718],[122.467685,12.392719],[122.467685,12.392538]]],[[[122.462165,12.392708],[122.461981,12.392888],[122.462165,12.392889],[122.462165,12.392708]]],[[[122.509276,12.392133],[122.508539,12.392856],[122.507619,12.392854],[122.508722,12.393398],[122.509275,12.393038],[122.509276,12.392133]]],[[[122.460691,12.39379],[122.460507,12.393971],[122.460691,12.393971],[122.460691,12.39379]]],[[[122.458851,12.393967],[122.458666,12.394329],[122.45885,12.394329],[122.458851,12.393967]]],[[[122.455722,12.394504],[122.455642,12.394472],[122.455568,12.394503],[122.455722,12.394504]]],[[[122.459954,12.394331],[122.45977,12.394512],[122.459954,12.394512],[122.459954,12.394331]]],[[[122.458849,12.394691],[122.458665,12.394871],[122.458849,12.394871],[122.458849,12.394691]]],[[[122.690027,12.394877],[122.689844,12.394515],[122.689843,12.394876],[122.690027,12.394877]]],[[[122.690027,12.394877],[122.690211,12.395058],[122.690211,12.394877],[122.690027,12.394877]]],[[[122.453512,12.395403],[122.453328,12.395584],[122.453512,12.395584],[122.453512,12.395403]]],[[[122.452155,12.395943],[122.452139,12.395943],[122.452157,12.395943],[122.452155,12.395943]]],[[[122.452223,12.395943],[122.452187,12.39594],[122.452175,12.395943],[122.452223,12.395943]]],[[[122.451117,12.396845],[122.450933,12.397026],[122.451117,12.397026],[122.451117,12.396845]]],[[[122.687448,12.397406],[122.687817,12.397044],[122.690024,12.397228],[122.690579,12.39542],[122.690211,12.395239],[122.690026,12.395962],[122.688922,12.39578],[122.688001,12.396502],[122.687266,12.39632],[122.687448,12.397406]]],[[[122.450196,12.397567],[122.450011,12.397747],[122.450195,12.397748],[122.450196,12.397567]]],[[[122.687264,12.397767],[122.68708,12.397948],[122.687264,12.397948],[122.687264,12.397767]]],[[[122.697199,12.397959],[122.697016,12.397846],[122.697015,12.397959],[122.697199,12.397959]]],[[[122.696831,12.39814],[122.696647,12.397959],[122.696647,12.39814],[122.696831,12.39814]]],[[[122.695911,12.39832],[122.696279,12.398501],[122.696279,12.39832],[122.695911,12.39832]]],[[[122.695911,12.398681],[122.695726,12.399043],[122.69591,12.399043],[122.695911,12.398681]]],[[[122.698597,12.399548],[122.698486,12.399588],[122.698663,12.399589],[122.698597,12.399548]]],[[[122.688733,12.399939],[122.68947,12.399217],[122.689471,12.398312],[122.688736,12.397769],[122.687079,12.39831],[122.687078,12.399033],[122.688551,12.398854],[122.688733,12.399939]]],[[[122.695541,12.399947],[122.695725,12.399766],[122.695541,12.399766],[122.695541,12.399947]]],[[[122.688549,12.399939],[122.688365,12.40012],[122.688549,12.40012],[122.688549,12.399939]]],[[[122.695541,12.399947],[122.695357,12.400128],[122.695541,12.400128],[122.695541,12.399947]]],[[[122.688365,12.40012],[122.688181,12.4003],[122.688365,12.4003],[122.688365,12.40012]]],[[[122.694989,12.400308],[122.695173,12.400127],[122.694989,12.400127],[122.694989,12.400308]]],[[[122.687997,12.4003],[122.687813,12.400481],[122.687997,12.400481],[122.687997,12.4003]]],[[[122.694989,12.400308],[122.694805,12.400489],[122.694989,12.400489],[122.694989,12.400308]]],[[[122.687629,12.400481],[122.687444,12.400661],[122.687628,12.400661],[122.687629,12.400481]]],[[[122.694805,12.400489],[122.69462,12.400669],[122.694804,12.40067],[122.694805,12.400489]]],[[[122.69462,12.400669],[122.694436,12.40085],[122.69462,12.40085],[122.69462,12.400669]]],[[[122.686156,12.40066],[122.685972,12.401021],[122.68634,12.401022],[122.686156,12.40066]]],[[[122.687076,12.400842],[122.686892,12.401022],[122.687076,12.401022],[122.687076,12.400842]]],[[[122.698464,12.400854],[122.6983,12.401216],[122.698397,12.401216],[122.698464,12.400854]]],[[[122.698483,12.401578],[122.698299,12.401759],[122.698483,12.401759],[122.698483,12.401578]]],[[[122.697931,12.401939],[122.698115,12.401996],[122.698115,12.401939],[122.697931,12.401939]]],[[[122.697747,12.40212],[122.697747,12.402143],[122.69777,12.40212],[122.697747,12.40212]]],[[[122.681922,12.402463],[122.68229,12.402645],[122.68229,12.402464],[122.681922,12.402463]]],[[[122.685973,12.400479],[122.685238,12.399754],[122.684501,12.399934],[122.684133,12.400476],[122.6845,12.401019],[122.68321,12.402646],[122.685973,12.400479]]],[[[122.68321,12.402827],[122.68229,12.402645],[122.68229,12.402825],[122.68321,12.402827]]],[[[122.680082,12.403004],[122.679897,12.403184],[122.680081,12.403185],[122.680082,12.403004]]],[[[122.696825,12.403204],[122.696641,12.403384],[122.696825,12.403385],[122.696825,12.403204]]],[[[122.679897,12.403184],[122.679713,12.403546],[122.679897,12.403546],[122.679897,12.403184]]],[[[122.694252,12.40085],[122.693518,12.399221],[122.692598,12.398858],[122.691306,12.402655],[122.69057,12.402473],[122.690385,12.403197],[122.691306,12.402836],[122.691489,12.40374],[122.69278,12.401391],[122.694252,12.40085]]],[[[122.692965,12.400306],[122.693332,12.400668],[122.693333,12.400125],[122.692965,12.400306]]],[[[122.69112,12.404283],[122.691305,12.403921],[122.691121,12.403921],[122.69112,12.404283]]],[[[122.684128,12.404094],[122.681187,12.402282],[122.680082,12.402823],[122.680449,12.403185],[122.68137,12.403005],[122.681,12.40409],[122.680448,12.40427],[122.679529,12.403546],[122.678976,12.404268],[122.680264,12.404451],[122.681368,12.404271],[122.681921,12.403187],[122.68284,12.404092],[122.684128,12.404094]]],[[[122.684128,12.404275],[122.684312,12.404456],[122.684312,12.404275],[122.684128,12.404275]]],[[[122.69112,12.404283],[122.690936,12.404463],[122.69112,12.404463],[122.69112,12.404283]]],[[[122.684312,12.404456],[122.684496,12.404637],[122.684496,12.404456],[122.684312,12.404456]]],[[[122.695535,12.405554],[122.695719,12.405373],[122.695535,12.405373],[122.695535,12.405554]]],[[[122.695535,12.405554],[122.69535,12.405734],[122.695534,12.405734],[122.695535,12.405554]]],[[[122.69535,12.405734],[122.695166,12.405915],[122.69535,12.405915],[122.69535,12.405734]]],[[[122.695166,12.405915],[122.694982,12.406096],[122.695166,12.406096],[122.695166,12.405915]]],[[[122.695166,12.406277],[122.694982,12.406457],[122.695166,12.406457],[122.695166,12.406277]]],[[[122.687989,12.406811],[122.687805,12.406992],[122.687989,12.406992],[122.687989,12.406811]]],[[[122.688173,12.406811],[122.688358,12.405907],[122.690199,12.405548],[122.690199,12.404824],[122.690752,12.404644],[122.690201,12.403558],[122.686887,12.405544],[122.685415,12.405361],[122.684496,12.404637],[122.684679,12.40536],[122.686334,12.405905],[122.685229,12.406989],[122.686885,12.407171],[122.687622,12.406449],[122.688173,12.406811]]],[[[122.689463,12.405185],[122.689831,12.405366],[122.689831,12.405185],[122.689463,12.405185]]],[[[122.687437,12.406991],[122.687069,12.407172],[122.687437,12.407172],[122.687437,12.406991]]],[[[122.695279,12.407362],[122.695164,12.407543],[122.695246,12.407543],[122.695279,12.407362]]],[[[122.69498,12.407904],[122.695164,12.407723],[122.69498,12.407723],[122.69498,12.407904]]],[[[122.685045,12.406988],[122.684309,12.407168],[122.684124,12.408073],[122.684676,12.407892],[122.685045,12.406988]]],[[[122.69498,12.407904],[122.694796,12.408085],[122.694972,12.408085],[122.69498,12.407904]]],[[[122.694427,12.408265],[122.694243,12.408333],[122.694427,12.408347],[122.694427,12.408265]]],[[[122.693323,12.408987],[122.693138,12.409168],[122.693322,12.409168],[122.693323,12.408987]]],[[[122.692954,12.409349],[122.693136,12.409506],[122.693138,12.409349],[122.692954,12.409349]]],[[[122.69185,12.40989],[122.691665,12.410071],[122.691849,12.410071],[122.69185,12.40989]]],[[[122.690377,12.410612],[122.690192,12.410792],[122.690376,12.410793],[122.690377,12.410612]]],[[[122.691296,12.410794],[122.691481,12.410613],[122.691297,12.410613],[122.691296,12.410794]]],[[[122.691296,12.410794],[122.691112,12.410974],[122.691296,12.410975],[122.691296,12.410794]]],[[[122.689272,12.410972],[122.689088,12.411153],[122.689272,12.411153],[122.689272,12.410972]]],[[[122.688904,12.411514],[122.689088,12.411334],[122.688904,12.411334],[122.688904,12.411514]]],[[[122.688904,12.411514],[122.688719,12.411695],[122.688903,12.411695],[122.688904,12.411514]]],[[[122.688719,12.411695],[122.688535,12.411876],[122.688719,12.411876],[122.688719,12.411695]]],[[[122.688535,12.411876],[122.688351,12.412056],[122.688535,12.412057],[122.688535,12.411876]]],[[[122.687798,12.412779],[122.687614,12.41296],[122.687798,12.41296],[122.687798,12.412779]]],[[[122.687614,12.413141],[122.687429,12.413321],[122.687613,12.413322],[122.687614,12.413141]]],[[[122.687245,12.413683],[122.687429,12.413502],[122.687245,12.413502],[122.687245,12.413683]]],[[[122.687245,12.413683],[122.68706,12.414044],[122.687244,12.414045],[122.687245,12.413683]]],[[[122.68706,12.414044],[122.686876,12.414406],[122.68706,12.414406],[122.68706,12.414044]]],[[[122.686876,12.414406],[122.686692,12.414767],[122.686876,12.414768],[122.686876,12.414406]]],[[[122.687059,12.415129],[122.686875,12.414948],[122.686875,12.415129],[122.687059,12.415129]]],[[[122.687059,12.415129],[122.687243,12.415311],[122.687243,12.41513],[122.687059,12.415129]]],[[[122.687979,12.415311],[122.687795,12.415492],[122.687979,12.415492],[122.687979,12.415311]]],[[[122.688531,12.415493],[122.688347,12.415674],[122.688502,12.415674],[122.688531,12.415493]]],[[[122.688713,12.417121],[122.688529,12.417278],[122.688713,12.4172],[122.688713,12.417121]]],[[[122.688344,12.417482],[122.688344,12.41754],[122.688377,12.417482],[122.688344,12.417482]]],[[[122.6854,12.41766],[122.685216,12.41784],[122.6854,12.41784],[122.6854,12.41766]]],[[[122.685032,12.41784],[122.684848,12.418021],[122.685032,12.418021],[122.685032,12.41784]]],[[[122.685952,12.417841],[122.685768,12.418022],[122.685952,12.418022],[122.685952,12.417841]]],[[[122.684479,12.418563],[122.684295,12.418382],[122.684295,12.418563],[122.684479,12.418563]]],[[[122.686937,12.418566],[122.686871,12.418385],[122.686871,12.418566],[122.686937,12.418566]]],[[[122.684479,12.418563],[122.684663,12.418744],[122.684663,12.418563],[122.684479,12.418563]]],[[[122.685582,12.419468],[122.685398,12.419649],[122.685582,12.419649],[122.685582,12.419468]]],[[[122.685581,12.420011],[122.685397,12.420192],[122.685581,12.420192],[122.685581,12.420011]]],[[[122.685397,12.420373],[122.685213,12.420553],[122.685397,12.420553],[122.685397,12.420373]]],[[[122.685028,12.420915],[122.684844,12.421095],[122.685028,12.421096],[122.685028,12.420915]]],[[[122.684844,12.421276],[122.684659,12.421457],[122.684843,12.421457],[122.684844,12.421276]]],[[[122.684659,12.421638],[122.684475,12.421818],[122.684659,12.421819],[122.684659,12.421638]]],[[[122.684475,12.421999],[122.684291,12.42218],[122.684475,12.42218],[122.684475,12.421999]]],[[[122.683738,12.422722],[122.683554,12.422902],[122.683738,12.422903],[122.683738,12.422722]]],[[[122.68337,12.422902],[122.683185,12.423083],[122.683369,12.423083],[122.68337,12.422902]]],[[[122.683001,12.423083],[122.682817,12.423263],[122.683001,12.423263],[122.683001,12.423083]]],[[[122.68208,12.423805],[122.681896,12.423986],[122.68208,12.423986],[122.68208,12.423805]]],[[[122.681712,12.424347],[122.681528,12.424528],[122.681712,12.424528],[122.681712,12.424347]]],[[[122.683736,12.42453],[122.684126,12.42435],[122.683736,12.424349],[122.683736,12.42453]]],[[[122.680607,12.424527],[122.680423,12.424707],[122.680607,12.424708],[122.680607,12.424527]]],[[[122.681159,12.424708],[122.681344,12.424528],[122.68116,12.424527],[122.681159,12.424708]]],[[[122.681159,12.424889],[122.680791,12.424708],[122.680791,12.424889],[122.681159,12.424889]]],[[[122.682999,12.424891],[122.683183,12.424711],[122.682999,12.42471],[122.682999,12.424891]]],[[[122.682999,12.424891],[122.682815,12.425072],[122.682999,12.425072],[122.682999,12.424891]]],[[[122.681711,12.425071],[122.681527,12.425251],[122.681711,12.425251],[122.681711,12.425071]]],[[[122.682815,12.425072],[122.682631,12.425252],[122.682815,12.425253],[122.682815,12.425072]]],[[[122.685174,12.425255],[122.685023,12.425436],[122.685169,12.425436],[122.685174,12.425255]]],[[[122.682078,12.425433],[122.681894,12.425613],[122.682078,12.425614],[122.682078,12.425433]]],[[[122.682631,12.425433],[122.682446,12.425614],[122.68263,12.425614],[122.682631,12.425433]]],[[[122.682262,12.425976],[122.682078,12.425794],[122.682078,12.425975],[122.682262,12.425976]]],[[[122.682262,12.425976],[122.682446,12.426157],[122.682446,12.425976],[122.682262,12.425976]]],[[[122.684468,12.427425],[122.684284,12.427606],[122.684468,12.427606],[122.684468,12.427425]]],[[[122.6841,12.427967],[122.683915,12.428148],[122.684099,12.428148],[122.6841,12.427967]]],[[[122.685755,12.428331],[122.68594,12.42815],[122.685756,12.42815],[122.685755,12.428331]]],[[[122.685755,12.428331],[122.685571,12.428511],[122.685755,12.428512],[122.685755,12.428331]]],[[[122.683731,12.428509],[122.683547,12.42869],[122.683731,12.42869],[122.683731,12.428509]]],[[[122.686675,12.428694],[122.686859,12.428513],[122.686675,12.428513],[122.686675,12.428694]]],[[[122.686123,12.428693],[122.686307,12.428743],[122.686307,12.428693],[122.686123,12.428693]]],[[[122.686675,12.428694],[122.686491,12.428785],[122.686675,12.428874],[122.686675,12.428694]]],[[[122.68373,12.429052],[122.683546,12.429232],[122.68373,12.429233],[122.68373,12.429052]]],[[[122.683913,12.429775],[122.683729,12.429956],[122.683913,12.429956],[122.683913,12.429775]]],[[[122.683729,12.430137],[122.683545,12.430318],[122.683729,12.430318],[122.683729,12.430137]]],[[[122.68336,12.430679],[122.683544,12.430498],[122.68336,12.430498],[122.68336,12.430679]]],[[[122.68336,12.430679],[122.683176,12.431041],[122.68336,12.431041],[122.68336,12.430679]]],[[[122.683176,12.431041],[122.682992,12.431221],[122.683176,12.431221],[122.683176,12.431041]]],[[[122.682439,12.431944],[122.682623,12.431763],[122.682439,12.431763],[122.682439,12.431944]]],[[[122.682439,12.431944],[122.682254,12.432125],[122.682438,12.432125],[122.682439,12.431944]]],[[[122.681701,12.43339],[122.681517,12.433571],[122.681701,12.433571],[122.681701,12.43339]]],[[[122.675076,12.433744],[122.674892,12.433563],[122.674892,12.433744],[122.675076,12.433744]]],[[[122.675076,12.433744],[122.675259,12.433925],[122.67526,12.433744],[122.675076,12.433744]]],[[[122.674891,12.433925],[122.674707,12.434105],[122.674891,12.434105],[122.674891,12.433925]]],[[[122.681332,12.434113],[122.681148,12.433751],[122.681148,12.434113],[122.681332,12.434113]]],[[[122.675443,12.434106],[122.675259,12.434287],[122.675443,12.434287],[122.675443,12.434106]]],[[[122.681332,12.434113],[122.681516,12.434294],[122.681516,12.434113],[122.681332,12.434113]]],[[[122.674523,12.434467],[122.674707,12.434286],[122.674523,12.434286],[122.674523,12.434467]]],[[[122.675811,12.434468],[122.675627,12.434649],[122.675811,12.434649],[122.675811,12.434468]]],[[[122.674523,12.434467],[122.674338,12.434828],[122.674522,12.434828],[122.674523,12.434467]]],[[[122.676179,12.43465],[122.675994,12.43483],[122.676178,12.43483],[122.676179,12.43465]]],[[[122.681515,12.434656],[122.681331,12.435017],[122.681515,12.435018],[122.681515,12.434656]]],[[[122.676362,12.435192],[122.676178,12.435373],[122.676362,12.435373],[122.676362,12.435192]]],[[[122.681331,12.435198],[122.681146,12.435379],[122.68133,12.435379],[122.681331,12.435198]]],[[[122.680962,12.43574],[122.681146,12.43556],[122.680962,12.43556],[122.680962,12.43574]]],[[[122.674337,12.435913],[122.674521,12.435733],[122.674337,12.435732],[122.674337,12.435913]]],[[[122.680962,12.43574],[122.680778,12.435921],[122.680962,12.435921],[122.680962,12.43574]]],[[[122.674337,12.435913],[122.674153,12.436094],[122.674337,12.436094],[122.674337,12.435913]]],[[[122.676361,12.435916],[122.676177,12.436096],[122.676361,12.436097],[122.676361,12.435916]]],[[[122.674153,12.436094],[122.673968,12.436275],[122.674152,12.436275],[122.674153,12.436094]]],[[[122.680961,12.436102],[122.680777,12.436283],[122.680961,12.436283],[122.680961,12.436102]]],[[[122.673968,12.436275],[122.673784,12.436455],[122.673968,12.436455],[122.673968,12.436275]]],[[[122.674336,12.436456],[122.674152,12.436637],[122.674336,12.436637],[122.674336,12.436456]]],[[[122.674519,12.43736],[122.674704,12.436818],[122.67452,12.436818],[122.674519,12.43736]]],[[[122.680913,12.437187],[122.680776,12.437368],[122.680822,12.437368],[122.680913,12.437187]]],[[[122.676359,12.437544],[122.676544,12.437001],[122.67636,12.437001],[122.676359,12.437544]]],[[[122.676543,12.437544],[122.676727,12.437725],[122.676727,12.437544],[122.676543,12.437544]]],[[[122.676727,12.437725],[122.676911,12.437906],[122.676911,12.437725],[122.676727,12.437725]]],[[[122.677279,12.437906],[122.677094,12.438087],[122.677278,12.438087],[122.677279,12.437906]]],[[[122.680585,12.43791],[122.680407,12.438091],[122.680465,12.438091],[122.680585,12.43791]]],[[[122.677831,12.437907],[122.677646,12.438268],[122.67783,12.438269],[122.677831,12.437907]]],[[[122.674887,12.437361],[122.674702,12.438446],[122.674886,12.438446],[122.674887,12.437361]]],[[[122.680007,12.438452],[122.679855,12.438271],[122.679854,12.438452],[122.680007,12.438452]]],[[[122.674701,12.438627],[122.674517,12.438807],[122.674701,12.438808],[122.674701,12.438627]]],[[[122.674333,12.439169],[122.674517,12.438988],[122.674333,12.438988],[122.674333,12.439169]]],[[[122.67783,12.43863],[122.677645,12.439173],[122.677829,12.439173],[122.67783,12.43863]]],[[[122.678749,12.439355],[122.678933,12.439174],[122.678749,12.439174],[122.678749,12.439355]]],[[[122.674333,12.439169],[122.674148,12.43953],[122.674332,12.439531],[122.674333,12.439169]]],[[[122.678565,12.439355],[122.677829,12.439535],[122.678565,12.439536],[122.678565,12.439355]]],[[[122.674148,12.43953],[122.673964,12.439711],[122.674148,12.439711],[122.674148,12.43953]]],[[[122.673964,12.439711],[122.67378,12.439892],[122.673964,12.439892],[122.673964,12.439711]]],[[[122.67378,12.439892],[122.673596,12.440072],[122.67378,12.440072],[122.67378,12.439892]]],[[[122.666602,12.440245],[122.666419,12.440063],[122.666418,12.440244],[122.666602,12.440245]]],[[[122.673596,12.440072],[122.673411,12.440253],[122.673595,12.440253],[122.673596,12.440072]]],[[[122.666602,12.440245],[122.666786,12.440607],[122.666786,12.440245],[122.666602,12.440245]]],[[[122.673226,12.440976],[122.673042,12.441157],[122.673226,12.441157],[122.673226,12.440976]]],[[[122.66844,12.442055],[122.668256,12.442236],[122.66844,12.442236],[122.66844,12.442055]]],[[[122.666967,12.442777],[122.666969,12.441511],[122.667521,12.441331],[122.667154,12.440969],[122.666785,12.440968],[122.666967,12.442777]]],[[[122.666783,12.442777],[122.666599,12.442957],[122.666783,12.442958],[122.666783,12.442777]]],[[[122.668624,12.442417],[122.668439,12.44296],[122.668623,12.44296],[122.668624,12.442417]]],[[[122.665495,12.442956],[122.666047,12.443138],[122.666047,12.442957],[122.665495,12.442956]]],[[[122.666599,12.443138],[122.666231,12.442957],[122.666231,12.443138],[122.666599,12.443138]]],[[[122.668807,12.443141],[122.668623,12.443322],[122.668807,12.443322],[122.668807,12.443141]]],[[[122.672119,12.443145],[122.671935,12.443326],[122.672119,12.443326],[122.672119,12.443145]]],[[[122.665495,12.442775],[122.665127,12.442775],[122.665126,12.443679],[122.665678,12.44368],[122.665495,12.442775]]],[[[122.665678,12.44368],[122.665862,12.443861],[122.665862,12.44368],[122.665678,12.44368]]],[[[122.665862,12.443861],[122.666045,12.444042],[122.666046,12.443861],[122.665862,12.443861]]],[[[122.666413,12.444223],[122.666229,12.444042],[122.666229,12.444223],[122.666413,12.444223]]],[[[122.666413,12.444223],[122.666597,12.444404],[122.666597,12.444223],[122.666413,12.444223]]],[[[122.666965,12.444405],[122.666781,12.444585],[122.666965,12.444586],[122.666965,12.444405]]],[[[122.669357,12.444589],[122.669173,12.444407],[122.669173,12.444588],[122.669357,12.444589]]],[[[122.671566,12.44441],[122.671013,12.444591],[122.671566,12.444591],[122.671566,12.44441]]],[[[122.669357,12.444589],[122.669541,12.44477],[122.669541,12.444589],[122.669357,12.444589]]],[[[122.667517,12.444948],[122.667332,12.445129],[122.667516,12.445129],[122.667517,12.444948]]],[[[122.6677,12.44531],[122.667516,12.445671],[122.6677,12.445672],[122.6677,12.44531]]],[[[122.66733,12.446576],[122.667146,12.446756],[122.66733,12.446756],[122.66733,12.446576]]],[[[122.666962,12.447118],[122.667146,12.446937],[122.666962,12.446937],[122.666962,12.447118]]],[[[122.666962,12.447118],[122.666777,12.447298],[122.666961,12.447299],[122.666962,12.447118]]],[[[122.666593,12.447298],[122.666409,12.447479],[122.666593,12.447479],[122.666593,12.447298]]],[[[122.666225,12.447659],[122.66604,12.448021],[122.666224,12.448021],[122.666225,12.447659]]],[[[122.667143,12.449288],[122.666959,12.449469],[122.667143,12.449469],[122.667143,12.449288]]],[[[122.66677,12.452905],[122.667876,12.45164],[122.66751,12.450193],[122.667508,12.451821],[122.66677,12.452905]]],[[[122.665114,12.452903],[122.664747,12.452179],[122.664195,12.452178],[122.664746,12.453083],[122.665114,12.452903]]],[[[122.666586,12.452905],[122.666402,12.453085],[122.666586,12.453086],[122.666586,12.452905]]],[[[122.665114,12.453084],[122.665666,12.453265],[122.665666,12.453084],[122.665114,12.453084]]],[[[122.666402,12.453266],[122.66585,12.453085],[122.66585,12.453265],[122.666402,12.453266]]],[[[122.660511,12.454887],[122.660695,12.454706],[122.660511,12.454706],[122.660511,12.454887]]],[[[122.660511,12.454887],[122.660326,12.455067],[122.66051,12.455067],[122.660511,12.454887]]],[[[122.663271,12.455071],[122.66309,12.4529],[122.66401,12.452359],[122.662171,12.451814],[122.661801,12.453441],[122.660697,12.453259],[122.660695,12.454525],[122.661248,12.453983],[122.662534,12.455251],[122.663271,12.455071]]],[[[122.6618,12.453984],[122.662168,12.453803],[122.6618,12.453622],[122.6618,12.453984]]],[[[122.660326,12.455248],[122.659406,12.455066],[122.659957,12.456152],[122.660326,12.455248]]],[[[122.660325,12.456152],[122.66014,12.456695],[122.660324,12.456695],[122.660325,12.456152]]],[[[122.66014,12.456695],[122.659956,12.456875],[122.66014,12.456876],[122.66014,12.456695]]],[[[122.659588,12.456875],[122.659035,12.457055],[122.659588,12.457056],[122.659588,12.456875]]],[[[122.663453,12.45688],[122.663268,12.45706],[122.663452,12.457061],[122.663453,12.45688]]],[[[122.66106,12.457238],[122.661244,12.457058],[122.66106,12.457058],[122.66106,12.457238]]],[[[122.658115,12.457235],[122.658667,12.457416],[122.658851,12.457055],[122.658115,12.457235]]],[[[122.66106,12.457238],[122.660875,12.457419],[122.661059,12.457419],[122.66106,12.457238]]],[[[122.659955,12.457599],[122.660139,12.45778],[122.660139,12.457599],[122.659955,12.457599]]],[[[122.660322,12.457961],[122.660138,12.458142],[122.660322,12.458142],[122.660322,12.457961]]],[[[122.659955,12.457418],[122.659035,12.457417],[122.658666,12.457778],[122.657747,12.457415],[122.657378,12.458138],[122.658298,12.45832],[122.659955,12.457418]]],[[[122.662012,12.459054],[122.661828,12.459234],[122.662012,12.459235],[122.662012,12.459054]]],[[[122.661276,12.459415],[122.661091,12.459595],[122.661275,12.459595],[122.661276,12.459415]]],[[[122.660723,12.459776],[122.660539,12.459956],[122.660723,12.459956],[122.660723,12.459776]]],[[[122.660722,12.460861],[122.660537,12.461041],[122.660721,12.461042],[122.660722,12.460861]]],[[[122.660353,12.461041],[122.659985,12.461222],[122.660353,12.461222],[122.660353,12.461041]]],[[[122.659249,12.461221],[122.659065,12.461401],[122.659249,12.461402],[122.659249,12.461221]]],[[[122.662377,12.461405],[122.662193,12.461586],[122.662377,12.461586],[122.662377,12.461405]]],[[[122.65888,12.461582],[122.658696,12.461763],[122.65888,12.461763],[122.65888,12.461582]]],[[[122.660537,12.461584],[122.660168,12.461764],[122.660536,12.461765],[122.660537,12.461584]]],[[[122.661273,12.461585],[122.661088,12.461766],[122.661273,12.461766],[122.661273,12.461585]]],[[[122.662929,12.461587],[122.662561,12.461767],[122.662929,12.461768],[122.662929,12.461587]]],[[[122.658144,12.461762],[122.65796,12.461942],[122.658144,12.461943],[122.658144,12.461762]]],[[[122.664401,12.46177],[122.664217,12.46195],[122.664401,12.461951],[122.664401,12.46177]]],[[[122.666978,12.461773],[122.666793,12.461953],[122.666978,12.461954],[122.666978,12.461773]]],[[[122.668266,12.461774],[122.667714,12.461955],[122.668266,12.461955],[122.668266,12.461774]]],[[[122.65888,12.461944],[122.658695,12.462124],[122.65888,12.462124],[122.65888,12.461944]]],[[[122.666425,12.461953],[122.665689,12.462133],[122.666425,12.462134],[122.666425,12.461953]]],[[[122.668818,12.462137],[122.668634,12.461956],[122.668634,12.462137],[122.668818,12.462137]]],[[[122.659063,12.462306],[122.659248,12.461944],[122.659064,12.461944],[122.659063,12.462306]]],[[[122.661088,12.462127],[122.660904,12.462308],[122.661088,12.462308],[122.661088,12.462127]]],[[[122.668818,12.462137],[122.669001,12.462318],[122.669002,12.462137],[122.668818,12.462137]]],[[[122.669001,12.462499],[122.668817,12.462679],[122.669001,12.46268],[122.669001,12.462499]]],[[[122.659063,12.462306],[122.658879,12.462848],[122.659063,12.462848],[122.659063,12.462306]]],[[[122.668449,12.46286],[122.668264,12.46304],[122.668448,12.463041],[122.668449,12.46286]]],[[[122.667896,12.463221],[122.667712,12.463401],[122.667896,12.463402],[122.667896,12.463221]]],[[[122.667528,12.463401],[122.667344,12.463582],[122.667528,12.463582],[122.667528,12.463401]]],[[[122.667159,12.463582],[122.666975,12.463762],[122.667159,12.463763],[122.667159,12.463582]]],[[[122.662373,12.464299],[122.662189,12.46448],[122.662373,12.46448],[122.662373,12.464299]]],[[[122.66311,12.4643],[122.662557,12.46448],[122.663109,12.464481],[122.66311,12.4643]]],[[[122.663662,12.464482],[122.663846,12.46412],[122.663477,12.464481],[122.663662,12.464482]]],[[[122.664214,12.464301],[122.66403,12.464482],[122.664214,12.464482],[122.664214,12.464301]]],[[[122.666238,12.464304],[122.666054,12.464485],[122.666238,12.464485],[122.666238,12.464304]]],[[[122.664582,12.464483],[122.664397,12.464663],[122.664582,12.464664],[122.664582,12.464483]]],[[[122.66587,12.464484],[122.665686,12.464665],[122.66587,12.464665],[122.66587,12.464484]]],[[[122.665318,12.464665],[122.664949,12.464845],[122.665317,12.464845],[122.665318,12.464665]]],[[[122.6609,12.465202],[122.661084,12.465021],[122.6609,12.465021],[122.6609,12.465202]]],[[[122.653723,12.465012],[122.654643,12.465194],[122.654643,12.465013],[122.653723,12.465012]]],[[[122.6609,12.465382],[122.660348,12.465201],[122.660348,12.465382],[122.6609,12.465382]]],[[[122.660347,12.465563],[122.65998,12.465381],[122.659979,12.465743],[122.660347,12.465563]]],[[[122.652249,12.465733],[122.652801,12.465734],[122.652802,12.465372],[122.652249,12.465733]]],[[[122.660163,12.465743],[122.660347,12.466105],[122.660347,12.465743],[122.660163,12.465743]]],[[[122.652249,12.465914],[122.652064,12.466456],[122.652248,12.466457],[122.652249,12.465914]]],[[[122.6528,12.466638],[122.652616,12.466819],[122.6528,12.466819],[122.6528,12.466638]]],[[[122.654088,12.46664],[122.653904,12.46682],[122.654088,12.466821],[122.654088,12.46664]]],[[[122.660346,12.466648],[122.660162,12.466828],[122.660346,12.466829],[122.660346,12.466648]]],[[[122.659793,12.467009],[122.659425,12.467189],[122.659793,12.46719],[122.659793,12.467009]]],[[[122.660161,12.467009],[122.659977,12.46719],[122.660161,12.46719],[122.660161,12.467009]]],[[[122.652799,12.467362],[122.652615,12.467542],[122.652799,12.467542],[122.652799,12.467362]]],[[[122.654272,12.467002],[122.654087,12.467544],[122.654271,12.467544],[122.654272,12.467002]]],[[[122.659609,12.467551],[122.659425,12.46737],[122.659425,12.467551],[122.659609,12.467551]]],[[[122.654639,12.467545],[122.654455,12.467725],[122.654639,12.467726],[122.654639,12.467545]]],[[[122.659609,12.467551],[122.659792,12.467732],[122.659793,12.467551],[122.659609,12.467551]]],[[[122.659792,12.467732],[122.659976,12.467913],[122.659976,12.467732],[122.659792,12.467732]]],[[[122.655927,12.468089],[122.655743,12.46827],[122.655927,12.46827],[122.655927,12.468089]]],[[[122.66108,12.468096],[122.660896,12.468276],[122.66108,12.468276],[122.66108,12.468096]]],[[[122.656847,12.468271],[122.656663,12.468452],[122.656847,12.468452],[122.656847,12.468271]]],[[[122.652245,12.468627],[122.65243,12.468446],[122.652246,12.468446],[122.652245,12.468627]]],[[[122.652245,12.468627],[122.652061,12.468808],[122.652245,12.468808],[122.652245,12.468627]]],[[[122.650773,12.468806],[122.651141,12.468987],[122.651141,12.468806],[122.650773,12.468806]]],[[[122.652061,12.468988],[122.651325,12.468807],[122.651325,12.468987],[122.652061,12.468988]]],[[[122.650773,12.468987],[122.650588,12.469167],[122.650772,12.469168],[122.650773,12.468987]]],[[[122.657582,12.468995],[122.657398,12.469176],[122.657582,12.469176],[122.657582,12.468995]]],[[[122.661448,12.468458],[122.661263,12.469181],[122.661293,12.469181],[122.661448,12.468458]]],[[[122.650588,12.469167],[122.650404,12.469348],[122.650588,12.469348],[122.650588,12.469167]]],[[[122.658318,12.469358],[122.658134,12.469539],[122.658318,12.469539],[122.658318,12.469358]]],[[[122.652612,12.469713],[122.653165,12.469171],[122.652613,12.46917],[122.652612,12.469713]]],[[[122.658686,12.46972],[122.658502,12.469539],[122.658501,12.46972],[122.658686,12.46972]]],[[[122.661078,12.469542],[122.660894,12.469723],[122.661078,12.469723],[122.661078,12.469542]]],[[[122.650219,12.46989],[122.650404,12.46971],[122.650219,12.469709],[122.650219,12.46989]]],[[[122.658686,12.46972],[122.658869,12.469901],[122.65887,12.469721],[122.658686,12.46972]]],[[[122.650219,12.46989],[122.650035,12.470071],[122.650219,12.470071],[122.650219,12.46989]]],[[[122.658869,12.469901],[122.659053,12.470082],[122.659053,12.469902],[122.658869,12.469901]]],[[[122.660894,12.469904],[122.66071,12.470085],[122.660894,12.470085],[122.660894,12.469904]]],[[[122.659053,12.470082],[122.659237,12.470264],[122.659237,12.470083],[122.659053,12.470082]]],[[[122.659237,12.470264],[122.659421,12.470445],[122.659421,12.470264],[122.659237,12.470264]]],[[[122.650954,12.470615],[122.650218,12.470795],[122.650954,12.470796],[122.650954,12.470615]]],[[[122.659421,12.470445],[122.659604,12.470807],[122.659605,12.470445],[122.659421,12.470445]]],[[[122.651506,12.470796],[122.651138,12.470977],[122.651506,12.470977],[122.651506,12.470796]]],[[[122.659604,12.470807],[122.659788,12.470988],[122.659788,12.470807],[122.659604,12.470807]]],[[[122.660524,12.470989],[122.660709,12.470808],[122.660525,12.470808],[122.660524,12.470989]]],[[[122.652058,12.471159],[122.651874,12.470978],[122.651874,12.471158],[122.652058,12.471159]]],[[[122.660524,12.471169],[122.659788,12.470988],[122.659788,12.471169],[122.660524,12.471169]]],[[[122.649851,12.470071],[122.648746,12.470431],[122.648561,12.471335],[122.649849,12.471156],[122.649851,12.470071]]],[[[122.652058,12.471159],[122.652242,12.47134],[122.652242,12.471159],[122.652058,12.471159]]],[[[122.652793,12.471702],[122.652609,12.471883],[122.652793,12.471883],[122.652793,12.471702]]],[[[122.653345,12.471884],[122.653161,12.472064],[122.653345,12.472065],[122.653345,12.471884]]],[[[122.654265,12.472066],[122.653897,12.472246],[122.654265,12.472247],[122.654265,12.472066]]],[[[122.654817,12.472247],[122.654633,12.472428],[122.654817,12.472428],[122.654817,12.472247]]],[[[122.655185,12.47261],[122.655001,12.472428],[122.655001,12.472609],[122.655185,12.47261]]],[[[122.655185,12.47261],[122.655369,12.472791],[122.655369,12.47261],[122.655185,12.47261]]],[[[122.451142,12.472804],[122.450957,12.473166],[122.451141,12.473166],[122.451142,12.472804]]],[[[122.642853,12.473317],[122.643037,12.473136],[122.642853,12.473136],[122.642853,12.473317]]],[[[122.655368,12.473333],[122.655552,12.472972],[122.655368,12.472972],[122.655368,12.473333]]],[[[122.642853,12.473317],[122.642668,12.473498],[122.642852,12.473498],[122.642853,12.473317]]],[[[122.652239,12.47351],[122.652423,12.473329],[122.652239,12.473329],[122.652239,12.47351]]],[[[122.655368,12.473333],[122.655184,12.473514],[122.655368,12.473514],[122.655368,12.473333]]],[[[122.652239,12.47351],[122.652055,12.473691],[122.652239,12.473691],[122.652239,12.47351]]],[[[122.654816,12.473513],[122.654447,12.473694],[122.654815,12.473694],[122.654816,12.473513]]],[[[122.642668,12.473498],[122.642484,12.473859],[122.642668,12.473859],[122.642668,12.473498]]],[[[122.653343,12.473692],[122.652975,12.473873],[122.653343,12.473873],[122.653343,12.473692]]],[[[122.450772,12.473708],[122.450587,12.473888],[122.450771,12.473889],[122.450772,12.473708]]],[[[122.652238,12.473872],[122.652054,12.474052],[122.652238,12.474053],[122.652238,12.473872]]],[[[122.450587,12.474069],[122.450526,12.474116],[122.450587,12.474161],[122.450587,12.474069]]],[[[122.64322,12.474041],[122.643036,12.474222],[122.64322,12.474222],[122.64322,12.474041]]],[[[122.450587,12.474249],[122.450586,12.47425],[122.450587,12.47425],[122.450587,12.474249]]],[[[122.646532,12.474588],[122.646716,12.474407],[122.646532,12.474407],[122.646532,12.474588]]],[[[122.643771,12.474403],[122.643587,12.474765],[122.643771,12.474765],[122.643771,12.474403]]],[[[122.646532,12.474588],[122.646348,12.474768],[122.646532,12.474769],[122.646532,12.474588]]],[[[122.649109,12.474591],[122.648924,12.474772],[122.649108,12.474772],[122.649109,12.474591]]],[[[122.649661,12.474592],[122.649476,12.474773],[122.649661,12.474773],[122.649661,12.474592]]],[[[122.642666,12.474944],[122.642483,12.474763],[122.642482,12.474944],[122.642666,12.474944]]],[[[122.646348,12.474768],[122.646163,12.474949],[122.646347,12.474949],[122.646348,12.474768]]],[[[122.6469,12.474769],[122.646715,12.47495],[122.6469,12.47495],[122.6469,12.474769]]],[[[122.450586,12.474793],[122.450562,12.474973],[122.450585,12.474973],[122.450586,12.474793]]],[[[122.524692,12.474943],[122.524507,12.475124],[122.524691,12.475124],[122.524692,12.474943]]],[[[122.642666,12.474944],[122.64285,12.475126],[122.64285,12.474945],[122.642666,12.474944]]],[[[122.650212,12.474954],[122.650028,12.475135],[122.650212,12.475135],[122.650212,12.474954]]],[[[122.652053,12.474957],[122.651869,12.475137],[122.652053,12.475138],[122.652053,12.474957]]],[[[122.64285,12.475126],[122.643034,12.475307],[122.643034,12.475126],[122.64285,12.475126]]],[[[122.644507,12.475128],[122.644322,12.475308],[122.644506,12.475309],[122.644507,12.475128]]],[[[122.647083,12.475131],[122.646899,12.475312],[122.647083,12.475312],[122.647083,12.475131]]],[[[122.644875,12.475309],[122.64469,12.47549],[122.644874,12.47549],[122.644875,12.475309]]],[[[122.648739,12.475495],[122.648924,12.475314],[122.64874,12.475314],[122.648739,12.475495]]],[[[122.452425,12.475339],[122.451872,12.475519],[122.452424,12.47552],[122.452425,12.475339]]],[[[122.645426,12.475491],[122.645058,12.475671],[122.645426,12.475672],[122.645426,12.475491]]],[[[122.647267,12.475493],[122.647083,12.475674],[122.647267,12.475674],[122.647267,12.475493]]],[[[122.648739,12.475495],[122.648555,12.475676],[122.648739,12.475676],[122.648739,12.475495]]],[[[122.650948,12.475498],[122.650764,12.475678],[122.650948,12.475679],[122.650948,12.475498]]],[[[122.651316,12.475498],[122.651132,12.475679],[122.651316,12.475679],[122.651316,12.475498]]],[[[122.452976,12.475702],[122.452609,12.47552],[122.452608,12.475701],[122.452976,12.475702]]],[[[122.643954,12.47585],[122.64377,12.475669],[122.643769,12.47585],[122.643954,12.47585]]],[[[122.648371,12.475675],[122.648003,12.475856],[122.648371,12.475856],[122.648371,12.475675]]],[[[122.452976,12.475702],[122.453344,12.475883],[122.453344,12.475702],[122.452976,12.475702]]],[[[122.523954,12.476027],[122.523956,12.47458],[122.523404,12.47476],[122.523405,12.474037],[122.524693,12.47422],[122.52488,12.472773],[122.524327,12.472953],[122.524142,12.473857],[122.523038,12.473494],[122.523219,12.475302],[122.523954,12.476027]]],[[[122.643954,12.47585],[122.644137,12.476032],[122.644138,12.475851],[122.643954,12.47585]]],[[[122.453712,12.475884],[122.453528,12.476065],[122.453712,12.476065],[122.453712,12.475884]]],[[[122.524874,12.475848],[122.524689,12.476209],[122.524874,12.47621],[122.524874,12.475848]]],[[[122.644137,12.476032],[122.644321,12.476213],[122.644321,12.476032],[122.644137,12.476032]]],[[[122.644321,12.476213],[122.644505,12.476394],[122.644505,12.476213],[122.644321,12.476213]]],[[[122.644689,12.476575],[122.644504,12.476755],[122.644688,12.476756],[122.644689,12.476575]]],[[[122.454262,12.476789],[122.454816,12.476248],[122.453896,12.476065],[122.454262,12.476789]]],[[[122.523769,12.476389],[122.523217,12.476207],[122.523032,12.47693],[122.523769,12.476389]]],[[[122.523032,12.47693],[122.522847,12.47711],[122.523031,12.477111],[122.523032,12.47693]]],[[[122.516958,12.477281],[122.516406,12.477099],[122.516405,12.47728],[122.516958,12.477281]]],[[[122.522847,12.47711],[122.522663,12.477291],[122.522847,12.477291],[122.522847,12.47711]]],[[[122.644688,12.477479],[122.644503,12.47766],[122.644687,12.47766],[122.644688,12.477479]]],[[[122.517509,12.477463],[122.517141,12.477643],[122.517141,12.477824],[122.517509,12.477824],[122.517509,12.477463]]],[[[122.643399,12.477839],[122.643951,12.477478],[122.642847,12.477477],[122.643399,12.477839]]],[[[122.524134,12.478198],[122.524318,12.478017],[122.524134,12.478017],[122.524134,12.478198]]],[[[122.644135,12.478021],[122.64395,12.478202],[122.644134,12.478202],[122.644135,12.478021]]],[[[122.521557,12.478374],[122.522479,12.477471],[122.522479,12.477291],[122.521558,12.47747],[122.521557,12.478374]]],[[[122.521373,12.478374],[122.521188,12.478554],[122.521372,12.478555],[122.521373,12.478374]]],[[[122.454443,12.478237],[122.454258,12.478598],[122.454443,12.478598],[122.454443,12.478237]]],[[[122.52082,12.478734],[122.521004,12.478554],[122.52082,12.478554],[122.52082,12.478734]]],[[[122.52082,12.478734],[122.520635,12.478915],[122.52082,12.478915],[122.52082,12.478734]]],[[[122.644318,12.478383],[122.644133,12.478925],[122.644317,12.478926],[122.644318,12.478383]]],[[[122.520635,12.478915],[122.520451,12.479096],[122.520635,12.479096],[122.520635,12.478915]]],[[[122.459412,12.478427],[122.458308,12.478244],[122.457571,12.478785],[122.458492,12.478606],[122.459411,12.479151],[122.459412,12.478427]]],[[[122.457386,12.479328],[122.457571,12.478966],[122.457387,12.478966],[122.457386,12.479328]]],[[[122.517138,12.47927],[122.516953,12.479451],[122.517138,12.479451],[122.517138,12.47927]]],[[[122.516769,12.479451],[122.516585,12.479631],[122.516769,12.479632],[122.516769,12.479451]]],[[[122.524499,12.479645],[122.524684,12.479465],[122.5245,12.479464],[122.524499,12.479645]]],[[[122.643765,12.479467],[122.64358,12.479648],[122.643764,12.479648],[122.643765,12.479467]]],[[[122.454809,12.479503],[122.454624,12.479684],[122.454808,12.479684],[122.454809,12.479503]]],[[[122.457386,12.479328],[122.457201,12.479689],[122.457385,12.479689],[122.457386,12.479328]]],[[[122.45941,12.479513],[122.459225,12.479693],[122.45941,12.479693],[122.45941,12.479513]]],[[[122.64266,12.479647],[122.642476,12.479827],[122.64266,12.479828],[122.64266,12.479647]]],[[[122.641371,12.479826],[122.641187,12.480007],[122.641371,12.480007],[122.641371,12.479826]]],[[[122.524499,12.480007],[122.523767,12.477655],[122.52303,12.477653],[122.522109,12.478375],[122.522476,12.478737],[122.522846,12.478015],[122.523398,12.478016],[122.522659,12.479642],[122.523948,12.479283],[122.524499,12.480007]]],[[[122.459777,12.479875],[122.459593,12.480056],[122.459777,12.480056],[122.459777,12.479875]]],[[[122.641003,12.480006],[122.640819,12.480187],[122.641003,12.480187],[122.641003,12.480006]]],[[[122.457568,12.480051],[122.457384,12.480232],[122.457568,12.480232],[122.457568,12.480051]]],[[[122.460145,12.480057],[122.459961,12.480237],[122.460145,12.480237],[122.460145,12.480057]]],[[[122.515849,12.479811],[122.515663,12.480353],[122.515848,12.480353],[122.515849,12.479811]]],[[[122.637506,12.480182],[122.637137,12.480363],[122.637506,12.480363],[122.637506,12.480182]]],[[[122.638058,12.480183],[122.637874,12.480364],[122.638058,12.480364],[122.638058,12.480183]]],[[[122.636585,12.480362],[122.636401,12.480543],[122.636585,12.480543],[122.636585,12.480362]]],[[[122.644499,12.480553],[122.644131,12.480372],[122.644131,12.480553],[122.644499,12.480553]]],[[[122.455175,12.480408],[122.45499,12.480589],[122.455175,12.480589],[122.455175,12.480408]]],[[[122.460144,12.480418],[122.45996,12.480599],[122.460144,12.480599],[122.460144,12.480418]]],[[[122.63456,12.48054],[122.635664,12.480723],[122.635665,12.480542],[122.63456,12.48054]]],[[[122.638794,12.480546],[122.638609,12.480727],[122.638793,12.480727],[122.638794,12.480546]]],[[[122.640266,12.480729],[122.64045,12.480548],[122.640266,12.480548],[122.640266,12.480729]]],[[[122.643947,12.480553],[122.642843,12.480732],[122.643947,12.480734],[122.643947,12.480553]]],[[[122.640266,12.480729],[122.640082,12.480909],[122.640266,12.48091],[122.640266,12.480729]]],[[[122.641002,12.48073],[122.642658,12.480913],[122.642658,12.480732],[122.641002,12.48073]]],[[[122.459959,12.48078],[122.459775,12.48096],[122.459959,12.480961],[122.459959,12.48078]]],[[[122.522656,12.481089],[122.522289,12.480546],[122.52192,12.481088],[122.522656,12.481089]]],[[[122.639897,12.480909],[122.639345,12.481089],[122.639897,12.48109],[122.639897,12.480909]]],[[[122.524865,12.480731],[122.524681,12.481092],[122.524865,12.481093],[122.524865,12.480731]]],[[[122.634561,12.480359],[122.634562,12.479274],[122.63401,12.479273],[122.633457,12.480177],[122.631983,12.481079],[122.632719,12.480899],[122.633639,12.481443],[122.634561,12.480359]]],[[[122.634008,12.48072],[122.63364,12.480539],[122.63364,12.48072],[122.634008,12.48072]]],[[[122.523208,12.481452],[122.523945,12.48091],[122.523762,12.480006],[122.523208,12.481452]]],[[[122.525048,12.481455],[122.524864,12.481274],[122.524864,12.481454],[122.525048,12.481455]]],[[[122.455725,12.481495],[122.455541,12.481313],[122.455541,12.481494],[122.455725,12.481495]]],[[[122.514005,12.481435],[122.513821,12.481616],[122.514005,12.481616],[122.514005,12.481435]]],[[[122.525048,12.481455],[122.525232,12.481636],[122.525232,12.481455],[122.525048,12.481455]]],[[[122.455725,12.481495],[122.455908,12.481676],[122.455909,12.481495],[122.455725,12.481495]]],[[[122.513637,12.481615],[122.513452,12.481796],[122.513636,12.481796],[122.513637,12.481615]]],[[[122.514372,12.481797],[122.514189,12.481616],[122.514188,12.481797],[122.514372,12.481797]]],[[[122.509587,12.48197],[122.509771,12.481789],[122.509587,12.481789],[122.509587,12.48197]]],[[[122.510875,12.481791],[122.510691,12.481972],[122.510875,12.481972],[122.510875,12.481791]]],[[[122.511612,12.481793],[122.511243,12.481973],[122.511611,12.481973],[122.511612,12.481793]]],[[[122.513268,12.481796],[122.513084,12.481976],[122.513268,12.481976],[122.513268,12.481796]]],[[[122.514372,12.481797],[122.51474,12.481979],[122.514741,12.481798],[122.514372,12.481797]]],[[[122.52744,12.481821],[122.527808,12.482002],[122.527808,12.481821],[122.52744,12.481821]]],[[[122.456828,12.482039],[122.45646,12.481858],[122.45646,12.482039],[122.456828,12.482039]]],[[[122.459773,12.481684],[122.459589,12.482045],[122.459773,12.482045],[122.459773,12.481684]]],[[[122.527439,12.482182],[122.527072,12.482001],[122.527071,12.482182],[122.527439,12.482182]]],[[[122.527808,12.482002],[122.527992,12.482183],[122.527992,12.482003],[122.527808,12.482002]]],[[[122.649282,12.482187],[122.650939,12.482009],[122.651125,12.480924],[122.650021,12.480561],[122.648731,12.481644],[122.649282,12.482187]]],[[[122.512899,12.482337],[122.513083,12.482157],[122.512899,12.482157],[122.512899,12.482337]]],[[[122.520267,12.479095],[122.519714,12.479456],[122.519896,12.480722],[122.518791,12.480901],[122.518057,12.479996],[122.517692,12.478367],[122.517323,12.478909],[122.517872,12.480538],[122.519159,12.481083],[122.519341,12.482349],[122.520263,12.481085],[122.521737,12.480545],[122.521737,12.480183],[122.520266,12.479819],[122.520267,12.479095]]],[[[122.526519,12.482181],[122.526335,12.482361],[122.526519,12.482362],[122.526519,12.482181]]],[[[122.527992,12.482183],[122.528175,12.482365],[122.528176,12.482184],[122.527992,12.482183]]],[[[122.512899,12.482337],[122.512715,12.482518],[122.512899,12.482518],[122.512899,12.482337]]],[[[122.528175,12.482365],[122.528359,12.482546],[122.528359,12.482365],[122.528175,12.482365]]],[[[122.644499,12.480734],[122.645787,12.481098],[122.646154,12.481822],[122.645049,12.482001],[122.643946,12.481276],[122.640817,12.481272],[122.641002,12.480911],[122.640449,12.481272],[122.643578,12.481457],[122.645785,12.482545],[122.647258,12.482366],[122.64634,12.480737],[122.644499,12.480734]]],[[[122.649098,12.482549],[122.648362,12.482186],[122.648362,12.482367],[122.649098,12.482549]]],[[[122.507193,12.482508],[122.506641,12.482688],[122.507193,12.482689],[122.507193,12.482508]]],[[[122.509586,12.482151],[122.508666,12.482511],[122.508665,12.482691],[122.509586,12.482151]]],[[[122.633821,12.482529],[122.633453,12.482709],[122.633821,12.48271],[122.633821,12.482529]]],[[[122.528359,12.482546],[122.528543,12.482727],[122.528543,12.482546],[122.528359,12.482546]]],[[[122.459588,12.482407],[122.459403,12.482768],[122.459587,12.482768],[122.459588,12.482407]]],[[[122.506088,12.482868],[122.506273,12.482687],[122.506088,12.482687],[122.506088,12.482868]]],[[[122.528911,12.482728],[122.528726,12.482908],[122.52891,12.482908],[122.528911,12.482728]]],[[[122.506088,12.482868],[122.505904,12.483048],[122.506088,12.483048],[122.506088,12.482868]]],[[[122.50572,12.483048],[122.505535,12.483228],[122.505719,12.483229],[122.50572,12.483048]]],[[[122.529462,12.483271],[122.529278,12.48309],[122.529278,12.483271],[122.529462,12.483271]]],[[[122.529462,12.483271],[122.529646,12.483452],[122.529646,12.483271],[122.529462,12.483271]]],[[[122.459586,12.483311],[122.459402,12.483491],[122.459586,12.483492],[122.459586,12.483311]]],[[[122.529646,12.483452],[122.529829,12.483633],[122.52983,12.483453],[122.529646,12.483452]]],[[[122.467684,12.483508],[122.467499,12.483688],[122.467684,12.483689],[122.467684,12.483508]]],[[[122.468604,12.48351],[122.46842,12.48369],[122.468604,12.48369],[122.468604,12.48351]]],[[[122.528909,12.483632],[122.528725,12.483812],[122.528909,12.483813],[122.528909,12.483632]]],[[[122.459769,12.483673],[122.459585,12.483853],[122.459769,12.483854],[122.459769,12.483673]]],[[[122.467131,12.483688],[122.466947,12.483868],[122.467131,12.483868],[122.467131,12.483688]]],[[[122.520447,12.481447],[122.520446,12.481989],[122.521549,12.482715],[122.521546,12.483981],[122.522099,12.48362],[122.522285,12.482535],[122.522836,12.483259],[122.523388,12.48326],[122.52339,12.482356],[122.522655,12.481631],[122.521734,12.481811],[122.520999,12.481267],[122.520447,12.481447]],[[122.522103,12.481811],[122.52247,12.481993],[122.522102,12.482173],[122.522103,12.481811]],[[122.520631,12.481447],[122.520814,12.481809],[122.52063,12.481809],[122.520631,12.481447]]],[[[122.528173,12.483811],[122.527988,12.483992],[122.528172,12.483992],[122.528173,12.483811]]],[[[122.529645,12.483814],[122.529461,12.483995],[122.529645,12.483995],[122.529645,12.483814]]],[[[122.529829,12.483633],[122.530013,12.483995],[122.530013,12.483634],[122.529829,12.483633]]],[[[122.466763,12.483868],[122.466578,12.484048],[122.466763,12.484049],[122.466763,12.483868]]],[[[122.527804,12.483992],[122.52762,12.484172],[122.527804,12.484172],[122.527804,12.483992]]],[[[122.466394,12.484048],[122.466026,12.484228],[122.466394,12.484229],[122.466394,12.484048]]],[[[122.469523,12.484054],[122.469339,12.484235],[122.469523,12.484235],[122.469523,12.484054]]],[[[122.503877,12.48431],[122.504798,12.483769],[122.505167,12.483228],[122.503694,12.483767],[122.503877,12.48431]]],[[[122.465658,12.484227],[122.465289,12.484407],[122.465657,12.484408],[122.465658,12.484227]]],[[[122.469891,12.484416],[122.469707,12.484235],[122.469707,12.484416],[122.469891,12.484416]]],[[[122.472652,12.484241],[122.472835,12.484422],[122.472836,12.484241],[122.472652,12.484241]]],[[[122.465105,12.484407],[122.464553,12.484587],[122.465105,12.484588],[122.465105,12.484407]]],[[[122.472835,12.484422],[122.473019,12.484603],[122.47302,12.484423],[122.472835,12.484422]]],[[[122.503509,12.48431],[122.503508,12.484671],[122.503876,12.484672],[122.503876,12.484491],[122.503509,12.48431]]],[[[122.527803,12.484534],[122.527619,12.484715],[122.527803,12.484715],[122.527803,12.484534]]],[[[122.46124,12.484761],[122.461056,12.48458],[122.461055,12.484761],[122.46124,12.484761]]],[[[122.463633,12.484585],[122.464184,12.484767],[122.464185,12.484586],[122.463633,12.484585]]],[[[122.473019,12.484603],[122.473203,12.484785],[122.473203,12.484604],[122.473019,12.484603]]],[[[122.503876,12.484672],[122.50406,12.484853],[122.50406,12.484672],[122.503876,12.484672]]],[[[122.53038,12.48472],[122.530011,12.4849],[122.530379,12.4849],[122.53038,12.48472]]],[[[122.530931,12.484901],[122.530748,12.48472],[122.530747,12.484901],[122.530931,12.484901]]],[[[122.46124,12.484761],[122.461423,12.484942],[122.461424,12.484761],[122.46124,12.484761]]],[[[122.463632,12.484947],[122.462896,12.484764],[122.462896,12.484945],[122.463632,12.484947]]],[[[122.472652,12.48406],[122.472101,12.483517],[122.470995,12.484599],[122.46989,12.484597],[122.471546,12.484962],[122.472652,12.48406]]],[[[122.473755,12.484967],[122.473571,12.484785],[122.473571,12.484966],[122.473755,12.484967]]],[[[122.528355,12.484897],[122.52817,12.485077],[122.528354,12.485078],[122.528355,12.484897]]],[[[122.529827,12.484899],[122.529643,12.48508],[122.529827,12.48508],[122.529827,12.484899]]],[[[122.530931,12.484901],[122.531115,12.485083],[122.531116,12.484902],[122.530931,12.484901]]],[[[122.462528,12.484944],[122.461607,12.485123],[122.462527,12.485125],[122.462528,12.484944]]],[[[122.531115,12.485083],[122.531299,12.485264],[122.531299,12.485083],[122.531115,12.485083]]],[[[122.529642,12.485261],[122.529458,12.485441],[122.529642,12.485442],[122.529642,12.485261]]],[[[122.531299,12.485264],[122.531483,12.485445],[122.531483,12.485264],[122.531299,12.485264]]],[[[122.474123,12.484967],[122.473938,12.485509],[122.474122,12.48551],[122.474123,12.484967]]],[[[122.613571,12.485756],[122.613387,12.485575],[122.613387,12.485756],[122.613571,12.485756]]],[[[122.504058,12.485577],[122.503874,12.485757],[122.504058,12.485758],[122.504058,12.485577]]],[[[122.614491,12.485576],[122.614859,12.485758],[122.614859,12.485577],[122.614491,12.485576]]],[[[122.474305,12.485691],[122.474121,12.485872],[122.474305,12.485872],[122.474305,12.485691]]],[[[122.614491,12.485938],[122.614123,12.485757],[122.614123,12.485937],[122.614491,12.485938]]],[[[122.614859,12.485758],[122.615043,12.485939],[122.615043,12.485758],[122.614859,12.485758]]],[[[122.529641,12.485984],[122.529826,12.485623],[122.529642,12.485623],[122.529641,12.485984]]],[[[122.461789,12.485847],[122.461605,12.486028],[122.461789,12.486028],[122.461789,12.485847]]],[[[122.4732,12.486051],[122.472648,12.485869],[122.472648,12.48605],[122.4732,12.486051]]],[[[122.529641,12.485984],[122.529457,12.486165],[122.529641,12.486165],[122.529641,12.485984]]],[[[122.461421,12.486027],[122.461237,12.486208],[122.461421,12.486208],[122.461421,12.486027]]],[[[122.462157,12.486029],[122.461973,12.486209],[122.462157,12.48621],[122.462157,12.486029]]],[[[122.472096,12.486229],[122.47228,12.486049],[122.472096,12.486048],[122.472096,12.486229]]],[[[122.4732,12.486051],[122.473384,12.486232],[122.473384,12.486051],[122.4732,12.486051]]],[[[122.474489,12.486053],[122.474304,12.486234],[122.474488,12.486234],[122.474489,12.486053]]],[[[122.508659,12.486128],[122.508474,12.486308],[122.508658,12.486309],[122.508659,12.486128]]],[[[122.472096,12.486229],[122.471911,12.48641],[122.472095,12.48641],[122.472096,12.486229]]],[[[122.507922,12.486307],[122.507738,12.486488],[122.507922,12.486488],[122.507922,12.486307]]],[[[122.473752,12.486413],[122.473567,12.486594],[122.473751,12.486594],[122.473752,12.486413]]],[[[122.474856,12.486596],[122.47504,12.486416],[122.474856,12.486416],[122.474856,12.486596]]],[[[122.503873,12.486481],[122.503688,12.486661],[122.503872,12.486661],[122.503873,12.486481]]],[[[122.50737,12.486487],[122.507185,12.486668],[122.507369,12.486668],[122.50737,12.486487]]],[[[122.519703,12.485605],[122.52007,12.486329],[122.521541,12.486693],[122.521359,12.48597],[122.519703,12.485605]]],[[[122.46234,12.486391],[122.462156,12.486752],[122.462218,12.486752],[122.46234,12.486391]]],[[[122.474856,12.486596],[122.474671,12.486777],[122.474855,12.486777],[122.474856,12.486596]]],[[[122.614123,12.485937],[122.613571,12.485756],[122.614121,12.486842],[122.614123,12.485937]]],[[[122.473935,12.486956],[122.473751,12.486775],[122.473751,12.486956],[122.473935,12.486956]]],[[[122.613937,12.486842],[122.613753,12.487022],[122.613937,12.487022],[122.613937,12.486842]]],[[[122.506264,12.487028],[122.506449,12.486847],[122.506265,12.486847],[122.506264,12.487028]]],[[[122.471911,12.486591],[122.471726,12.487133],[122.47191,12.487133],[122.471911,12.486591]]],[[[122.473935,12.486956],[122.474118,12.487138],[122.474119,12.486957],[122.473935,12.486956]]],[[[122.478904,12.486966],[122.47872,12.487146],[122.478904,12.487147],[122.478904,12.486966]]],[[[122.502951,12.487202],[122.502767,12.487021],[122.502767,12.487202],[122.502951,12.487202]]],[[[122.613753,12.487022],[122.613569,12.487203],[122.613753,12.487203],[122.613753,12.487022]]],[[[122.506264,12.487028],[122.50608,12.487208],[122.506264,12.487208],[122.506264,12.487028]]],[[[122.474118,12.487138],[122.474302,12.487319],[122.474302,12.487138],[122.474118,12.487138]]],[[[122.474855,12.487139],[122.47467,12.487319],[122.474854,12.48732],[122.474855,12.487139]]],[[[122.478536,12.487146],[122.478351,12.487327],[122.478535,12.487327],[122.478536,12.487146]]],[[[122.50608,12.487208],[122.505895,12.487389],[122.50608,12.487389],[122.50608,12.487208]]],[[[122.472093,12.487495],[122.471909,12.487314],[122.471909,12.487435],[122.472093,12.487495]]],[[[122.477983,12.487326],[122.477615,12.487506],[122.477983,12.487507],[122.477983,12.487326]]],[[[122.480928,12.487512],[122.480744,12.487331],[122.480744,12.487512],[122.480928,12.487512]]],[[[122.472093,12.487495],[122.472277,12.487676],[122.472277,12.487496],[122.472093,12.487495]]],[[[122.474485,12.487681],[122.474302,12.4875],[122.474301,12.48768],[122.474485,12.487681]]],[[[122.475038,12.487501],[122.474853,12.487682],[122.475038,12.487682],[122.475038,12.487501]]],[[[122.477246,12.487686],[122.477431,12.487506],[122.477247,12.487505],[122.477246,12.487686]]],[[[122.480928,12.487512],[122.481111,12.487694],[122.481112,12.487513],[122.480928,12.487512]]],[[[122.501294,12.487561],[122.500925,12.487741],[122.501293,12.487742],[122.501294,12.487561]]],[[[122.472277,12.487676],[122.47246,12.487858],[122.472461,12.487677],[122.472277,12.487676]]],[[[122.474485,12.487681],[122.474669,12.487862],[122.474669,12.487681],[122.474485,12.487681]]],[[[122.477246,12.487686],[122.477062,12.487867],[122.477246,12.487867],[122.477246,12.487686]]],[[[122.481847,12.487876],[122.481295,12.487694],[122.481295,12.487875],[122.481847,12.487876]]],[[[122.501662,12.487743],[122.501477,12.487923],[122.501661,12.487923],[122.501662,12.487743]]],[[[122.611911,12.487743],[122.611727,12.487923],[122.611911,12.487924],[122.611911,12.487743]]],[[[122.503135,12.487203],[122.50295,12.487926],[122.503134,12.487926],[122.503135,12.487203]]],[[[122.508288,12.487755],[122.508103,12.487935],[122.508287,12.487936],[122.508288,12.487755]]],[[[122.477062,12.487867],[122.476877,12.488047],[122.477061,12.488048],[122.477062,12.487867]]],[[[122.481847,12.487876],[122.482031,12.488057],[122.482031,12.487876],[122.481847,12.487876]]],[[[122.624427,12.487941],[122.624243,12.488122],[122.624427,12.488122],[122.624427,12.487941]]],[[[122.482031,12.488057],[122.482215,12.488238],[122.482215,12.488057],[122.482031,12.488057]]],[[[122.501845,12.488105],[122.501661,12.488285],[122.501845,12.488285],[122.501845,12.488105]]],[[[122.505526,12.488111],[122.505342,12.488292],[122.505526,12.488292],[122.505526,12.488111]]],[[[122.476877,12.488228],[122.476693,12.488409],[122.476877,12.488409],[122.476877,12.488228]]],[[[122.489208,12.488433],[122.489576,12.488614],[122.489576,12.488433],[122.489208,12.488433]]],[[[122.60418,12.488455],[122.604364,12.488636],[122.604364,12.488455],[122.60418,12.488455]]],[[[122.611726,12.488466],[122.611542,12.488647],[122.611726,12.488647],[122.611726,12.488466]]],[[[122.505341,12.488473],[122.505157,12.488653],[122.505341,12.488654],[122.505341,12.488473]]],[[[122.489208,12.488613],[122.489023,12.488794],[122.489208,12.488794],[122.489208,12.488613]]],[[[122.60418,12.488274],[122.603628,12.488093],[122.603811,12.488816],[122.603995,12.488817],[122.60418,12.488274]]],[[[122.604364,12.488636],[122.604547,12.488817],[122.604548,12.488636],[122.604364,12.488636]]],[[[122.534238,12.488705],[122.534605,12.488887],[122.534606,12.488706],[122.534238,12.488705]]],[[[122.47614,12.488769],[122.475955,12.48895],[122.476139,12.48895],[122.47614,12.488769]]],[[[122.489023,12.488794],[122.488839,12.488974],[122.489023,12.488975],[122.489023,12.488794]]],[[[122.489576,12.488614],[122.489759,12.488976],[122.48976,12.488614],[122.489576,12.488614]]],[[[122.604547,12.488817],[122.604731,12.488998],[122.604731,12.488818],[122.604547,12.488817]]],[[[122.505157,12.488834],[122.504972,12.489015],[122.505156,12.489015],[122.505157,12.488834]]],[[[122.631799,12.481079],[122.631429,12.482164],[122.630692,12.482705],[122.630874,12.484333],[122.630137,12.485056],[122.628849,12.484873],[122.628479,12.485777],[122.626638,12.486136],[122.626636,12.487402],[122.625531,12.487943],[122.624795,12.487761],[122.624981,12.486676],[122.624429,12.486495],[122.624611,12.487942],[122.625531,12.488305],[122.62682,12.487764],[122.627738,12.489031],[122.627925,12.487404],[122.627374,12.48668],[122.628847,12.486139],[122.629216,12.485235],[122.63032,12.485598],[122.631241,12.484876],[122.631796,12.48343],[122.631799,12.481079]]],[[[122.530557,12.488699],[122.530372,12.48906],[122.530556,12.48906],[122.530557,12.488699]]],[[[122.534789,12.489068],[122.534974,12.488887],[122.534789,12.488887],[122.534789,12.489068]]],[[[122.475403,12.488949],[122.475219,12.489129],[122.475403,12.489129],[122.475403,12.488949]]],[[[122.482765,12.488963],[122.482581,12.489143],[122.482765,12.489144],[122.482765,12.488963]]],[[[122.604731,12.488998],[122.604915,12.48918],[122.604915,12.488999],[122.604731,12.488998]]],[[[122.605283,12.488999],[122.605651,12.489181],[122.605836,12.488819],[122.605283,12.488999]]],[[[122.506628,12.489199],[122.506813,12.489018],[122.506629,12.489018],[122.506628,12.489199]]],[[[122.534789,12.489068],[122.534605,12.489248],[122.534789,12.489249],[122.534789,12.489068]]],[[[122.472642,12.489305],[122.472459,12.488581],[122.472573,12.489305],[122.472642,12.489305]]],[[[122.488471,12.489155],[122.488286,12.489335],[122.48847,12.489335],[122.488471,12.489155]]],[[[122.489943,12.489157],[122.489759,12.489338],[122.489943,12.489338],[122.489943,12.489157]]],[[[122.594791,12.489345],[122.595712,12.488985],[122.596451,12.487178],[122.597187,12.487721],[122.597924,12.48718],[122.597923,12.487542],[122.599395,12.488086],[122.600867,12.488088],[122.600868,12.487727],[122.599579,12.487725],[122.599396,12.487182],[122.598476,12.487361],[122.598293,12.486638],[122.597372,12.486998],[122.596452,12.486635],[122.5959,12.486815],[122.595714,12.488081],[122.594608,12.488983],[122.594791,12.489345]]],[[[122.604179,12.488998],[122.603994,12.489359],[122.604178,12.489359],[122.604179,12.488998]]],[[[122.605283,12.48918],[122.605099,12.489361],[122.605283,12.489361],[122.605283,12.48918]]],[[[122.504972,12.489195],[122.504787,12.489376],[122.504971,12.489376],[122.504972,12.489195]]],[[[122.506628,12.489199],[122.506444,12.489379],[122.506628,12.489379],[122.506628,12.489199]]],[[[122.520985,12.488863],[122.520801,12.489224],[122.521352,12.489406],[122.522458,12.488865],[122.521908,12.487417],[122.52154,12.487417],[122.521539,12.48814],[122.521356,12.487597],[122.520434,12.488138],[122.520433,12.488681],[122.520985,12.488863]],[[122.520986,12.488682],[122.52117,12.488501],[122.52117,12.488682],[122.520986,12.488682]],[[122.52117,12.488501],[122.521354,12.488321],[122.521354,12.488502],[122.52117,12.488501]]],[[[122.530371,12.489241],[122.530187,12.489421],[122.530371,12.489422],[122.530371,12.489241]]],[[[122.535157,12.489249],[122.534973,12.48943],[122.535157,12.48943],[122.535157,12.489249]]],[[[122.594607,12.489345],[122.594423,12.489526],[122.594607,12.489526],[122.594607,12.489345]]],[[[122.609332,12.489367],[122.608964,12.489547],[122.609332,12.489548],[122.609332,12.489367]]],[[[122.530741,12.488699],[122.531662,12.488158],[122.531845,12.488701],[122.532213,12.488702],[122.53203,12.487978],[122.533135,12.487799],[122.533504,12.487076],[122.532954,12.486171],[122.533139,12.485267],[122.531483,12.485445],[122.531666,12.485807],[122.532587,12.485628],[122.532585,12.486351],[122.530008,12.486889],[122.528533,12.488333],[122.527613,12.488151],[122.527243,12.488874],[122.527795,12.489056],[122.528348,12.488514],[122.528163,12.489237],[122.52853,12.489599],[122.530003,12.489602],[122.528715,12.489419],[122.528715,12.489057],[122.529636,12.488878],[122.530006,12.487793],[122.531111,12.487614],[122.530741,12.488699]]],[[[122.535709,12.48925],[122.535524,12.489612],[122.535708,12.489612],[122.535709,12.48925]]],[[[122.536077,12.489612],[122.535893,12.489431],[122.535893,12.489612],[122.536077,12.489612]]],[[[122.474482,12.489489],[122.474297,12.48967],[122.474481,12.48967],[122.474482,12.489489]]],[[[122.488654,12.489517],[122.48847,12.489697],[122.488654,12.489697],[122.488654,12.489517]]],[[[122.594423,12.489526],[122.594239,12.489706],[122.594423,12.489707],[122.594423,12.489526]]],[[[122.522641,12.489227],[122.52264,12.489589],[122.523376,12.489771],[122.523377,12.489409],[122.522641,12.489227]]],[[[122.534053,12.488886],[122.531476,12.488881],[122.530923,12.489423],[122.531659,12.489786],[122.531844,12.489063],[122.534053,12.488886]]],[[[122.473929,12.48985],[122.473377,12.489668],[122.473377,12.489847],[122.473929,12.48985]]],[[[122.608779,12.489728],[122.608595,12.489908],[122.608779,12.489909],[122.608779,12.489728]]],[[[122.504419,12.489737],[122.504234,12.489918],[122.504418,12.489918],[122.504419,12.489737]]],[[[122.524482,12.489231],[122.524481,12.489773],[122.525033,12.489955],[122.525034,12.489232],[122.524482,12.489231]]],[[[122.531106,12.489966],[122.531291,12.489785],[122.531107,12.489785],[122.531106,12.489966]]],[[[122.536077,12.489612],[122.536628,12.489975],[122.536629,12.489613],[122.536077,12.489612]]],[[[122.486629,12.489874],[122.486444,12.490055],[122.486628,12.490055],[122.486629,12.489874]]],[[[122.488653,12.489878],[122.488469,12.490059],[122.488653,12.490059],[122.488653,12.489878]]],[[[122.594054,12.490068],[122.594238,12.489887],[122.594054,12.489887],[122.594054,12.490068]]],[[[122.500737,12.489911],[122.500553,12.490092],[122.500737,12.490092],[122.500737,12.489911]]],[[[122.50221,12.489914],[122.501657,12.490094],[122.502209,12.490095],[122.50221,12.489914]]],[[[122.506444,12.48956],[122.506258,12.490102],[122.506442,12.490102],[122.506444,12.48956]]],[[[122.531106,12.490146],[122.530738,12.489965],[122.530738,12.490146],[122.531106,12.490146]]],[[[122.482763,12.490229],[122.482579,12.490048],[122.482579,12.490228],[122.482763,12.490229]]],[[[122.490862,12.490063],[122.490677,12.490244],[122.490861,12.490244],[122.490862,12.490063]]],[[[122.594054,12.490068],[122.59387,12.490248],[122.594054,12.490249],[122.594054,12.490068]]],[[[122.604177,12.490083],[122.603993,12.490263],[122.604177,12.490264],[122.604177,12.490083]]],[[[122.606018,12.490085],[122.605834,12.490266],[122.606018,12.490266],[122.606018,12.490085]]],[[[122.608595,12.490089],[122.60841,12.49027],[122.608594,12.49027],[122.608595,12.490089]]],[[[122.501289,12.490093],[122.501105,12.490273],[122.501289,12.490274],[122.501289,12.490093]]],[[[122.527425,12.489959],[122.527425,12.490321],[122.527793,12.490322],[122.527793,12.490141],[122.527425,12.489959]]],[[[122.482763,12.490229],[122.482946,12.49041],[122.482947,12.490229],[122.482763,12.490229]]],[[[122.486444,12.490236],[122.486259,12.490416],[122.486443,12.490417],[122.486444,12.490236]]],[[[122.593501,12.490429],[122.593686,12.490248],[122.593502,12.490248],[122.593501,12.490429]]],[[[122.603809,12.490263],[122.603625,12.490444],[122.603809,12.490444],[122.603809,12.490263]]],[[[122.500736,12.490454],[122.50092,12.490273],[122.500736,12.490273],[122.500736,12.490454]]],[[[122.503497,12.490278],[122.503313,12.490458],[122.503497,12.490459],[122.503497,12.490278]]],[[[122.506626,12.490284],[122.506442,12.490464],[122.506626,12.490464],[122.506626,12.490284]]],[[[122.482946,12.49041],[122.48313,12.490591],[122.48313,12.49041],[122.482946,12.49041]]],[[[122.487732,12.490419],[122.487179,12.490599],[122.487732,12.4906],[122.487732,12.490419]]],[[[122.593501,12.490429],[122.593317,12.490609],[122.593501,12.490609],[122.593501,12.490429]]],[[[122.60344,12.490443],[122.603256,12.490624],[122.60344,12.490624],[122.60344,12.490443]]],[[[122.607305,12.49063],[122.60749,12.490449],[122.607306,12.490449],[122.607305,12.49063]]],[[[122.608226,12.49045],[122.608042,12.490631],[122.608226,12.490631],[122.608226,12.49045]]],[[[122.500368,12.490453],[122.500184,12.490633],[122.500368,12.490634],[122.500368,12.490453]]],[[[122.500736,12.490454],[122.500552,12.490634],[122.500736,12.490634],[122.500736,12.490454]]],[[[122.593133,12.490609],[122.592949,12.490789],[122.593133,12.49079],[122.593133,12.490609]]],[[[122.607305,12.49063],[122.607121,12.490811],[122.607305,12.490811],[122.607305,12.49063]]],[[[122.503681,12.49064],[122.503496,12.49082],[122.50368,12.490821],[122.503681,12.49064]]],[[[122.592765,12.490789],[122.592396,12.49097],[122.592764,12.49097],[122.592765,12.490789]]],[[[122.602888,12.490804],[122.602703,12.490985],[122.602887,12.490985],[122.602888,12.490804]]],[[[122.502392,12.490818],[122.502207,12.490999],[122.502392,12.490999],[122.502392,12.490818]]],[[[122.506993,12.490827],[122.506809,12.491007],[122.506993,12.491008],[122.506993,12.490827]]],[[[122.52411,12.491038],[122.525399,12.490679],[122.5254,12.490498],[122.524848,12.490316],[122.52411,12.491038]]],[[[122.526871,12.491043],[122.526504,12.490681],[122.526503,12.491043],[122.526871,12.491043]]],[[[122.592212,12.490969],[122.592028,12.49115],[122.592212,12.49115],[122.592212,12.490969]]],[[[122.600678,12.491163],[122.600681,12.489716],[122.600312,12.490077],[122.599392,12.489895],[122.599575,12.490619],[122.600678,12.491163]]],[[[122.500367,12.490996],[122.500183,12.491176],[122.500367,12.491176],[122.500367,12.490996]]],[[[122.496381,12.49134],[122.495829,12.491158],[122.495829,12.491339],[122.496381,12.49134]]],[[[122.601231,12.491164],[122.600862,12.491344],[122.60123,12.491344],[122.601231,12.491164]]],[[[122.504047,12.491364],[122.503864,12.490821],[122.503679,12.491363],[122.504047,12.491364]]],[[[122.491227,12.49133],[122.491043,12.491511],[122.491227,12.491511],[122.491227,12.49133]]],[[[122.4927,12.491333],[122.492515,12.491513],[122.492699,12.491514],[122.4927,12.491333]]],[[[122.495645,12.491338],[122.49546,12.491519],[122.495644,12.491519],[122.495645,12.491338]]],[[[122.601967,12.491346],[122.601598,12.491526],[122.601966,12.491526],[122.601967,12.491346]]],[[[122.591475,12.491692],[122.591659,12.491511],[122.591475,12.491511],[122.591475,12.491692]]],[[[122.492147,12.491693],[122.492331,12.491513],[122.492147,12.491513],[122.492147,12.491693]]],[[[122.496564,12.491702],[122.49638,12.491521],[122.49638,12.491701],[122.496564,12.491702]]],[[[122.602518,12.491708],[122.602703,12.491166],[122.60215,12.491708],[122.602518,12.491708]]],[[[122.591475,12.491692],[122.59129,12.49184],[122.591475,12.491744],[122.591475,12.491692]]],[[[122.483864,12.491678],[122.48368,12.491858],[122.483864,12.491859],[122.483864,12.491678]]],[[[122.487361,12.491684],[122.487177,12.491865],[122.487361,12.491865],[122.487361,12.491684]]],[[[122.491595,12.491692],[122.49141,12.491873],[122.491594,12.491873],[122.491595,12.491692]]],[[[122.492147,12.491693],[122.491962,12.491874],[122.492146,12.491874],[122.492147,12.491693]]],[[[122.494907,12.491879],[122.495092,12.491699],[122.494908,12.491699],[122.494907,12.491879]]],[[[122.496564,12.491702],[122.496748,12.491883],[122.496748,12.491702],[122.496564,12.491702]]],[[[122.502574,12.491904],[122.502759,12.491543],[122.502575,12.491542],[122.502574,12.491904]]],[[[122.485152,12.491861],[122.484968,12.492042],[122.485152,12.492042],[122.485152,12.491861]]],[[[122.591106,12.491872],[122.590922,12.492052],[122.591106,12.491961],[122.591106,12.491872]]],[[[122.494907,12.491879],[122.494723,12.49206],[122.494907,12.49206],[122.494907,12.491879]]],[[[122.4973,12.491884],[122.497116,12.492064],[122.4973,12.492065],[122.4973,12.491884]]],[[[122.502574,12.491904],[122.502389,12.492084],[122.502574,12.492085],[122.502574,12.491904]]],[[[122.620372,12.491915],[122.620373,12.49083],[122.620924,12.491554],[122.624238,12.491377],[122.62553,12.489028],[122.624426,12.488303],[122.624609,12.489208],[122.623873,12.489026],[122.623873,12.489388],[122.624608,12.48975],[122.623502,12.491015],[122.62295,12.491014],[122.623135,12.490472],[122.620926,12.490649],[122.619639,12.489562],[122.618534,12.489742],[122.617247,12.489017],[122.616514,12.487026],[122.616699,12.486303],[122.615779,12.486302],[122.615409,12.487567],[122.616327,12.488834],[122.616509,12.490101],[122.617796,12.491007],[122.617795,12.491911],[122.620372,12.491915]]],[[[122.530739,12.489784],[122.528713,12.490323],[122.528895,12.491409],[122.529447,12.49141],[122.529814,12.492134],[122.530734,12.492135],[122.530737,12.490869],[122.530185,12.490687],[122.530739,12.489784]]],[[[122.590554,12.492052],[122.590369,12.492232],[122.590554,12.492205],[122.590554,12.492052]]],[[[122.493066,12.492057],[122.492882,12.492237],[122.493066,12.492238],[122.493066,12.492057]]],[[[122.494723,12.49206],[122.494538,12.492241],[122.494723,12.492241],[122.494723,12.49206]]],[[[122.498036,12.492066],[122.497483,12.492246],[122.498036,12.492247],[122.498036,12.492066]]],[[[122.530734,12.492135],[122.530918,12.492316],[122.530918,12.492136],[122.530734,12.492135]]],[[[122.590185,12.492232],[122.590001,12.492413],[122.590185,12.492372],[122.590185,12.492232]]],[[[122.531286,12.492498],[122.531102,12.492317],[122.531102,12.492498],[122.531286,12.492498]]],[[[122.550981,12.49217],[122.550796,12.492531],[122.55098,12.492531],[122.550981,12.49217]]],[[[122.589265,12.492412],[122.589449,12.492542],[122.589449,12.492412],[122.589265,12.492412]]],[[[122.497851,12.492428],[122.497667,12.492608],[122.497851,12.492608],[122.497851,12.492428]]],[[[122.506622,12.492635],[122.506806,12.492454],[122.506622,12.492454],[122.506622,12.492635]]],[[[122.625894,12.49138],[122.625343,12.490475],[122.625342,12.49156],[122.62479,12.491559],[122.625156,12.492645],[122.625893,12.492646],[122.625894,12.49138]]],[[[122.531286,12.492498],[122.53147,12.492679],[122.53147,12.492498],[122.531286,12.492498]]],[[[122.550431,12.490903],[122.550613,12.491988],[122.552268,12.492714],[122.551901,12.49199],[122.550431,12.490903]]],[[[122.506622,12.492635],[122.506437,12.492815],[122.506621,12.492816],[122.506622,12.492635]]],[[[122.519874,12.492478],[122.519874,12.49284],[122.520242,12.49284],[122.520242,12.492659],[122.519874,12.492478]]],[[[122.530366,12.492315],[122.530365,12.492858],[122.530733,12.492859],[122.530734,12.492497],[122.530366,12.492315]]],[[[122.553005,12.492716],[122.55282,12.492896],[122.553004,12.492897],[122.553005,12.492716]]],[[[122.511591,12.493006],[122.512512,12.492645],[122.512697,12.492103],[122.511408,12.492463],[122.511591,12.493006]]],[[[122.531838,12.49268],[122.531653,12.493041],[122.531837,12.493041],[122.531838,12.49268]]],[[[122.580061,12.49294],[122.579877,12.493121],[122.580061,12.493121],[122.580061,12.49294]]],[[[122.551164,12.492713],[122.550979,12.493255],[122.551163,12.493255],[122.551164,12.492713]]],[[[122.579325,12.492939],[122.579693,12.49312],[122.579693,12.492939],[122.579325,12.492939]]],[[[122.526315,12.493213],[122.525947,12.493393],[122.526315,12.493393],[122.526315,12.493213]]],[[[122.579324,12.493301],[122.57914,12.493481],[122.579324,12.493481],[122.579324,12.493301]]],[[[122.584293,12.493489],[122.584293,12.49353],[122.58439,12.493489],[122.584293,12.493489]]],[[[122.526683,12.493394],[122.526498,12.493575],[122.526682,12.493575],[122.526683,12.493394]]],[[[122.572698,12.49329],[122.572513,12.493652],[122.572697,12.493652],[122.572698,12.49329]]],[[[122.57914,12.493481],[122.578955,12.493662],[122.579139,12.493662],[122.57914,12.493481]]],[[[122.580796,12.493484],[122.580428,12.493664],[122.580796,12.493665],[122.580796,12.493484]]],[[[122.497666,12.492789],[122.497481,12.493693],[122.497665,12.493693],[122.497666,12.492789]]],[[[122.573066,12.493652],[122.572881,12.493833],[122.573065,12.493833],[122.573066,12.493652]]],[[[122.578955,12.493662],[122.578771,12.493842],[122.578955,12.493843],[122.578955,12.493662]]],[[[122.581348,12.493846],[122.581164,12.493665],[122.581164,12.493846],[122.581348,12.493846]]],[[[122.582636,12.493848],[122.58282,12.493908],[122.58282,12.493849],[122.582636,12.493848]]],[[[122.531652,12.493765],[122.531467,12.493945],[122.531651,12.493945],[122.531652,12.493765]]],[[[122.551347,12.493436],[122.551162,12.493979],[122.551346,12.493979],[122.551347,12.493436]]],[[[122.572697,12.493833],[122.572513,12.494013],[122.572697,12.494014],[122.572697,12.493833]]],[[[122.579876,12.493482],[122.579139,12.493843],[122.579875,12.494025],[122.579876,12.493482]],[[122.579507,12.493843],[122.579692,12.493663],[122.579691,12.493844],[122.579507,12.493843]]],[[[122.581348,12.493846],[122.581532,12.494027],[122.581532,12.493847],[122.581348,12.493846]]],[[[122.497848,12.493874],[122.497664,12.494055],[122.497848,12.494055],[122.497848,12.493874]]],[[[122.553188,12.493259],[122.553002,12.494162],[122.553186,12.494163],[122.553188,12.493259]]],[[[122.556868,12.493988],[122.556683,12.494169],[122.556867,12.494169],[122.556868,12.493988]]],[[[122.508828,12.493905],[122.510301,12.493907],[122.51012,12.492279],[122.508462,12.492819],[122.508828,12.493905]]],[[[122.509014,12.49282],[122.509382,12.493182],[122.509382,12.492821],[122.509014,12.49282]]],[[[122.556131,12.494168],[122.555763,12.494348],[122.556131,12.494349],[122.556131,12.494168]]],[[[122.556499,12.494168],[122.556315,12.494349],[122.556499,12.494349],[122.556499,12.494168]]],[[[122.50441,12.494258],[122.504226,12.494439],[122.50441,12.494439],[122.50441,12.494258]]],[[[122.507539,12.494445],[122.508092,12.493903],[122.50754,12.493902],[122.507539,12.494445]]],[[[122.525208,12.494477],[122.525394,12.493754],[122.52521,12.493753],[122.525208,12.494477]]],[[[122.531651,12.494307],[122.531466,12.494488],[122.53165,12.494488],[122.531651,12.494307]]],[[[122.557235,12.494531],[122.557051,12.49435],[122.557051,12.494531],[122.557235,12.494531]]],[[[122.572512,12.494375],[122.572328,12.494556],[122.572512,12.494556],[122.572512,12.494375]]],[[[122.50625,12.494443],[122.506066,12.494623],[122.50625,12.494623],[122.50625,12.494443]]],[[[122.525392,12.494477],[122.525576,12.494658],[122.525576,12.494477],[122.525392,12.494477]]],[[[122.526681,12.494479],[122.526496,12.49466],[122.52668,12.49466],[122.526681,12.494479]]],[[[122.55521,12.494528],[122.555026,12.494708],[122.55521,12.494709],[122.55521,12.494528]]],[[[122.557235,12.494531],[122.557419,12.494712],[122.557419,12.494531],[122.557235,12.494531]]],[[[122.559259,12.494715],[122.559075,12.494534],[122.559075,12.494715],[122.559259,12.494715]]],[[[122.573432,12.494738],[122.573248,12.494557],[122.573248,12.494738],[122.573432,12.494738]]],[[[122.504225,12.49462],[122.504041,12.4948],[122.504225,12.494801],[122.504225,12.49462]]],[[[122.505146,12.494621],[122.504961,12.494802],[122.505145,12.494802],[122.505146,12.494621]]],[[[122.526312,12.494659],[122.52576,12.494839],[122.526312,12.49484],[122.526312,12.494659]]],[[[122.545455,12.494512],[122.544902,12.494692],[122.544902,12.494872],[122.545454,12.494873],[122.545455,12.494512]]],[[[122.573432,12.494738],[122.573616,12.494875],[122.573616,12.494738],[122.573432,12.494738]]],[[[122.557787,12.494713],[122.557602,12.494894],[122.557786,12.494894],[122.557787,12.494713]]],[[[122.558339,12.494714],[122.558154,12.494894],[122.558339,12.494895],[122.558339,12.494714]]],[[[122.559259,12.494715],[122.559443,12.494897],[122.559443,12.494716],[122.559259,12.494715]]],[[[122.572143,12.494917],[122.572327,12.494736],[122.572143,12.494736],[122.572143,12.494917]]],[[[122.574331,12.49492],[122.574352,12.494924],[122.574352,12.49492],[122.574331,12.49492]]],[[[122.499319,12.494781],[122.499135,12.494962],[122.499319,12.494962],[122.499319,12.494781]]],[[[122.553185,12.494886],[122.553,12.495067],[122.553185,12.495067],[122.553185,12.494886]]],[[[122.554657,12.494889],[122.554473,12.495069],[122.554657,12.49507],[122.554657,12.494889]]],[[[122.572143,12.494917],[122.571959,12.495098],[122.572143,12.495098],[122.572143,12.494917]]],[[[122.499871,12.494963],[122.499686,12.495144],[122.499871,12.495144],[122.499871,12.494963]]],[[[122.50404,12.494981],[122.503856,12.495162],[122.50404,12.495162],[122.50404,12.494981]]],[[[122.554105,12.495069],[122.553368,12.495248],[122.554105,12.495249],[122.554105,12.495069]]],[[[122.57159,12.495278],[122.571775,12.495097],[122.571591,12.495097],[122.57159,12.495278]]],[[[122.544533,12.495233],[122.544349,12.495414],[122.544533,12.495414],[122.544533,12.495233]]],[[[122.55116,12.495064],[122.550975,12.495425],[122.551159,12.495425],[122.55116,12.495064]]],[[[122.571038,12.495458],[122.570854,12.495277],[122.570854,12.495458],[122.571038,12.495458]]],[[[122.57159,12.495278],[122.571406,12.495458],[122.57159,12.495459],[122.57159,12.495278]]],[[[122.532201,12.495574],[122.532017,12.495393],[122.532017,12.495574],[122.532201,12.495574]]],[[[122.545085,12.495596],[122.54527,12.495054],[122.545086,12.495054],[122.545085,12.495596]]],[[[122.570486,12.495457],[122.570301,12.495637],[122.570485,12.495638],[122.570486,12.495457]]],[[[122.571406,12.495639],[122.571038,12.495458],[122.571038,12.495639],[122.571406,12.495639]]],[[[122.500358,12.495517],[122.500174,12.495697],[122.500358,12.495698],[122.500358,12.495517]]],[[[122.532201,12.495574],[122.532384,12.495755],[122.532385,12.495574],[122.532201,12.495574]]],[[[122.544164,12.495775],[122.544349,12.495595],[122.544165,12.495595],[122.544164,12.495775]]],[[[122.550606,12.495786],[122.550791,12.495606],[122.550607,12.495605],[122.550606,12.495786]]],[[[122.570117,12.495637],[122.569933,12.495818],[122.570117,12.495818],[122.570117,12.495637]]],[[[122.544164,12.495775],[122.54398,12.495956],[122.544164,12.495956],[122.544164,12.495775]]],[[[122.550606,12.495786],[122.550422,12.495967],[122.550606,12.495967],[122.550606,12.495786]]],[[[122.50091,12.49588],[122.500725,12.49606],[122.500909,12.49606],[122.50091,12.49588]]],[[[122.504407,12.495886],[122.504222,12.496067],[122.504407,12.496067],[122.504407,12.495886]]],[[[122.54398,12.495956],[122.543796,12.496136],[122.54398,12.496137],[122.54398,12.495956]]],[[[122.544716,12.495957],[122.544532,12.496138],[122.544716,12.496138],[122.544716,12.495957]]],[[[122.550422,12.495967],[122.550238,12.496147],[122.550422,12.496148],[122.550422,12.495967]]],[[[122.501277,12.496061],[122.501093,12.496242],[122.501277,12.496242],[122.501277,12.496061]]],[[[122.538458,12.496127],[122.538273,12.496308],[122.538457,12.496308],[122.538458,12.496127]]],[[[122.550238,12.496147],[122.550053,12.496328],[122.550237,12.496328],[122.550238,12.496147]]],[[[122.500172,12.496421],[122.499805,12.495878],[122.49962,12.49642],[122.500172,12.496421]]],[[[122.502197,12.496244],[122.501645,12.496424],[122.502197,12.496401],[122.502197,12.496244]]],[[[122.504038,12.496247],[122.503301,12.496427],[122.504038,12.496428],[122.504038,12.496247]]],[[[122.543611,12.496317],[122.543427,12.496498],[122.543611,12.496498],[122.543611,12.496317]]],[[[122.550053,12.496328],[122.549869,12.496508],[122.550053,12.496509],[122.550053,12.496328]]],[[[122.569748,12.496541],[122.569933,12.495999],[122.569749,12.495998],[122.569748,12.496541]]],[[[122.491033,12.496394],[122.490849,12.496574],[122.491033,12.496574],[122.491033,12.496394]]],[[[122.569748,12.496541],[122.569563,12.496721],[122.569747,12.496722],[122.569748,12.496541]]],[[[122.532015,12.496659],[122.53183,12.496839],[122.532014,12.49684],[122.532015,12.496659]]],[[[122.539377,12.496672],[122.538825,12.496851],[122.539377,12.496852],[122.539377,12.496672]]],[[[122.559992,12.496525],[122.559808,12.496887],[122.559992,12.49688],[122.559992,12.496525]]],[[[122.569379,12.496721],[122.569195,12.496902],[122.569379,12.496902],[122.569379,12.496721]]],[[[122.490665,12.496574],[122.49048,12.496935],[122.490664,12.496935],[122.490665,12.496574]]],[[[122.538456,12.497032],[122.538641,12.496489],[122.538457,12.496489],[122.538456,12.497032]]],[[[122.569011,12.496901],[122.568826,12.497082],[122.56901,12.497082],[122.569011,12.496901]]],[[[122.521895,12.494652],[122.523183,12.494654],[122.525205,12.496466],[122.527044,12.497193],[122.527045,12.49665],[122.524656,12.494657],[122.524291,12.492667],[122.523555,12.492665],[122.523188,12.491941],[122.521532,12.491757],[122.520795,12.492479],[122.521159,12.494289],[122.521895,12.494652]],[[122.521896,12.49429],[122.521344,12.493746],[122.521162,12.492661],[122.523553,12.49375],[122.523552,12.494474],[122.521896,12.49429]]],[[[122.532198,12.497021],[122.532014,12.497201],[122.532198,12.497202],[122.532198,12.497021]]],[[[122.538456,12.497032],[122.538272,12.497212],[122.538456,12.497213],[122.538456,12.497032]]],[[[122.549685,12.496508],[122.548765,12.496507],[122.548215,12.49524],[122.546926,12.495237],[122.546557,12.495779],[122.544901,12.495596],[122.545083,12.4965],[122.544531,12.496319],[122.544531,12.496861],[122.547293,12.495781],[122.548029,12.495963],[122.548211,12.497229],[122.5495,12.49705],[122.549685,12.496508]]],[[[122.568458,12.497081],[122.568274,12.497262],[122.568458,12.497262],[122.568458,12.497081]]],[[[122.532566,12.497202],[122.532381,12.497383],[122.532566,12.497383],[122.532566,12.497202]]],[[[122.538824,12.497394],[122.53864,12.497213],[122.53864,12.497394],[122.538824,12.497394]]],[[[122.54361,12.497221],[122.543425,12.497402],[122.543609,12.497402],[122.54361,12.497221]]],[[[122.553365,12.497419],[122.555574,12.497241],[122.556128,12.496157],[122.555024,12.495613],[122.552998,12.496694],[122.553365,12.497419]]],[[[122.554102,12.496696],[122.55539,12.496879],[122.55576,12.496156],[122.554471,12.496154],[122.554102,12.496696]]],[[[122.533302,12.497385],[122.533117,12.497565],[122.533301,12.497565],[122.533302,12.497385]]],[[[122.538824,12.497394],[122.539007,12.497575],[122.539008,12.497394],[122.538824,12.497394]]],[[[122.53956,12.497395],[122.539375,12.497576],[122.53956,12.497576],[122.53956,12.497395]]],[[[122.544713,12.497766],[122.544346,12.497042],[122.544345,12.497765],[122.544713,12.497766]]],[[[122.565145,12.497438],[122.56588,12.497801],[122.565881,12.497439],[122.565145,12.497438]]],[[[122.566432,12.497802],[122.56809,12.497262],[122.566065,12.497439],[122.566432,12.497802]]],[[[122.543425,12.497764],[122.54324,12.497944],[122.543424,12.497944],[122.543425,12.497764]]],[[[122.549499,12.497412],[122.549498,12.497955],[122.549866,12.497955],[122.549867,12.497413],[122.549499,12.497412]]],[[[122.565144,12.497619],[122.56496,12.49798],[122.565144,12.49798],[122.565144,12.497619]]],[[[122.539559,12.498119],[122.539374,12.498299],[122.539558,12.4983],[122.539559,12.498119]]],[[[122.565143,12.498342],[122.564959,12.498523],[122.565143,12.498523],[122.565143,12.498342]]],[[[122.56459,12.498658],[122.564775,12.498522],[122.564591,12.498522],[122.56459,12.498658]]],[[[122.564038,12.498702],[122.563854,12.498823],[122.564038,12.498769],[122.564038,12.498702]]],[[[122.5333,12.498289],[122.533115,12.498831],[122.533299,12.498831],[122.5333,12.498289]]],[[[122.543055,12.498667],[122.54287,12.498848],[122.543055,12.498848],[122.543055,12.498667]]],[[[122.533483,12.499013],[122.533299,12.499193],[122.533483,12.499193],[122.533483,12.499013]]],[[[122.538637,12.499021],[122.538452,12.499202],[122.538636,12.499202],[122.538637,12.499021]]],[[[122.542502,12.499209],[122.542317,12.499389],[122.542501,12.49939],[122.542502,12.499209]]],[[[122.539557,12.499023],[122.539372,12.499565],[122.539556,12.499566],[122.539557,12.499023]]],[[[122.53385,12.499556],[122.533666,12.499736],[122.53385,12.499737],[122.53385,12.499556]]],[[[122.539924,12.499747],[122.539739,12.499928],[122.539924,12.499928],[122.539924,12.499747]]],[[[122.54066,12.499748],[122.540476,12.499929],[122.54066,12.499929],[122.54066,12.499748]]],[[[122.533849,12.499917],[122.533665,12.500098],[122.533849,12.500098],[122.533849,12.499917]]],[[[122.537714,12.500286],[122.537899,12.500105],[122.537714,12.500105],[122.537714,12.500286]]],[[[122.533297,12.500278],[122.533112,12.500459],[122.533296,12.500459],[122.533297,12.500278]]],[[[122.537714,12.500286],[122.53753,12.500466],[122.537714,12.500467],[122.537714,12.500286]]],[[[122.533112,12.50064],[122.532927,12.50082],[122.533112,12.50082],[122.533112,12.50064]]],[[[122.536241,12.500826],[122.536056,12.501006],[122.53624,12.501007],[122.536241,12.500826]]],[[[122.535688,12.501006],[122.535504,12.501186],[122.535688,12.501187],[122.535688,12.501006]]],[[[122.534951,12.501547],[122.535135,12.501366],[122.534951,12.501366],[122.534951,12.501547]]],[[[122.53311,12.501544],[122.53309,12.50157],[122.53311,12.501625],[122.53311,12.501544]]],[[[122.534951,12.501547],[122.534767,12.501728],[122.534951,12.501728],[122.534951,12.501547]]],[[[122.534582,12.501727],[122.534398,12.501908],[122.534582,12.501908],[122.534582,12.501727]]],[[[122.533662,12.501907],[122.533595,12.502044],[122.533661,12.502087],[122.533662,12.501907]]]]}},{"type":"Feature","properties":{"haz":3},"geometry":{"type":"MultiPolygon","coordinates":[[[[122.672936,12.317323],[122.672936,12.317684],[122.673486,12.317866],[122.673334,12.31774],[122.672936,12.317323]]],[[[122.673487,12.317867],[122.674589,12.319133],[122.674957,12.319134],[122.674604,12.318763],[122.673487,12.317867]]],[[[122.675129,12.319281],[122.674957,12.319315],[122.675174,12.319315],[122.675129,12.319281]]],[[[122.675348,12.319483],[122.675325,12.319496],[122.675364,12.319496],[122.675348,12.319483]]],[[[122.675529,12.319612],[122.675508,12.319677],[122.67558,12.319677],[122.675529,12.319612]]],[[[122.675709,12.319844],[122.675692,12.319858],[122.675722,12.319858],[122.675709,12.319844]]],[[[122.675898,12.320023],[122.675876,12.320039],[122.675913,12.320039],[122.675898,12.320023]]],[[[122.676061,12.320215],[122.676059,12.32022],[122.676066,12.32022],[122.676061,12.320215]]],[[[122.67628,12.320384],[122.676243,12.320401],[122.676296,12.320401],[122.67628,12.320384]]],[[[122.676434,12.320547],[122.676427,12.320582],[122.676466,12.320582],[122.676434,12.320547]]],[[[122.676755,12.320925],[122.67661,12.320944],[122.676776,12.320945],[122.676755,12.320925]]],[[[122.6769,12.321105],[122.676794,12.321125],[122.676921,12.321126],[122.6769,12.321105]]],[[[122.677042,12.321279],[122.676978,12.321307],[122.677092,12.321307],[122.677042,12.321279]]],[[[122.678131,12.322574],[122.677162,12.321345],[122.677161,12.32203],[122.678131,12.322574]]],[[[122.678373,12.32273],[122.678264,12.322755],[122.678399,12.322755],[122.678373,12.32273]]],[[[122.678489,12.322829],[122.678447,12.322936],[122.6786,12.322936],[122.678489,12.322829]]],[[[122.678745,12.323098],[122.678631,12.323117],[122.678753,12.323117],[122.678745,12.323098]]],[[[122.678887,12.323349],[122.678815,12.323479],[122.67898,12.323479],[122.678887,12.323349]]],[[[122.679066,12.323585],[122.678998,12.32366],[122.679122,12.32366],[122.679066,12.323585]]],[[[122.67936,12.323972],[122.679182,12.324022],[122.679496,12.324203],[122.67936,12.323972]]],[[[122.679621,12.324505],[122.679549,12.324565],[122.679642,12.324565],[122.679621,12.324505]]],[[[122.67978,12.32483],[122.679733,12.324927],[122.679837,12.324927],[122.67978,12.32483]]],[[[122.67998,12.325139],[122.679916,12.325289],[122.680069,12.325289],[122.67998,12.325139]]],[[[122.680183,12.325493],[122.6801,12.325651],[122.68026,12.325651],[122.680183,12.325493]]],[[[122.680405,12.325946],[122.680283,12.326013],[122.680454,12.326013],[122.680405,12.325946]]],[[[122.680559,12.326163],[122.680467,12.326375],[122.680807,12.326556],[122.680559,12.326163]]],[[[122.680834,12.326599],[122.680834,12.326918],[122.681353,12.327642],[122.6811,12.327035],[122.680834,12.326599]]],[[[122.681446,12.327798],[122.681384,12.328004],[122.681567,12.328004],[122.681446,12.327798]]],[[[122.681653,12.328203],[122.681568,12.328365],[122.681737,12.328366],[122.681653,12.328203]]],[[[122.681808,12.328491],[122.681751,12.328727],[122.681909,12.328728],[122.681808,12.328491]]],[[[122.681996,12.328963],[122.681935,12.329089],[122.682071,12.32909],[122.681996,12.328963]]],[[[122.682119,12.329165],[122.682301,12.330537],[122.683005,12.331804],[122.682795,12.330789],[122.682119,12.329165]]],[[[122.68307,12.331939],[122.683035,12.332165],[122.683534,12.332528],[122.68307,12.331939]]],[[[122.683586,12.332609],[122.683586,12.332709],[122.683649,12.332709],[122.683586,12.332609]]],[[[122.68377,12.332898],[122.68377,12.33307],[122.68388,12.333071],[122.68377,12.332898]]],[[[122.683953,12.33319],[122.683953,12.333432],[122.684072,12.333433],[122.683953,12.33319]]],[[[122.684137,12.333566],[122.684136,12.334156],[122.684467,12.33488],[122.684269,12.333835],[122.684137,12.333566]]],[[[122.557387,12.339044],[122.55794,12.338321],[122.557759,12.336512],[122.559235,12.333621],[122.560524,12.3329],[122.561812,12.332902],[122.563469,12.331819],[122.565125,12.331641],[122.566785,12.328569],[122.56789,12.327667],[122.567707,12.327124],[122.566972,12.327123],[122.566237,12.326398],[122.564949,12.326396],[122.565502,12.325673],[122.564767,12.325672],[122.564768,12.32513],[122.566057,12.324047],[122.565875,12.323142],[122.565139,12.323141],[122.565139,12.322779],[122.565507,12.32278],[122.565508,12.322237],[122.566611,12.322601],[122.566061,12.321695],[122.567164,12.321878],[122.566981,12.321154],[122.567534,12.320974],[122.567535,12.320251],[122.568272,12.319529],[122.567721,12.318804],[122.568275,12.317358],[122.568093,12.316092],[122.570116,12.316638],[122.5692,12.314104],[122.569385,12.313381],[122.571225,12.313384],[122.571042,12.312299],[122.572331,12.311396],[122.573251,12.311398],[122.573804,12.310675],[122.575459,12.310678],[122.576013,12.309593],[122.577484,12.309957],[122.576934,12.308691],[122.579326,12.308333],[122.580063,12.307429],[122.581719,12.307251],[122.583744,12.306169],[122.58503,12.306533],[122.585952,12.30563],[122.589628,12.307082],[122.589995,12.307806],[122.592939,12.306725],[122.593858,12.307269],[122.594227,12.306546],[122.599193,12.306735],[122.601033,12.306376],[122.601033,12.305833],[122.601585,12.305834],[122.602136,12.306739],[122.602688,12.306378],[122.602324,12.304026],[122.603062,12.302038],[122.603615,12.301496],[122.605638,12.301499],[122.606192,12.300234],[122.607112,12.3],[122.602055,12.3],[122.596274,12.304105],[122.590277,12.304413],[122.587689,12.303176],[122.584525,12.303366],[122.580335,12.30286],[122.576717,12.30505],[122.572471,12.30671],[122.568909,12.309588],[122.565018,12.31085],[122.565135,12.311391],[122.564408,12.311782],[122.563744,12.31146],[122.563781,12.310897],[122.56163,12.314227],[122.560783,12.316866],[122.561248,12.317423],[122.560426,12.317924],[122.560581,12.320858],[122.558428,12.32686],[122.55624,12.335041],[122.553286,12.340484],[122.554073,12.340304],[122.554444,12.338858],[122.554993,12.340306],[122.555914,12.339403],[122.557387,12.339044]]],[[[122.654013,12.300118],[122.661545,12.306819],[122.665772,12.309899],[122.667057,12.311347],[122.665953,12.31225],[122.665952,12.312974],[122.667424,12.312795],[122.668526,12.3137],[122.670365,12.313702],[122.67165,12.316236],[122.672935,12.317323],[122.671714,12.315787],[122.669897,12.310138],[122.668185,12.309473],[122.664803,12.306433],[122.661916,12.304836],[122.659778,12.301978],[122.656044,12.3],[122.654013,12.300118]]],[[[122.574177,12.307601],[122.574728,12.307783],[122.574914,12.306879],[122.574177,12.307601]]],[[[122.574731,12.306155],[122.575098,12.306517],[122.575099,12.306156],[122.574731,12.306155]]],[[[122.553153,12.340846],[122.553075,12.34072],[122.552994,12.340845],[122.553153,12.340846]]],[[[122.558122,12.339045],[122.556833,12.340309],[122.556832,12.340852],[122.557567,12.340853],[122.558122,12.339045]]],[[[122.552969,12.340909],[122.552925,12.341646],[122.552792,12.342292],[122.552966,12.342292],[122.552969,12.340909]]],[[[122.552782,12.342654],[122.552729,12.342478],[122.552683,12.342653],[122.552782,12.342654]]],[[[122.555541,12.342839],[122.555725,12.342477],[122.555357,12.342839],[122.555541,12.342839]]],[[[122.683206,12.343198],[122.685047,12.341392],[122.68615,12.341935],[122.686179,12.342659],[122.686362,12.340632],[122.684789,12.338828],[122.684464,12.335965],[122.68413,12.338858],[122.682842,12.339761],[122.681184,12.34193],[122.681183,12.342653],[122.68247,12.343197],[122.683206,12.343198]]],[[[122.686149,12.343382],[122.686149,12.343454],[122.686158,12.343382],[122.686149,12.343382]]],[[[122.552597,12.343196],[122.552573,12.34331],[122.552596,12.3435],[122.552597,12.343196]]],[[[122.68063,12.343376],[122.680997,12.343738],[122.680998,12.343376],[122.68063,12.343376]]],[[[122.552961,12.345576],[122.552667,12.343919],[122.552736,12.34515],[122.552961,12.345576]]],[[[122.552606,12.347717],[122.553143,12.346633],[122.553144,12.345729],[122.552606,12.347717]]],[[[122.552589,12.347898],[122.552556,12.347821],[122.552543,12.347898],[122.552589,12.347898]]],[[[122.55222,12.34844],[122.552151,12.34839],[122.552054,12.34844],[122.55222,12.34844]]],[[[122.550755,12.350789],[122.55185,12.349344],[122.552036,12.348456],[122.551044,12.350006],[122.550755,12.350789]]],[[[122.549083,12.354041],[122.548898,12.354584],[122.549082,12.354584],[122.549083,12.354041]]],[[[122.54503,12.35729],[122.544995,12.357226],[122.544955,12.35729],[122.54503,12.35729]]],[[[122.544846,12.357471],[122.544721,12.357443],[122.544718,12.357471],[122.544846,12.357471]]],[[[122.544662,12.357502],[122.544647,12.357526],[122.544662,12.357558],[122.544662,12.357502]]],[[[122.544661,12.357832],[122.544627,12.357757],[122.544563,12.357832],[122.544661,12.357832]]],[[[122.544477,12.358013],[122.54445,12.357977],[122.54442,12.358013],[122.544477,12.358013]]],[[[122.544293,12.358193],[122.544287,12.358187],[122.54428,12.358193],[122.544293,12.358193]]],[[[122.544108,12.358555],[122.544047,12.358425],[122.543953,12.358554],[122.544108,12.358555]]],[[[122.543924,12.358735],[122.543825,12.358688],[122.543766,12.358735],[122.543924,12.358735]]],[[[122.54374,12.358916],[122.543703,12.358789],[122.543608,12.358916],[122.54374,12.358916]]],[[[122.548899,12.35386],[122.550744,12.3508],[122.548911,12.352931],[122.546535,12.354621],[122.545058,12.357109],[122.545583,12.356929],[122.544843,12.359098],[122.545026,12.359822],[122.547237,12.357836],[122.547238,12.357475],[122.54595,12.357111],[122.546321,12.355484],[122.54798,12.353859],[122.548899,12.35386]]],[[[122.542266,12.360179],[122.542223,12.360141],[122.542172,12.360179],[122.542266,12.360179]]],[[[122.542082,12.36036],[122.542039,12.360274],[122.541933,12.36036],[122.542082,12.36036]]],[[[122.541897,12.36054],[122.541765,12.360512],[122.541742,12.36054],[122.541897,12.36054]]],[[[122.540816,12.361624],[122.541528,12.361263],[122.541713,12.360578],[122.540816,12.361624]]],[[[122.544842,12.359822],[122.543738,12.35982],[122.543556,12.358973],[122.543011,12.358982],[122.542405,12.359999],[122.543002,12.360181],[122.543182,12.36217],[122.544655,12.36163],[122.544105,12.360544],[122.544842,12.359822]]],[[[122.539127,12.366866],[122.538943,12.366685],[122.538943,12.366865],[122.539127,12.366866]]],[[[122.539127,12.366866],[122.53931,12.367047],[122.539311,12.366866],[122.539127,12.366866]]],[[[122.522192,12.372262],[122.522148,12.372258],[122.522132,12.372262],[122.522192,12.372262]]],[[[122.519518,12.372619],[122.520168,12.372078],[122.521913,12.372262],[122.52079,12.371623],[122.520312,12.371865],[122.519518,12.372619]]],[[[122.52771,12.372453],[122.529184,12.371732],[122.529001,12.370827],[122.529554,12.370105],[122.530475,12.369745],[122.530844,12.369022],[122.531948,12.369024],[122.532134,12.367939],[122.533606,12.367761],[122.533976,12.366676],[122.535081,12.365774],[122.535632,12.366679],[122.536183,12.36668],[122.536184,12.366318],[122.538391,12.366684],[122.538392,12.36596],[122.540233,12.365602],[122.540603,12.364155],[122.541708,12.363434],[122.540974,12.362709],[122.539502,12.362887],[122.540606,12.362347],[122.540791,12.361672],[122.538197,12.36287],[122.535842,12.3649],[122.532884,12.36612],[122.531811,12.365822],[122.530169,12.367589],[122.530392,12.368105],[122.529226,12.367907],[122.52687,12.371058],[122.523711,12.372084],[122.52771,12.372453]]],[[[122.538946,12.365057],[122.539498,12.364877],[122.539499,12.364334],[122.538763,12.364514],[122.538946,12.365057]]],[[[122.519431,12.3728],[122.519343,12.372771],[122.519287,12.3728],[122.519431,12.3728]]],[[[122.519613,12.373705],[122.519429,12.374066],[122.519613,12.374066],[122.519613,12.373705]]],[[[122.685521,12.377672],[122.686032,12.375032],[122.687714,12.371274],[122.68814,12.370741],[122.689139,12.37134],[122.688548,12.37033],[122.69123,12.366849],[122.691821,12.365329],[122.69271,12.364943],[122.691712,12.363658],[122.691818,12.361909],[122.69115,12.359751],[122.689986,12.357956],[122.68899,12.353836],[122.687824,12.352735],[122.686699,12.350648],[122.68602,12.346989],[122.686059,12.344286],[122.685777,12.346637],[122.685224,12.34736],[122.685775,12.348265],[122.685773,12.349712],[122.684667,12.352062],[122.68393,12.352423],[122.684665,12.352966],[122.684295,12.355136],[122.685397,12.356765],[122.685212,12.35785],[122.685579,12.358393],[122.687971,12.358215],[122.688337,12.35912],[122.685943,12.361649],[122.685391,12.361648],[122.685024,12.360924],[122.684288,12.361285],[122.686861,12.363459],[122.685649,12.363764],[122.686014,12.366115],[122.684357,12.367198],[122.68417,12.369369],[122.683248,12.371357],[122.684536,12.371178],[122.684535,12.37172],[122.683615,12.372443],[122.685085,12.373529],[122.686006,12.372626],[122.685824,12.37136],[122.687296,12.371],[122.685449,12.376604],[122.684713,12.376784],[122.684527,12.378955],[122.685443,12.381488],[122.68762,12.382756],[122.685951,12.381244],[122.685521,12.377672]]],[[[122.687695,12.38287],[122.68765,12.382937],[122.687735,12.382937],[122.687695,12.38287]]],[[[122.687853,12.383106],[122.687833,12.383118],[122.687863,12.383118],[122.687853,12.383106]]],[[[122.688413,12.383751],[122.688384,12.383842],[122.68847,12.383842],[122.688413,12.383751]]],[[[122.688581,12.384009],[122.688568,12.384023],[122.688589,12.384023],[122.688581,12.384009]]],[[[122.689122,12.38456],[122.689119,12.384567],[122.689129,12.384567],[122.689122,12.38456]]],[[[122.473184,12.389624],[122.473155,12.389655],[122.473212,12.389655],[122.473184,12.389624]]],[[[122.473283,12.389655],[122.473413,12.389532],[122.473257,12.389552],[122.473283,12.389655]]],[[[122.472842,12.389835],[122.472377,12.389623],[122.472395,12.389834],[122.472842,12.389835]]],[[[122.473788,12.389804],[122.473762,12.389837],[122.473819,12.389837],[122.473788,12.389804]]],[[[122.471773,12.390014],[122.471593,12.389949],[122.471504,12.390013],[122.471773,12.390014]]],[[[122.474612,12.390019],[122.474178,12.38987],[122.47413,12.390018],[122.474612,12.390019]]],[[[122.47137,12.390194],[122.471312,12.390144],[122.471276,12.390194],[122.47137,12.390194]]],[[[122.474722,12.390177],[122.474681,12.3902],[122.474776,12.390201],[122.474722,12.390177]]],[[[122.475296,12.390382],[122.475211,12.390361],[122.475049,12.390292],[122.475049,12.390382],[122.475296,12.390382]]],[[[122.471001,12.390543],[122.470983,12.390555],[122.471001,12.390555],[122.471001,12.390543]]],[[[122.470817,12.390659],[122.470695,12.390735],[122.470817,12.390735],[122.470817,12.390659]]],[[[122.470632,12.390774],[122.470401,12.390915],[122.470632,12.390916],[122.470632,12.390774]]],[[[122.465662,12.392353],[122.465125,12.392048],[122.463976,12.39235],[122.465662,12.392353]]],[[[122.463821,12.39253],[122.463742,12.392454],[122.463369,12.392529],[122.463821,12.39253]]],[[[122.467869,12.392538],[122.468975,12.391455],[122.469895,12.391457],[122.470264,12.390987],[122.466496,12.392174],[122.467317,12.392537],[122.467869,12.392538]]],[[[122.508539,12.392675],[122.510197,12.391593],[122.512773,12.391597],[122.510934,12.391232],[122.509648,12.390145],[122.510387,12.388518],[122.511491,12.388339],[122.511861,12.387074],[122.511864,12.385808],[122.510946,12.384721],[122.510951,12.382009],[122.512056,12.381468],[122.513527,12.381832],[122.512425,12.381107],[122.512795,12.379661],[122.513901,12.378758],[122.51482,12.379303],[122.51574,12.379123],[122.51556,12.376953],[122.517219,12.375328],[122.516485,12.374061],[122.518325,12.373883],[122.519062,12.373523],[122.519247,12.372823],[122.517775,12.373596],[122.514805,12.373023],[122.512335,12.373671],[122.511186,12.374809],[122.511227,12.375401],[122.510423,12.375474],[122.510912,12.374211],[122.508454,12.375856],[122.506607,12.37578],[122.50564,12.376789],[122.505505,12.378091],[122.504608,12.377641],[122.505012,12.376514],[122.499131,12.383179],[122.496734,12.384813],[122.493229,12.385981],[122.490422,12.385392],[122.48359,12.386218],[122.478777,12.389796],[122.475601,12.390449],[122.477991,12.391292],[122.478357,12.392016],[122.480199,12.391115],[122.483326,12.391302],[122.483328,12.390759],[122.482776,12.390578],[122.482777,12.390035],[122.483329,12.389855],[122.484249,12.390038],[122.484983,12.390943],[122.485169,12.389678],[122.484435,12.389134],[122.484807,12.386964],[122.484988,12.388412],[122.486642,12.389138],[122.48756,12.390225],[122.489584,12.390229],[122.49161,12.388967],[122.493817,12.389694],[122.494925,12.387345],[122.498422,12.386809],[122.499537,12.385605],[122.501009,12.385608],[122.502295,12.386514],[122.504687,12.386338],[122.506155,12.388511],[122.506153,12.389596],[122.506705,12.389959],[122.506884,12.39231],[122.508539,12.392675]]],[[[122.508175,12.390504],[122.508726,12.391228],[122.509645,12.391592],[122.508911,12.390505],[122.508175,12.390504]]],[[[122.455415,12.394503],[122.455208,12.394436],[122.455152,12.39448],[122.455415,12.394503]]],[[[122.454986,12.394683],[122.454938,12.394657],[122.454897,12.394683],[122.454986,12.394683]]],[[[122.458665,12.39469],[122.461613,12.392888],[122.462967,12.392529],[122.462829,12.392298],[122.462383,12.392088],[122.460245,12.393571],[122.458299,12.393773],[122.458851,12.393967],[122.458665,12.39469]]],[[[122.453881,12.395223],[122.453722,12.395108],[122.453704,12.395155],[122.453881,12.395223]]],[[[122.453696,12.395404],[122.453367,12.395171],[122.453326,12.395298],[122.453696,12.395404]]],[[[122.452844,12.395764],[122.453328,12.395584],[122.453328,12.395444],[122.452844,12.395764]]],[[[122.451808,12.396123],[122.451786,12.396113],[122.451782,12.396123],[122.451808,12.396123]]],[[[122.451855,12.396123],[122.451838,12.396093],[122.451846,12.396123],[122.451855,12.396123]]],[[[122.697015,12.397959],[122.69688,12.397942],[122.69684,12.397959],[122.697015,12.397959]]],[[[122.697917,12.397941],[122.697751,12.39796],[122.697972,12.39796],[122.697917,12.397941]]],[[[122.698313,12.398149],[122.698119,12.398322],[122.698303,12.398517],[122.698313,12.398149]]],[[[122.45,12.397448],[122.450012,12.397567],[122.451671,12.396216],[122.45,12.397448]]],[[[122.698315,12.399191],[122.698302,12.399227],[122.698334,12.399227],[122.698315,12.399191]]],[[[122.698486,12.399393],[122.698486,12.399408],[122.698499,12.399408],[122.698486,12.399393]]],[[[122.698785,12.399659],[122.69867,12.39959],[122.698669,12.400492],[122.698785,12.399659]]],[[[122.698484,12.400674],[122.698484,12.400822],[122.698574,12.400674],[122.698484,12.400674]]],[[[122.698483,12.401759],[122.69865,12.40169],[122.698483,12.401383],[122.698483,12.401759]]],[[[122.698115,12.401939],[122.698115,12.401996],[122.698212,12.401939],[122.698115,12.401939]]],[[[122.697562,12.4023],[122.697562,12.402367],[122.697609,12.4023],[122.697562,12.4023]]],[[[122.681922,12.402644],[122.681738,12.402463],[122.681738,12.402644],[122.681922,12.402644]]],[[[122.681922,12.402644],[122.68229,12.402825],[122.68229,12.402645],[122.681922,12.402644]]],[[[122.679713,12.403908],[122.681369,12.403729],[122.68137,12.403005],[122.679897,12.403184],[122.679713,12.403908]]],[[[122.689831,12.405185],[122.689463,12.405366],[122.689831,12.405366],[122.689831,12.405185]]],[[[122.68229,12.403006],[122.685967,12.405543],[122.687991,12.405183],[122.689649,12.403557],[122.690385,12.403739],[122.690384,12.404463],[122.690936,12.404463],[122.691306,12.402836],[122.690385,12.403197],[122.690386,12.402654],[122.691306,12.402655],[122.69223,12.39922],[122.69315,12.398859],[122.694436,12.40085],[122.69591,12.399586],[122.695911,12.39832],[122.696804,12.397959],[122.696104,12.396867],[122.695066,12.397097],[122.695772,12.393908],[122.692477,12.390988],[122.689987,12.385066],[122.689671,12.385291],[122.690954,12.389271],[122.692056,12.3909],[122.692055,12.391804],[122.690583,12.391983],[122.689846,12.392706],[122.689844,12.394515],[122.690579,12.39542],[122.690209,12.397047],[122.687817,12.397044],[122.68708,12.397948],[122.687447,12.398491],[122.688184,12.397768],[122.689104,12.39795],[122.68947,12.399217],[122.687076,12.401022],[122.68542,12.400659],[122.684315,12.402104],[122.68229,12.403006]]],[[[122.695165,12.406819],[122.696584,12.403945],[122.697377,12.402925],[122.697485,12.402481],[122.695904,12.404288],[122.695719,12.405554],[122.694982,12.406096],[122.695165,12.406819]]],[[[122.686885,12.407171],[122.687805,12.406992],[122.68799,12.406449],[122.686885,12.40681],[122.686885,12.407171]]],[[[122.695246,12.407543],[122.695164,12.407723],[122.695164,12.407753],[122.695246,12.407543]]],[[[122.69498,12.407904],[122.69498,12.408074],[122.695088,12.407904],[122.69498,12.407904]]],[[[122.694583,12.408345],[122.694612,12.408085],[122.694427,12.408347],[122.694583,12.408345]]],[[[122.693225,12.409352],[122.693835,12.409001],[122.694102,12.408446],[122.693323,12.408807],[122.693225,12.409352]]],[[[122.692954,12.40953],[122.692954,12.409568],[122.692979,12.40953],[122.692954,12.40953]]],[[[122.69277,12.40971],[122.69277,12.409786],[122.692851,12.40971],[122.69277,12.40971]]],[[[122.691556,12.410729],[122.692181,12.410021],[122.692601,12.409891],[122.69185,12.40989],[122.691556,12.410729]]],[[[122.688531,12.41562],[122.689266,12.412979],[122.691534,12.41122],[122.691463,12.410794],[122.689457,12.410611],[122.687798,12.412598],[122.686875,12.414948],[122.688531,12.41562]]],[[[122.68853,12.415854],[122.68853,12.415855],[122.688531,12.415855],[122.68853,12.415854]]],[[[122.688714,12.416467],[122.688713,12.417121],[122.688713,12.4172],[122.688871,12.417033],[122.688714,12.416467]]],[[[122.68816,12.417663],[122.68816,12.417735],[122.688253,12.417663],[122.68816,12.417663]]],[[[122.687424,12.418205],[122.687424,12.418211],[122.687431,12.418205],[122.687424,12.418205]]],[[[122.687193,12.418385],[122.687061,12.418614],[122.687092,12.418646],[122.687193,12.418385]]],[[[122.684627,12.424531],[122.684723,12.424135],[122.684288,12.424531],[122.684627,12.424531]]],[[[122.685023,12.425255],[122.684945,12.424787],[122.684656,12.424562],[122.685023,12.425255]]],[[[122.682262,12.425976],[122.682999,12.42471],[122.684126,12.42435],[122.685237,12.42119],[122.686843,12.419147],[122.686937,12.418566],[122.686319,12.418565],[122.685768,12.41766],[122.684295,12.418201],[122.685582,12.419468],[122.684475,12.42218],[122.681159,12.424708],[122.682262,12.425976]]],[[[122.686599,12.428295],[122.686491,12.428332],[122.686654,12.428332],[122.686599,12.428295]]],[[[122.686618,12.428874],[122.686951,12.428575],[122.686675,12.428349],[122.686618,12.428874]]],[[[122.681058,12.436901],[122.682286,12.435166],[122.682281,12.434091],[122.68364,12.433428],[122.683521,12.432062],[122.684412,12.429751],[122.686123,12.428778],[122.685571,12.428511],[122.686017,12.42815],[122.685216,12.427472],[122.685169,12.425436],[122.684468,12.427606],[122.683178,12.429051],[122.683914,12.429233],[122.683913,12.429956],[122.681332,12.433751],[122.681515,12.435018],[122.680778,12.435921],[122.681058,12.436901]]],[[[122.680776,12.437368],[122.680776,12.437483],[122.680822,12.437368],[122.680776,12.437368]]],[[[122.680591,12.437729],[122.680591,12.4379],[122.680673,12.43773],[122.680591,12.437729]]],[[[122.680038,12.438374],[122.680321,12.438229],[122.680465,12.438091],[122.680038,12.438374]]],[[[122.679117,12.439157],[122.67947,12.438886],[122.679602,12.438669],[122.679705,12.438732],[122.680007,12.438452],[122.67967,12.438452],[122.679117,12.439157]]],[[[122.678933,12.439285],[122.679083,12.439174],[122.678933,12.439174],[122.678933,12.439285]]],[[[122.662613,12.467187],[122.66513,12.465061],[122.668194,12.463975],[122.669339,12.462732],[122.668613,12.461362],[122.666735,12.460371],[122.665097,12.460357],[122.664435,12.459061],[122.664933,12.457923],[122.664386,12.457181],[122.66497,12.454444],[122.665677,12.453715],[122.667747,12.45302],[122.668306,12.451732],[122.669338,12.450814],[122.668902,12.447479],[122.669273,12.447003],[122.670478,12.446976],[122.671115,12.445842],[122.671635,12.44573],[122.673078,12.44285],[122.673633,12.440487],[122.674953,12.439351],[122.6781,12.440315],[122.678883,12.43938],[122.677829,12.439535],[122.677647,12.438088],[122.676359,12.437544],[122.676178,12.43483],[122.675076,12.433744],[122.674523,12.434467],[122.674521,12.435914],[122.673968,12.436275],[122.674704,12.436818],[122.674886,12.438446],[122.673411,12.440253],[122.673042,12.441518],[122.672121,12.442241],[122.671566,12.444591],[122.669173,12.444588],[122.668257,12.441332],[122.666969,12.441511],[122.666599,12.443138],[122.665311,12.442956],[122.6677,12.44531],[122.667146,12.447118],[122.666225,12.447478],[122.667877,12.450736],[122.667507,12.452363],[122.666402,12.453266],[122.665113,12.453265],[122.664563,12.45236],[122.663274,12.45272],[122.663271,12.455252],[122.662534,12.455251],[122.661983,12.454346],[122.66088,12.453983],[122.660142,12.455248],[122.660324,12.456695],[122.658115,12.457416],[122.658666,12.457778],[122.659955,12.457418],[122.660506,12.458142],[122.660876,12.457238],[122.661796,12.457058],[122.662165,12.456336],[122.663085,12.456337],[122.663453,12.45688],[122.663117,12.458332],[122.660723,12.459595],[122.660721,12.461042],[122.658144,12.461762],[122.658879,12.462305],[122.659432,12.461583],[122.660537,12.461584],[122.661088,12.462127],[122.661273,12.461404],[122.664033,12.461588],[122.664768,12.462494],[122.666794,12.461773],[122.669002,12.462137],[122.669001,12.46268],[122.665317,12.464845],[122.66403,12.464301],[122.661269,12.46466],[122.6609,12.465382],[122.660163,12.465562],[122.660346,12.466829],[122.659609,12.467551],[122.659976,12.468094],[122.66108,12.468096],[122.661447,12.468899],[122.662613,12.467187]]],[[[122.661263,12.469181],[122.661263,12.469256],[122.661293,12.469181],[122.661263,12.469181]]],[[[122.450506,12.474069],[122.450958,12.472804],[122.45,12.472802],[122.450506,12.474069]]],[[[122.450768,12.475315],[122.450562,12.474973],[122.450494,12.475162],[122.450768,12.475315]]],[[[122.524134,12.478198],[122.52395,12.478017],[122.52395,12.478197],[122.524134,12.478198]]],[[[122.524134,12.478198],[122.524317,12.478379],[122.524318,12.478198],[122.524134,12.478198]]],[[[122.456367,12.482216],[122.455541,12.481494],[122.454441,12.479322],[122.454263,12.476428],[122.452609,12.47552],[122.450801,12.475336],[122.452774,12.477758],[122.453204,12.477623],[122.453656,12.479055],[122.455664,12.481696],[122.456367,12.482216]]],[[[122.459864,12.483937],[122.459402,12.483491],[122.459404,12.482406],[122.460145,12.480237],[122.458492,12.478606],[122.457571,12.478785],[122.457566,12.481317],[122.456634,12.482039],[122.456729,12.482421],[122.457217,12.482035],[122.457069,12.482722],[122.458058,12.482775],[122.459864,12.483937]]],[[[122.461236,12.48657],[122.461153,12.486488],[122.461236,12.4866],[122.461236,12.48657]]],[[[122.461417,12.486751],[122.461419,12.486753],[122.461419,12.486751],[122.461417,12.486751]]],[[[122.462156,12.486752],[122.462155,12.486846],[122.462218,12.486752],[122.462156,12.486752]]],[[[122.461971,12.486933],[122.461918,12.48696],[122.462083,12.486933],[122.461971,12.486933]]],[[[122.500926,12.487379],[122.500742,12.48756],[122.500926,12.48756],[122.500926,12.487379]]],[[[122.472042,12.487643],[122.471866,12.487501],[122.47171,12.48757],[122.472042,12.487643]]],[[[122.474853,12.487682],[122.473755,12.484967],[122.472652,12.484241],[122.4721,12.48424],[122.471546,12.484962],[122.470626,12.48496],[122.46842,12.483509],[122.467684,12.483508],[122.465105,12.484588],[122.461607,12.485123],[122.461607,12.484943],[122.460301,12.484036],[122.461099,12.485059],[122.461236,12.48634],[122.461789,12.485847],[122.462375,12.48665],[122.46558,12.484472],[122.468332,12.483776],[122.469467,12.484424],[122.469922,12.485033],[122.469293,12.484684],[122.469582,12.485451],[122.470679,12.48572],[122.471909,12.487435],[122.471727,12.48659],[122.472648,12.485869],[122.473201,12.48587],[122.474485,12.487681],[122.474853,12.487682]]],[[[122.501477,12.487923],[122.501293,12.487742],[122.501293,12.487923],[122.501477,12.487923]]],[[[122.52117,12.488501],[122.521354,12.488321],[122.52117,12.48832],[122.52117,12.488501]]],[[[122.52117,12.488501],[122.520986,12.488682],[122.52117,12.488682],[122.52117,12.488501]]],[[[122.472459,12.4884],[122.471974,12.487747],[122.472459,12.488755],[122.472459,12.4884]]],[[[122.534237,12.488886],[122.53387,12.488704],[122.533869,12.488885],[122.534237,12.488886]]],[[[122.533685,12.488885],[122.533133,12.489065],[122.533685,12.489066],[122.533685,12.488885]]],[[[122.47242,12.489061],[122.472458,12.488853],[122.472362,12.488836],[122.47242,12.489061]]],[[[122.534237,12.488886],[122.534789,12.489068],[122.534789,12.488887],[122.534237,12.488886]]],[[[122.534789,12.489249],[122.535157,12.48943],[122.535525,12.489431],[122.535341,12.489069],[122.534789,12.489249]]],[[[122.535893,12.489431],[122.535708,12.489612],[122.535893,12.489612],[122.535893,12.489431]]],[[[122.536813,12.489614],[122.536628,12.489794],[122.536812,12.489795],[122.536813,12.489614]]],[[[122.473377,12.489847],[122.472642,12.489305],[122.472443,12.489567],[122.473377,12.489847]]],[[[122.473745,12.48985],[122.473767,12.48987],[122.473799,12.48985],[122.473745,12.48985]]],[[[122.473381,12.489849],[122.473455,12.489879],[122.473525,12.489849],[122.473381,12.489849]]],[[[122.500367,12.490996],[122.500183,12.490814],[122.499999,12.490995],[122.500367,12.490996]]],[[[122.591475,12.491692],[122.591475,12.491744],[122.591574,12.491692],[122.591475,12.491692]]],[[[122.591106,12.491872],[122.591106,12.491961],[122.591249,12.491872],[122.591106,12.491872]]],[[[122.590738,12.492052],[122.590554,12.492205],[122.590949,12.492052],[122.590738,12.492052]]],[[[122.590369,12.492232],[122.590185,12.492372],[122.590483,12.492233],[122.590369,12.492232]]],[[[122.589449,12.492412],[122.58983,12.492499],[122.590087,12.492413],[122.589449,12.492412]]],[[[122.579324,12.493481],[122.579139,12.493662],[122.579324,12.493662],[122.579324,12.493481]]],[[[122.583925,12.493669],[122.583741,12.49374],[122.583975,12.49367],[122.583925,12.493669]]],[[[122.58282,12.493849],[122.583142,12.493872],[122.583275,12.493849],[122.58282,12.493849]]],[[[122.606002,12.494166],[122.608288,12.493546],[122.611236,12.491861],[122.613345,12.491396],[122.617191,12.493258],[122.623236,12.492077],[122.625933,12.493068],[122.629127,12.493094],[122.631281,12.491879],[122.632577,12.492801],[122.633733,12.492879],[122.634907,12.492198],[122.637084,12.484976],[122.638019,12.483709],[122.643753,12.483531],[122.644653,12.484152],[122.645836,12.483962],[122.647486,12.484617],[122.649074,12.483971],[122.652569,12.484367],[122.654451,12.484094],[122.656692,12.482242],[122.657151,12.480682],[122.655633,12.477793],[122.652624,12.479267],[122.652112,12.478328],[122.652518,12.47725],[122.653039,12.47738],[122.657553,12.472607],[122.660587,12.472101],[122.661221,12.469362],[122.660708,12.470989],[122.659788,12.471169],[122.657031,12.468452],[122.654087,12.467544],[122.653906,12.465193],[122.652802,12.465191],[122.652801,12.465734],[122.652249,12.465914],[122.652248,12.466457],[122.6528,12.466638],[122.652429,12.468627],[122.650773,12.468987],[122.64985,12.470794],[122.650954,12.470615],[122.652058,12.470978],[122.652793,12.471883],[122.655185,12.472429],[122.655368,12.473514],[122.653343,12.473873],[122.652239,12.47351],[122.652237,12.474776],[122.651316,12.475679],[122.649109,12.474591],[122.648739,12.475676],[122.64745,12.475855],[122.646716,12.474588],[122.646162,12.475672],[122.644322,12.475308],[122.643036,12.474222],[122.642853,12.473317],[122.642666,12.474944],[122.644689,12.476575],[122.644687,12.47766],[122.643583,12.477659],[122.644318,12.478383],[122.643764,12.479648],[122.641003,12.480006],[122.639897,12.48109],[122.637874,12.480183],[122.635664,12.480723],[122.634192,12.48054],[122.633639,12.481443],[122.632719,12.480899],[122.631983,12.481079],[122.631241,12.484876],[122.63032,12.485598],[122.629216,12.485235],[122.628847,12.486139],[122.627374,12.48668],[122.627925,12.487404],[122.627738,12.489031],[122.62682,12.487764],[122.625163,12.488304],[122.624428,12.487218],[122.624426,12.488303],[122.625529,12.489209],[122.624608,12.490112],[122.624238,12.491377],[122.620924,12.491554],[122.620373,12.49083],[122.620372,12.492096],[122.619636,12.491733],[122.617979,12.492092],[122.617796,12.491007],[122.616509,12.490101],[122.616327,12.488834],[122.615409,12.487567],[122.615963,12.486121],[122.614491,12.485757],[122.613753,12.487203],[122.611727,12.487923],[122.611173,12.48937],[122.60878,12.489547],[122.608226,12.490631],[122.606937,12.490991],[122.606017,12.490628],[122.605835,12.489],[122.605099,12.489361],[122.603996,12.488455],[122.604177,12.490264],[122.603072,12.490624],[122.602518,12.491708],[122.600862,12.491344],[122.599391,12.490437],[122.599392,12.489895],[122.600865,12.489716],[122.600683,12.487907],[122.599395,12.488086],[122.597923,12.487542],[122.597924,12.48718],[122.597003,12.487721],[122.596451,12.487178],[122.595528,12.489166],[122.594792,12.489165],[122.594054,12.490249],[122.591659,12.491511],[122.593017,12.491113],[122.593846,12.490501],[122.594305,12.489975],[122.596728,12.489783],[122.598475,12.491127],[122.598969,12.492627],[122.600475,12.493387],[122.606002,12.494166]]],[[[122.624789,12.492102],[122.625156,12.492645],[122.625893,12.492646],[122.625895,12.490837],[122.625528,12.490475],[122.624789,12.492102]]],[[[122.633453,12.482528],[122.633821,12.48271],[122.633821,12.482529],[122.633453,12.482528]]],[[[122.649282,12.482187],[122.650939,12.482009],[122.651125,12.480924],[122.650021,12.480561],[122.648731,12.481644],[122.649282,12.482187]]],[[[122.649098,12.482549],[122.648362,12.482186],[122.648362,12.482367],[122.649098,12.482549]]],[[[122.647258,12.482004],[122.64634,12.480737],[122.6445,12.480373],[122.640449,12.481091],[122.640633,12.481453],[122.643578,12.481457],[122.645785,12.482545],[122.647073,12.482546],[122.647258,12.482004]]],[[[122.652613,12.46917],[122.65298,12.469713],[122.653165,12.469171],[122.652613,12.46917]]],[[[122.579508,12.493482],[122.579876,12.493482],[122.579875,12.494025],[122.578955,12.493662],[122.578586,12.494284],[122.580583,12.4945],[122.58221,12.494028],[122.580428,12.493664],[122.579877,12.49294],[122.579508,12.493482]]],[[[122.576193,12.494743],[122.576009,12.494798],[122.576355,12.494743],[122.576193,12.494743]]],[[[122.575272,12.494922],[122.575272,12.494931],[122.57532,12.494922],[122.575272,12.494922]]],[[[122.492181,12.498392],[122.49479,12.498217],[122.494602,12.497751],[122.495992,12.495818],[122.497536,12.495863],[122.498038,12.496528],[122.499646,12.496696],[122.50207,12.496424],[122.498031,12.494417],[122.497481,12.493693],[122.497851,12.492247],[122.496564,12.491883],[122.496381,12.49134],[122.495276,12.491518],[122.493986,12.492601],[122.493249,12.4926],[122.492516,12.491332],[122.492146,12.491874],[122.49141,12.491873],[122.490859,12.491148],[122.490679,12.48952],[122.489759,12.489338],[122.489576,12.488614],[122.488471,12.489155],[122.488653,12.490059],[122.487732,12.4906],[122.486444,12.490055],[122.486442,12.49114],[122.487362,12.491323],[122.486992,12.492226],[122.48368,12.491858],[122.483498,12.490773],[122.482579,12.490228],[122.482582,12.488601],[122.480744,12.487331],[122.478536,12.487146],[122.477431,12.487506],[122.476508,12.48877],[122.474851,12.489128],[122.473819,12.48985],[122.474235,12.489993],[122.475115,12.489201],[122.47606,12.489219],[122.477282,12.488439],[122.479337,12.488421],[122.479296,12.488022],[122.480217,12.488337],[122.480826,12.490994],[122.485552,12.494678],[122.488588,12.494086],[122.488937,12.494431],[122.489083,12.493892],[122.488811,12.495708],[122.489554,12.49341],[122.489697,12.493876],[122.490756,12.493072],[122.490183,12.495423],[122.490731,12.496198],[122.490448,12.497277],[122.489937,12.497478],[122.490791,12.497195],[122.492181,12.498392]]],[[[122.49048,12.496935],[122.491032,12.496936],[122.491033,12.496394],[122.490481,12.496573],[122.49048,12.496935]]],[[[122.500053,12.49623],[122.499869,12.496048],[122.499868,12.496229],[122.500053,12.49623]]],[[[122.500172,12.496411],[122.500052,12.496421],[122.500172,12.496421],[122.500172,12.496411]]],[[[122.564774,12.49862],[122.566832,12.498224],[122.570696,12.49628],[122.571973,12.49518],[122.573432,12.494878],[122.573249,12.494014],[122.572698,12.493471],[122.572143,12.495098],[122.571775,12.495097],[122.571406,12.495639],[122.570117,12.495637],[122.569932,12.496541],[122.56901,12.497082],[122.567353,12.497803],[122.565144,12.497619],[122.565143,12.498523],[122.564774,12.49862]]],[[[122.564222,12.498702],[122.564038,12.498769],[122.564374,12.498703],[122.564222,12.498702]]],[[[122.56367,12.498882],[122.563669,12.499006],[122.563795,12.498882],[122.56367,12.498882]]],[[[122.563485,12.499063],[122.563513,12.499098],[122.563573,12.499063],[122.563485,12.499063]]],[[[122.501477,12.488104],[122.502212,12.488467],[122.502211,12.48901],[122.501474,12.489732],[122.500737,12.48973],[122.500368,12.490634],[122.50221,12.489914],[122.502574,12.491904],[122.502577,12.490457],[122.503497,12.490278],[122.503864,12.491183],[122.504235,12.489737],[122.504787,12.489557],[122.506265,12.486847],[122.508475,12.486127],[122.509763,12.486311],[122.509761,12.487215],[122.509208,12.487756],[122.507919,12.487935],[122.506444,12.489379],[122.506991,12.492274],[122.506253,12.492815],[122.50625,12.494623],[122.504961,12.494802],[122.50441,12.494258],[122.503856,12.495162],[122.504407,12.495886],[122.504038,12.496428],[122.503302,12.496246],[122.502197,12.496401],[122.504981,12.496494],[122.508567,12.495215],[122.516947,12.494041],[122.516117,12.493576],[122.515427,12.491882],[122.516883,12.491576],[122.517512,12.492241],[122.517542,12.493041],[122.520182,12.494288],[122.520602,12.49492],[122.523801,12.495454],[122.523987,12.496309],[122.527678,12.499463],[122.529321,12.499456],[122.530819,12.497608],[122.531402,12.498054],[122.530911,12.498997],[122.531532,12.499962],[122.53286,12.500571],[122.532927,12.501261],[122.533113,12.500278],[122.533849,12.499917],[122.533115,12.498831],[122.533118,12.497203],[122.532381,12.497383],[122.53183,12.496839],[122.532201,12.495574],[122.531466,12.494488],[122.531654,12.492679],[122.529814,12.492134],[122.528712,12.491047],[122.528713,12.490323],[122.531106,12.489966],[122.531475,12.489785],[122.530923,12.489423],[122.531108,12.489061],[122.532949,12.488703],[122.531845,12.488701],[122.531294,12.488157],[122.530003,12.489602],[122.52853,12.489599],[122.528163,12.489237],[122.528348,12.488514],[122.527795,12.489056],[122.527243,12.488874],[122.527613,12.488151],[122.528533,12.488333],[122.530008,12.486889],[122.532401,12.486532],[122.53277,12.485809],[122.531666,12.485807],[122.53038,12.48472],[122.529643,12.48508],[122.529825,12.485985],[122.528905,12.486164],[122.528722,12.485259],[122.527619,12.484715],[122.52762,12.483991],[122.528909,12.483632],[122.529829,12.483995],[122.529829,12.483633],[122.527808,12.482002],[122.525599,12.482179],[122.524681,12.481092],[122.524683,12.479646],[122.52413,12.480006],[122.523948,12.479283],[122.522659,12.479642],[122.523398,12.478016],[122.522108,12.478737],[122.52303,12.477653],[122.52395,12.477836],[122.523952,12.476931],[122.524689,12.476571],[122.524878,12.473678],[122.524693,12.47422],[122.523405,12.474037],[122.523404,12.47476],[122.523956,12.47458],[122.523954,12.476027],[122.520451,12.479096],[122.520266,12.479819],[122.521737,12.480183],[122.521737,12.480545],[122.520263,12.481085],[122.519525,12.482349],[122.519157,12.482168],[122.519159,12.481083],[122.517872,12.480538],[122.517506,12.479271],[122.515665,12.47963],[122.515848,12.480353],[122.51474,12.481979],[122.514005,12.481435],[122.512899,12.482518],[122.512347,12.482517],[122.511244,12.481792],[122.509587,12.48197],[122.509033,12.482692],[122.506273,12.482687],[122.504246,12.483768],[122.503693,12.48431],[122.50406,12.484672],[122.503872,12.486661],[122.502951,12.487021],[122.503134,12.487926],[122.501477,12.488104]]],[[[122.519703,12.485605],[122.520805,12.486692],[122.521541,12.486693],[122.520991,12.485788],[122.519703,12.485605]]],[[[122.521546,12.483981],[122.522099,12.48362],[122.522285,12.482535],[122.522836,12.483259],[122.523388,12.48326],[122.52339,12.482356],[122.522655,12.481631],[122.521734,12.481811],[122.520631,12.481266],[122.520446,12.481989],[122.521365,12.482353],[122.521546,12.483981]]],[[[122.523208,12.481452],[122.523945,12.48091],[122.523762,12.480006],[122.523578,12.480005],[122.523208,12.481452]]],[[[122.522657,12.480546],[122.522289,12.480546],[122.52192,12.481088],[122.522656,12.481089],[122.522657,12.480546]]],[[[122.520985,12.488863],[122.520801,12.489224],[122.521352,12.489406],[122.522458,12.488865],[122.521908,12.487417],[122.52154,12.487417],[122.521539,12.48814],[122.521356,12.487597],[122.520434,12.488138],[122.520433,12.488681],[122.520985,12.488863]]],[[[122.522641,12.489227],[122.523376,12.489771],[122.523377,12.489409],[122.522641,12.489227]]],[[[122.524482,12.489231],[122.525033,12.489955],[122.525034,12.489232],[122.524482,12.489231]]],[[[122.527425,12.489959],[122.527425,12.490321],[122.527793,12.490322],[122.527793,12.490141],[122.527425,12.489959]]],[[[122.525032,12.490317],[122.524295,12.490677],[122.52411,12.491038],[122.525399,12.490679],[122.525032,12.490317]]],[[[122.526504,12.490681],[122.526871,12.491043],[122.527056,12.490682],[122.526504,12.490681]]],[[[122.523372,12.492122],[122.521532,12.491757],[122.520979,12.492118],[122.521159,12.494289],[122.523183,12.494654],[122.525205,12.496466],[122.527044,12.497193],[122.527045,12.49665],[122.524656,12.494657],[122.524291,12.492667],[122.523555,12.492665],[122.523372,12.492122]]],[[[122.519874,12.492478],[122.519874,12.49284],[122.520242,12.49284],[122.520242,12.492659],[122.519874,12.492478]]],[[[122.525209,12.494115],[122.525392,12.494658],[122.526312,12.49484],[122.52668,12.49466],[122.526683,12.493394],[122.525947,12.493212],[122.525209,12.494115]]],[[[122.530366,12.492315],[122.530733,12.492859],[122.530734,12.492497],[122.530366,12.492315]]],[[[122.512697,12.492103],[122.511408,12.492463],[122.511407,12.492824],[122.512327,12.492826],[122.512697,12.492103]]],[[[122.510303,12.492461],[122.508462,12.492819],[122.508461,12.493542],[122.509564,12.494268],[122.510301,12.493907],[122.510303,12.492461]]],[[[122.508092,12.493903],[122.50754,12.493902],[122.507539,12.494445],[122.507907,12.494446],[122.508092,12.493903]]],[[[122.533478,12.501906],[122.53346,12.501915],[122.533478,12.501928],[122.533478,12.501906]]],[[[122.544641,12.505668],[122.5463,12.505635],[122.548825,12.50443],[122.555058,12.497752],[122.557485,12.497707],[122.557791,12.498043],[122.559944,12.496887],[122.55981,12.495259],[122.559075,12.494534],[122.557602,12.494894],[122.557051,12.494169],[122.553368,12.495248],[122.553,12.495067],[122.553188,12.492897],[122.550797,12.491989],[122.551347,12.493436],[122.551159,12.495425],[122.5495,12.49705],[122.548211,12.497229],[122.547846,12.495782],[122.544531,12.496861],[122.544532,12.495957],[122.54527,12.495054],[122.544902,12.494872],[122.543611,12.496136],[122.543055,12.498848],[122.541396,12.49975],[122.539739,12.499928],[122.539372,12.499565],[122.539377,12.496852],[122.538641,12.49667],[122.538271,12.497393],[122.539008,12.497394],[122.539006,12.498299],[122.537898,12.500286],[122.53532,12.501186],[122.534582,12.501908],[122.533662,12.501907],[122.534011,12.502506],[122.539811,12.505246],[122.542416,12.504348],[122.544641,12.505668]]],[[[122.549499,12.497412],[122.549866,12.497955],[122.549867,12.497413],[122.549499,12.497412]]],[[[122.553549,12.497419],[122.555574,12.497241],[122.556128,12.496157],[122.555392,12.495613],[122.553551,12.496153],[122.552997,12.497056],[122.553549,12.497419]]],[[[122.544713,12.497766],[122.544346,12.497042],[122.544345,12.497765],[122.544713,12.497766]]]]}}]}