{"type":"FeatureCollection","features":[{"type":"Feature","properties":{"haz":1},"geometry":{"type":"MultiPolygon","coordinates":[[[[122.607112,12.3],[122.607296,12.300055],[122.607296,12.3],[122.607112,12.3]]],[[[122.60656,12.300054],[122.606928,12.300235],[122.606928,12.300054],[122.60656,12.300054]]],[[[122.60656,12.300234],[122.606375,12.300415],[122.606559,12.300415],[122.60656,12.300234]]],[[[122.606375,12.300415],[122.606191,12.300596],[122.606375,12.300596],[122.606375,12.300415]]],[[[122.603799,12.301496],[122.60435,12.301678],[122.604351,12.301497],[122.603799,12.301496]]],[[[122.606007,12.300595],[122.605822,12.301319],[122.605086,12.301679],[122.606006,12.30168],[122.606007,12.300595]]],[[[122.653645,12.300117],[122.655298,12.301747],[122.655666,12.301748],[122.654197,12.300118],[122.653645,12.300117]]],[[[122.655666,12.301928],[122.656033,12.302291],[122.656401,12.302291],[122.656034,12.301748],[122.655666,12.301928]]],[[[122.656401,12.302472],[122.656952,12.303015],[122.65732,12.303016],[122.656769,12.302292],[122.656401,12.302472]]],[[[122.65732,12.303196],[122.657871,12.30374],[122.658238,12.30374],[122.657688,12.303016],[122.65732,12.303196]]],[[[122.658238,12.30374],[122.658422,12.303921],[122.658422,12.30374],[122.658238,12.30374]]],[[[122.658422,12.303921],[122.658606,12.304102],[122.658606,12.303922],[122.658422,12.303921]]],[[[122.658606,12.304102],[122.65879,12.304283],[122.65879,12.304103],[122.658606,12.304102]]],[[[122.65879,12.304283],[122.658973,12.304465],[122.658973,12.304284],[122.65879,12.304283]]],[[[122.658973,12.304465],[122.659157,12.304646],[122.659157,12.304465],[122.658973,12.304465]]],[[[122.659157,12.304646],[122.659341,12.304827],[122.659341,12.304646],[122.659157,12.304646]]],[[[122.65934,12.305008],[122.659891,12.305551],[122.660259,12.305551],[122.659708,12.304827],[122.65934,12.305008]]],[[[122.603615,12.301677],[122.602509,12.303303],[122.602505,12.305654],[122.602692,12.303846],[122.603615,12.301677]]],[[[122.660259,12.305551],[122.660443,12.305732],[122.660443,12.305552],[122.660259,12.305551]]],[[[122.660443,12.305732],[122.660627,12.305914],[122.660627,12.305733],[122.660443,12.305732]]],[[[122.585767,12.30581],[122.586687,12.305993],[122.586687,12.305812],[122.585767,12.30581]]],[[[122.660627,12.305914],[122.66081,12.306095],[122.660811,12.305914],[122.660627,12.305914]]],[[[122.585767,12.305991],[122.585583,12.306172],[122.585767,12.306172],[122.585767,12.305991]]],[[[122.587055,12.305993],[122.58687,12.306174],[122.587054,12.306174],[122.587055,12.305993]]],[[[122.66081,12.306095],[122.660994,12.306276],[122.660994,12.306095],[122.66081,12.306095]]],[[[122.584111,12.30617],[122.583927,12.30635],[122.584111,12.30635],[122.584111,12.30617]]],[[[122.585583,12.306172],[122.585399,12.306352],[122.585583,12.306353],[122.585583,12.306172]]],[[[122.587606,12.306356],[122.587238,12.306174],[122.587238,12.306355],[122.587606,12.306356]]],[[[122.601401,12.305834],[122.601033,12.305833],[122.601033,12.306376],[122.601217,12.306376],[122.601401,12.305834]]],[[[122.602873,12.305655],[122.602688,12.306378],[122.602872,12.306378],[122.602873,12.305655]]],[[[122.660994,12.306276],[122.661178,12.306457],[122.661178,12.306276],[122.660994,12.306276]]],[[[122.583375,12.306349],[122.583743,12.306531],[122.583743,12.30635],[122.583375,12.306349]]],[[[122.584663,12.306532],[122.584295,12.306351],[122.584295,12.306532],[122.584663,12.306532]]],[[[122.587606,12.306356],[122.587973,12.306537],[122.587974,12.306356],[122.587606,12.306356]]],[[[122.601032,12.306556],[122.599745,12.306374],[122.599745,12.306555],[122.601032,12.306556]]],[[[122.602688,12.306378],[122.602504,12.306559],[122.602688,12.306559],[122.602688,12.306378]]],[[[122.661178,12.306457],[122.661362,12.306638],[122.661362,12.306457],[122.661178,12.306457]]],[[[122.583375,12.306711],[122.583007,12.30653],[122.583007,12.30671],[122.583375,12.306711]]],[[[122.584663,12.306532],[122.58503,12.306714],[122.58503,12.306533],[122.584663,12.306532]]],[[[122.594227,12.306546],[122.595514,12.306729],[122.595514,12.306548],[122.594227,12.306546]]],[[[122.599377,12.306735],[122.599561,12.306554],[122.599377,12.306554],[122.599377,12.306735]]],[[[122.60232,12.306558],[122.602136,12.306739],[122.60232,12.306739],[122.60232,12.306558]]],[[[122.661362,12.306638],[122.661545,12.306819],[122.661545,12.306638],[122.661362,12.306638]]],[[[122.583007,12.306891],[122.582639,12.30671],[122.582639,12.306891],[122.583007,12.306891]]],[[[122.588341,12.306538],[122.588157,12.306899],[122.588525,12.3069],[122.588341,12.306538]]],[[[122.594227,12.306727],[122.594042,12.306908],[122.594226,12.306908],[122.594227,12.306727]]],[[[122.595514,12.306729],[122.596066,12.306911],[122.596066,12.30673],[122.595514,12.306729]]],[[[122.598089,12.306733],[122.597537,12.306913],[122.598089,12.306914],[122.598089,12.306733]]],[[[122.601401,12.306195],[122.601584,12.306919],[122.601951,12.30692],[122.601769,12.306196],[122.601401,12.306195]]],[[[122.661545,12.306819],[122.661913,12.307],[122.661913,12.306819],[122.661545,12.306819]]],[[[122.582639,12.307072],[122.582271,12.30689],[122.582271,12.307071],[122.582639,12.307072]]],[[[122.588525,12.3069],[122.588892,12.307081],[122.588892,12.3069],[122.588525,12.3069]]],[[[122.592203,12.306905],[122.591835,12.307086],[122.592203,12.307086],[122.592203,12.306905]]],[[[122.593491,12.306907],[122.592387,12.307086],[122.59349,12.307088],[122.593491,12.306907]]],[[[122.597353,12.306913],[122.596433,12.307092],[122.597353,12.307094],[122.597353,12.306913]]],[[[122.599193,12.306735],[122.598457,12.306914],[122.598457,12.307095],[122.599192,12.307096],[122.599193,12.306735]]],[[[122.661913,12.307],[122.662097,12.307181],[122.662097,12.307001],[122.661913,12.307]]],[[[122.58227,12.307252],[122.581903,12.30707],[122.581903,12.307251],[122.58227,12.307252]]],[[[122.588892,12.307081],[122.589444,12.307263],[122.589444,12.307082],[122.588892,12.307081]]],[[[122.591651,12.307085],[122.591283,12.307266],[122.591651,12.307266],[122.591651,12.307085]]],[[[122.662097,12.307181],[122.66228,12.307362],[122.66228,12.307182],[122.662097,12.307181]]],[[[122.590915,12.307446],[122.591099,12.307265],[122.590915,12.307265],[122.590915,12.307446]]],[[[122.66228,12.307362],[122.662464,12.307544],[122.662464,12.307363],[122.66228,12.307362]]],[[[122.590915,12.307446],[122.590731,12.307626],[122.590915,12.307627],[122.590915,12.307446]]],[[[122.594042,12.306908],[122.593857,12.307631],[122.594041,12.307631],[122.594042,12.306908]]],[[[122.574544,12.307783],[122.574729,12.307421],[122.574361,12.307782],[122.574544,12.307783]]],[[[122.589812,12.307263],[122.589627,12.307806],[122.589811,12.307806],[122.589812,12.307263]]],[[[122.590362,12.307807],[122.590547,12.307626],[122.590363,12.307626],[122.590362,12.307807]]],[[[122.662832,12.307544],[122.662647,12.307906],[122.663015,12.307906],[122.662832,12.307544]]],[[[122.663015,12.307906],[122.663199,12.308087],[122.663199,12.307906],[122.663015,12.307906]]],[[[122.581902,12.307432],[122.580247,12.30743],[122.579694,12.308152],[122.581902,12.307432]]],[[[122.579694,12.308152],[122.57951,12.308333],[122.579694,12.308333],[122.579694,12.308152]]],[[[122.590362,12.308168],[122.589811,12.307806],[122.589994,12.308349],[122.590362,12.308168]]],[[[122.663199,12.308268],[122.663566,12.30863],[122.663934,12.308631],[122.663567,12.308087],[122.663199,12.308268]]],[[[122.579509,12.308514],[122.57859,12.308331],[122.578038,12.308692],[122.579509,12.308514]]],[[[122.663934,12.308811],[122.664301,12.309174],[122.664669,12.309174],[122.664302,12.308631],[122.663934,12.308811]]],[[[122.664669,12.309174],[122.664853,12.309355],[122.664853,12.309174],[122.664669,12.309174]]],[[[122.664853,12.309355],[122.665036,12.309536],[122.665037,12.309355],[122.664853,12.309355]]],[[[122.665036,12.309536],[122.66522,12.309717],[122.66522,12.309536],[122.665036,12.309536]]],[[[122.66522,12.309717],[122.665404,12.309898],[122.665404,12.309718],[122.66522,12.309717]]],[[[122.665404,12.309898],[122.665588,12.310079],[122.665588,12.309899],[122.665404,12.309898]]],[[[122.665588,12.310079],[122.665771,12.310261],[122.665772,12.31008],[122.665588,12.310079]]],[[[122.665771,12.310261],[122.665955,12.310442],[122.665955,12.310261],[122.665771,12.310261]]],[[[122.575828,12.310317],[122.575643,12.310678],[122.575827,12.310678],[122.575828,12.310317]]],[[[122.577854,12.308692],[122.577118,12.308872],[122.5773,12.310138],[122.575829,12.309774],[122.575828,12.310317],[122.577483,12.310681],[122.578036,12.309958],[122.577485,12.309415],[122.577854,12.308692]]],[[[122.575459,12.310678],[122.573804,12.310856],[122.573619,12.311217],[122.574723,12.311219],[122.575459,12.310678]]],[[[122.573619,12.311398],[122.573251,12.311217],[122.573251,12.311398],[122.573619,12.311398]]],[[[122.572331,12.311577],[122.572147,12.311758],[122.572331,12.311758],[122.572331,12.311577]]],[[[122.573067,12.311397],[122.572331,12.311396],[122.572331,12.311577],[122.573067,12.311759],[122.573067,12.311397]]],[[[122.665955,12.310622],[122.666506,12.311166],[122.665953,12.311889],[122.666137,12.31225],[122.666873,12.311709],[122.666874,12.311166],[122.665955,12.310622]]],[[[122.665953,12.31225],[122.665769,12.312431],[122.665952,12.312431],[122.665953,12.31225]]],[[[122.665769,12.312431],[122.665584,12.312792],[122.665768,12.312793],[122.665769,12.312431]]],[[[122.665768,12.312793],[122.665952,12.312974],[122.665952,12.312793],[122.665768,12.312793]]],[[[122.667423,12.312975],[122.666688,12.312794],[122.666688,12.312975],[122.667423,12.312975]]],[[[122.665952,12.312974],[122.666503,12.313155],[122.666504,12.312974],[122.665952,12.312974]]],[[[122.667423,12.312975],[122.667791,12.313157],[122.667791,12.312976],[122.667423,12.312975]]],[[[122.571963,12.311757],[122.571042,12.312299],[122.571225,12.313203],[122.57141,12.31248],[122.572146,12.312119],[122.571963,12.311757]]],[[[122.667791,12.313157],[122.668158,12.313519],[122.668159,12.313157],[122.667791,12.313157]]],[[[122.668158,12.313519],[122.668526,12.3137],[122.668526,12.313519],[122.668158,12.313519]]],[[[122.669997,12.313702],[122.669262,12.31352],[122.669262,12.313701],[122.669997,12.313702]]],[[[122.669997,12.313702],[122.670365,12.313883],[122.670365,12.313702],[122.669997,12.313702]]],[[[122.670365,12.313883],[122.670549,12.314064],[122.670549,12.313884],[122.670365,12.313883]]],[[[122.670549,12.314064],[122.670733,12.314245],[122.670733,12.314065],[122.670549,12.314064]]],[[[122.670916,12.314427],[122.670732,12.314607],[122.670916,12.314607],[122.670916,12.314427]]],[[[122.569567,12.315009],[122.570119,12.314467],[122.569936,12.313925],[122.571593,12.313385],[122.569385,12.313381],[122.569567,12.315009]]],[[[122.56975,12.315371],[122.569566,12.315552],[122.56975,12.315552],[122.56975,12.315371]]],[[[122.569933,12.315733],[122.569749,12.315914],[122.569933,12.315914],[122.569933,12.315733]]],[[[122.568277,12.316092],[122.568645,12.316274],[122.568645,12.316093],[122.568277,12.316092]]],[[[122.570117,12.316095],[122.569932,12.316276],[122.570116,12.316276],[122.570117,12.316095]]],[[[122.568277,12.316273],[122.568093,12.316454],[122.568277,12.316454],[122.568277,12.316273]]],[[[122.568645,12.316274],[122.568829,12.316455],[122.568829,12.316274],[122.568645,12.316274]]],[[[122.568829,12.316455],[122.569748,12.316637],[122.569748,12.316456],[122.568829,12.316455]]],[[[122.569748,12.316637],[122.570115,12.316819],[122.570116,12.316638],[122.569748,12.316637]]],[[[122.56846,12.316997],[122.568644,12.316635],[122.568276,12.316635],[122.56846,12.316997]]],[[[122.673487,12.318047],[122.673303,12.317866],[122.673303,12.318047],[122.673487,12.318047]]],[[[122.673487,12.318047],[122.673671,12.318228],[122.673671,12.318047],[122.673487,12.318047]]],[[[122.673671,12.318228],[122.673854,12.318409],[122.673855,12.318228],[122.673671,12.318228]]],[[[122.673854,12.318409],[122.674038,12.31859],[122.674038,12.318409],[122.673854,12.318409]]],[[[122.568276,12.316997],[122.567722,12.318262],[122.567905,12.318985],[122.568459,12.317539],[122.568276,12.316997]]],[[[122.568089,12.318986],[122.568272,12.319167],[122.568273,12.318986],[122.568089,12.318986]]],[[[122.568272,12.319348],[122.56864,12.319529],[122.56864,12.319348],[122.568272,12.319348]]],[[[122.675324,12.319677],[122.675364,12.319496],[122.675325,12.319496],[122.675324,12.319677]]],[[[122.675508,12.319677],[122.675692,12.319858],[122.67558,12.319677],[122.675508,12.319677]]],[[[122.568272,12.319529],[122.568087,12.31989],[122.568271,12.31989],[122.568272,12.319529]]],[[[122.675692,12.319858],[122.675876,12.320039],[122.675876,12.320004],[122.675692,12.319858]]],[[[122.675876,12.320039],[122.676059,12.32022],[122.675913,12.320039],[122.675876,12.320039]]],[[[122.676059,12.32022],[122.676243,12.320401],[122.676243,12.320351],[122.676059,12.32022]]],[[[122.676243,12.320401],[122.676427,12.320582],[122.676296,12.320401],[122.676243,12.320401]]],[[[122.677162,12.321345],[122.676978,12.321487],[122.677161,12.321488],[122.677162,12.321345]]],[[[122.566245,12.321696],[122.56698,12.321878],[122.566981,12.321697],[122.566245,12.321696]]],[[[122.566244,12.321877],[122.56606,12.322057],[122.566244,12.322057],[122.566244,12.321877]]],[[[122.566244,12.322057],[122.566428,12.322239],[122.566428,12.322058],[122.566244,12.322057]]],[[[122.677896,12.322393],[122.677712,12.322573],[122.677896,12.322574],[122.677896,12.322393]]],[[[122.678264,12.322656],[122.67808,12.322755],[122.678264,12.322755],[122.678264,12.322656]]],[[[122.565507,12.323141],[122.565139,12.32296],[122.565139,12.323141],[122.565507,12.323141]]],[[[122.567903,12.31989],[122.567717,12.320975],[122.567166,12.320974],[122.567532,12.321698],[122.566428,12.322239],[122.566611,12.322781],[122.565692,12.322418],[122.566057,12.324227],[122.564952,12.32513],[122.565687,12.325312],[122.565872,12.324589],[122.566424,12.324409],[122.566242,12.323504],[122.566795,12.322601],[122.5679,12.321879],[122.567903,12.31989]]],[[[122.564768,12.32513],[122.564767,12.325672],[122.565502,12.325673],[122.565133,12.326396],[122.566421,12.326398],[122.565686,12.326216],[122.565871,12.325493],[122.564768,12.32513]]],[[[122.567524,12.326762],[122.566972,12.326761],[122.566421,12.326398],[122.567156,12.327123],[122.567524,12.326762]]],[[[122.567524,12.326943],[122.567891,12.327124],[122.567892,12.326943],[122.567524,12.326943]]],[[[122.568075,12.327124],[122.56789,12.327667],[122.568074,12.327667],[122.568075,12.327124]]],[[[122.56789,12.327667],[122.567706,12.328028],[122.56789,12.328028],[122.56789,12.327667]]],[[[122.681567,12.328004],[122.681384,12.328184],[122.681568,12.328185],[122.681567,12.328004]]],[[[122.681737,12.328366],[122.681568,12.328546],[122.681752,12.328547],[122.681737,12.328366]]],[[[122.567705,12.32839],[122.567522,12.328209],[122.567153,12.32857],[122.567705,12.32839]]],[[[122.567153,12.32857],[122.566969,12.32875],[122.567153,12.328751],[122.567153,12.32857]]],[[[122.566969,12.32875],[122.566785,12.328931],[122.566969,12.328931],[122.566969,12.32875]]],[[[122.566785,12.328931],[122.5666,12.329111],[122.566784,12.329112],[122.566785,12.328931]]],[[[122.566047,12.330196],[122.566231,12.330015],[122.566047,12.330015],[122.566047,12.330196]]],[[[122.566046,12.330557],[122.565679,12.330376],[122.565678,12.330738],[122.566046,12.330557]]],[[[122.565678,12.330738],[122.565494,12.330918],[122.565678,12.330919],[122.565678,12.330738]]],[[[122.682668,12.330899],[122.682484,12.331079],[122.682668,12.33108],[122.682668,12.330899]]],[[[122.682852,12.331261],[122.682668,12.331441],[122.682852,12.331442],[122.682852,12.331261]]],[[[122.564941,12.331641],[122.564757,12.331821],[122.564941,12.331822],[122.564941,12.331641]]],[[[122.564205,12.331821],[122.56402,12.332001],[122.564204,12.332001],[122.564205,12.331821]]],[[[122.564573,12.331821],[122.564388,12.332002],[122.564572,12.332002],[122.564573,12.331821]]],[[[122.562732,12.332361],[122.562548,12.332541],[122.562732,12.332542],[122.562732,12.332361]]],[[[122.561996,12.33254],[122.562364,12.332722],[122.562364,12.332541],[122.561996,12.33254]]],[[[122.561996,12.332721],[122.561812,12.332902],[122.561996,12.332902],[122.561996,12.332721]]],[[[122.560892,12.3329],[122.560524,12.333081],[122.560892,12.333081],[122.560892,12.3329]]],[[[122.561628,12.332902],[122.561076,12.333081],[122.561627,12.333082],[122.561628,12.332902]]],[[[122.56034,12.33308],[122.560155,12.333261],[122.560339,12.333261],[122.56034,12.33308]]],[[[122.559972,12.333261],[122.559787,12.333441],[122.559971,12.333441],[122.559972,12.333261]]],[[[122.684072,12.333433],[122.683953,12.333613],[122.684137,12.333613],[122.684072,12.333433]]],[[[122.559419,12.333621],[122.559603,12.333441],[122.559419,12.333441],[122.559419,12.333621]]],[[[122.559419,12.333621],[122.559235,12.333983],[122.559418,12.333983],[122.559419,12.333621]]],[[[122.559235,12.333983],[122.55905,12.334344],[122.559234,12.334345],[122.559235,12.333983]]],[[[122.55905,12.334525],[122.558865,12.334706],[122.559049,12.334706],[122.55905,12.334525]]],[[[122.684467,12.33488],[122.684319,12.335061],[122.684488,12.335061],[122.684467,12.33488]]],[[[122.558496,12.335428],[122.558681,12.335248],[122.558497,12.335248],[122.558496,12.335428]]],[[[122.558496,12.335428],[122.558312,12.335609],[122.558496,12.335609],[122.558496,12.335428]]],[[[122.558128,12.33597],[122.557943,12.336332],[122.558127,12.336332],[122.558128,12.33597]]],[[[122.684317,12.336507],[122.684133,12.336869],[122.684317,12.336869],[122.684317,12.336507]]],[[[122.557943,12.336513],[122.557758,12.337055],[122.557942,12.337055],[122.557943,12.336513]]],[[[122.684315,12.338316],[122.684131,12.338497],[122.684315,12.338497],[122.684315,12.338316]]],[[[122.683947,12.338858],[122.684131,12.338678],[122.683947,12.338677],[122.683947,12.338858]]],[[[122.683947,12.338858],[122.683762,12.339039],[122.683946,12.339039],[122.683947,12.338858]]],[[[122.558306,12.339407],[122.558308,12.338322],[122.557941,12.337598],[122.557571,12.339044],[122.558306,12.339407]]],[[[122.558122,12.339407],[122.557938,12.339587],[122.558121,12.339588],[122.558122,12.339407]]],[[[122.55665,12.339404],[122.557018,12.339405],[122.557201,12.339948],[122.557386,12.339406],[122.55665,12.339404]]],[[[122.557937,12.339768],[122.557753,12.339949],[122.557937,12.339949],[122.557937,12.339768]]],[[[122.557017,12.339948],[122.556833,12.340128],[122.557017,12.340128],[122.557017,12.339948]]],[[[122.557753,12.34013],[122.557568,12.340491],[122.557752,12.340491],[122.557753,12.34013]]],[[[122.553337,12.340665],[122.553153,12.340634],[122.553153,12.340665],[122.553337,12.340665]]],[[[122.557016,12.340852],[122.557567,12.341034],[122.557567,12.340853],[122.557016,12.340852]]],[[[122.556282,12.339404],[122.555177,12.340487],[122.554444,12.338858],[122.554626,12.339944],[122.554258,12.340124],[122.554075,12.339581],[122.554073,12.340304],[122.553521,12.340304],[122.553888,12.341389],[122.554256,12.340847],[122.555543,12.341392],[122.556282,12.339404]]],[[[122.556831,12.341394],[122.556833,12.340128],[122.556649,12.340128],[122.556279,12.341393],[122.556831,12.341394]]],[[[122.681736,12.341388],[122.681552,12.341568],[122.681736,12.341569],[122.681736,12.341388]]],[[[122.685047,12.341572],[122.685231,12.341392],[122.685047,12.341392],[122.685047,12.341572]]],[[[122.685599,12.341392],[122.685415,12.341573],[122.685599,12.341573],[122.685599,12.341392]]],[[[122.685047,12.341572],[122.684863,12.341753],[122.685047,12.341753],[122.685047,12.341572]]],[[[122.684127,12.341933],[122.683943,12.342114],[122.684127,12.342114],[122.684127,12.341933]]],[[[122.68615,12.341935],[122.685966,12.342116],[122.68615,12.342116],[122.68615,12.341935]]],[[[122.552782,12.342654],[122.552635,12.342834],[122.552781,12.342834],[122.552782,12.342654]]],[[[122.681367,12.342653],[122.681918,12.342835],[122.681918,12.342654],[122.681367,12.342653]]],[[[122.686179,12.342659],[122.686149,12.34284],[122.686182,12.34284],[122.686179,12.342659]]],[[[122.68247,12.343016],[122.682286,12.343197],[122.68247,12.343197],[122.68247,12.343016]]],[[[122.680814,12.343195],[122.68063,12.343376],[122.680814,12.343376],[122.680814,12.343195]]],[[[122.683022,12.343198],[122.682837,12.343378],[122.683021,12.343379],[122.683022,12.343198]]],[[[122.686182,12.343201],[122.686149,12.343382],[122.686158,12.343382],[122.686182,12.343201]]],[[[122.68063,12.343376],[122.680446,12.343556],[122.68063,12.343557],[122.68063,12.343376]]],[[[122.681366,12.343015],[122.680999,12.342291],[122.680998,12.343557],[122.681366,12.343015]]],[[[122.680997,12.343738],[122.680813,12.343919],[122.680997,12.343919],[122.680997,12.343738]]],[[[122.55278,12.343739],[122.552667,12.343919],[122.552779,12.34392],[122.55278,12.343739]]],[[[122.552963,12.344101],[122.552779,12.344281],[122.552963,12.344282],[122.552963,12.344101]]],[[[122.552963,12.344462],[122.552777,12.345186],[122.552961,12.345186],[122.552963,12.344462]]],[[[122.553145,12.345367],[122.552987,12.345728],[122.553144,12.345729],[122.553145,12.345367]]],[[[122.553143,12.346633],[122.553328,12.34591],[122.553144,12.34591],[122.553143,12.346633]]],[[[122.685777,12.346456],[122.685593,12.346637],[122.685777,12.346637],[122.685777,12.346456]]],[[[122.553143,12.346633],[122.552959,12.346814],[122.553142,12.346814],[122.553143,12.346633]]],[[[122.685592,12.346999],[122.685408,12.347179],[122.685592,12.34718],[122.685592,12.346999]]],[[[122.552958,12.347356],[122.552774,12.346994],[122.552774,12.347356],[122.552958,12.347356]]],[[[122.552958,12.347356],[122.553141,12.347537],[122.553142,12.347356],[122.552958,12.347356]]],[[[122.552957,12.347537],[122.552773,12.347718],[122.552957,12.347718],[122.552957,12.347537]]],[[[122.685224,12.347541],[122.68504,12.347722],[122.685224,12.347722],[122.685224,12.347541]]],[[[122.552589,12.347898],[122.552507,12.348079],[122.552588,12.348079],[122.552589,12.347898]]],[[[122.552404,12.348259],[122.5524,12.348247],[122.552397,12.348259],[122.552404,12.348259]]],[[[122.55222,12.34844],[122.552036,12.348621],[122.55222,12.348621],[122.55222,12.34844]]],[[[122.552035,12.348982],[122.551851,12.349163],[122.552035,12.349163],[122.552035,12.348982]]],[[[122.551666,12.349524],[122.55185,12.349344],[122.551667,12.349343],[122.551666,12.349524]]],[[[122.551666,12.349524],[122.551482,12.349705],[122.551666,12.349705],[122.551666,12.349524]]],[[[122.551297,12.350066],[122.551113,12.350247],[122.551297,12.350247],[122.551297,12.350066]]],[[[122.685404,12.350435],[122.68522,12.350616],[122.685404,12.350616],[122.685404,12.350435]]],[[[122.550744,12.35115],[122.550559,12.351331],[122.550743,12.351331],[122.550744,12.35115]]],[[[122.550559,12.351512],[122.550375,12.351692],[122.550559,12.351693],[122.550559,12.351512]]],[[[122.55019,12.352054],[122.550375,12.351873],[122.550191,12.351873],[122.55019,12.352054]]],[[[122.55019,12.352054],[122.550006,12.352234],[122.55019,12.352235],[122.55019,12.352054]]],[[[122.684298,12.352242],[122.684114,12.352423],[122.684298,12.352423],[122.684298,12.352242]]],[[[122.549453,12.352776],[122.549637,12.352596],[122.549453,12.352595],[122.549453,12.352776]]],[[[122.549453,12.352776],[122.549269,12.352957],[122.549453,12.352957],[122.549453,12.352776]]],[[[122.684482,12.352966],[122.684298,12.352785],[122.684298,12.352966],[122.684482,12.352966]]],[[[122.684482,12.352966],[122.684665,12.353147],[122.684665,12.352966],[122.684482,12.352966]]],[[[122.549269,12.353137],[122.549084,12.353318],[122.549268,12.353318],[122.549269,12.353137]]],[[[122.548348,12.353859],[122.547979,12.35404],[122.548347,12.35404],[122.548348,12.353859]]],[[[122.548715,12.354041],[122.548531,12.35386],[122.548531,12.354041],[122.548715,12.354041]]],[[[122.548899,12.354041],[122.549083,12.353861],[122.548899,12.35386],[122.548899,12.354041]]],[[[122.684112,12.354412],[122.684296,12.354232],[122.684112,12.354232],[122.684112,12.354412]]],[[[122.548899,12.354041],[122.548714,12.354583],[122.548898,12.354584],[122.548899,12.354041]]],[[[122.547242,12.354762],[122.547426,12.354581],[122.547243,12.354581],[122.547242,12.354762]]],[[[122.684112,12.354412],[122.683927,12.354774],[122.684111,12.354774],[122.684112,12.354412]]],[[[122.547242,12.354943],[122.546874,12.354761],[122.546874,12.354942],[122.547242,12.354943]]],[[[122.549083,12.354222],[122.549082,12.354584],[122.548898,12.354945],[122.549266,12.354765],[122.549083,12.354222]]],[[[122.546874,12.354942],[122.54669,12.355123],[122.546874,12.355123],[122.546874,12.354942]]],[[[122.684111,12.354774],[122.684295,12.355136],[122.684295,12.354774],[122.684111,12.354774]]],[[[122.546505,12.355484],[122.546689,12.355304],[122.546505,12.355303],[122.546505,12.355484]]],[[[122.546505,12.355484],[122.546321,12.355665],[122.546505,12.355665],[122.546505,12.355484]]],[[[122.546321,12.355845],[122.546136,12.356026],[122.54632,12.356026],[122.546321,12.355845]]],[[[122.546136,12.356388],[122.545951,12.356749],[122.546135,12.356749],[122.546136,12.356388]]],[[[122.546134,12.357111],[122.545951,12.35693],[122.54595,12.357111],[122.546134,12.357111]]],[[[122.546134,12.357111],[122.546502,12.357293],[122.546502,12.357112],[122.546134,12.357111]]],[[[122.547238,12.357475],[122.54687,12.357293],[122.54687,12.357474],[122.547238,12.357475]]],[[[122.545583,12.356929],[122.545397,12.357833],[122.545581,12.357834],[122.545583,12.356929]]],[[[122.547238,12.357475],[122.547605,12.357837],[122.547605,12.357475],[122.547238,12.357475]]],[[[122.547237,12.357836],[122.547053,12.358017],[122.547237,12.358017],[122.547237,12.357836]]],[[[122.544293,12.358193],[122.544477,12.358013],[122.54442,12.358013],[122.544293,12.358193]]],[[[122.547052,12.358198],[122.546685,12.358016],[122.546684,12.358197],[122.547052,12.358198]]],[[[122.544293,12.358374],[122.544109,12.358361],[122.544109,12.358374],[122.544293,12.358374]]],[[[122.545212,12.358376],[122.545397,12.358014],[122.545213,12.358014],[122.545212,12.358376]]],[[[122.546684,12.358197],[122.5465,12.358378],[122.546684,12.358378],[122.546684,12.358197]]],[[[122.5465,12.358378],[122.546316,12.358558],[122.5465,12.358559],[122.5465,12.358378]]],[[[122.545212,12.358376],[122.545028,12.358737],[122.545212,12.358737],[122.545212,12.358376]]],[[[122.546316,12.358739],[122.546131,12.35892],[122.546315,12.35892],[122.546316,12.358739]]],[[[122.545028,12.358737],[122.544843,12.359098],[122.545027,12.359099],[122.545028,12.358737]]],[[[122.545947,12.359281],[122.546131,12.359101],[122.545947,12.3591],[122.545947,12.359281]]],[[[122.684295,12.355317],[122.685029,12.356584],[122.68521,12.358754],[122.687602,12.358395],[122.68797,12.358577],[122.687785,12.3593],[122.688153,12.3593],[122.688338,12.358577],[122.687787,12.358215],[122.685395,12.358393],[122.685213,12.356403],[122.684295,12.355317]]],[[[122.545947,12.359281],[122.545762,12.359462],[122.545946,12.359462],[122.545947,12.359281]]],[[[122.687785,12.3593],[122.687601,12.359481],[122.687785,12.359481],[122.687785,12.3593]]],[[[122.543554,12.359639],[122.54374,12.358916],[122.543608,12.358916],[122.543554,12.359639]]],[[[122.543738,12.359639],[122.543922,12.35982],[122.543922,12.359639],[122.543738,12.359639]]],[[[122.544659,12.359098],[122.544658,12.359641],[122.544106,12.359821],[122.54521,12.359642],[122.544659,12.359098]]],[[[122.687601,12.359481],[122.687417,12.359842],[122.687601,12.359842],[122.687601,12.359481]]],[[[122.687417,12.359842],[122.687233,12.360023],[122.687417,12.360023],[122.687417,12.359842]]],[[[122.54245,12.36018],[122.542266,12.360118],[122.542266,12.360179],[122.54245,12.36018]]],[[[122.545578,12.359461],[122.545394,12.359823],[122.544657,12.360364],[122.545577,12.360004],[122.545578,12.359461]]],[[[122.544657,12.360364],[122.544473,12.360545],[122.544657,12.360545],[122.544657,12.360364]]],[[[122.68668,12.360565],[122.686864,12.360384],[122.68668,12.360384],[122.68668,12.360565]]],[[[122.541897,12.36054],[122.541713,12.360721],[122.541897,12.360721],[122.541897,12.36054]]],[[[122.68668,12.360565],[122.686496,12.360745],[122.68668,12.360745],[122.68668,12.360565]]],[[[122.544472,12.360726],[122.544105,12.360544],[122.544104,12.360906],[122.544472,12.360726]]],[[[122.686496,12.360745],[122.686312,12.360926],[122.686496,12.360926],[122.686496,12.360745]]],[[[122.544288,12.360906],[122.544472,12.361087],[122.544472,12.360906],[122.544288,12.360906]]],[[[122.686127,12.361287],[122.686311,12.361107],[122.686127,12.361107],[122.686127,12.361287]]],[[[122.544472,12.361087],[122.544655,12.361449],[122.544656,12.361088],[122.544472,12.361087]]],[[[122.685207,12.361286],[122.685391,12.361467],[122.685391,12.361287],[122.685207,12.361286]]],[[[122.686127,12.361287],[122.685943,12.361468],[122.686127,12.361468],[122.686127,12.361287]]],[[[122.541711,12.361625],[122.541529,12.360901],[122.541159,12.361624],[122.541711,12.361625]]],[[[122.685208,12.361106],[122.684657,12.360381],[122.683919,12.361466],[122.684471,12.361647],[122.684472,12.360924],[122.685208,12.361106]]],[[[122.685943,12.361649],[122.685391,12.361467],[122.685391,12.361648],[122.685943,12.361649]]],[[[122.540976,12.361624],[122.540791,12.361805],[122.540975,12.361805],[122.540976,12.361624]]],[[[122.544471,12.361811],[122.544655,12.36163],[122.544471,12.36163],[122.544471,12.361811]]],[[[122.684471,12.361647],[122.684655,12.361828],[122.684655,12.361647],[122.684471,12.361647]]],[[[122.685207,12.36201],[122.685022,12.36219],[122.685206,12.362191],[122.685207,12.36201]]],[[[122.544287,12.36181],[122.543182,12.36217],[122.542817,12.360723],[122.542998,12.362532],[122.544287,12.36181]]],[[[122.68539,12.362553],[122.685206,12.362372],[122.685206,12.362552],[122.68539,12.362553]]],[[[122.68539,12.362553],[122.685574,12.362734],[122.685574,12.362553],[122.68539,12.362553]]],[[[122.53987,12.362526],[122.539502,12.362707],[122.539502,12.362887],[122.539869,12.362888],[122.53987,12.362526]]],[[[122.686309,12.362915],[122.686126,12.362734],[122.686125,12.362915],[122.686309,12.362915]]],[[[122.541525,12.363253],[122.540975,12.362167],[122.540054,12.362708],[122.540974,12.362709],[122.541525,12.363253]]],[[[122.541709,12.363253],[122.541892,12.363434],[122.541893,12.363253],[122.541709,12.363253]]],[[[122.541708,12.363434],[122.541524,12.363614],[122.541708,12.363615],[122.541708,12.363434]]],[[[122.686753,12.363041],[122.686385,12.363403],[122.685649,12.363764],[122.686937,12.363584],[122.686753,12.363041]]],[[[122.541524,12.363614],[122.54134,12.363795],[122.541524,12.363795],[122.541524,12.363614]]],[[[122.54134,12.363795],[122.541155,12.363975],[122.541339,12.363976],[122.54134,12.363795]]],[[[122.685832,12.364306],[122.685648,12.364487],[122.685832,12.364487],[122.685832,12.364306]]],[[[122.541155,12.364156],[122.540603,12.364155],[122.540603,12.364517],[122.541155,12.364156]]],[[[122.538762,12.365057],[122.539498,12.364877],[122.539499,12.364334],[122.538763,12.364514],[122.538762,12.365057]]],[[[122.540603,12.364517],[122.540418,12.365059],[122.540602,12.36506],[122.540603,12.364517]]],[[[122.540233,12.365602],[122.540417,12.36524],[122.540233,12.36524],[122.540233,12.365602]]],[[[122.540232,12.365782],[122.539865,12.365601],[122.539864,12.365782],[122.540232,12.365782]]],[[[122.535265,12.365955],[122.535081,12.365774],[122.535081,12.365955],[122.535265,12.365955]]],[[[122.539312,12.365962],[122.539496,12.365781],[122.539313,12.365781],[122.539312,12.365962]]],[[[122.686014,12.365573],[122.68583,12.366115],[122.686014,12.366115],[122.686014,12.365573]]],[[[122.535265,12.365955],[122.535449,12.366136],[122.535449,12.365955],[122.535265,12.365955]]],[[[122.534528,12.366496],[122.534712,12.366316],[122.534528,12.366315],[122.534528,12.366496]]],[[[122.53692,12.366319],[122.537656,12.366502],[122.537656,12.366321],[122.53692,12.366319]]],[[[122.685093,12.366476],[122.684909,12.366656],[122.685093,12.366657],[122.685093,12.366476]]],[[[122.535633,12.366136],[122.535448,12.366679],[122.535632,12.366679],[122.535633,12.366136]]],[[[122.53692,12.3665],[122.536735,12.366681],[122.536919,12.366681],[122.53692,12.3665]]],[[[122.537656,12.366502],[122.537839,12.366683],[122.53784,12.366502],[122.537656,12.366502]]],[[[122.536736,12.366319],[122.536184,12.366318],[122.535631,12.36686],[122.536367,12.366861],[122.536736,12.366319]]],[[[122.538391,12.366864],[122.537839,12.366683],[122.537839,12.366864],[122.538391,12.366864]]],[[[122.539127,12.366685],[122.539311,12.366866],[122.539311,12.366685],[122.539127,12.366685]]],[[[122.684725,12.366837],[122.684541,12.367018],[122.684725,12.367018],[122.684725,12.366837]]],[[[122.53931,12.367047],[122.539127,12.366504],[122.538575,12.366503],[122.539312,12.365962],[122.538392,12.36596],[122.538391,12.366684],[122.538942,12.367227],[122.53931,12.367047]]],[[[122.534528,12.366677],[122.533976,12.366676],[122.533975,12.3674],[122.534528,12.366677]]],[[[122.533975,12.3674],[122.53379,12.36758],[122.533974,12.36758],[122.533975,12.3674]]],[[[122.53379,12.36758],[122.533606,12.367761],[122.53379,12.367761],[122.53379,12.36758]]],[[[122.684356,12.367922],[122.684172,12.368103],[122.684356,12.368103],[122.684356,12.367922]]],[[[122.533422,12.36776],[122.532686,12.367759],[122.532134,12.36812],[122.533237,12.368122],[122.533422,12.36776]]],[[[122.532134,12.36812],[122.531948,12.369024],[122.532132,12.369024],[122.532134,12.36812]]],[[[122.530844,12.369022],[122.531396,12.369204],[122.531396,12.369023],[122.530844,12.369022]]],[[[122.53158,12.369204],[122.531764,12.369023],[122.53158,12.369023],[122.53158,12.369204]]],[[[122.68417,12.369188],[122.683986,12.369368],[122.68417,12.369369],[122.68417,12.369188]]],[[[122.530844,12.369203],[122.53066,12.369383],[122.530843,12.369384],[122.530844,12.369203]]],[[[122.53158,12.369204],[122.531395,12.369385],[122.531579,12.369385],[122.53158,12.369204]]],[[[122.53066,12.369383],[122.530475,12.369745],[122.530659,12.369745],[122.53066,12.369383]]],[[[122.683802,12.36973],[122.683618,12.36991],[122.683802,12.369911],[122.683802,12.36973]]],[[[122.530475,12.369745],[122.530291,12.369925],[122.530475,12.369925],[122.530475,12.369745]]],[[[122.53029,12.370106],[122.529923,12.369925],[122.529922,12.370105],[122.53029,12.370106]]],[[[122.529922,12.370286],[122.529554,12.370105],[122.529554,12.370286],[122.529922,12.370286]]],[[[122.683617,12.370091],[122.683433,12.370453],[122.683617,12.370453],[122.683617,12.370091]]],[[[122.529554,12.370286],[122.529369,12.370647],[122.529553,12.370647],[122.529554,12.370286]]],[[[122.683433,12.370634],[122.683249,12.370814],[122.683432,12.370815],[122.683433,12.370634]]],[[[122.529369,12.370647],[122.529185,12.370828],[122.529369,12.370828],[122.529369,12.370647]]],[[[122.683248,12.370995],[122.683064,12.371176],[122.683248,12.371176],[122.683248,12.370995]]],[[[122.683984,12.371358],[122.683432,12.371176],[122.683432,12.371357],[122.683984,12.371358]]],[[[122.683432,12.371538],[122.68288,12.371357],[122.68288,12.371537],[122.683432,12.371538]]],[[[122.687296,12.371],[122.687111,12.371542],[122.687295,12.371542],[122.687296,12.371]]],[[[122.684168,12.371177],[122.684351,12.37172],[122.684535,12.37172],[122.684536,12.371178],[122.684168,12.371177]]],[[[122.529001,12.370827],[122.529,12.37137],[122.529367,12.371732],[122.529736,12.37119],[122.529001,12.370827]]],[[[122.684351,12.37172],[122.684167,12.371901],[122.684351,12.371901],[122.684351,12.37172]]],[[[122.528815,12.371912],[122.528631,12.372093],[122.528815,12.372093],[122.528815,12.371912]]],[[[122.520352,12.372078],[122.520168,12.372259],[122.520352,12.372259],[122.520352,12.372078]]],[[[122.520904,12.372079],[122.52072,12.37226],[122.520904,12.37226],[122.520904,12.372079]]],[[[122.525135,12.372087],[122.524951,12.372267],[122.525135,12.372267],[122.525135,12.372087]]],[[[122.684167,12.372081],[122.683431,12.372081],[122.683431,12.372442],[122.684167,12.372081]]],[[[122.686742,12.372446],[122.686926,12.372265],[122.686742,12.372265],[122.686742,12.372446]]],[[[122.683615,12.372443],[122.683798,12.372624],[122.683798,12.372443],[122.683615,12.372443]]],[[[122.686742,12.372446],[122.686558,12.372627],[122.686742,12.372627],[122.686742,12.372446]]],[[[122.526791,12.372451],[122.526606,12.372632],[122.52679,12.372632],[122.526791,12.372451]]],[[[122.527894,12.372453],[122.52771,12.372634],[122.527894,12.372634],[122.527894,12.372453]]],[[[122.519431,12.3728],[122.519615,12.372619],[122.519431,12.372705],[122.519431,12.3728]]],[[[122.684166,12.372805],[122.683982,12.372624],[122.683982,12.372805],[122.684166,12.372805]]],[[[122.527342,12.372633],[122.526974,12.372813],[122.527342,12.372814],[122.527342,12.372633]]],[[[122.519431,12.3728],[122.519247,12.37298],[122.519431,12.372981],[122.519431,12.3728]]],[[[122.684166,12.372805],[122.68435,12.372986],[122.68435,12.372805],[122.684166,12.372805]]],[[[122.686374,12.372446],[122.686191,12.371541],[122.686744,12.37118],[122.685824,12.37136],[122.685822,12.372988],[122.686374,12.372446]]],[[[122.686558,12.372627],[122.686373,12.373169],[122.686557,12.373169],[122.686558,12.372627]]],[[[122.685821,12.373349],[122.685637,12.373168],[122.685453,12.373349],[122.685821,12.373349]]],[[[122.685453,12.37353],[122.685085,12.373349],[122.685085,12.373529],[122.685453,12.37353]]],[[[122.685085,12.373529],[122.684901,12.37371],[122.685085,12.37371],[122.685085,12.373529]]],[[[122.686189,12.373712],[122.686373,12.37335],[122.686189,12.37335],[122.686189,12.373712]]],[[[122.518693,12.373884],[122.518325,12.373702],[122.518325,12.373883],[122.518693,12.373884]]],[[[122.518325,12.374064],[122.517037,12.373881],[122.517037,12.374062],[122.518325,12.374064]]],[[[122.519981,12.373886],[122.519246,12.373161],[122.518694,12.373522],[122.519245,12.374066],[122.519429,12.373704],[122.519981,12.373886]]],[[[122.519797,12.373886],[122.519613,12.374066],[122.519797,12.374067],[122.519797,12.373886]]],[[[122.686189,12.373712],[122.686004,12.374073],[122.686188,12.374073],[122.686189,12.373712]]],[[[122.519613,12.374066],[122.519428,12.374247],[122.519612,12.374247],[122.519613,12.374066]]],[[[122.516668,12.374423],[122.516853,12.374061],[122.516485,12.374061],[122.516668,12.374423]]],[[[122.516852,12.374423],[122.517036,12.374604],[122.517036,12.374423],[122.516852,12.374423]]],[[[122.686004,12.374254],[122.685819,12.374796],[122.686003,12.374796],[122.686004,12.374254]]],[[[122.517036,12.374785],[122.517219,12.375328],[122.517587,12.375148],[122.517404,12.374605],[122.517036,12.374785]]],[[[122.685635,12.375519],[122.685819,12.374977],[122.685635,12.374977],[122.685635,12.375519]]],[[[122.685451,12.375519],[122.685266,12.376062],[122.68453,12.376242],[122.684528,12.377508],[122.684713,12.376604],[122.685449,12.376604],[122.685451,12.375519]]],[[[122.514636,12.379121],[122.514452,12.37894],[122.514452,12.379121],[122.514636,12.379121]]],[[[122.684527,12.378955],[122.684528,12.37805],[122.684344,12.37805],[122.684159,12.378954],[122.684527,12.378955]]],[[[122.514636,12.379121],[122.51482,12.379303],[122.51482,12.379122],[122.514636,12.379121]]],[[[122.515372,12.379304],[122.515739,12.379485],[122.515739,12.379304],[122.515372,12.379304]]],[[[122.513163,12.37948],[122.514268,12.379121],[122.514269,12.378759],[122.513163,12.37948]]],[[[122.68471,12.379136],[122.684526,12.379678],[122.68471,12.379678],[122.68471,12.379136]]],[[[122.515371,12.379846],[122.51482,12.379303],[122.514819,12.379664],[122.515371,12.379846]]],[[[122.513162,12.380023],[122.512795,12.379842],[122.512794,12.380203],[122.513162,12.380023]]],[[[122.684893,12.38004],[122.684709,12.380402],[122.684893,12.380402],[122.684893,12.38004]]],[[[122.51261,12.380565],[122.512794,12.380384],[122.51261,12.380384],[122.51261,12.380565]]],[[[122.685077,12.380583],[122.684892,12.380764],[122.685076,12.380764],[122.685077,12.380583]]],[[[122.51261,12.380565],[122.512425,12.381107],[122.512608,12.381107],[122.51261,12.380565]]],[[[122.68526,12.381126],[122.685076,12.380945],[122.685076,12.381126],[122.68526,12.381126]]],[[[122.512608,12.381107],[122.512792,12.381288],[122.512792,12.381108],[122.512608,12.381107]]],[[[122.68526,12.381126],[122.685444,12.381307],[122.685444,12.381126],[122.68526,12.381126]]],[[[122.513344,12.381289],[122.51316,12.38147],[122.513344,12.38147],[122.513344,12.381289]]],[[[122.51224,12.381468],[122.512056,12.381649],[122.51224,12.381649],[122.51224,12.381468]]],[[[122.511688,12.381648],[122.511503,12.381829],[122.511687,12.381829],[122.511688,12.381648]]],[[[122.512791,12.38165],[122.512607,12.381831],[122.512791,12.381831],[122.512791,12.38165]]],[[[122.513711,12.381652],[122.513527,12.381832],[122.513711,12.381833],[122.513711,12.381652]]],[[[122.511135,12.382009],[122.511319,12.381828],[122.511135,12.381828],[122.511135,12.382009]]],[[[122.686179,12.38185],[122.685995,12.382031],[122.686179,12.382031],[122.686179,12.38185]]],[[[122.511135,12.382009],[122.51095,12.38237],[122.511134,12.382371],[122.511135,12.382009]]],[[[122.68673,12.382213],[122.686546,12.382393],[122.68673,12.382393],[122.68673,12.382213]]],[[[122.688794,12.384267],[122.688752,12.384385],[122.688924,12.384385],[122.688794,12.384267]]],[[[122.688936,12.384566],[122.689092,12.384531],[122.688936,12.384396],[122.688936,12.384566]]],[[[122.511131,12.38436],[122.510946,12.384721],[122.51113,12.384722],[122.511131,12.38436]]],[[[122.689119,12.384567],[122.689296,12.384748],[122.689129,12.384567],[122.689119,12.384567]]],[[[122.689331,12.384791],[122.689303,12.384928],[122.689458,12.384929],[122.689331,12.384791]]],[[[122.689671,12.38511],[122.689487,12.384961],[122.689487,12.38511],[122.689671,12.38511]]],[[[122.499721,12.385605],[122.499537,12.385786],[122.499721,12.385786],[122.499721,12.385605]]],[[[122.511864,12.385627],[122.51168,12.385808],[122.511864,12.385808],[122.511864,12.385627]]],[[[122.690038,12.385653],[122.689854,12.385833],[122.690038,12.385834],[122.690038,12.385653]]],[[[122.499353,12.385785],[122.499169,12.385966],[122.499353,12.385966],[122.499353,12.385785]]],[[[122.49916,12.385906],[122.498975,12.386087],[122.499159,12.386087],[122.49916,12.385906]]],[[[122.501928,12.386152],[122.501744,12.386332],[122.501928,12.386333],[122.501928,12.386152]]],[[[122.503584,12.386155],[122.5034,12.386335],[122.503584,12.386336],[122.503584,12.386155]]],[[[122.50432,12.386156],[122.504136,12.386337],[122.50432,12.386337],[122.50432,12.386156]]],[[[122.502296,12.386333],[122.502111,12.386514],[122.502295,12.386514],[122.502296,12.386333]]],[[[122.502664,12.386334],[122.502479,12.386515],[122.502663,12.386515],[122.502664,12.386334]]],[[[122.504687,12.386519],[122.504504,12.386337],[122.504503,12.386518],[122.504687,12.386519]]],[[[122.504687,12.386519],[122.504871,12.3867],[122.504871,12.386519],[122.504687,12.386519]]],[[[122.497686,12.386808],[122.497502,12.386988],[122.497686,12.386988],[122.497686,12.386808]]],[[[122.497134,12.386987],[122.496581,12.387167],[122.497133,12.387168],[122.497134,12.386987]]],[[[122.496213,12.387167],[122.495293,12.387346],[122.496213,12.387347],[122.496213,12.387167]]],[[[122.690588,12.387281],[122.690404,12.387462],[122.690588,12.387462],[122.690588,12.387281]]],[[[122.494925,12.387526],[122.495109,12.387345],[122.494925,12.387345],[122.494925,12.387526]]],[[[122.494925,12.387526],[122.494741,12.387706],[122.494925,12.387707],[122.494925,12.387526]]],[[[122.511861,12.387074],[122.511676,12.387797],[122.51186,12.387798],[122.511861,12.387074]]],[[[122.690772,12.387824],[122.690587,12.388005],[122.690771,12.388005],[122.690772,12.387824]]],[[[122.494556,12.387887],[122.494372,12.388067],[122.494556,12.388068],[122.494556,12.387887]]],[[[122.484988,12.388231],[122.484991,12.386965],[122.484807,12.386964],[122.484436,12.388591],[122.484988,12.388231]]],[[[122.484988,12.388412],[122.485356,12.388593],[122.485356,12.388412],[122.484988,12.388412]]],[[[122.485356,12.388593],[122.485723,12.388775],[122.485724,12.388594],[122.485356,12.388593]]],[[[122.506155,12.388511],[122.505971,12.388872],[122.506155,12.388872],[122.506155,12.388511]]],[[[122.485723,12.388775],[122.485907,12.388956],[122.485907,12.388775],[122.485723,12.388775]]],[[[122.494555,12.38861],[122.49437,12.388972],[122.494554,12.388972],[122.494555,12.38861]]],[[[122.690955,12.388548],[122.69077,12.38909],[122.690954,12.38909],[122.690955,12.388548]]],[[[122.484619,12.388953],[122.484435,12.389134],[122.484619,12.389134],[122.484619,12.388953]]],[[[122.485907,12.388956],[122.486274,12.389137],[122.486275,12.388957],[122.485907,12.388956]]],[[[122.49161,12.388967],[122.492162,12.389148],[122.492162,12.388968],[122.49161,12.388967]]],[[[122.486274,12.389137],[122.486642,12.389319],[122.486642,12.389138],[122.486274,12.389137]]],[[[122.49161,12.389328],[122.490874,12.389146],[122.490874,12.389327],[122.49161,12.389328]]],[[[122.492162,12.389148],[122.49253,12.38933],[122.49253,12.389149],[122.492162,12.389148]]],[[[122.506154,12.389234],[122.50597,12.389415],[122.506154,12.389415],[122.506154,12.389234]]],[[[122.510385,12.389423],[122.511306,12.389063],[122.511675,12.388159],[122.510387,12.388699],[122.510385,12.389423]]],[[[122.691138,12.389452],[122.690954,12.389271],[122.690954,12.389452],[122.691138,12.389452]]],[[[122.484802,12.389315],[122.484618,12.389496],[122.484802,12.389496],[122.484802,12.389315]]],[[[122.486642,12.389319],[122.486826,12.3895],[122.486826,12.389319],[122.486642,12.389319]]],[[[122.490505,12.389507],[122.49069,12.389327],[122.490506,12.389326],[122.490505,12.389507]]],[[[122.510201,12.389422],[122.510017,12.389603],[122.510201,12.389603],[122.510201,12.389422]]],[[[122.691138,12.389452],[122.691321,12.389633],[122.691322,12.389452],[122.691138,12.389452]]],[[[122.485169,12.389678],[122.484986,12.389497],[122.484986,12.389677],[122.485169,12.389678]]],[[[122.472659,12.389654],[122.472474,12.389834],[122.472658,12.389835],[122.472659,12.389654]]],[[[122.47286,12.389762],[122.472842,12.389835],[122.472925,12.389835],[122.47286,12.389762]]],[[[122.486826,12.3895],[122.487009,12.389862],[122.48701,12.3895],[122.486826,12.3895]]],[[[122.490505,12.389688],[122.490137,12.389506],[122.490137,12.389868],[122.490505,12.389688]]],[[[122.492529,12.389511],[122.492897,12.389873],[122.493632,12.389875],[122.492898,12.389331],[122.492529,12.389511]]],[[[122.691505,12.389814],[122.691321,12.389995],[122.691505,12.389995],[122.691505,12.389814]]],[[[122.483145,12.389855],[122.483881,12.390037],[122.483881,12.389856],[122.483145,12.389855]]],[[[122.490137,12.389868],[122.489952,12.390049],[122.490136,12.390049],[122.490137,12.389868]]],[[[122.510017,12.389784],[122.509649,12.389602],[122.509648,12.390145],[122.510017,12.389784]]],[[[122.484249,12.390219],[122.484065,12.390037],[122.484065,12.390218],[122.484249,12.390219]]],[[[122.487193,12.389863],[122.487008,12.390224],[122.48756,12.390225],[122.487193,12.389863]]],[[[122.489768,12.390048],[122.489584,12.390229],[122.489768,12.390229],[122.489768,12.390048]]],[[[122.691689,12.390176],[122.691505,12.390357],[122.691689,12.390357],[122.691689,12.390176]]],[[[122.471185,12.390374],[122.471083,12.390328],[122.471035,12.390374],[122.471185,12.390374]]],[[[122.484249,12.390219],[122.484432,12.3904],[122.484432,12.390219],[122.484249,12.390219]]],[[[122.48848,12.390227],[122.487744,12.390406],[122.48848,12.390408],[122.48848,12.390227]]],[[[122.488848,12.390227],[122.488664,12.390408],[122.488848,12.390408],[122.488848,12.390227]]],[[[122.4894,12.390228],[122.489216,12.390409],[122.4894,12.390409],[122.4894,12.390228]]],[[[122.475601,12.390449],[122.475417,12.390563],[122.4756,12.390564],[122.475601,12.390449]]],[[[122.483144,12.390578],[122.482777,12.390035],[122.482776,12.390578],[122.483144,12.390578]]],[[[122.484432,12.3904],[122.484616,12.390581],[122.484616,12.3904],[122.484432,12.3904]]],[[[122.485353,12.389678],[122.485168,12.390582],[122.485352,12.390582],[122.485353,12.389678]]],[[[122.508911,12.390686],[122.508175,12.390504],[122.508175,12.390685],[122.508911,12.390686]]],[[[122.691872,12.390538],[122.691688,12.390719],[122.691872,12.390719],[122.691872,12.390538]]],[[[122.510567,12.39087],[122.510383,12.390689],[122.510383,12.390869],[122.510567,12.39087]]],[[[122.483144,12.390578],[122.483327,12.39094],[122.483328,12.390579],[122.483144,12.390578]]],[[[122.484799,12.390943],[122.484615,12.390762],[122.484615,12.390943],[122.484799,12.390943]]],[[[122.506887,12.390863],[122.506702,12.391044],[122.506886,12.391044],[122.506887,12.390863]]],[[[122.510567,12.39087],[122.51075,12.391051],[122.510751,12.39087],[122.510567,12.39087]]],[[[122.484799,12.390943],[122.485167,12.391125],[122.485167,12.390763],[122.484799,12.390943]]],[[[122.511118,12.391052],[122.510934,12.391232],[122.511118,12.391232],[122.511118,12.391052]]],[[[122.477623,12.39111],[122.477255,12.39129],[122.477623,12.391291],[122.477623,12.39111]]],[[[122.480383,12.391116],[122.480199,12.391296],[122.480383,12.391296],[122.480383,12.391116]]],[[[122.483327,12.39094],[122.48351,12.391302],[122.483511,12.390941],[122.483327,12.39094]]],[[[122.51167,12.391233],[122.511485,12.391414],[122.511669,12.391414],[122.51167,12.391233]]],[[[122.483326,12.391483],[122.482774,12.391301],[122.482774,12.391482],[122.483326,12.391483]]],[[[122.509095,12.390686],[122.508726,12.391228],[122.509645,12.391592],[122.509095,12.390686]]],[[[122.692056,12.3909],[122.691871,12.391623],[122.692055,12.391623],[122.692056,12.3909]]],[[[122.469159,12.391456],[122.468975,12.391636],[122.469159,12.391636],[122.469159,12.391456]]],[[[122.479462,12.391476],[122.479278,12.391656],[122.479462,12.391656],[122.479462,12.391476]]],[[[122.510565,12.391593],[122.510381,12.391774],[122.510565,12.391774],[122.510565,12.391593]]],[[[122.512589,12.391597],[122.512405,12.391777],[122.512589,12.391778],[122.512589,12.391597]]],[[[122.468606,12.391816],[122.468791,12.391636],[122.468607,12.391635],[122.468606,12.391816]]],[[[122.478358,12.391654],[122.478174,12.391835],[122.478358,12.391835],[122.478358,12.391654]]],[[[122.691871,12.391804],[122.691503,12.391985],[122.691871,12.391985],[122.691871,12.391804]]],[[[122.468606,12.391816],[122.468422,12.391997],[122.468606,12.391997],[122.468606,12.391816]]],[[[122.690583,12.391983],[122.690398,12.392164],[122.690582,12.392164],[122.690583,12.391983]]],[[[122.468238,12.391996],[122.468054,12.392177],[122.468238,12.392177],[122.468238,12.391996]]],[[[122.478725,12.392017],[122.478541,12.392197],[122.478725,12.392198],[122.478725,12.392017]]],[[[122.506884,12.39231],[122.506701,12.391948],[122.5067,12.39231],[122.506884,12.39231]]],[[[122.509092,12.392314],[122.509276,12.392133],[122.509092,12.392133],[122.509092,12.392314]]],[[[122.690214,12.392164],[122.69003,12.392345],[122.690214,12.392345],[122.690214,12.392164]]],[[[122.466398,12.392354],[122.46603,12.392203],[122.46603,12.392354],[122.466398,12.392354]]],[[[122.46695,12.392175],[122.466766,12.392355],[122.46695,12.392356],[122.46695,12.392175]]],[[[122.506884,12.39231],[122.507252,12.392492],[122.507252,12.392311],[122.506884,12.39231]]],[[[122.464005,12.392531],[122.463822,12.392427],[122.463821,12.39253],[122.464005,12.392531]]],[[[122.467317,12.392356],[122.467133,12.392537],[122.467317,12.392537],[122.467317,12.392356]]],[[[122.509092,12.392314],[122.508907,12.392675],[122.509091,12.392676],[122.509092,12.392314]]],[[[122.69003,12.392525],[122.689846,12.392706],[122.69003,12.392706],[122.69003,12.392525]]],[[[122.508171,12.392674],[122.507803,12.392854],[122.508171,12.392855],[122.508171,12.392674]]],[[[122.508907,12.392856],[122.508355,12.392855],[122.508355,12.393036],[122.508907,12.392856]]],[[[122.690028,12.394515],[122.689843,12.394696],[122.690027,12.394696],[122.690028,12.394515]]],[[[122.458849,12.394691],[122.458665,12.394871],[122.458849,12.394871],[122.458849,12.394691]]],[[[122.453512,12.395403],[122.453328,12.395584],[122.453512,12.395584],[122.453512,12.395403]]],[[[122.452155,12.395943],[122.452139,12.395943],[122.452157,12.395943],[122.452155,12.395943]]],[[[122.452223,12.395943],[122.452187,12.39594],[122.452175,12.395943],[122.452223,12.395943]]],[[[122.69021,12.395962],[122.690395,12.395239],[122.690211,12.395239],[122.69021,12.395962]]],[[[122.688369,12.397045],[122.687449,12.396682],[122.687449,12.397225],[122.688369,12.397045]]],[[[122.690026,12.395962],[122.690025,12.396866],[122.68929,12.396142],[122.689105,12.397046],[122.688369,12.397226],[122.690024,12.397228],[122.690209,12.397047],[122.690026,12.395962]]],[[[122.697199,12.397959],[122.697016,12.397846],[122.697015,12.397959],[122.697199,12.397959]]],[[[122.687263,12.398491],[122.687079,12.39831],[122.687079,12.39849],[122.687263,12.398491]]],[[[122.689287,12.398312],[122.688368,12.397768],[122.687263,12.398852],[122.688367,12.39813],[122.689287,12.398312]]],[[[122.695911,12.398681],[122.695726,12.399043],[122.69591,12.399043],[122.695911,12.398681]]],[[[122.69315,12.39904],[122.693334,12.399221],[122.693334,12.39904],[122.69315,12.39904]]],[[[122.689287,12.398674],[122.689286,12.399036],[122.689102,12.399397],[122.68947,12.399217],[122.689287,12.398674]]],[[[122.689102,12.399397],[122.688918,12.399578],[122.689102,12.399578],[122.689102,12.399397]]],[[[122.698597,12.399548],[122.698486,12.399588],[122.698663,12.399589],[122.698597,12.399548]]],[[[122.688918,12.399578],[122.688734,12.399758],[122.688918,12.399759],[122.688918,12.399578]]],[[[122.693518,12.399221],[122.693333,12.399764],[122.693517,12.399764],[122.693518,12.399221]]],[[[122.693701,12.399945],[122.693517,12.400125],[122.693701,12.400126],[122.693701,12.399945]]],[[[122.688365,12.40012],[122.688181,12.4003],[122.688365,12.4003],[122.688365,12.40012]]],[[[122.695173,12.400127],[122.694989,12.400308],[122.695173,12.400308],[122.695173,12.400127]]],[[[122.687997,12.4003],[122.687813,12.400481],[122.687997,12.400481],[122.687997,12.4003]]],[[[122.693885,12.400488],[122.693701,12.400307],[122.693701,12.400487],[122.693885,12.400488]]],[[[122.685789,12.400478],[122.685972,12.400659],[122.685973,12.400479],[122.685789,12.400478]]],[[[122.685605,12.399936],[122.684685,12.399935],[122.684501,12.400296],[122.685236,12.400839],[122.685789,12.400478],[122.685605,12.399936]],[[122.685605,12.400116],[122.685421,12.400297],[122.685421,12.400116],[122.685605,12.400116]]],[[[122.69462,12.400669],[122.694436,12.40085],[122.69462,12.40085],[122.69462,12.400669]]],[[[122.685052,12.400839],[122.684868,12.40102],[122.685052,12.40102],[122.685052,12.400839]]],[[[122.687076,12.400842],[122.686892,12.401022],[122.687076,12.401022],[122.687076,12.400842]]],[[[122.694069,12.400488],[122.694068,12.40103],[122.694252,12.401031],[122.694069,12.400488]]],[[[122.684868,12.40102],[122.684684,12.401201],[122.684868,12.401201],[122.684868,12.40102]]],[[[122.684684,12.401201],[122.6845,12.401381],[122.684684,12.401381],[122.684684,12.401201]]],[[[122.6845,12.401381],[122.684315,12.401743],[122.684499,12.401743],[122.6845,12.401381]]],[[[122.684315,12.402104],[122.684131,12.401923],[122.683947,12.402104],[122.684315,12.402104]]],[[[122.697747,12.40212],[122.697747,12.402143],[122.69777,12.40212],[122.697747,12.40212]]],[[[122.682106,12.402464],[122.681922,12.402644],[122.682106,12.402644],[122.682106,12.402464]]],[[[122.683578,12.402465],[122.683394,12.402646],[122.683578,12.402646],[122.683578,12.402465]]],[[[122.682842,12.402645],[122.682474,12.402826],[122.682842,12.402826],[122.682842,12.402645]]],[[[122.68321,12.402646],[122.683026,12.402826],[122.68321,12.402827],[122.68321,12.402646]]],[[[122.682474,12.403007],[122.682289,12.403187],[122.682473,12.403187],[122.682474,12.403007]]],[[[122.690386,12.402654],[122.690569,12.403197],[122.690937,12.403197],[122.690938,12.402655],[122.690386,12.402654]]],[[[122.69315,12.398859],[122.69223,12.39922],[122.691305,12.403378],[122.69186,12.40139],[122.69278,12.401391],[122.692413,12.400305],[122.692598,12.39922],[122.69315,12.398859]]],[[[122.696825,12.403204],[122.696641,12.403384],[122.696825,12.403385],[122.696825,12.403204]]],[[[122.682657,12.403188],[122.683025,12.403912],[122.683577,12.403912],[122.683025,12.403188],[122.682657,12.403188]]],[[[122.680264,12.404089],[122.681554,12.403005],[122.682106,12.402825],[122.681186,12.402462],[122.680633,12.403366],[122.679897,12.403365],[122.680264,12.404089]]],[[[122.683944,12.404093],[122.683761,12.403912],[122.68376,12.404093],[122.683944,12.404093]]],[[[122.691305,12.403921],[122.69112,12.404102],[122.691304,12.404102],[122.691305,12.403921]]],[[[122.683944,12.404093],[122.684128,12.404275],[122.684128,12.404094],[122.683944,12.404093]]],[[[122.69112,12.404283],[122.690936,12.404463],[122.69112,12.404463],[122.69112,12.404283]]],[[[122.684496,12.404637],[122.684312,12.404456],[122.684312,12.404636],[122.684496,12.404637]]],[[[122.684496,12.404637],[122.684679,12.404818],[122.68468,12.404637],[122.684496,12.404637]]],[[[122.684679,12.404818],[122.684863,12.404999],[122.684863,12.404818],[122.684679,12.404818]]],[[[122.684863,12.404999],[122.685047,12.40518],[122.685047,12.404999],[122.684863,12.404999]]],[[[122.685047,12.40518],[122.685415,12.405361],[122.685415,12.40518],[122.685047,12.40518]]],[[[122.685415,12.405361],[122.685783,12.405542],[122.685783,12.405362],[122.685415,12.405361]]],[[[122.695535,12.405554],[122.695719,12.405373],[122.695535,12.405373],[122.695535,12.405554]]],[[[122.695535,12.405554],[122.69535,12.405734],[122.695534,12.405734],[122.695535,12.405554]]],[[[122.69535,12.405734],[122.695166,12.405915],[122.69535,12.405915],[122.69535,12.405734]]],[[[122.687438,12.406087],[122.687807,12.405364],[122.689831,12.405547],[122.690385,12.40392],[122.689649,12.403557],[122.688359,12.405003],[122.685967,12.405543],[122.687438,12.406087]]],[[[122.689647,12.405004],[122.68928,12.40428],[122.688912,12.404461],[122.689095,12.404823],[122.689647,12.405004]]],[[[122.687438,12.406268],[122.687622,12.406449],[122.687622,12.406268],[122.687438,12.406268]]],[[[122.695166,12.406277],[122.694982,12.406457],[122.695166,12.406457],[122.695166,12.406277]]],[[[122.694427,12.408265],[122.694243,12.408333],[122.694427,12.408347],[122.694427,12.408265]]],[[[122.693323,12.408987],[122.693138,12.409168],[122.693322,12.409168],[122.693323,12.408987]]],[[[122.690377,12.410612],[122.690192,12.410792],[122.690376,12.410793],[122.690377,12.410612]]],[[[122.691296,12.410794],[122.691481,12.410613],[122.691297,12.410613],[122.691296,12.410794]]],[[[122.691296,12.410794],[122.691112,12.410974],[122.691296,12.410975],[122.691296,12.410794]]],[[[122.687614,12.413141],[122.687429,12.413321],[122.687613,12.413322],[122.687614,12.413141]]],[[[122.687429,12.413502],[122.687245,12.413683],[122.687429,12.413683],[122.687429,12.413502]]],[[[122.687245,12.413864],[122.68706,12.414044],[122.687244,12.414045],[122.687245,12.413864]]],[[[122.68706,12.414225],[122.686876,12.414406],[122.68706,12.414406],[122.68706,12.414225]]],[[[122.687059,12.415129],[122.686875,12.414948],[122.686875,12.415129],[122.687059,12.415129]]],[[[122.687059,12.415129],[122.687243,12.415311],[122.687243,12.41513],[122.687059,12.415129]]],[[[122.688344,12.417482],[122.688344,12.41754],[122.688377,12.417482],[122.688344,12.417482]]],[[[122.685032,12.41784],[122.684848,12.418021],[122.685032,12.418021],[122.685032,12.41784]]],[[[122.685581,12.420011],[122.685397,12.420192],[122.685581,12.420192],[122.685581,12.420011]]],[[[122.685028,12.420915],[122.684844,12.421095],[122.685028,12.421096],[122.685028,12.420915]]],[[[122.684475,12.421999],[122.684291,12.42218],[122.684475,12.42218],[122.684475,12.421999]]],[[[122.68337,12.422902],[122.683185,12.423083],[122.683369,12.423083],[122.68337,12.422902]]],[[[122.683001,12.423083],[122.682817,12.423263],[122.683001,12.423263],[122.683001,12.423083]]],[[[122.681712,12.424347],[122.681528,12.424528],[122.681712,12.424528],[122.681712,12.424347]]],[[[122.68392,12.42435],[122.683736,12.42453],[122.68392,12.424531],[122.68392,12.42435]]],[[[122.684104,12.424531],[122.684156,12.42443],[122.684104,12.42435],[122.684104,12.424531]]],[[[122.681159,12.424708],[122.680975,12.424889],[122.681159,12.424889],[122.681159,12.424708]]],[[[122.685174,12.425255],[122.685023,12.425436],[122.685169,12.425436],[122.685174,12.425255]]],[[[122.682078,12.425433],[122.681894,12.425613],[122.682078,12.425614],[122.682078,12.425433]]],[[[122.682262,12.425795],[122.682078,12.425975],[122.682262,12.425976],[122.682262,12.425795]]],[[[122.684468,12.427425],[122.684284,12.427606],[122.684468,12.427606],[122.684468,12.427425]]],[[[122.685755,12.428331],[122.685571,12.428511],[122.685755,12.428512],[122.685755,12.428331]]],[[[122.683731,12.428509],[122.683547,12.42869],[122.683731,12.42869],[122.683731,12.428509]]],[[[122.68373,12.429052],[122.683546,12.429232],[122.68373,12.429233],[122.68373,12.429052]]],[[[122.683913,12.429775],[122.683729,12.429956],[122.683913,12.429956],[122.683913,12.429775]]],[[[122.683544,12.430498],[122.68336,12.430679],[122.683544,12.430679],[122.683544,12.430498]]],[[[122.68336,12.43086],[122.683176,12.431041],[122.68336,12.431041],[122.68336,12.43086]]],[[[122.682623,12.431763],[122.682439,12.431944],[122.682623,12.431944],[122.682623,12.431763]]],[[[122.681701,12.43339],[122.681517,12.433571],[122.681701,12.433571],[122.681701,12.43339]]],[[[122.674891,12.433925],[122.674707,12.434105],[122.674891,12.434105],[122.674891,12.433925]]],[[[122.681332,12.433932],[122.681148,12.434113],[122.681332,12.434113],[122.681332,12.433932]]],[[[122.674523,12.434467],[122.674707,12.434286],[122.674523,12.434286],[122.674523,12.434467]]],[[[122.674523,12.434467],[122.674338,12.434647],[122.674522,12.434648],[122.674523,12.434467]]],[[[122.676179,12.43465],[122.675994,12.43483],[122.676178,12.43483],[122.676179,12.43465]]],[[[122.676362,12.435192],[122.676178,12.435373],[122.676362,12.435373],[122.676362,12.435192]]],[[[122.674521,12.435733],[122.674337,12.435913],[122.674521,12.435914],[122.674521,12.435733]]],[[[122.673968,12.436275],[122.674153,12.436094],[122.673969,12.436094],[122.673968,12.436275]]],[[[122.673968,12.436275],[122.673784,12.436455],[122.673968,12.436455],[122.673968,12.436275]]],[[[122.674704,12.436818],[122.674519,12.436999],[122.674703,12.436999],[122.674704,12.436818]]],[[[122.676543,12.437363],[122.676359,12.437544],[122.676543,12.437544],[122.676543,12.437363]]],[[[122.674887,12.437542],[122.674703,12.437722],[122.674887,12.437723],[122.674887,12.437542]]],[[[122.680585,12.43791],[122.680407,12.438091],[122.680465,12.438091],[122.680585,12.43791]]],[[[122.674886,12.438265],[122.674702,12.438446],[122.674886,12.438446],[122.674886,12.438265]]],[[[122.674517,12.438988],[122.674333,12.439169],[122.674517,12.439169],[122.674517,12.438988]]],[[[122.67783,12.438811],[122.677645,12.439173],[122.677829,12.439173],[122.67783,12.438811]]],[[[122.678749,12.439355],[122.678933,12.439174],[122.678749,12.439174],[122.678749,12.439355]]],[[[122.674148,12.43953],[122.674333,12.43935],[122.674149,12.439349],[122.674148,12.43953]]],[[[122.678565,12.439355],[122.678381,12.439535],[122.678565,12.439536],[122.678565,12.439355]]],[[[122.674148,12.43953],[122.673964,12.439711],[122.674148,12.439711],[122.674148,12.43953]]],[[[122.673226,12.440976],[122.673042,12.441157],[122.673226,12.441157],[122.673226,12.440976]]],[[[122.667153,12.441511],[122.667337,12.44115],[122.666969,12.441511],[122.667153,12.441511]]],[[[122.66844,12.442055],[122.668256,12.442236],[122.66844,12.442236],[122.66844,12.442055]]],[[[122.666783,12.442777],[122.666967,12.442596],[122.666783,12.442596],[122.666783,12.442777]]],[[[122.665311,12.442775],[122.665127,12.442956],[122.665311,12.442956],[122.665311,12.442775]]],[[[122.666783,12.442777],[122.666599,12.442957],[122.666783,12.442958],[122.666783,12.442777]]],[[[122.668624,12.442598],[122.668439,12.44296],[122.668623,12.44296],[122.668624,12.442598]]],[[[122.665679,12.442956],[122.665495,12.443137],[122.665679,12.443137],[122.665679,12.442956]]],[[[122.666599,12.442957],[122.666415,12.443138],[122.666599,12.443138],[122.666599,12.442957]]],[[[122.672119,12.443145],[122.671935,12.443326],[122.672119,12.443326],[122.672119,12.443145]]],[[[122.665494,12.443499],[122.66531,12.443318],[122.66531,12.443498],[122.665494,12.443499]]],[[[122.665494,12.443499],[122.665678,12.44368],[122.665678,12.443499],[122.665494,12.443499]]],[[[122.665678,12.44368],[122.665862,12.443861],[122.665862,12.44368],[122.665678,12.44368]]],[[[122.665862,12.443861],[122.666045,12.444042],[122.666046,12.443861],[122.665862,12.443861]]],[[[122.666413,12.444042],[122.666229,12.444223],[122.666413,12.444223],[122.666413,12.444042]]],[[[122.666965,12.444405],[122.666781,12.444585],[122.666965,12.444586],[122.666965,12.444405]]],[[[122.671566,12.44441],[122.671382,12.444591],[122.671566,12.444591],[122.671566,12.44441]]],[[[122.666962,12.447118],[122.666777,12.447298],[122.666961,12.447299],[122.666962,12.447118]]],[[[122.666225,12.447659],[122.66604,12.448021],[122.666224,12.448021],[122.666225,12.447659]]],[[[122.66751,12.450193],[122.667326,12.450374],[122.66751,12.450374],[122.66751,12.450193]]],[[[122.667693,12.450736],[122.667509,12.450555],[122.667509,12.450736],[122.667693,12.450736]]],[[[122.667877,12.450736],[122.667692,12.45164],[122.667876,12.45164],[122.667877,12.450736]]],[[[122.667692,12.45164],[122.667508,12.452002],[122.667692,12.452002],[122.667692,12.45164]]],[[[122.667323,12.452363],[122.667507,12.452182],[122.667323,12.452182],[122.667323,12.452363]]],[[[122.663642,12.452539],[122.663826,12.452359],[122.663642,12.452358],[122.663642,12.452539]]],[[[122.667323,12.452363],[122.667139,12.452544],[122.667323,12.452544],[122.667323,12.452363]]],[[[122.664747,12.45236],[122.664562,12.452721],[122.664746,12.452722],[122.664747,12.45236]]],[[[122.667139,12.452544],[122.666955,12.452724],[122.667139,12.452725],[122.667139,12.452544]]],[[[122.66493,12.452903],[122.664746,12.453083],[122.66493,12.453083],[122.66493,12.452903]]],[[[122.666586,12.452905],[122.666402,12.453085],[122.666586,12.453086],[122.666586,12.452905]]],[[[122.665298,12.453084],[122.665113,12.453265],[122.665298,12.453265],[122.665298,12.453084]]],[[[122.661248,12.453983],[122.661432,12.454164],[122.661432,12.453983],[122.661248,12.453983]]],[[[122.661983,12.454346],[122.661616,12.454165],[122.661615,12.454345],[122.661983,12.454346]]],[[[122.661248,12.453802],[122.660696,12.453621],[122.660695,12.454525],[122.66088,12.453983],[122.661248,12.453802]]],[[[122.661983,12.454346],[122.662167,12.454527],[122.662168,12.454346],[122.661983,12.454346]]],[[[122.660695,12.454706],[122.660511,12.454887],[122.660695,12.454887],[122.660695,12.454706]]],[[[122.663458,12.452539],[122.662906,12.452538],[122.662537,12.453261],[122.662903,12.454709],[122.662167,12.454527],[122.662167,12.454889],[122.662534,12.455251],[122.663455,12.455071],[122.662905,12.453624],[122.663458,12.452539]]],[[[122.660142,12.455248],[122.659774,12.455247],[122.659957,12.455971],[122.660141,12.455971],[122.660142,12.455248]]],[[[122.66014,12.456695],[122.660325,12.456152],[122.660141,12.456152],[122.66014,12.456695]]],[[[122.66014,12.456695],[122.659956,12.456875],[122.66014,12.456876],[122.66014,12.456695]]],[[[122.659588,12.456875],[122.659219,12.457055],[122.659588,12.457056],[122.659588,12.456875]]],[[[122.658667,12.457235],[122.658851,12.457055],[122.658667,12.457055],[122.658667,12.457235]]],[[[122.658667,12.457416],[122.658299,12.457235],[122.658299,12.457416],[122.658667,12.457416]]],[[[122.659035,12.457417],[122.659955,12.457599],[122.659955,12.457418],[122.659035,12.457417]]],[[[122.659034,12.457778],[122.658667,12.457597],[122.658666,12.457778],[122.659034,12.457778]]],[[[122.658115,12.457596],[122.657746,12.457777],[122.658482,12.457959],[122.658115,12.457596]]],[[[122.661276,12.459415],[122.661091,12.459595],[122.661275,12.459595],[122.661276,12.459415]]],[[[122.660353,12.461041],[122.660169,12.461222],[122.660353,12.461222],[122.660353,12.461041]]],[[[122.662377,12.461405],[122.662193,12.461586],[122.662377,12.461586],[122.662377,12.461405]]],[[[122.660537,12.461584],[122.660352,12.461765],[122.660536,12.461765],[122.660537,12.461584]]],[[[122.660904,12.461765],[122.66072,12.461946],[122.660904,12.461946],[122.660904,12.461765]]],[[[122.666794,12.461773],[122.666609,12.461953],[122.666793,12.461953],[122.666794,12.461773]]],[[[122.668266,12.461774],[122.667898,12.461955],[122.668266,12.461955],[122.668266,12.461774]]],[[[122.659248,12.461944],[122.659064,12.462125],[122.659248,12.462125],[122.659248,12.461944]]],[[[122.666057,12.461953],[122.665689,12.462133],[122.666057,12.462133],[122.666057,12.461953]]],[[[122.668818,12.461956],[122.668634,12.462137],[122.668818,12.462137],[122.668818,12.461956]]],[[[122.668449,12.46286],[122.668264,12.46304],[122.668448,12.463041],[122.668449,12.46286]]],[[[122.667896,12.463221],[122.667712,12.463401],[122.667896,12.463402],[122.667896,12.463221]]],[[[122.667528,12.463401],[122.667344,12.463582],[122.667528,12.463582],[122.667528,12.463401]]],[[[122.667159,12.463582],[122.666975,12.463762],[122.667159,12.463763],[122.667159,12.463582]]],[[[122.662742,12.4643],[122.662557,12.46448],[122.662741,12.46448],[122.662742,12.4643]]],[[[122.663662,12.464301],[122.663477,12.464481],[122.663662,12.464482],[122.663662,12.464301]]],[[[122.664214,12.464301],[122.66403,12.464482],[122.664214,12.464482],[122.664214,12.464301]]],[[[122.664582,12.464483],[122.664397,12.464663],[122.664582,12.464664],[122.664582,12.464483]]],[[[122.665318,12.464665],[122.664949,12.464845],[122.665317,12.464845],[122.665318,12.464665]]],[[[122.6609,12.465202],[122.661084,12.465021],[122.6609,12.465021],[122.6609,12.465202]]],[[[122.65409,12.465193],[122.653906,12.465374],[122.65409,12.465374],[122.65409,12.465193]]],[[[122.6609,12.465202],[122.660716,12.465382],[122.6609,12.465382],[122.6609,12.465202]]],[[[122.660348,12.465382],[122.660163,12.465562],[122.660347,12.465563],[122.660348,12.465382]]],[[[122.652617,12.465734],[122.652802,12.465372],[122.652618,12.465372],[122.652617,12.465734]]],[[[122.652617,12.465734],[122.652433,12.465914],[122.652617,12.465915],[122.652617,12.465734]]],[[[122.660347,12.465743],[122.660163,12.465924],[122.660347,12.465924],[122.660347,12.465743]]],[[[122.652249,12.466095],[122.652064,12.466456],[122.652248,12.466457],[122.652249,12.466095]]],[[[122.653905,12.466278],[122.653721,12.466459],[122.653905,12.466459],[122.653905,12.466278]]],[[[122.6528,12.466638],[122.652616,12.466819],[122.6528,12.466819],[122.6528,12.466638]]],[[[122.654272,12.467002],[122.654088,12.467182],[122.654272,12.467183],[122.654272,12.467002]]],[[[122.660161,12.467009],[122.659977,12.46719],[122.660161,12.46719],[122.660161,12.467009]]],[[[122.654272,12.467364],[122.654087,12.467544],[122.654271,12.467544],[122.654272,12.467364]]],[[[122.659792,12.467732],[122.659609,12.467551],[122.659608,12.467732],[122.659792,12.467732]]],[[[122.659792,12.467732],[122.659976,12.467913],[122.659976,12.467732],[122.659792,12.467732]]],[[[122.66108,12.468096],[122.660896,12.468276],[122.66108,12.468276],[122.66108,12.468096]]],[[[122.656847,12.468271],[122.656663,12.468452],[122.656847,12.468452],[122.656847,12.468271]]],[[[122.651141,12.468806],[122.650957,12.468987],[122.651141,12.468987],[122.651141,12.468806]]],[[[122.652061,12.468808],[122.651325,12.468987],[122.652061,12.468988],[122.652061,12.468808]]],[[[122.650773,12.468987],[122.650588,12.469167],[122.650772,12.469168],[122.650773,12.468987]]],[[[122.657582,12.468995],[122.657398,12.469176],[122.657582,12.469176],[122.657582,12.468995]]],[[[122.661385,12.469],[122.661263,12.469181],[122.661293,12.469181],[122.661385,12.469]]],[[[122.658318,12.469358],[122.658134,12.469539],[122.658318,12.469539],[122.658318,12.469358]]],[[[122.652613,12.46917],[122.652612,12.469713],[122.653164,12.469713],[122.653165,12.469171],[122.652613,12.46917]]],[[[122.649851,12.470252],[122.650035,12.470071],[122.649851,12.470071],[122.649851,12.470252]]],[[[122.659237,12.470264],[122.659053,12.470082],[122.659053,12.470263],[122.659237,12.470264]]],[[[122.659237,12.470264],[122.659421,12.470445],[122.659421,12.470264],[122.659237,12.470264]]],[[[122.650402,12.470614],[122.650034,12.470794],[122.650402,12.470795],[122.650402,12.470614]]],[[[122.659605,12.470626],[122.65942,12.470806],[122.659604,12.470807],[122.659605,12.470626]]],[[[122.649667,12.470251],[122.649666,12.470613],[122.649482,12.470975],[122.64985,12.470975],[122.649667,12.470251]]],[[[122.660524,12.470989],[122.660709,12.470808],[122.660525,12.470808],[122.660524,12.470989]]],[[[122.660524,12.470989],[122.66034,12.471169],[122.660524,12.471169],[122.660524,12.470989]]],[[[122.652793,12.471702],[122.652609,12.471883],[122.652793,12.471883],[122.652793,12.471702]]],[[[122.655185,12.472429],[122.655001,12.472609],[122.655185,12.47261],[122.655185,12.472429]]],[[[122.642668,12.473498],[122.642853,12.473317],[122.642669,12.473317],[122.642668,12.473498]]],[[[122.642668,12.473498],[122.642484,12.473678],[122.642668,12.473678],[122.642668,12.473498]]],[[[122.652239,12.47351],[122.652055,12.473691],[122.652239,12.473691],[122.652239,12.47351]]],[[[122.654816,12.473513],[122.654631,12.473694],[122.654815,12.473694],[122.654816,12.473513]]],[[[122.653527,12.473693],[122.652975,12.473873],[122.653527,12.473873],[122.653527,12.473693]]],[[[122.652238,12.473872],[122.652054,12.474052],[122.652238,12.474053],[122.652238,12.473872]]],[[[122.450587,12.474069],[122.450526,12.474116],[122.450587,12.474161],[122.450587,12.474069]]],[[[122.450587,12.474249],[122.450586,12.47425],[122.450587,12.47425],[122.450587,12.474249]]],[[[122.643771,12.474584],[122.643587,12.474765],[122.643771,12.474765],[122.643771,12.474584]]],[[[122.646532,12.474588],[122.646348,12.474768],[122.646532,12.474769],[122.646532,12.474588]]],[[[122.649109,12.474591],[122.648924,12.474772],[122.649108,12.474772],[122.649109,12.474591]]],[[[122.642666,12.474944],[122.642483,12.474763],[122.642482,12.474944],[122.642666,12.474944]]],[[[122.450586,12.474793],[122.450562,12.474973],[122.450585,12.474973],[122.450586,12.474793]]],[[[122.642666,12.474944],[122.64285,12.475126],[122.64285,12.474945],[122.642666,12.474944]]],[[[122.523956,12.474761],[122.524323,12.475124],[122.524324,12.474581],[122.523956,12.474761]]],[[[122.524691,12.475305],[122.524323,12.475485],[122.524691,12.475486],[122.524691,12.475305]]],[[[122.648924,12.475314],[122.648739,12.475495],[122.648923,12.475495],[122.648924,12.475314]]],[[[122.452057,12.475338],[122.451872,12.475519],[122.452056,12.475519],[122.452057,12.475338]]],[[[122.645242,12.47549],[122.645058,12.475671],[122.645242,12.475671],[122.645242,12.47549]]],[[[122.647267,12.475674],[122.647083,12.475493],[122.647083,12.475674],[122.647267,12.475674]]],[[[122.452793,12.47552],[122.452608,12.475701],[122.452792,12.475701],[122.452793,12.47552]]],[[[122.643954,12.47567],[122.643769,12.47585],[122.643954,12.47585],[122.643954,12.47567]]],[[[122.647267,12.475674],[122.64745,12.475855],[122.647451,12.475674],[122.647267,12.475674]]],[[[122.648371,12.475675],[122.648187,12.475856],[122.648371,12.475856],[122.648371,12.475675]]],[[[122.45316,12.475702],[122.452976,12.475883],[122.45316,12.475883],[122.45316,12.475702]]],[[[122.524139,12.475485],[122.523954,12.476027],[122.524138,12.476028],[122.524139,12.475485]]],[[[122.453896,12.476065],[122.453711,12.476246],[122.453895,12.476246],[122.453896,12.476065]]],[[[122.523953,12.476208],[122.523769,12.476389],[122.523953,12.476389],[122.523953,12.476208]]],[[[122.454263,12.476428],[122.454079,12.476246],[122.454079,12.476427],[122.454263,12.476428]]],[[[122.454263,12.476428],[122.454447,12.476609],[122.454447,12.476428],[122.454263,12.476428]]],[[[122.5234,12.47675],[122.523585,12.476569],[122.523401,12.476569],[122.5234,12.47675]]],[[[122.524321,12.47639],[122.524136,12.476751],[122.52432,12.476751],[122.524321,12.47639]]],[[[122.5234,12.47675],[122.523216,12.47693],[122.5234,12.47693],[122.5234,12.47675]]],[[[122.523216,12.47693],[122.523031,12.477111],[122.523215,12.477111],[122.523216,12.47693]]],[[[122.522294,12.477652],[122.522479,12.477471],[122.522295,12.477471],[122.522294,12.477652]]],[[[122.523399,12.477473],[122.52303,12.477653],[122.523399,12.477654],[122.523399,12.477473]]],[[[122.522294,12.477652],[122.52211,12.477832],[122.522294,12.477833],[122.522294,12.477652]]],[[[122.643583,12.477478],[122.643031,12.477658],[122.643583,12.477839],[122.643583,12.477478]]],[[[122.52211,12.477832],[122.521925,12.478013],[122.52211,12.478013],[122.52211,12.477832]]],[[[122.522478,12.478014],[122.522293,12.478195],[122.522477,12.478195],[122.522478,12.478014]]],[[[122.522109,12.478375],[122.521924,12.478556],[122.522109,12.478556],[122.522109,12.478375]]],[[[122.454443,12.478417],[122.454258,12.478598],[122.454443,12.478598],[122.454443,12.478417]]],[[[122.522661,12.478557],[122.522476,12.478737],[122.52266,12.478738],[122.522661,12.478557]]],[[[122.458675,12.478788],[122.457755,12.478605],[122.457755,12.478786],[122.458675,12.478788]]],[[[122.522476,12.478737],[122.522292,12.478918],[122.522476,12.478918],[122.522476,12.478737]]],[[[122.522292,12.479099],[122.521556,12.478736],[122.521555,12.479097],[122.522292,12.479099]]],[[[122.522845,12.478195],[122.523028,12.4791],[122.523398,12.478196],[122.522845,12.478195]]],[[[122.517506,12.479271],[122.517322,12.47909],[122.517322,12.479271],[122.517506,12.479271]]],[[[122.521003,12.479277],[122.521187,12.479097],[122.521003,12.479097],[122.521003,12.479277]]],[[[122.522844,12.4791],[122.522659,12.47928],[122.522843,12.479281],[122.522844,12.4791]]],[[[122.45757,12.479147],[122.457386,12.479328],[122.45757,12.479328],[122.45757,12.479147]]],[[[122.458675,12.478969],[122.459042,12.479331],[122.459226,12.479331],[122.459227,12.478789],[122.458675,12.478969]]],[[[122.520635,12.479277],[122.52045,12.479457],[122.520634,12.479458],[122.520635,12.479277]]],[[[122.521003,12.479277],[122.520819,12.479458],[122.521003,12.479458],[122.521003,12.479277]]],[[[122.521187,12.479278],[122.521371,12.479459],[122.521371,12.479278],[122.521187,12.479278]]],[[[122.516769,12.479451],[122.516585,12.479631],[122.516769,12.479632],[122.516769,12.479451]]],[[[122.517506,12.479271],[122.517689,12.479633],[122.51769,12.479271],[122.517506,12.479271]]],[[[122.521187,12.479459],[122.521002,12.479639],[122.521186,12.479639],[122.521187,12.479459]]],[[[122.522659,12.479461],[122.522475,12.479642],[122.522659,12.479642],[122.522659,12.479461]]],[[[122.643765,12.479467],[122.64358,12.479648],[122.643764,12.479648],[122.643765,12.479467]]],[[[122.520634,12.479638],[122.52045,12.479819],[122.520634,12.479819],[122.520634,12.479638]]],[[[122.515849,12.479811],[122.515664,12.479991],[122.515848,12.479992],[122.515849,12.479811]]],[[[122.523395,12.479824],[122.52321,12.480005],[122.523394,12.480005],[122.523395,12.479824]]],[[[122.524683,12.479826],[122.524499,12.480007],[122.524683,12.480007],[122.524683,12.479826]]],[[[122.517873,12.479634],[122.517688,12.480176],[122.517872,12.480176],[122.517873,12.479634]]],[[[122.457568,12.480051],[122.457384,12.480232],[122.457568,12.480232],[122.457568,12.480051]]],[[[122.515848,12.480172],[122.515663,12.480353],[122.515848,12.480353],[122.515848,12.480172]]],[[[122.637506,12.480182],[122.637321,12.480363],[122.637506,12.480363],[122.637506,12.480182]]],[[[122.517872,12.480176],[122.518056,12.480538],[122.518056,12.480176],[122.517872,12.480176]]],[[[122.634377,12.480178],[122.634008,12.480539],[122.634376,12.48054],[122.634377,12.480178]]],[[[122.6445,12.480373],[122.644131,12.480553],[122.644499,12.480553],[122.6445,12.480373]]],[[[122.634744,12.48054],[122.63456,12.480721],[122.634744,12.480721],[122.634744,12.48054]]],[[[122.635665,12.480542],[122.635296,12.480722],[122.635664,12.480723],[122.635665,12.480542]]],[[[122.643395,12.480552],[122.642843,12.480732],[122.643395,12.480733],[122.643395,12.480552]]],[[[122.64542,12.480555],[122.645051,12.480735],[122.645419,12.480736],[122.64542,12.480555]]],[[[122.51824,12.480538],[122.518055,12.4809],[122.518423,12.4809],[122.51824,12.480538]]],[[[122.522842,12.480185],[122.521738,12.480002],[122.521921,12.480364],[122.521184,12.480905],[122.522842,12.480185]]],[[[122.523025,12.480366],[122.52284,12.480908],[122.523024,12.480909],[122.523025,12.480366]]],[[[122.523393,12.480728],[122.523209,12.480909],[122.523393,12.480909],[122.523393,12.480728]]],[[[122.641186,12.48073],[122.641002,12.480911],[122.641186,12.480911],[122.641186,12.48073]]],[[[122.646339,12.480918],[122.645787,12.480736],[122.645787,12.480917],[122.646339,12.480918]]],[[[122.459959,12.48078],[122.459775,12.48096],[122.459959,12.480961],[122.459959,12.48078]]],[[[122.632351,12.480899],[122.632167,12.48108],[122.632351,12.48108],[122.632351,12.480899]]],[[[122.521,12.480905],[122.520816,12.481086],[122.521,12.481086],[122.521,12.480905]]],[[[122.52284,12.480908],[122.522656,12.481089],[122.52284,12.481089],[122.52284,12.480908]]],[[[122.639529,12.480909],[122.639345,12.481089],[122.639529,12.481089],[122.639529,12.480909]]],[[[122.646339,12.480918],[122.646523,12.481099],[122.646523,12.480918],[122.646339,12.480918]]],[[[122.631799,12.48126],[122.631983,12.481079],[122.631799,12.481079],[122.631799,12.48126]]],[[[122.519159,12.480902],[122.518423,12.4809],[122.518423,12.481081],[122.518791,12.481263],[122.519159,12.480902]]],[[[122.520263,12.481265],[122.520447,12.481085],[122.520263,12.481085],[122.520263,12.481265]]],[[[122.522472,12.481089],[122.521919,12.481268],[122.522472,12.481269],[122.522472,12.481089]]],[[[122.640633,12.481091],[122.640449,12.481272],[122.640633,12.481272],[122.640633,12.481091]]],[[[122.524865,12.481093],[122.52468,12.481273],[122.524864,12.481274],[122.524865,12.481093]]],[[[122.632352,12.480718],[122.633087,12.481442],[122.634192,12.481082],[122.632352,12.480718]]],[[[122.520263,12.481265],[122.520079,12.481446],[122.520263,12.481446],[122.520263,12.481265]]],[[[122.523208,12.481452],[122.522839,12.481632],[122.523207,12.481632],[122.523208,12.481452]]],[[[122.64321,12.481456],[122.642289,12.481636],[122.643209,12.481637],[122.64321,12.481456]]],[[[122.643946,12.481457],[122.643578,12.481637],[122.643946,12.481638],[122.643946,12.481457]]],[[[122.455909,12.481495],[122.455724,12.481675],[122.455908,12.481676],[122.455909,12.481495]]],[[[122.522103,12.48163],[122.521919,12.481811],[122.522103,12.481811],[122.522103,12.48163]]],[[[122.644313,12.481819],[122.64413,12.481638],[122.644129,12.481819],[122.644313,12.481819]]],[[[122.459773,12.481684],[122.459589,12.481864],[122.459773,12.481864],[122.459773,12.481684]]],[[[122.510875,12.481791],[122.510691,12.481972],[122.510875,12.481972],[122.510875,12.481791]]],[[[122.511428,12.481792],[122.511243,12.481973],[122.511427,12.481973],[122.511428,12.481792]]],[[[122.513268,12.481796],[122.513084,12.481976],[122.513268,12.481976],[122.513268,12.481796]]],[[[122.514556,12.481798],[122.514372,12.481978],[122.514556,12.481979],[122.514556,12.481798]]],[[[122.52063,12.48199],[122.520446,12.481808],[122.520446,12.481989],[122.52063,12.48199]]],[[[122.644313,12.481819],[122.644497,12.482],[122.644498,12.481819],[122.644313,12.481819]]],[[[122.645234,12.482001],[122.644681,12.482181],[122.645233,12.482182],[122.645234,12.482001]]],[[[122.648731,12.481644],[122.650571,12.482189],[122.651123,12.481828],[122.651125,12.480924],[122.649837,12.48056],[122.648731,12.481644]]],[[[122.509218,12.482331],[122.509402,12.48215],[122.509218,12.48215],[122.509218,12.482331]]],[[[122.631799,12.48126],[122.631613,12.482345],[122.631797,12.482345],[122.631799,12.48126]]],[[[122.526887,12.482181],[122.526703,12.482362],[122.526887,12.482362],[122.526887,12.482181]]],[[[122.527992,12.482183],[122.527071,12.482363],[122.527991,12.482364],[122.527992,12.482183]]],[[[122.509218,12.482331],[122.509034,12.482511],[122.509218,12.482512],[122.509218,12.482331]]],[[[122.519159,12.481263],[122.519157,12.482349],[122.519709,12.48253],[122.520078,12.481627],[122.519159,12.481263]]],[[[122.520629,12.48217],[122.521365,12.482533],[122.521367,12.481448],[122.520998,12.48199],[122.520629,12.48217]]],[[[122.646523,12.48128],[122.64689,12.482003],[122.646521,12.482365],[122.645417,12.482363],[122.647073,12.482546],[122.647258,12.481823],[122.646523,12.48128]]],[[[122.649098,12.482549],[122.648362,12.482005],[122.648362,12.482367],[122.649098,12.482549]]],[[[122.459588,12.482407],[122.459404,12.482587],[122.459588,12.482587],[122.459588,12.482407]]],[[[122.507193,12.482508],[122.506825,12.482688],[122.507193,12.482689],[122.507193,12.482508]]],[[[122.509033,12.482692],[122.508666,12.482511],[122.508665,12.482691],[122.509033,12.482692]]],[[[122.633821,12.482529],[122.633269,12.482709],[122.633821,12.48271],[122.633821,12.482529]]],[[[122.521365,12.482533],[122.521548,12.482895],[122.521549,12.482534],[122.521365,12.482533]]],[[[122.528727,12.482727],[122.528542,12.482908],[122.528726,12.482908],[122.528727,12.482727]]],[[[122.523757,12.48308],[122.523944,12.481453],[122.524312,12.481273],[122.524498,12.480369],[122.523391,12.481814],[122.523757,12.48308]]],[[[122.529094,12.48309],[122.52891,12.482908],[122.52891,12.483089],[122.529094,12.48309]]],[[[122.529094,12.48309],[122.529278,12.483271],[122.529278,12.48309],[122.529094,12.48309]]],[[[122.504983,12.483408],[122.505167,12.483228],[122.504983,12.483227],[122.504983,12.483408]]],[[[122.523573,12.48308],[122.523388,12.483441],[122.523572,12.483442],[122.523573,12.48308]]],[[[122.504983,12.483408],[122.504798,12.483589],[122.504982,12.483589],[122.504983,12.483408]]],[[[122.467684,12.483508],[122.467499,12.483688],[122.467684,12.483689],[122.467684,12.483508]]],[[[122.504798,12.483769],[122.504246,12.483588],[122.504246,12.483768],[122.504798,12.483769]]],[[[122.528541,12.483631],[122.528357,12.483812],[122.528541,12.483812],[122.528541,12.483631]]],[[[122.529829,12.483633],[122.529645,12.483814],[122.529829,12.483814],[122.529829,12.483633]]],[[[122.459769,12.483673],[122.459585,12.483853],[122.459769,12.483854],[122.459769,12.483673]]],[[[122.527989,12.483811],[122.527804,12.483992],[122.527988,12.483992],[122.527989,12.483811]]],[[[122.469156,12.483872],[122.468971,12.484037],[122.469155,12.484053],[122.469156,12.483872]]],[[[122.466394,12.484048],[122.46621,12.484228],[122.466394,12.484229],[122.466394,12.484048]]],[[[122.504245,12.48413],[122.503877,12.483949],[122.503877,12.48431],[122.504245,12.48413]]],[[[122.465658,12.484227],[122.465473,12.484408],[122.465657,12.484408],[122.465658,12.484227]]],[[[122.469707,12.484416],[122.469523,12.484235],[122.469523,12.484416],[122.469707,12.484416]]],[[[122.471916,12.48424],[122.472283,12.484421],[122.472468,12.48406],[122.471916,12.48424]]],[[[122.631429,12.482345],[122.631427,12.483611],[122.631242,12.484515],[122.63198,12.48325],[122.631429,12.482345]]],[[[122.465105,12.484407],[122.464921,12.484587],[122.465105,12.484588],[122.465105,12.484407]]],[[[122.469707,12.484416],[122.46989,12.484597],[122.469891,12.484416],[122.469707,12.484416]]],[[[122.471915,12.48442],[122.471731,12.484601],[122.471915,12.484601],[122.471915,12.48442]]],[[[122.503876,12.484672],[122.503692,12.484491],[122.503692,12.484672],[122.503876,12.484672]]],[[[122.523204,12.483441],[122.522653,12.482897],[122.522099,12.48362],[122.521548,12.483257],[122.521361,12.484704],[122.522466,12.484525],[122.523204,12.483441]]],[[[122.464369,12.484586],[122.464184,12.484767],[122.464368,12.484767],[122.464369,12.484586]]],[[[122.470442,12.484598],[122.470074,12.484779],[122.470442,12.484779],[122.470442,12.484598]]],[[[122.471731,12.484601],[122.471546,12.484781],[122.47173,12.484782],[122.471731,12.484601]]],[[[122.503876,12.484672],[122.50406,12.484853],[122.50406,12.484672],[122.503876,12.484672]]],[[[122.527987,12.484715],[122.527803,12.484896],[122.527987,12.484896],[122.527987,12.484715]]],[[[122.463816,12.484766],[122.463448,12.484946],[122.463816,12.484947],[122.463816,12.484766]]],[[[122.470994,12.48478],[122.470626,12.48496],[122.470994,12.484961],[122.470994,12.48478]]],[[[122.473571,12.484966],[122.473387,12.484785],[122.473387,12.484966],[122.473571,12.484966]]],[[[122.631241,12.484876],[122.631058,12.484695],[122.630689,12.485056],[122.631241,12.484876]]],[[[122.462712,12.484945],[122.462527,12.485125],[122.462711,12.485126],[122.462712,12.484945]]],[[[122.471546,12.484962],[122.471178,12.484781],[122.471178,12.485142],[122.471546,12.484962]]],[[[122.473571,12.484966],[122.473754,12.485147],[122.473755,12.484967],[122.473571,12.484966]]],[[[122.473754,12.485147],[122.473938,12.485329],[122.473938,12.485148],[122.473754,12.485147]]],[[[122.629584,12.485236],[122.6294,12.485416],[122.629584,12.485417],[122.629584,12.485236]]],[[[122.630688,12.485418],[122.630505,12.485237],[122.63032,12.485418],[122.630688,12.485418]]],[[[122.528722,12.485259],[122.528538,12.48544],[122.528722,12.48544],[122.528722,12.485259]]],[[[122.629032,12.485597],[122.629216,12.485054],[122.629032,12.485054],[122.629032,12.485597]]],[[[122.63032,12.485598],[122.629768,12.485417],[122.629768,12.485598],[122.63032,12.485598]]],[[[122.474122,12.48551],[122.473937,12.48569],[122.474121,12.485691],[122.474122,12.48551]]],[[[122.614491,12.485757],[122.614307,12.485938],[122.614491,12.485938],[122.614491,12.485757]]],[[[122.521175,12.485788],[122.520991,12.485969],[122.521175,12.485969],[122.521175,12.485788]]],[[[122.528722,12.485621],[122.528537,12.485982],[122.528721,12.485983],[122.528722,12.485621]]],[[[122.461789,12.485847],[122.461421,12.486027],[122.461789,12.486028],[122.461789,12.485847]]],[[[122.472833,12.485869],[122.472648,12.48605],[122.472832,12.48605],[122.472833,12.485869]]],[[[122.629031,12.485958],[122.628847,12.485777],[122.628479,12.486138],[122.629031,12.485958]]],[[[122.521543,12.48597],[122.521358,12.486151],[122.521542,12.486151],[122.521543,12.48597]]],[[[122.462157,12.48621],[122.461973,12.486028],[122.461973,12.486209],[122.462157,12.48621]]],[[[122.473568,12.486051],[122.473384,12.486232],[122.473568,12.486232],[122.473568,12.486051]]],[[[122.520438,12.486149],[122.52007,12.485967],[122.520439,12.485606],[122.519703,12.485605],[122.52007,12.486329],[122.520438,12.486149]]],[[[122.462157,12.48621],[122.46234,12.486391],[122.462341,12.48621],[122.462157,12.48621]]],[[[122.520438,12.48633],[122.520806,12.486511],[122.520806,12.48633],[122.520438,12.48633]]],[[[122.474856,12.486416],[122.474672,12.486596],[122.474856,12.486596],[122.474856,12.486416]]],[[[122.503873,12.486481],[122.503688,12.486661],[122.503872,12.486661],[122.503873,12.486481]]],[[[122.50737,12.486487],[122.507185,12.486668],[122.507369,12.486668],[122.50737,12.486487]]],[[[122.471911,12.486591],[122.471726,12.486771],[122.47191,12.486772],[122.471911,12.486591]]],[[[122.613754,12.485937],[122.613937,12.486842],[122.614121,12.486842],[122.614123,12.485937],[122.613754,12.485937]]],[[[122.624612,12.487037],[122.624428,12.487218],[122.624612,12.487218],[122.624612,12.487037]]],[[[122.474302,12.487138],[122.474118,12.487318],[122.474302,12.487319],[122.474302,12.487138]]],[[[122.478536,12.487146],[122.478351,12.487327],[122.478535,12.487327],[122.478536,12.487146]]],[[[122.503135,12.487203],[122.502951,12.487383],[122.503135,12.487384],[122.503135,12.487203]]],[[[122.478167,12.487326],[122.477983,12.487507],[122.478167,12.487507],[122.478167,12.487326]]],[[[122.597003,12.48754],[122.596268,12.486816],[122.596083,12.487539],[122.596635,12.487178],[122.597003,12.48754]]],[[[122.597555,12.48736],[122.597371,12.487541],[122.597555,12.487541],[122.597555,12.48736]]],[[[122.598292,12.487361],[122.598108,12.486818],[122.597556,12.486998],[122.597923,12.487542],[122.598292,12.487361]]],[[[122.481112,12.487513],[122.480927,12.487693],[122.481111,12.487694],[122.481112,12.487513]]],[[[122.598291,12.487542],[122.598659,12.487723],[122.598659,12.487543],[122.598291,12.487542]]],[[[122.501294,12.487561],[122.500925,12.487741],[122.501293,12.487742],[122.501294,12.487561]]],[[[122.477246,12.487686],[122.477062,12.487867],[122.477246,12.487867],[122.477246,12.487686]]],[[[122.481479,12.487694],[122.481295,12.487875],[122.481479,12.487875],[122.481479,12.487694]]],[[[122.599211,12.487905],[122.599396,12.487544],[122.599028,12.487543],[122.599211,12.487905]]],[[[122.600683,12.487907],[122.600132,12.487726],[122.600131,12.487907],[122.600683,12.487907]]],[[[122.501662,12.487743],[122.501477,12.487923],[122.501661,12.487923],[122.501662,12.487743]]],[[[122.611911,12.487743],[122.611727,12.487923],[122.611911,12.487924],[122.611911,12.487743]]],[[[122.503134,12.487745],[122.50295,12.487926],[122.503134,12.487926],[122.503134,12.487745]]],[[[122.624795,12.487942],[122.624611,12.487761],[122.624611,12.487942],[122.624795,12.487942]]],[[[122.626452,12.487763],[122.625899,12.487944],[122.626451,12.487944],[122.626452,12.487763]]],[[[122.599395,12.487905],[122.599947,12.488087],[122.599947,12.487906],[122.599395,12.487905]]],[[[122.600683,12.487907],[122.600867,12.488088],[122.600868,12.487908],[122.600683,12.487907]]],[[[122.624795,12.487942],[122.624979,12.488123],[122.624979,12.487942],[122.624795,12.487942]]],[[[122.625531,12.488124],[122.625715,12.487943],[122.625531,12.487943],[122.625531,12.488124]]],[[[122.520805,12.486692],[122.521541,12.486874],[122.521539,12.48814],[122.522276,12.48778],[122.521726,12.486332],[122.520805,12.486692]]],[[[122.522459,12.488142],[122.522275,12.487961],[122.522275,12.488142],[122.522459,12.488142]]],[[[122.595897,12.488262],[122.596082,12.4879],[122.595898,12.4879],[122.595897,12.488262]]],[[[122.501845,12.488105],[122.501661,12.488285],[122.501845,12.488285],[122.501845,12.488105]]],[[[122.505526,12.488111],[122.505342,12.488292],[122.505526,12.488292],[122.505526,12.488111]]],[[[122.625531,12.488305],[122.624979,12.488123],[122.624979,12.488304],[122.625531,12.488305]]],[[[122.521538,12.488321],[122.521171,12.48814],[122.52117,12.48832],[122.521538,12.488321]]],[[[122.531661,12.488339],[122.531294,12.488157],[122.531293,12.488338],[122.531661,12.488339]]],[[[122.595897,12.488262],[122.595713,12.488443],[122.595897,12.488443],[122.595897,12.488262]]],[[[122.61596,12.488291],[122.616513,12.487388],[122.615961,12.487206],[122.616146,12.486483],[122.615779,12.486302],[122.615409,12.487567],[122.61596,12.488291]]],[[[122.62461,12.488484],[122.624426,12.488303],[122.624426,12.488484],[122.62461,12.488484]]],[[[122.531109,12.488338],[122.530925,12.488518],[122.531109,12.488519],[122.531109,12.488338]]],[[[122.531661,12.488339],[122.531845,12.48852],[122.531846,12.488339],[122.531661,12.488339]]],[[[122.603996,12.488455],[122.603811,12.488635],[122.603995,12.488636],[122.603996,12.488455]]],[[[122.62461,12.488484],[122.624794,12.488665],[122.624794,12.488485],[122.62461,12.488484]]],[[[122.520433,12.488681],[122.521356,12.487597],[122.520434,12.488138],[122.520433,12.488681]]],[[[122.521354,12.488502],[122.52117,12.488682],[122.521354,12.488682],[122.521354,12.488502]]],[[[122.527244,12.48815],[122.530376,12.486528],[122.530563,12.485262],[122.529827,12.48508],[122.529825,12.486165],[122.529089,12.486164],[122.529456,12.486707],[122.526877,12.487788],[122.526692,12.48833],[122.527243,12.488693],[122.527244,12.48815]]],[[[122.489576,12.488795],[122.489208,12.488613],[122.489208,12.488794],[122.489576,12.488795]]],[[[122.615959,12.488472],[122.616143,12.488834],[122.616143,12.488472],[122.615959,12.488472]]],[[[122.624794,12.488665],[122.625162,12.488847],[122.625162,12.488666],[122.624794,12.488665]]],[[[122.530741,12.488699],[122.530556,12.48888],[122.53074,12.48888],[122.530741,12.488699]]],[[[122.532949,12.488703],[122.532581,12.488883],[122.532949,12.488884],[122.532949,12.488703]]],[[[122.489576,12.488795],[122.489759,12.488976],[122.48976,12.488795],[122.489576,12.488795]]],[[[122.595713,12.488443],[122.595528,12.488985],[122.595712,12.488985],[122.595713,12.488443]]],[[[122.505157,12.488834],[122.504972,12.489015],[122.505156,12.489015],[122.505157,12.488834]]],[[[122.625162,12.488847],[122.625346,12.489028],[122.625346,12.488847],[122.625162,12.488847]]],[[[122.628295,12.486138],[122.627005,12.486679],[122.627556,12.487765],[122.626636,12.487583],[122.62737,12.489031],[122.627738,12.489031],[122.627924,12.488127],[122.627374,12.48668],[122.628294,12.4865],[122.628295,12.486138]]],[[[122.527427,12.488874],[122.527243,12.489055],[122.527427,12.489055],[122.527427,12.488874]]],[[[122.528348,12.488514],[122.52798,12.488513],[122.527795,12.488875],[122.528347,12.489057],[122.528348,12.488514]]],[[[122.531108,12.489061],[122.531292,12.488881],[122.531108,12.48888],[122.531108,12.489061]]],[[[122.475403,12.488949],[122.475219,12.489129],[122.475403,12.489129],[122.475403,12.488949]]],[[[122.595528,12.489166],[122.594792,12.488984],[122.594792,12.489165],[122.595528,12.489166]]],[[[122.604179,12.488998],[122.603995,12.489178],[122.604179,12.489179],[122.604179,12.488998]]],[[[122.604915,12.488999],[122.604731,12.489179],[122.604915,12.48918],[122.604915,12.488999]]],[[[122.605651,12.489],[122.605467,12.48918],[122.605651,12.489181],[122.605651,12.489]]],[[[122.625346,12.489028],[122.625529,12.489209],[122.62553,12.489028],[122.625346,12.489028]]],[[[122.520985,12.489224],[122.520801,12.489043],[122.520801,12.489224],[122.520985,12.489224]]],[[[122.522089,12.489226],[122.521721,12.489045],[122.521721,12.489226],[122.522089,12.489226]]],[[[122.530556,12.48906],[122.530371,12.489241],[122.530556,12.489241],[122.530556,12.48906]]],[[[122.531108,12.489061],[122.530924,12.489242],[122.531108,12.489242],[122.531108,12.489061]]],[[[122.594792,12.489165],[122.594607,12.489345],[122.594791,12.489345],[122.594792,12.489165]]],[[[122.605283,12.48918],[122.605099,12.489361],[122.605283,12.489361],[122.605283,12.48918]]],[[[122.625345,12.489209],[122.625161,12.489389],[122.625345,12.48939],[122.625345,12.489209]]],[[[122.520985,12.489224],[122.521352,12.489406],[122.521353,12.489225],[122.520985,12.489224]]],[[[122.528347,12.489418],[122.528163,12.489237],[122.528162,12.489418],[122.528347,12.489418]]],[[[122.530924,12.489242],[122.530739,12.489422],[122.530923,12.489423],[122.530924,12.489242]]],[[[122.490127,12.489339],[122.489942,12.489519],[122.490126,12.489519],[122.490127,12.489339]]],[[[122.609332,12.489367],[122.609148,12.489547],[122.609332,12.489548],[122.609332,12.489367]]],[[[122.528347,12.489418],[122.52853,12.489599],[122.528531,12.489419],[122.528347,12.489418]]],[[[122.530923,12.489423],[122.531107,12.489604],[122.531107,12.489423],[122.530923,12.489423]]],[[[122.472825,12.489486],[122.472641,12.489664],[122.472825,12.489667],[122.472825,12.489486]]],[[[122.474482,12.489489],[122.474297,12.48967],[122.474481,12.48967],[122.474482,12.489489]]],[[[122.625161,12.489389],[122.624976,12.489751],[122.62516,12.489751],[122.625161,12.489389]]],[[[122.522459,12.488323],[122.522089,12.489045],[122.522642,12.488866],[122.52264,12.489589],[122.52356,12.489772],[122.522459,12.488323]]],[[[122.473929,12.48985],[122.473745,12.489669],[122.473745,12.48985],[122.473929,12.48985]]],[[[122.600496,12.489897],[122.600681,12.489716],[122.600497,12.489716],[122.600496,12.489897]]],[[[122.608779,12.489728],[122.608595,12.489908],[122.608779,12.489909],[122.608779,12.489728]]],[[[122.504419,12.489737],[122.504234,12.489918],[122.504418,12.489918],[122.504419,12.489737]]],[[[122.506444,12.48956],[122.506259,12.489921],[122.506443,12.489922],[122.506444,12.48956]]],[[[122.624976,12.489751],[122.624792,12.489931],[122.624976,12.489932],[122.624976,12.489751]]],[[[122.526321,12.489776],[122.52614,12.488329],[122.525772,12.488329],[122.525769,12.489956],[122.526321,12.489776]]],[[[122.530186,12.489964],[122.53037,12.489783],[122.530186,12.489783],[122.530186,12.489964]]],[[[122.530923,12.489784],[122.530738,12.489965],[122.530922,12.489965],[122.530923,12.489784]]],[[[122.594054,12.490068],[122.594238,12.489887],[122.594054,12.489887],[122.594054,12.490068]]],[[[122.600496,12.489897],[122.600312,12.490077],[122.600496,12.490077],[122.600496,12.489897]]],[[[122.50221,12.489914],[122.502025,12.490094],[122.502209,12.490095],[122.50221,12.489914]]],[[[122.624792,12.489931],[122.624608,12.490112],[122.624792,12.490112],[122.624792,12.489931]]],[[[122.530186,12.490145],[122.529818,12.489963],[122.529818,12.490144],[122.530186,12.490145]]],[[[122.594054,12.490068],[122.59387,12.490248],[122.594054,12.490249],[122.594054,12.490068]]],[[[122.604177,12.490083],[122.603993,12.490263],[122.604177,12.490264],[122.604177,12.490083]]],[[[122.606018,12.490085],[122.605834,12.490266],[122.606018,12.490266],[122.606018,12.490085]]],[[[122.490861,12.490244],[122.490677,12.490425],[122.490861,12.490425],[122.490861,12.490244]]],[[[122.50092,12.490273],[122.500736,12.490454],[122.50092,12.490454],[122.50092,12.490273]]],[[[122.487732,12.490419],[122.487547,12.4906],[122.487732,12.4906],[122.487732,12.490419]]],[[[122.593501,12.490429],[122.593317,12.490609],[122.593501,12.490609],[122.593501,12.490429]]],[[[122.624423,12.490654],[122.624608,12.490293],[122.624423,12.490293],[122.624423,12.490654]]],[[[122.600128,12.490077],[122.599392,12.489895],[122.599391,12.490437],[122.600311,12.490801],[122.600128,12.490077]]],[[[122.503681,12.49064],[122.503496,12.49082],[122.50368,12.490821],[122.503681,12.49064]]],[[[122.617613,12.490645],[122.617061,12.490101],[122.617247,12.489197],[122.616327,12.488834],[122.616509,12.490101],[122.617244,12.490825],[122.617613,12.490645]]],[[[122.592765,12.490789],[122.59258,12.49097],[122.592764,12.49097],[122.592765,12.490789]]],[[[122.600311,12.490801],[122.600495,12.490982],[122.600495,12.490801],[122.600311,12.490801]]],[[[122.617612,12.490826],[122.617796,12.491007],[122.617797,12.490826],[122.617612,12.490826]]],[[[122.52411,12.491038],[122.525768,12.490499],[122.5254,12.490498],[122.525218,12.489413],[122.524849,12.489774],[122.524298,12.48923],[122.524848,12.490316],[122.52411,12.491038]]],[[[122.527056,12.490682],[122.527976,12.490684],[122.528161,12.490141],[122.527426,12.489597],[122.526688,12.490681],[122.525951,12.490861],[122.527055,12.491044],[122.527056,12.490682]]],[[[122.600495,12.490982],[122.600678,12.491163],[122.600679,12.490982],[122.600495,12.490982]]],[[[122.491043,12.491149],[122.490859,12.491329],[122.491043,12.49133],[122.491043,12.491149]]],[[[122.496197,12.491339],[122.496013,12.491158],[122.496013,12.491339],[122.496197,12.491339]]],[[[122.601047,12.491163],[122.600862,12.491344],[122.601046,12.491344],[122.601047,12.491163]]],[[[122.504047,12.491364],[122.503864,12.490821],[122.503679,12.491363],[122.504047,12.491364]]],[[[122.624239,12.490654],[122.62387,12.491196],[122.623318,12.491376],[122.624238,12.491377],[122.624239,12.490654]]],[[[122.495829,12.491339],[122.495644,12.491519],[122.495828,12.49152],[122.495829,12.491339]]],[[[122.496197,12.491339],[122.49638,12.491521],[122.496381,12.49134],[122.496197,12.491339]]],[[[122.601783,12.491345],[122.601598,12.491526],[122.601782,12.491526],[122.601783,12.491345]]],[[[122.602519,12.491527],[122.602703,12.491347],[122.602519,12.491346],[122.602519,12.491527]]],[[[122.620741,12.491011],[122.620924,12.491554],[122.623133,12.491557],[122.621477,12.491374],[122.62111,12.490831],[122.620741,12.491011]]],[[[122.602518,12.491708],[122.60215,12.491527],[122.60215,12.491708],[122.602518,12.491708]]],[[[122.496748,12.491702],[122.496564,12.491883],[122.496748,12.491883],[122.496748,12.491702]]],[[[122.529265,12.490686],[122.529634,12.490144],[122.528713,12.490142],[122.528528,12.490865],[122.52963,12.491952],[122.530735,12.491954],[122.530185,12.490687],[122.529265,12.490686]]],[[[122.591106,12.491872],[122.591106,12.491961],[122.591249,12.491872],[122.591106,12.491872]]],[[[122.485152,12.491861],[122.484968,12.492042],[122.485152,12.492042],[122.485152,12.491861]]],[[[122.494907,12.491879],[122.494723,12.49206],[122.494907,12.49206],[122.494907,12.491879]]],[[[122.61982,12.491552],[122.61798,12.49155],[122.617796,12.491188],[122.617795,12.491911],[122.619636,12.491733],[122.620372,12.492096],[122.620557,12.491372],[122.620189,12.49101],[122.620742,12.490649],[122.619822,12.490467],[122.61982,12.491552]],[[122.620004,12.491552],[122.620188,12.491734],[122.620004,12.491733],[122.620004,12.491552]]],[[[122.521163,12.492118],[122.520979,12.492299],[122.521163,12.492299],[122.521163,12.492118]]],[[[122.530918,12.492136],[122.530734,12.492316],[122.530918,12.492316],[122.530918,12.492136]]],[[[122.590185,12.492232],[122.590001,12.492413],[122.590185,12.492372],[122.590185,12.492232]]],[[[122.551901,12.492352],[122.551718,12.491809],[122.550798,12.491627],[122.550796,12.49235],[122.550981,12.491989],[122.551901,12.492352]]],[[[122.509383,12.492459],[122.509199,12.492639],[122.509383,12.49264],[122.509383,12.492459]]],[[[122.520979,12.49248],[122.520794,12.49266],[122.520978,12.492661],[122.520979,12.49248]]],[[[122.53147,12.492498],[122.531286,12.492679],[122.53147,12.492679],[122.53147,12.492498]]],[[[122.5519,12.492533],[122.552084,12.492714],[122.552085,12.492533],[122.5519,12.492533]]],[[[122.506622,12.492635],[122.506437,12.492815],[122.506621,12.492816],[122.506622,12.492635]]],[[[122.508646,12.492819],[122.50883,12.492639],[122.508646,12.492638],[122.508646,12.492819]]],[[[122.625711,12.490656],[122.625343,12.490475],[122.625342,12.49156],[122.62479,12.491559],[122.62534,12.492826],[122.625893,12.492646],[122.625711,12.490656]],[[122.625527,12.490837],[122.62571,12.49138],[122.625526,12.491379],[122.625527,12.490837]]],[[[122.62571,12.49156],[122.625526,12.491741],[122.62571,12.491741],[122.62571,12.49156]]],[[[122.520058,12.492478],[122.519874,12.49284],[122.520058,12.49284],[122.520058,12.492478]]],[[[122.530734,12.492497],[122.530365,12.492858],[122.530733,12.492859],[122.530734,12.492497]]],[[[122.531838,12.49268],[122.531653,12.49286],[122.531837,12.492861],[122.531838,12.49268]]],[[[122.551164,12.492713],[122.55098,12.492893],[122.551164,12.492893],[122.551164,12.492713]]],[[[122.497666,12.492789],[122.497482,12.492969],[122.497666,12.49297],[122.497666,12.492789]]],[[[122.511591,12.493006],[122.512512,12.492645],[122.512697,12.492103],[122.511408,12.492463],[122.511591,12.493006]]],[[[122.579508,12.49312],[122.579693,12.492939],[122.579509,12.492939],[122.579508,12.49312]]],[[[122.496194,12.492967],[122.496009,12.493148],[122.496193,12.493148],[122.496194,12.492967]]],[[[122.520977,12.493384],[122.520794,12.493022],[122.520793,12.493384],[122.520977,12.493384]]],[[[122.572698,12.493471],[122.572513,12.493652],[122.572697,12.493652],[122.572698,12.493471]]],[[[122.579876,12.493482],[122.579692,12.493663],[122.579876,12.493663],[122.579876,12.493482]]],[[[122.580612,12.493483],[122.580428,12.493664],[122.580612,12.493664],[122.580612,12.493483]]],[[[122.520977,12.493384],[122.52116,12.493746],[122.521161,12.493384],[122.520977,12.493384]]],[[[122.573066,12.493652],[122.572881,12.493833],[122.573065,12.493833],[122.573066,12.493652]]],[[[122.579324,12.49312],[122.578956,12.493481],[122.579139,12.493843],[122.579508,12.493482],[122.579324,12.49312]]],[[[122.581348,12.493665],[122.581164,12.493846],[122.581348,12.493846],[122.581348,12.493665]]],[[[122.50662,12.49372],[122.506435,12.4939],[122.506619,12.493901],[122.50662,12.49372]]],[[[122.531652,12.493765],[122.531467,12.493945],[122.531651,12.493945],[122.531652,12.493765]]],[[[122.551347,12.493436],[122.551162,12.493979],[122.551346,12.493979],[122.551347,12.493436]]],[[[122.553188,12.493259],[122.553002,12.493982],[122.553186,12.493982],[122.553188,12.493259]]],[[[122.572697,12.493833],[122.572513,12.494013],[122.572697,12.494014],[122.572697,12.493833]]],[[[122.579875,12.493844],[122.579691,12.494025],[122.579875,12.494025],[122.579875,12.493844]]],[[[122.508462,12.492819],[122.508461,12.493542],[122.508828,12.493905],[122.510301,12.493907],[122.51012,12.492279],[122.509567,12.492278],[122.509935,12.49246],[122.509749,12.493726],[122.508829,12.493543],[122.508462,12.492819]]],[[[122.556868,12.493988],[122.556683,12.494169],[122.556867,12.494169],[122.556868,12.493988]]],[[[122.5819,12.494028],[122.581715,12.494209],[122.5819,12.494134],[122.5819,12.494028]]],[[[122.521343,12.494289],[122.52116,12.493927],[122.521159,12.494289],[122.521343,12.494289]]],[[[122.555947,12.494167],[122.555763,12.494348],[122.555947,12.494348],[122.555947,12.494167]]],[[[122.573249,12.494014],[122.573064,12.494376],[122.573248,12.494376],[122.573249,12.494014]]],[[[122.50441,12.494258],[122.504226,12.494439],[122.50441,12.494439],[122.50441,12.494258]]],[[[122.507539,12.494445],[122.508092,12.493903],[122.50754,12.493902],[122.507539,12.494445]]],[[[122.521343,12.494289],[122.521527,12.49447],[122.521527,12.494289],[122.521343,12.494289]]],[[[122.525392,12.494477],[122.525209,12.494296],[122.525208,12.494477],[122.525392,12.494477]]],[[[122.572512,12.494375],[122.572328,12.494556],[122.572512,12.494556],[122.572512,12.494375]]],[[[122.522447,12.494472],[122.521895,12.494652],[122.522447,12.494653],[122.522447,12.494472]]],[[[122.525392,12.494477],[122.525576,12.494658],[122.525576,12.494477],[122.525392,12.494477]]],[[[122.526496,12.49466],[122.526681,12.494479],[122.526497,12.494479],[122.526496,12.49466]]],[[[122.55521,12.494528],[122.555026,12.494708],[122.55521,12.494709],[122.55521,12.494528]]],[[[122.559259,12.494535],[122.559075,12.494715],[122.559259,12.494715],[122.559259,12.494535]]],[[[122.523367,12.494654],[122.523183,12.494835],[122.523367,12.494835],[122.523367,12.494654]]],[[[122.525576,12.494658],[122.525944,12.49484],[122.525944,12.494659],[122.525576,12.494658]]],[[[122.526496,12.494841],[122.526128,12.494659],[122.526128,12.49484],[122.526496,12.494841]]],[[[122.545271,12.494692],[122.545086,12.494873],[122.54527,12.494873],[122.545271,12.494692]]],[[[122.558339,12.494714],[122.558154,12.494894],[122.558339,12.494895],[122.558339,12.494714]]],[[[122.572143,12.494917],[122.572327,12.494736],[122.572143,12.494736],[122.572143,12.494917]]],[[[122.574331,12.49492],[122.574352,12.494924],[122.574352,12.49492],[122.574331,12.49492]]],[[[122.572143,12.494917],[122.571959,12.495098],[122.572143,12.495098],[122.572143,12.494917]]],[[[122.54527,12.495054],[122.545086,12.495234],[122.54527,12.495235],[122.54527,12.495054]]],[[[122.554105,12.495069],[122.553368,12.495248],[122.554105,12.495249],[122.554105,12.495069]]],[[[122.500054,12.495325],[122.499871,12.495144],[122.49987,12.495325],[122.500054,12.495325]]],[[[122.55116,12.495245],[122.550975,12.495425],[122.551159,12.495425],[122.55116,12.495245]]],[[[122.500054,12.495325],[122.500238,12.495507],[122.500238,12.495326],[122.500054,12.495325]]],[[[122.532201,12.495393],[122.532017,12.495574],[122.532201,12.495574],[122.532201,12.495393]]],[[[122.570486,12.495457],[122.570301,12.495637],[122.570485,12.495638],[122.570486,12.495457]]],[[[122.571406,12.495458],[122.571038,12.495639],[122.571406,12.495639],[122.571406,12.495458]]],[[[122.500422,12.495688],[122.500174,12.495517],[122.500174,12.495697],[122.500422,12.495688]]],[[[122.550606,12.495786],[122.550791,12.495606],[122.550607,12.495605],[122.550606,12.495786]]],[[[122.555392,12.495794],[122.555024,12.495613],[122.555024,12.495794],[122.555392,12.495794]]],[[[122.500606,12.495688],[122.500421,12.495869],[122.500605,12.495869],[122.500606,12.495688]]],[[[122.550606,12.495786],[122.550422,12.495967],[122.550606,12.495967],[122.550606,12.495786]]],[[[122.554472,12.495793],[122.55484,12.495974],[122.55484,12.495793],[122.554472,12.495793]]],[[[122.555392,12.495794],[122.55576,12.495976],[122.55576,12.495795],[122.555392,12.495794]]],[[[122.504407,12.495886],[122.504222,12.496067],[122.504407,12.496067],[122.504407,12.495886]]],[[[122.54398,12.495956],[122.543796,12.496136],[122.54398,12.496137],[122.54398,12.495956]]],[[[122.546556,12.496141],[122.546005,12.495959],[122.546004,12.49614],[122.546556,12.496141]]],[[[122.550422,12.495967],[122.550238,12.496147],[122.550422,12.496148],[122.550422,12.495967]]],[[[122.554471,12.496154],[122.554103,12.495973],[122.554103,12.496154],[122.554471,12.496154]]],[[[122.55576,12.495976],[122.555944,12.496157],[122.555944,12.495976],[122.55576,12.495976]]],[[[122.550238,12.496147],[122.550053,12.496328],[122.550237,12.496328],[122.550238,12.496147]]],[[[122.499805,12.496058],[122.49962,12.49642],[122.499804,12.49642],[122.499805,12.496058]]],[[[122.499989,12.495878],[122.499868,12.49641],[122.500236,12.496411],[122.499989,12.495878]]],[[[122.502197,12.496244],[122.501829,12.496424],[122.502197,12.496401],[122.502197,12.496244]]],[[[122.504038,12.496247],[122.503301,12.496427],[122.504038,12.496428],[122.504038,12.496247]]],[[[122.543611,12.496317],[122.543427,12.496498],[122.543611,12.496498],[122.543611,12.496317]]],[[[122.54582,12.49614],[122.545268,12.496139],[122.545267,12.496501],[122.54582,12.496502],[122.54582,12.49614]]],[[[122.554103,12.496335],[122.553551,12.496153],[122.553366,12.496514],[122.554103,12.496335]]],[[[122.569748,12.496541],[122.569932,12.49636],[122.569748,12.49636],[122.569748,12.496541]]],[[[122.538641,12.496489],[122.538457,12.49667],[122.538641,12.49667],[122.538641,12.496489]]],[[[122.545267,12.496501],[122.545083,12.496681],[122.545267,12.496682],[122.545267,12.496501]]],[[[122.549685,12.496689],[122.549869,12.496508],[122.549685,12.496508],[122.549685,12.496689]]],[[[122.556128,12.496157],[122.555943,12.496699],[122.556127,12.4967],[122.556128,12.496157]]],[[[122.569748,12.496541],[122.569563,12.496721],[122.569747,12.496722],[122.569748,12.496541]]],[[[122.491217,12.496575],[122.491033,12.496755],[122.491217,12.496756],[122.491217,12.496575]]],[[[122.539377,12.496672],[122.539193,12.496852],[122.539377,12.496852],[122.539377,12.496672]]],[[[122.545083,12.496862],[122.544531,12.49668],[122.544531,12.496861],[122.545083,12.496862]]],[[[122.549685,12.496689],[122.5495,12.49687],[122.549684,12.49687],[122.549685,12.496689]]],[[[122.555943,12.496699],[122.555758,12.49688],[122.555942,12.49688],[122.555943,12.496699]]],[[[122.559992,12.496706],[122.559808,12.496887],[122.559992,12.49688],[122.559992,12.496706]]],[[[122.490664,12.496935],[122.49048,12.496754],[122.49048,12.496935],[122.490664,12.496935]]],[[[122.538641,12.496851],[122.538456,12.497032],[122.53864,12.497032],[122.538641,12.496851]]],[[[122.5495,12.49687],[122.549316,12.49705],[122.5495,12.49705],[122.5495,12.49687]]],[[[122.555758,12.49688],[122.555574,12.49706],[122.555758,12.497061],[122.555758,12.49688]]],[[[122.490664,12.496935],[122.490848,12.497117],[122.490848,12.496936],[122.490664,12.496935]]],[[[122.52686,12.497012],[122.527045,12.49665],[122.52631,12.495745],[122.52484,12.494657],[122.524291,12.492667],[122.523555,12.492665],[122.523188,12.491941],[122.521348,12.491938],[122.523923,12.493028],[122.524288,12.494475],[122.523551,12.495016],[122.525756,12.496829],[122.52686,12.497012]]],[[[122.546741,12.495961],[122.547846,12.495782],[122.548027,12.497048],[122.548947,12.49723],[122.548212,12.496867],[122.548214,12.495601],[122.547294,12.495419],[122.546741,12.495961]]],[[[122.555574,12.497241],[122.555022,12.49706],[122.555021,12.49724],[122.555574,12.497241]]],[[[122.538824,12.497213],[122.53864,12.497394],[122.538824,12.497394],[122.538824,12.497213]]],[[[122.553182,12.496514],[122.553365,12.497419],[122.554653,12.49724],[122.553549,12.497238],[122.553182,12.496514]]],[[[122.56809,12.497262],[122.567906,12.497442],[122.56809,12.497443],[122.56809,12.497262]]],[[[122.53956,12.497395],[122.539375,12.497576],[122.53956,12.497576],[122.53956,12.497395]]],[[[122.544713,12.497585],[122.544714,12.497042],[122.544346,12.497042],[122.544345,12.497403],[122.544713,12.497585]]],[[[122.565881,12.49762],[122.566065,12.497439],[122.565881,12.497439],[122.565881,12.49762]]],[[[122.567353,12.497622],[122.567537,12.497442],[122.567353,12.497441],[122.567353,12.497622]]],[[[122.544529,12.497585],[122.544345,12.497765],[122.544529,12.497765],[122.544529,12.497585]]],[[[122.565144,12.497619],[122.56496,12.497799],[122.565144,12.497799],[122.565144,12.497619]]],[[[122.565512,12.497619],[122.565328,12.4978],[122.565512,12.4978],[122.565512,12.497619]]],[[[122.565881,12.49762],[122.565696,12.4978],[122.56588,12.497801],[122.565881,12.49762]]],[[[122.567353,12.497622],[122.567169,12.497803],[122.567353,12.497803],[122.567353,12.497622]]],[[[122.549499,12.497412],[122.549498,12.497955],[122.549866,12.497955],[122.549867,12.497413],[122.549499,12.497412]]],[[[122.566249,12.49762],[122.566432,12.497982],[122.5668,12.497983],[122.566801,12.497621],[122.566249,12.49762]]],[[[122.539559,12.498119],[122.539374,12.498299],[122.539558,12.4983],[122.539559,12.498119]]],[[[122.565143,12.498342],[122.564959,12.498523],[122.565143,12.498523],[122.565143,12.498342]]],[[[122.56459,12.498658],[122.564775,12.498522],[122.564591,12.498522],[122.56459,12.498658]]],[[[122.5333,12.498289],[122.533115,12.498831],[122.533299,12.498831],[122.5333,12.498289]]],[[[122.543055,12.498667],[122.54287,12.498848],[122.543055,12.498848],[122.543055,12.498667]]],[[[122.533849,12.499917],[122.533665,12.500098],[122.533849,12.500098],[122.533849,12.499917]]],[[[122.537714,12.500286],[122.53753,12.500466],[122.537714,12.500467],[122.537714,12.500286]]],[[[122.533112,12.50064],[122.532927,12.50082],[122.533112,12.50082],[122.533112,12.50064]]],[[[122.53311,12.501544],[122.53309,12.50157],[122.53311,12.501625],[122.53311,12.501544]]],[[[122.533662,12.501907],[122.533595,12.502044],[122.533661,12.502087],[122.533662,12.501907]]]]}},{"type":"Feature","properties":{"haz":2},"geometry":{"type":"MultiPolygon","coordinates":[[[[122.567729,12.313921],[122.567728,12.314283],[122.568096,12.314283],[122.568097,12.314103],[122.567729,12.313921]]],[[[122.654013,12.300118],[122.666874,12.311166],[122.666873,12.311709],[122.665769,12.312431],[122.665952,12.312974],[122.667424,12.312795],[122.668526,12.3137],[122.669998,12.313521],[122.670916,12.314427],[122.670366,12.31316],[122.668711,12.312615],[122.668345,12.311711],[122.665589,12.308994],[122.661179,12.305914],[122.655851,12.300663],[122.654933,12.3],[122.654013,12.300118]]],[[[122.6711,12.314608],[122.670916,12.314788],[122.6711,12.314789],[122.6711,12.314608]]],[[[122.671283,12.31497],[122.671099,12.31515],[122.671283,12.31515],[122.671283,12.31497]]],[[[122.567543,12.315187],[122.568095,12.314826],[122.567544,12.314644],[122.567543,12.315187]]],[[[122.671467,12.315332],[122.671283,12.315512],[122.671467,12.315512],[122.671467,12.315332]]],[[[122.67165,12.315693],[122.671466,12.315874],[122.67165,12.315874],[122.67165,12.315693]]],[[[122.671834,12.316055],[122.67165,12.316236],[122.671834,12.316236],[122.671834,12.316055]]],[[[122.673119,12.317685],[122.672936,12.317504],[122.672936,12.317684],[122.673119,12.317685]]],[[[122.673119,12.317685],[122.673303,12.317866],[122.673303,12.317702],[122.673119,12.317685]]],[[[122.674743,12.318953],[122.674589,12.319133],[122.674773,12.319134],[122.674743,12.318953]]],[[[122.674957,12.319315],[122.675129,12.319281],[122.674957,12.319134],[122.674957,12.319315]]],[[[122.675141,12.319315],[122.675325,12.319496],[122.675325,12.31946],[122.675141,12.319315]]],[[[122.676427,12.320763],[122.676466,12.320582],[122.676427,12.320582],[122.676427,12.320763]]],[[[122.676611,12.320764],[122.676776,12.320945],[122.67663,12.320764],[122.676611,12.320764]]],[[[122.6769,12.321105],[122.676794,12.321125],[122.676921,12.321126],[122.6769,12.321105]]],[[[122.677345,12.32203],[122.677161,12.321849],[122.677161,12.32203],[122.677345,12.32203]]],[[[122.677345,12.32203],[122.677528,12.322211],[122.677529,12.322031],[122.677345,12.32203]]],[[[122.677528,12.322211],[122.677712,12.322393],[122.677712,12.322212],[122.677528,12.322211]]],[[[122.678858,12.323298],[122.678815,12.323479],[122.67898,12.323479],[122.678858,12.323298]]],[[[122.679268,12.323841],[122.679182,12.324022],[122.679366,12.324022],[122.679268,12.323841]]],[[[122.679496,12.324203],[122.679365,12.324384],[122.679549,12.324384],[122.679496,12.324203]]],[[[122.680168,12.32547],[122.6801,12.325651],[122.68026,12.325651],[122.680168,12.32547]]],[[[122.680349,12.325832],[122.680283,12.326013],[122.680454,12.326013],[122.680349,12.325832]]],[[[122.680579,12.326194],[122.680467,12.326375],[122.68065,12.326375],[122.680579,12.326194]]],[[[122.680807,12.326556],[122.68065,12.326737],[122.680834,12.326737],[122.680807,12.326556]]],[[[122.68128,12.327461],[122.681201,12.327642],[122.681353,12.327642],[122.68128,12.327461]]],[[[122.682268,12.329451],[122.682118,12.329632],[122.682302,12.329632],[122.682268,12.329451]]],[[[122.682485,12.330175],[122.682301,12.330718],[122.682485,12.330718],[122.682485,12.330175]]],[[[122.682844,12.33108],[122.682668,12.331261],[122.682852,12.331261],[122.682844,12.33108]]],[[[122.683035,12.332165],[122.683108,12.331985],[122.683035,12.331984],[122.683035,12.332165]]],[[[122.55887,12.331812],[122.560526,12.331634],[122.560344,12.330548],[122.558871,12.331088],[122.55887,12.331812]]],[[[122.683219,12.332165],[122.683402,12.332347],[122.68326,12.332166],[122.683219,12.332165]]],[[[122.684298,12.333975],[122.684136,12.334156],[122.68432,12.334156],[122.684298,12.333975]]],[[[122.684447,12.334699],[122.684319,12.33488],[122.684467,12.33488],[122.684447,12.334699]]],[[[122.565507,12.32278],[122.565692,12.322418],[122.566611,12.322781],[122.566245,12.321696],[122.567532,12.321698],[122.567166,12.320974],[122.567717,12.320975],[122.567719,12.32007],[122.568272,12.319529],[122.567721,12.318804],[122.56846,12.316997],[122.568093,12.316273],[122.570116,12.316638],[122.569385,12.313381],[122.571409,12.313384],[122.571042,12.312299],[122.572331,12.311396],[122.575643,12.310678],[122.575829,12.309774],[122.5773,12.310138],[122.577302,12.308691],[122.57951,12.308333],[122.580247,12.30743],[122.581903,12.307251],[122.583927,12.306169],[122.585214,12.306533],[122.585767,12.30581],[122.586687,12.305812],[122.589812,12.307263],[122.589994,12.307987],[122.591835,12.306905],[122.593491,12.306907],[122.593858,12.30745],[122.594227,12.306546],[122.599009,12.306915],[122.599745,12.306374],[122.601033,12.306376],[122.601033,12.305833],[122.602136,12.306739],[122.602688,12.306378],[122.602323,12.304207],[122.603247,12.301857],[122.605638,12.301499],[122.606007,12.300595],[122.607112,12.3],[122.60564,12.3],[122.605271,12.301318],[122.603064,12.300953],[122.60159,12.30294],[122.601586,12.305472],[122.60085,12.305471],[122.600665,12.306194],[122.600297,12.306194],[122.600298,12.305651],[122.59717,12.306551],[122.592204,12.306182],[122.591467,12.306904],[122.59018,12.307083],[122.586504,12.305269],[122.5854,12.305267],[122.585216,12.305629],[122.583929,12.305446],[122.582088,12.306528],[122.581536,12.306346],[122.580799,12.307069],[122.57988,12.306706],[122.579143,12.307609],[122.577487,12.307968],[122.575648,12.307603],[122.575833,12.30688],[122.576753,12.306701],[122.576018,12.3067],[122.576387,12.305615],[122.57418,12.305806],[122.574362,12.307059],[122.573808,12.307962],[122.575646,12.30905],[122.575461,12.309954],[122.574724,12.310315],[122.574725,12.309772],[122.573806,12.309228],[122.573622,12.30959],[122.572886,12.309408],[122.571781,12.310853],[122.570861,12.31049],[122.570858,12.312841],[122.569202,12.313019],[122.568464,12.314284],[122.568463,12.315007],[122.569382,12.315371],[122.569565,12.316094],[122.567909,12.316092],[122.567908,12.317177],[122.567171,12.317537],[122.56772,12.319528],[122.566245,12.321515],[122.565141,12.321513],[122.564404,12.322778],[122.564768,12.324949],[122.563846,12.326394],[122.564582,12.326214],[122.564949,12.326758],[122.56642,12.326941],[122.566603,12.327484],[122.567155,12.327485],[122.567154,12.328027],[122.566418,12.328207],[122.566417,12.32893],[122.564573,12.331459],[122.562365,12.332179],[122.561813,12.331817],[122.561631,12.330731],[122.561079,12.33073],[122.561261,12.332358],[122.559052,12.332897],[122.558312,12.335428],[122.558865,12.335067],[122.559419,12.333441],[122.561812,12.332902],[122.563469,12.331819],[122.565125,12.331641],[122.566601,12.328931],[122.567706,12.328028],[122.567891,12.327124],[122.567156,12.327123],[122.566421,12.326398],[122.565133,12.326396],[122.565502,12.325673],[122.564767,12.325672],[122.564768,12.32513],[122.566057,12.324227],[122.566058,12.323142],[122.565507,12.32278]],[[122.565507,12.322961],[122.565139,12.323141],[122.565139,12.32296],[122.565507,12.322961]]],[[[122.574361,12.307421],[122.574544,12.307783],[122.574729,12.307421],[122.574361,12.307421]]],[[[122.684464,12.335965],[122.684318,12.336146],[122.68446,12.336146],[122.684464,12.335965]]],[[[122.555919,12.336509],[122.555551,12.33669],[122.555549,12.337594],[122.556285,12.337595],[122.555919,12.336509]]],[[[122.68413,12.338858],[122.684315,12.338497],[122.684131,12.338497],[122.68413,12.338858]]],[[[122.68413,12.338858],[122.683946,12.339039],[122.68413,12.339039],[122.68413,12.338858]]],[[[122.683578,12.339219],[122.683762,12.339039],[122.683578,12.339039],[122.683578,12.339219]]],[[[122.683578,12.339219],[122.683394,12.3394],[122.683578,12.3394],[122.683578,12.339219]]],[[[122.683394,12.3394],[122.68321,12.339581],[122.683394,12.339581],[122.683394,12.3394]]],[[[122.55431,12.338858],[122.554259,12.33922],[122.554075,12.339581],[122.554443,12.339401],[122.55431,12.338858]]],[[[122.68321,12.339581],[122.683026,12.339761],[122.68321,12.339762],[122.68321,12.339581]]],[[[122.683026,12.339761],[122.682842,12.339942],[122.683025,12.339942],[122.683026,12.339761]]],[[[122.682842,12.339942],[122.682657,12.340123],[122.682841,12.340123],[122.682842,12.339942]]],[[[122.55404,12.339581],[122.55389,12.340123],[122.553521,12.340304],[122.554073,12.340304],[122.55404,12.339581]]],[[[122.553521,12.340304],[122.553337,12.340484],[122.553521,12.340484],[122.553521,12.340304]]],[[[122.682473,12.340484],[122.682657,12.340304],[122.682473,12.340303],[122.682473,12.340484]]],[[[122.682473,12.340484],[122.682289,12.340665],[122.682473,12.340665],[122.682473,12.340484]]],[[[122.553153,12.340846],[122.553075,12.34072],[122.552994,12.340845],[122.553153,12.340846]]],[[[122.558128,12.335428],[122.557391,12.336693],[122.557573,12.337778],[122.5561,12.338499],[122.555549,12.337775],[122.554813,12.337955],[122.554444,12.338858],[122.555177,12.340487],[122.556098,12.339403],[122.557202,12.339224],[122.556831,12.341032],[122.557567,12.340853],[122.558122,12.339407],[122.558122,12.339045],[122.557571,12.339044],[122.558128,12.335428]]],[[[122.68192,12.341207],[122.682104,12.341026],[122.68192,12.341026],[122.68192,12.341207]]],[[[122.68192,12.341207],[122.681736,12.341388],[122.68192,12.341388],[122.68192,12.341207]]],[[[122.685047,12.341392],[122.684863,12.341572],[122.685047,12.341572],[122.685047,12.341392]]],[[[122.684863,12.341572],[122.684679,12.341753],[122.684863,12.341753],[122.684863,12.341572]]],[[[122.685231,12.341392],[122.685599,12.341392],[122.685967,12.341754],[122.685783,12.341212],[122.685231,12.341392]]],[[[122.681367,12.34193],[122.681552,12.341749],[122.681368,12.341749],[122.681367,12.34193]]],[[[122.684495,12.341753],[122.684311,12.341933],[122.684495,12.341933],[122.684495,12.341753]]],[[[122.552936,12.341026],[122.552925,12.341646],[122.552792,12.342292],[122.552966,12.342292],[122.552936,12.341026]]],[[[122.552782,12.342473],[122.552683,12.342653],[122.552782,12.342654],[122.552782,12.342473]]],[[[122.683574,12.342475],[122.68339,12.342656],[122.683574,12.342656],[122.683574,12.342475]]],[[[122.686185,12.342478],[122.686149,12.342659],[122.686179,12.342659],[122.686185,12.342478]]],[[[122.681919,12.342473],[122.681551,12.342473],[122.681184,12.34193],[122.681182,12.342834],[122.681919,12.342473]]],[[[122.681918,12.342654],[122.682102,12.342835],[122.682102,12.342654],[122.681918,12.342654]]],[[[122.682102,12.342835],[122.68247,12.343016],[122.68247,12.342835],[122.682102,12.342835]]],[[[122.683206,12.343017],[122.68339,12.342836],[122.683206,12.342836],[122.683206,12.343017]]],[[[122.68247,12.343016],[122.682654,12.343197],[122.682654,12.343016],[122.68247,12.343016]]],[[[122.683206,12.343198],[122.682838,12.343017],[122.682838,12.343198],[122.683206,12.343198]]],[[[122.682838,12.343198],[122.682653,12.343378],[122.682837,12.343378],[122.682838,12.343198]]],[[[122.686149,12.343382],[122.686149,12.343454],[122.686158,12.343382],[122.686149,12.343382]]],[[[122.552597,12.343196],[122.552573,12.34331],[122.552596,12.3435],[122.552597,12.343196]]],[[[122.680445,12.343918],[122.680997,12.343738],[122.680998,12.343195],[122.680445,12.343918]]],[[[122.686059,12.344286],[122.685963,12.344467],[122.686042,12.344467],[122.686059,12.344286]]],[[[122.552718,12.345005],[122.552963,12.344282],[122.552667,12.343919],[122.552718,12.345005]]],[[[122.552961,12.345186],[122.552777,12.345235],[122.552961,12.345548],[122.552961,12.345186]]],[[[122.685962,12.345552],[122.685777,12.346095],[122.685961,12.346095],[122.685962,12.345552]]],[[[122.552959,12.346633],[122.553144,12.345729],[122.552987,12.345728],[122.552959,12.346633]]],[[[122.552959,12.346633],[122.552774,12.346994],[122.552958,12.346994],[122.552959,12.346633]]],[[[122.685777,12.346637],[122.685592,12.346999],[122.685776,12.346999],[122.685777,12.346637]]],[[[122.685408,12.34736],[122.685592,12.34718],[122.685408,12.347179],[122.685408,12.34736]]],[[[122.552753,12.346994],[122.552669,12.347587],[122.552606,12.347717],[122.552957,12.347537],[122.552753,12.346994]]],[[[122.552589,12.347898],[122.552556,12.347821],[122.552543,12.347898],[122.552589,12.347898]]],[[[122.685408,12.34736],[122.685223,12.347903],[122.685407,12.347903],[122.685408,12.34736]]],[[[122.685407,12.347903],[122.685591,12.348084],[122.685591,12.347903],[122.685407,12.347903]]],[[[122.55222,12.34844],[122.552151,12.34839],[122.552054,12.34844],[122.55222,12.34844]]],[[[122.685775,12.348265],[122.685591,12.348446],[122.685775,12.348446],[122.685775,12.348265]]],[[[122.552036,12.348621],[122.551851,12.348982],[122.552035,12.348982],[122.552036,12.348621]]],[[[122.551851,12.349163],[122.551667,12.349343],[122.55185,12.349344],[122.551851,12.349163]]],[[[122.551298,12.349885],[122.551482,12.349705],[122.551298,12.349705],[122.551298,12.349885]]],[[[122.685773,12.349712],[122.685589,12.349893],[122.685773,12.349893],[122.685773,12.349712]]],[[[122.551298,12.349885],[122.551113,12.350066],[122.551297,12.350066],[122.551298,12.349885]]],[[[122.551113,12.350247],[122.550929,12.350427],[122.551113,12.350428],[122.551113,12.350247]]],[[[122.550929,12.350608],[122.550755,12.350789],[122.550928,12.350789],[122.550929,12.350608]]],[[[122.685036,12.350977],[122.68522,12.350796],[122.685036,12.350796],[122.685036,12.350977]]],[[[122.55056,12.35115],[122.550744,12.35097],[122.550744,12.3508],[122.55056,12.35115]]],[[[122.685036,12.350977],[122.684852,12.351158],[122.685036,12.351158],[122.685036,12.350977]]],[[[122.684851,12.3517],[122.684667,12.351881],[122.684851,12.351881],[122.684851,12.3517]]],[[[122.684482,12.352243],[122.684667,12.352062],[122.684483,12.352062],[122.684482,12.352243]]],[[[122.684482,12.352243],[122.684298,12.352423],[122.684482,12.352423],[122.684482,12.352243]]],[[[122.684298,12.352423],[122.68393,12.352604],[122.684298,12.352785],[122.684298,12.352423]]],[[[122.684665,12.352966],[122.684482,12.352785],[122.684482,12.352966],[122.684665,12.352966]]],[[[122.550438,12.35115],[122.549086,12.352434],[122.549085,12.353137],[122.550006,12.352415],[122.550438,12.35115]]],[[[122.548901,12.353137],[122.5489,12.353679],[122.54798,12.353859],[122.548899,12.354041],[122.549083,12.353861],[122.548901,12.353137]]],[[[122.549083,12.354041],[122.548898,12.354584],[122.549082,12.354584],[122.549083,12.354041]]],[[[122.547979,12.35404],[122.546691,12.35458],[122.54669,12.354942],[122.547979,12.35404]]],[[[122.546506,12.354941],[122.546137,12.355303],[122.545952,12.356387],[122.546689,12.355304],[122.546506,12.354941]]],[[[122.545215,12.35711],[122.545128,12.357042],[122.545058,12.357109],[122.545215,12.35711]]],[[[122.54503,12.35729],[122.544995,12.357226],[122.544955,12.35729],[122.54503,12.35729]]],[[[122.544846,12.357471],[122.544721,12.357443],[122.544718,12.357471],[122.544846,12.357471]]],[[[122.544661,12.357832],[122.544627,12.357757],[122.544563,12.357832],[122.544661,12.357832]]],[[[122.544108,12.358555],[122.544047,12.358425],[122.543953,12.358554],[122.544108,12.358555]]],[[[122.543924,12.358735],[122.543825,12.358688],[122.543766,12.358735],[122.543924,12.358735]]],[[[122.54374,12.358916],[122.543703,12.358789],[122.543608,12.358916],[122.54374,12.358916]]],[[[122.543555,12.359458],[122.543371,12.359217],[122.543371,12.359458],[122.543555,12.359458]]],[[[122.543738,12.35982],[122.543554,12.359639],[122.543554,12.35982],[122.543738,12.35982]]],[[[122.545768,12.356387],[122.545215,12.356928],[122.545583,12.356929],[122.545581,12.357834],[122.544843,12.359098],[122.545026,12.359822],[122.547237,12.357836],[122.547238,12.357475],[122.546134,12.357292],[122.545768,12.356387]]],[[[122.546501,12.358016],[122.545766,12.357472],[122.54558,12.358738],[122.546501,12.358016]]],[[[122.543002,12.359819],[122.54245,12.359999],[122.543002,12.360181],[122.543002,12.359819]]],[[[122.542082,12.36036],[122.542039,12.360274],[122.541933,12.36036],[122.542082,12.36036]]],[[[122.541897,12.36054],[122.541765,12.360512],[122.541742,12.36054],[122.541897,12.36054]]],[[[122.541529,12.360901],[122.541713,12.360721],[122.541618,12.360721],[122.541529,12.360901]]],[[[122.541451,12.360901],[122.54116,12.361152],[122.54116,12.361443],[122.541528,12.361263],[122.541451,12.360901]]],[[[122.54116,12.361443],[122.540816,12.361624],[122.541159,12.361624],[122.54116,12.361443]]],[[[122.540607,12.362166],[122.540791,12.361805],[122.540688,12.361804],[122.540607,12.362166]]],[[[122.544842,12.359822],[122.543738,12.35982],[122.544103,12.361448],[122.543367,12.361447],[122.543001,12.360361],[122.543182,12.36217],[122.544655,12.36163],[122.544105,12.360544],[122.544842,12.359822]]],[[[122.540606,12.362347],[122.540239,12.362217],[122.540238,12.362346],[122.540606,12.362347]]],[[[122.540238,12.362527],[122.539686,12.362345],[122.539686,12.362526],[122.540238,12.362527]]],[[[122.684665,12.353147],[122.684111,12.354774],[122.685213,12.356403],[122.685395,12.358393],[122.687787,12.358215],[122.688338,12.358577],[122.685943,12.361649],[122.685391,12.361648],[122.685024,12.360924],[122.684288,12.361285],[122.685574,12.362734],[122.68631,12.362735],[122.685391,12.36201],[122.686679,12.361469],[122.68889,12.358578],[122.688155,12.357492],[122.685948,12.357489],[122.685949,12.356766],[122.684847,12.355137],[122.685033,12.35369],[122.684665,12.353147]]],[[[122.537291,12.364692],[122.538211,12.364332],[122.538213,12.363428],[122.537292,12.363969],[122.537291,12.364692]]],[[[122.686309,12.362915],[122.686861,12.363459],[122.685649,12.363764],[122.68583,12.365572],[122.686015,12.364849],[122.687304,12.363946],[122.687045,12.362916],[122.686309,12.362915]]],[[[122.539502,12.362526],[122.538766,12.362886],[122.538209,12.365598],[122.537105,12.365958],[122.536739,12.364872],[122.536003,12.364871],[122.534713,12.366135],[122.535265,12.365774],[122.535632,12.366679],[122.536183,12.36668],[122.536184,12.366318],[122.538391,12.366684],[122.538392,12.36596],[122.540233,12.365602],[122.540603,12.364155],[122.541709,12.363253],[122.540974,12.362709],[122.539502,12.362887],[122.539502,12.362526]]],[[[122.540236,12.363431],[122.539501,12.36343],[122.539316,12.363791],[122.540051,12.364335],[122.540236,12.363431]]],[[[122.539315,12.364334],[122.538763,12.364514],[122.538762,12.365057],[122.539498,12.364877],[122.539315,12.364334]]],[[[122.535817,12.365775],[122.536001,12.365594],[122.535817,12.365594],[122.535817,12.365775]]],[[[122.539127,12.366866],[122.538943,12.366685],[122.538943,12.366865],[122.539127,12.366866]]],[[[122.539127,12.366866],[122.53931,12.367047],[122.539311,12.366866],[122.539127,12.366866]]],[[[122.526424,12.371727],[122.527897,12.371187],[122.527713,12.370825],[122.526424,12.371727]]],[[[122.687295,12.371542],[122.687111,12.371904],[122.687295,12.371904],[122.687295,12.371542]]],[[[122.534529,12.366134],[122.533424,12.366675],[122.533423,12.367218],[122.532136,12.366492],[122.532319,12.367397],[122.531581,12.368661],[122.530292,12.369021],[122.529186,12.370104],[122.528449,12.371007],[122.528631,12.371912],[122.529184,12.371732],[122.52937,12.370285],[122.530291,12.369925],[122.530844,12.369022],[122.531948,12.369024],[122.532134,12.367939],[122.533606,12.367761],[122.534529,12.366134]]],[[[122.520904,12.372079],[122.520352,12.371897],[122.520352,12.372078],[122.520904,12.372079]]],[[[122.5244,12.372085],[122.524304,12.371997],[122.523711,12.372084],[122.5244,12.372085]]],[[[122.528631,12.371912],[122.528447,12.372092],[122.528631,12.372093],[122.528631,12.371912]]],[[[122.519984,12.372258],[122.520168,12.372078],[122.520079,12.372078],[122.519984,12.372258]]],[[[122.520904,12.372079],[122.52164,12.372261],[122.52164,12.37208],[122.520904,12.372079]]],[[[122.521865,12.372164],[122.521824,12.372262],[122.521913,12.372262],[122.521865,12.372164]]],[[[122.522192,12.372262],[122.522148,12.372258],[122.522132,12.372262],[122.522192,12.372262]]],[[[122.687111,12.372085],[122.686926,12.372265],[122.68711,12.372266],[122.687111,12.372085]]],[[[122.525503,12.372087],[122.525135,12.372267],[122.525503,12.372268],[122.525503,12.372087]]],[[[122.519984,12.372439],[122.5198,12.372383],[122.5198,12.372439],[122.519984,12.372439]]],[[[122.528263,12.372092],[122.527711,12.372272],[122.52771,12.372453],[122.528262,12.372454],[122.528263,12.372092]]],[[[122.519799,12.37262],[122.519615,12.372549],[122.519615,12.372619],[122.519799,12.37262]]],[[[122.686742,12.372627],[122.686926,12.372446],[122.686742,12.372446],[122.686742,12.372627]]],[[[122.52771,12.372634],[122.527159,12.372271],[122.525687,12.372268],[122.52771,12.372634]]],[[[122.686742,12.372627],[122.686558,12.372989],[122.686741,12.372989],[122.686742,12.372627]]],[[[122.519062,12.373161],[122.519247,12.37298],[122.519063,12.37298],[122.519062,12.373161]]],[[[122.519062,12.373523],[122.518878,12.373342],[122.518694,12.373522],[122.519062,12.373523]]],[[[122.687479,12.371543],[122.687664,12.370639],[122.684905,12.370635],[122.683985,12.370092],[122.684539,12.368284],[122.686196,12.367562],[122.68583,12.366115],[122.684357,12.367198],[122.68417,12.369369],[122.683064,12.371357],[122.684536,12.371178],[122.684535,12.37172],[122.683615,12.372443],[122.684717,12.373529],[122.685822,12.372988],[122.686008,12.371179],[122.687296,12.371],[122.687479,12.371543]]],[[[122.68527,12.372444],[122.684534,12.372444],[122.684718,12.372986],[122.685086,12.372987],[122.68527,12.372444]]],[[[122.686557,12.373169],[122.686373,12.373531],[122.686557,12.373531],[122.686557,12.373169]]],[[[122.518693,12.373703],[122.518326,12.373521],[122.518325,12.373702],[122.518693,12.373703]]],[[[122.519613,12.374066],[122.519797,12.373705],[122.519429,12.374066],[122.519613,12.374066]]],[[[122.686188,12.374073],[122.686373,12.373712],[122.686189,12.373712],[122.686188,12.374073]]],[[[122.513909,12.374237],[122.513725,12.374417],[122.513909,12.374418],[122.513909,12.374237]]],[[[122.686188,12.374073],[122.686004,12.374616],[122.686188,12.374616],[122.686188,12.374073]]],[[[122.686003,12.374796],[122.685819,12.375339],[122.685958,12.375339],[122.686003,12.374796]]],[[[122.685819,12.37552],[122.685634,12.375881],[122.685818,12.375881],[122.685819,12.37552]]],[[[122.518141,12.373702],[122.515933,12.37406],[122.516484,12.374603],[122.516113,12.376049],[122.517219,12.375328],[122.516485,12.374061],[122.518141,12.373702]]],[[[122.516113,12.376049],[122.515929,12.37623],[122.516113,12.37623],[122.516113,12.376049]]],[[[122.515744,12.376591],[122.515929,12.376411],[122.515745,12.376411],[122.515744,12.376591]]],[[[122.685449,12.376604],[122.685634,12.376062],[122.68545,12.376062],[122.685449,12.376604]]],[[[122.515744,12.376591],[122.51556,12.376953],[122.515744,12.376953],[122.515744,12.376591]]],[[[122.515559,12.377314],[122.515375,12.377676],[122.515559,12.377676],[122.515559,12.377314]]],[[[122.515558,12.378038],[122.515373,12.37858],[122.515557,12.37858],[122.515558,12.378038]]],[[[122.510589,12.378752],[122.510958,12.378211],[122.510406,12.37839],[122.510589,12.378752]]],[[[122.512425,12.380926],[122.512795,12.379842],[122.513901,12.378758],[122.515003,12.379484],[122.515739,12.379304],[122.51574,12.378762],[122.515004,12.378941],[122.513902,12.378216],[122.512428,12.379298],[122.512425,12.380926]]],[[[122.685265,12.376604],[122.684713,12.376604],[122.684526,12.379135],[122.684893,12.380583],[122.685444,12.381126],[122.685077,12.380402],[122.685265,12.376604]]],[[[122.511504,12.381467],[122.512056,12.381649],[122.512056,12.381468],[122.511504,12.381467]]],[[[122.685628,12.381126],[122.685627,12.381669],[122.685811,12.381669],[122.685628,12.381126]]],[[[122.512424,12.381288],[122.51224,12.381649],[122.513527,12.381832],[122.513528,12.381471],[122.512424,12.381288]]],[[[122.685811,12.381669],[122.685995,12.38185],[122.685995,12.381669],[122.685811,12.381669]]],[[[122.686363,12.382031],[122.686179,12.38185],[122.686179,12.382031],[122.686363,12.382031]]],[[[122.686363,12.382031],[122.686547,12.382212],[122.686547,12.382032],[122.686363,12.382031]]],[[[122.686914,12.382394],[122.68673,12.382213],[122.68673,12.382393],[122.686914,12.382394]]],[[[122.686914,12.382394],[122.687282,12.382575],[122.687282,12.382404],[122.686914,12.382394]]],[[[122.687282,12.382575],[122.687466,12.382756],[122.687466,12.382575],[122.687282,12.382575]]],[[[122.687853,12.383106],[122.687833,12.383118],[122.687863,12.383118],[122.687853,12.383106]]],[[[122.688413,12.383751],[122.688384,12.383842],[122.68847,12.383842],[122.688413,12.383751]]],[[[122.51132,12.381647],[122.510033,12.381103],[122.509479,12.381825],[122.510582,12.382731],[122.510762,12.384721],[122.51132,12.381647]]],[[[122.689855,12.38511],[122.689671,12.385291],[122.689855,12.385291],[122.689855,12.38511]]],[[[122.501009,12.385608],[122.499906,12.385425],[122.499905,12.385606],[122.501009,12.385608]]],[[[122.690038,12.385472],[122.689854,12.385653],[122.690038,12.385653],[122.690038,12.385472]]],[[[122.498975,12.386267],[122.498976,12.385966],[122.499537,12.385605],[122.498801,12.385784],[122.498975,12.386267]]],[[[122.504504,12.386157],[122.50432,12.386337],[122.504504,12.386337],[122.504504,12.386157]]],[[[122.690212,12.386196],[122.690037,12.386376],[122.690221,12.386376],[122.690212,12.386196]]],[[[122.498791,12.386267],[122.498607,12.386448],[122.498791,12.386448],[122.498791,12.386267]]],[[[122.501009,12.385788],[122.502295,12.386514],[122.504136,12.386156],[122.501928,12.385971],[122.501745,12.385609],[122.502298,12.385248],[122.501009,12.385788]]],[[[122.498607,12.386448],[122.498422,12.386628],[122.498606,12.386628],[122.498607,12.386448]]],[[[122.498422,12.386809],[122.497502,12.386626],[122.497502,12.386807],[122.498422,12.386809]]],[[[122.505055,12.3867],[122.50487,12.386881],[122.505054,12.386881],[122.505055,12.3867]]],[[[122.690373,12.386738],[122.690221,12.386919],[122.690405,12.386919],[122.690373,12.386738]]],[[[122.505238,12.387062],[122.505054,12.387243],[122.505238,12.387243],[122.505238,12.387062]]],[[[122.690556,12.3871],[122.690404,12.387281],[122.690588,12.387281],[122.690556,12.3871]]],[[[122.505421,12.387605],[122.505237,12.387424],[122.505237,12.387605],[122.505421,12.387605]]],[[[122.505421,12.387605],[122.505605,12.387786],[122.505605,12.387605],[122.505421,12.387605]]],[[[122.690764,12.387643],[122.690588,12.387824],[122.690772,12.387824],[122.690764,12.387643]]],[[[122.497318,12.386807],[122.495294,12.386803],[122.494372,12.387887],[122.495294,12.387165],[122.497318,12.386807]]],[[[122.505605,12.387786],[122.505788,12.387967],[122.505789,12.387787],[122.505605,12.387786]]],[[[122.505788,12.387967],[122.505972,12.388149],[122.505972,12.387968],[122.505788,12.387967]]],[[[122.505972,12.388149],[122.506155,12.388511],[122.506156,12.388149],[122.505972,12.388149]]],[[[122.690955,12.388101],[122.690771,12.388547],[122.690955,12.388548],[122.690955,12.388101]]],[[[122.506155,12.388872],[122.50597,12.389234],[122.506154,12.389234],[122.506155,12.388872]]],[[[122.691138,12.389271],[122.690954,12.388909],[122.690954,12.389271],[122.691138,12.389271]]],[[[122.691138,12.389271],[122.691322,12.389452],[122.691322,12.389271],[122.691138,12.389271]]],[[[122.506337,12.389596],[122.506154,12.389415],[122.506153,12.389596],[122.506337,12.389596]]],[[[122.691322,12.389452],[122.691505,12.389814],[122.691506,12.389452],[122.691322,12.389452]]],[[[122.472475,12.389653],[122.472395,12.389834],[122.472474,12.389834],[122.472475,12.389653]]],[[[122.472842,12.389749],[122.472658,12.389835],[122.472842,12.389835],[122.472842,12.389749]]],[[[122.471765,12.389994],[122.471738,12.390014],[122.471773,12.390014],[122.471765,12.389994]]],[[[122.47413,12.390018],[122.474191,12.389873],[122.47413,12.389896],[122.47413,12.390018]]],[[[122.494188,12.387886],[122.493818,12.389152],[122.491427,12.388785],[122.490138,12.389145],[122.489584,12.390048],[122.49161,12.388967],[122.493817,12.389694],[122.49437,12.389153],[122.494188,12.387886]]],[[[122.691505,12.389814],[122.691689,12.390176],[122.691689,12.389814],[122.691505,12.389814]]],[[[122.47137,12.390194],[122.471312,12.390144],[122.471276,12.390194],[122.47137,12.390194]]],[[[122.489584,12.390048],[122.4894,12.390228],[122.489584,12.390229],[122.489584,12.390048]]],[[[122.488664,12.390227],[122.48848,12.390408],[122.488664,12.390408],[122.488664,12.390227]]],[[[122.691872,12.390538],[122.691689,12.390357],[122.691688,12.390538],[122.691872,12.390538]]],[[[122.475784,12.390564],[122.475601,12.390449],[122.4756,12.390564],[122.475784,12.390564]]],[[[122.509095,12.390686],[122.508911,12.390505],[122.508911,12.390686],[122.509095,12.390686]]],[[[122.475784,12.390564],[122.476152,12.390746],[122.476152,12.390565],[122.475784,12.390564]]],[[[122.510946,12.384902],[122.51168,12.385989],[122.511494,12.386712],[122.510206,12.387071],[122.509284,12.388155],[122.510019,12.388699],[122.509833,12.389422],[122.50873,12.389058],[122.510015,12.390869],[122.510383,12.390689],[122.509648,12.390145],[122.509649,12.389602],[122.510201,12.389422],[122.510571,12.388519],[122.511491,12.38852],[122.511861,12.387074],[122.511864,12.385808],[122.510946,12.384902]]],[[[122.691872,12.390538],[122.692056,12.3909],[122.692056,12.390538],[122.691872,12.390538]]],[[[122.470632,12.390916],[122.470448,12.390886],[122.470448,12.390916],[122.470632,12.390916]]],[[[122.476152,12.390746],[122.47652,12.390927],[122.47652,12.390746],[122.476152,12.390746]]],[[[122.510383,12.390869],[122.510566,12.391051],[122.510567,12.39087],[122.510383,12.390869]]],[[[122.47008,12.391096],[122.470264,12.390987],[122.47008,12.391077],[122.47008,12.391096]]],[[[122.476888,12.390928],[122.476703,12.391109],[122.476887,12.391109],[122.476888,12.390928]]],[[[122.480383,12.391116],[122.482223,12.391119],[122.482223,12.390938],[122.480752,12.390755],[122.480383,12.391116]]],[[[122.510566,12.391051],[122.510934,12.391232],[122.510934,12.391051],[122.510566,12.391051]]],[[[122.477807,12.391111],[122.477623,12.391291],[122.477807,12.391291],[122.477807,12.391111]]],[[[122.480199,12.391296],[122.479647,12.391114],[122.479647,12.391295],[122.480199,12.391296]]],[[[122.483326,12.391302],[122.482776,12.390578],[122.483145,12.389855],[122.484249,12.390038],[122.484799,12.390943],[122.485167,12.390763],[122.485169,12.389678],[122.484435,12.389134],[122.484807,12.386964],[122.484988,12.388412],[122.487928,12.390226],[122.487195,12.388597],[122.485357,12.38787],[122.485176,12.386603],[122.484255,12.386782],[122.4837,12.388228],[122.484984,12.390401],[122.48425,12.389676],[122.482594,12.389673],[122.482224,12.390396],[122.482775,12.390939],[122.482407,12.3913],[122.483326,12.391302]]],[[[122.511486,12.391233],[122.511117,12.391413],[122.511485,12.391414],[122.511486,12.391233]]],[[[122.470025,12.391096],[122.469344,12.391275],[122.469343,12.391456],[122.469895,12.391457],[122.470025,12.391096]]],[[[122.478175,12.391292],[122.47799,12.391473],[122.478174,12.391473],[122.478175,12.391292]]],[[[122.479647,12.391295],[122.479462,12.391476],[122.479646,12.391476],[122.479647,12.391295]]],[[[122.468975,12.391455],[122.468791,12.391636],[122.468975,12.391636],[122.468975,12.391455]]],[[[122.510565,12.391593],[122.511485,12.391776],[122.511485,12.391595],[122.510565,12.391593]]],[[[122.511853,12.391776],[122.512957,12.391417],[122.511853,12.391415],[122.511853,12.391776]]],[[[122.468423,12.391816],[122.468607,12.391635],[122.468423,12.391635],[122.468423,12.391816]]],[[[122.468422,12.391997],[122.468055,12.391815],[122.468054,12.391996],[122.468422,12.391997]]],[[[122.478542,12.391835],[122.478357,12.392016],[122.478541,12.392016],[122.478542,12.391835]]],[[[122.47891,12.391836],[122.478725,12.392017],[122.478909,12.392017],[122.47891,12.391836]]],[[[122.468054,12.391996],[122.46787,12.392176],[122.468054,12.392177],[122.468054,12.391996]]],[[[122.692056,12.391081],[122.691871,12.391985],[122.690582,12.392164],[122.69187,12.392347],[122.692423,12.391805],[122.692056,12.391081]]],[[[122.464926,12.392319],[122.464324,12.392269],[122.46419,12.392169],[122.46419,12.39235],[122.464926,12.392319]]],[[[122.465662,12.392353],[122.465612,12.392347],[122.465478,12.392353],[122.465662,12.392353]]],[[[122.467134,12.392175],[122.46695,12.392356],[122.467134,12.392356],[122.467134,12.392175]]],[[[122.467501,12.392357],[122.467317,12.392537],[122.467501,12.392537],[122.467501,12.392357]]],[[[122.467869,12.392357],[122.467685,12.392538],[122.467869,12.392538],[122.467869,12.392357]]],[[[122.69003,12.392706],[122.690214,12.392345],[122.69003,12.392345],[122.69003,12.392706]]],[[[122.462533,12.392528],[122.462349,12.392708],[122.462533,12.392709],[122.462533,12.392528]]],[[[122.508541,12.39159],[122.507804,12.392312],[122.506886,12.391044],[122.506884,12.39231],[122.508539,12.392856],[122.510566,12.391412],[122.509095,12.390686],[122.509646,12.39123],[122.509277,12.391591],[122.508175,12.390685],[122.508728,12.390324],[122.50744,12.38996],[122.507258,12.389236],[122.506523,12.388873],[122.506703,12.390863],[122.507072,12.39014],[122.508541,12.39159]],[[122.508725,12.39159],[122.508909,12.391771],[122.508725,12.391771],[122.508725,12.39159]]],[[[122.461981,12.392707],[122.461797,12.392888],[122.461981,12.392888],[122.461981,12.392707]]],[[[122.461612,12.393068],[122.461429,12.39293],[122.461428,12.393068],[122.461612,12.393068]]],[[[122.46106,12.393429],[122.461244,12.393249],[122.46106,12.393248],[122.46106,12.393429]]],[[[122.46106,12.393429],[122.460875,12.39361],[122.461059,12.39361],[122.46106,12.393429]]],[[[122.458483,12.393786],[122.458299,12.393773],[122.458299,12.393785],[122.458483,12.393786]]],[[[122.460875,12.39361],[122.460691,12.39379],[122.460875,12.39379],[122.460875,12.39361]]],[[[122.458851,12.393786],[122.458667,12.393967],[122.458851,12.393967],[122.458851,12.393786]]],[[[122.460323,12.39397],[122.460507,12.39379],[122.460323,12.393789],[122.460323,12.39397]]],[[[122.460323,12.39397],[122.460138,12.394151],[122.460322,12.394151],[122.460323,12.39397]]],[[[122.460138,12.394151],[122.459954,12.394331],[122.460138,12.394331],[122.460138,12.394151]]],[[[122.45977,12.394331],[122.459586,12.394511],[122.45977,12.394512],[122.45977,12.394331]]],[[[122.454986,12.394683],[122.454938,12.394657],[122.454897,12.394683],[122.454986,12.394683]]],[[[122.45885,12.394329],[122.458665,12.39469],[122.458849,12.394691],[122.45885,12.394329]]],[[[122.459402,12.394511],[122.459033,12.394691],[122.459401,12.394692],[122.459402,12.394511]]],[[[122.453881,12.395223],[122.453722,12.395108],[122.453704,12.395155],[122.453881,12.395223]]],[[[122.453696,12.395404],[122.453512,12.395293],[122.453512,12.395403],[122.453696,12.395404]]],[[[122.453143,12.395764],[122.45296,12.3957],[122.452959,12.395764],[122.453143,12.395764]]],[[[122.451808,12.396123],[122.451786,12.396113],[122.451782,12.396123],[122.451808,12.396123]]],[[[122.451855,12.396123],[122.451838,12.396093],[122.451846,12.396123],[122.451855,12.396123]]],[[[122.45167,12.396304],[122.451487,12.396237],[122.451486,12.396304],[122.45167,12.396304]]],[[[122.45038,12.397386],[122.450565,12.397206],[122.450381,12.397206],[122.45038,12.397386]]],[[[122.45038,12.397386],[122.450196,12.397567],[122.45038,12.397567],[122.45038,12.397386]]],[[[122.697917,12.397941],[122.697751,12.39796],[122.697935,12.39796],[122.697917,12.397941]]],[[[122.696463,12.398139],[122.696647,12.397959],[122.696463,12.397958],[122.696463,12.398139]]],[[[122.698303,12.398141],[122.698119,12.398322],[122.698303,12.398322],[122.698303,12.398141]]],[[[122.689288,12.39795],[122.689104,12.397588],[122.690392,12.39759],[122.690946,12.395963],[122.690947,12.394878],[122.690028,12.394334],[122.69003,12.392706],[122.689844,12.394515],[122.690395,12.395239],[122.690209,12.397047],[122.687633,12.397044],[122.687079,12.39831],[122.687447,12.398491],[122.688368,12.397768],[122.689288,12.39795]]],[[[122.687632,12.397768],[122.687448,12.397948],[122.687632,12.397948],[122.687632,12.397768]]],[[[122.696279,12.398139],[122.695543,12.398138],[122.695358,12.398862],[122.695726,12.399043],[122.696279,12.398139]]],[[[122.698315,12.399191],[122.698302,12.399227],[122.698334,12.399227],[122.698315,12.399191]]],[[[122.69591,12.399043],[122.695726,12.399585],[122.69591,12.399586],[122.69591,12.399043]]],[[[122.695726,12.399585],[122.695541,12.399766],[122.695725,12.399766],[122.695726,12.399585]]],[[[122.695541,12.399766],[122.695357,12.399947],[122.695541,12.399947],[122.695541,12.399766]]],[[[122.689287,12.398312],[122.68947,12.399217],[122.688549,12.40012],[122.689838,12.399217],[122.689839,12.398494],[122.689287,12.398312]]],[[[122.685605,12.400116],[122.685421,12.400297],[122.685605,12.400297],[122.685605,12.400116]]],[[[122.688549,12.40012],[122.688365,12.4003],[122.688549,12.400301],[122.688549,12.40012]]],[[[122.688181,12.4003],[122.687997,12.400481],[122.688181,12.400481],[122.688181,12.4003]]],[[[122.687813,12.400481],[122.687628,12.400661],[122.687812,12.400662],[122.687813,12.400481]]],[[[122.68726,12.400842],[122.687444,12.400661],[122.68726,12.400661],[122.68726,12.400842]]],[[[122.68726,12.400842],[122.687076,12.401022],[122.68726,12.401023],[122.68726,12.400842]]],[[[122.697931,12.401939],[122.698115,12.401996],[122.698115,12.401939],[122.697931,12.401939]]],[[[122.684499,12.402105],[122.685052,12.401382],[122.685787,12.401564],[122.686892,12.401022],[122.685421,12.400478],[122.6845,12.401381],[122.684499,12.402105]]],[[[122.697562,12.4023],[122.697562,12.402367],[122.697609,12.4023],[122.697562,12.4023]]],[[[122.697194,12.402843],[122.697378,12.402662],[122.697194,12.402662],[122.697194,12.402843]]],[[[122.697194,12.402843],[122.69701,12.403023],[122.697194,12.403023],[122.697194,12.402843]]],[[[122.69701,12.403023],[122.696825,12.403204],[122.697009,12.403204],[122.69701,12.403023]]],[[[122.696641,12.403565],[122.696457,12.403746],[122.696641,12.403746],[122.696641,12.403565]]],[[[122.696088,12.404288],[122.696272,12.404108],[122.696088,12.404107],[122.696088,12.404288]]],[[[122.696088,12.404288],[122.695904,12.404469],[122.696088,12.404469],[122.696088,12.404288]]],[[[122.695903,12.405192],[122.695719,12.405373],[122.695903,12.405373],[122.695903,12.405192]]],[[[122.695173,12.399946],[122.69407,12.399584],[122.694439,12.398318],[122.691863,12.398677],[122.690942,12.39958],[122.690757,12.400484],[122.689652,12.400664],[122.689834,12.402472],[122.689465,12.403196],[122.68744,12.40464],[122.685232,12.404638],[122.684312,12.404094],[122.683945,12.403732],[122.684315,12.402104],[122.68321,12.402827],[122.681922,12.402463],[122.681554,12.402644],[122.683025,12.403188],[122.685047,12.40518],[122.687071,12.405544],[122.688359,12.405003],[122.689649,12.403557],[122.690385,12.40392],[122.690384,12.404463],[122.69112,12.404283],[122.691492,12.401389],[122.692598,12.398858],[122.693518,12.399221],[122.694252,12.40085],[122.695173,12.399946]]],[[[122.690937,12.403197],[122.690386,12.402654],[122.690386,12.403016],[122.690937,12.403197]]],[[[122.695166,12.406096],[122.694982,12.406276],[122.695166,12.406277],[122.695166,12.406096]]],[[[122.695349,12.406639],[122.695165,12.406819],[122.695349,12.406819],[122.695349,12.406639]]],[[[122.694796,12.408085],[122.694612,12.408265],[122.694796,12.408243],[122.694796,12.408085]]],[[[122.694059,12.408446],[122.693875,12.408626],[122.694059,12.408627],[122.694059,12.408446]]],[[[122.693691,12.408626],[122.693507,12.408807],[122.693691,12.408807],[122.693691,12.408626]]],[[[122.691849,12.410071],[122.692402,12.409891],[122.69185,12.40989],[122.691849,12.410071]]],[[[122.691665,12.410252],[122.691481,12.410432],[122.691665,12.410432],[122.691665,12.410252]]],[[[122.689456,12.410792],[122.689641,12.410611],[122.689457,12.410611],[122.689456,12.410792]]],[[[122.69056,12.410793],[122.690376,12.410974],[122.69056,12.410974],[122.69056,12.410793]]],[[[122.689456,12.410792],[122.689272,12.411153],[122.689456,12.411153],[122.689456,12.410792]]],[[[122.689272,12.411153],[122.689088,12.411334],[122.689272,12.411334],[122.689272,12.411153]]],[[[122.689088,12.411334],[122.688904,12.411514],[122.689088,12.411515],[122.689088,12.411334]]],[[[122.687982,12.412599],[122.687798,12.412779],[122.687982,12.412779],[122.687982,12.412599]]],[[[122.687613,12.413322],[122.687429,12.413502],[122.687613,12.413502],[122.687613,12.413322]]],[[[122.687244,12.414045],[122.687429,12.413683],[122.687245,12.413683],[122.687244,12.414045]]],[[[122.687244,12.414045],[122.68706,12.414406],[122.687244,12.414406],[122.687244,12.414045]]],[[[122.68706,12.414406],[122.686876,12.414587],[122.68706,12.414587],[122.68706,12.414406]]],[[[122.688163,12.415312],[122.687979,12.415492],[122.688163,12.415492],[122.688163,12.415312]]],[[[122.688531,12.415493],[122.688347,12.415674],[122.688502,12.415674],[122.688531,12.415493]]],[[[122.68853,12.415854],[122.68853,12.415855],[122.688531,12.415855],[122.68853,12.415854]]],[[[122.688763,12.416592],[122.688713,12.416759],[122.6888,12.416759],[122.688763,12.416592]]],[[[122.68816,12.417663],[122.68816,12.417735],[122.688253,12.417663],[122.68816,12.417663]]],[[[122.685768,12.41766],[122.6854,12.41784],[122.685768,12.417841],[122.685768,12.41766]]],[[[122.685216,12.41784],[122.685032,12.418021],[122.685216,12.418021],[122.685216,12.41784]]],[[[122.684479,12.418201],[122.684664,12.41802],[122.68448,12.41802],[122.684479,12.418201]]],[[[122.684479,12.418201],[122.684295,12.418382],[122.684479,12.418382],[122.684479,12.418201]]],[[[122.686135,12.418384],[122.685951,12.418203],[122.685951,12.418384],[122.686135,12.418384]]],[[[122.686135,12.418384],[122.686319,12.418565],[122.686319,12.418384],[122.686135,12.418384]]],[[[122.687193,12.418385],[122.687063,12.418566],[122.687151,12.418566],[122.687193,12.418385]]],[[[122.686687,12.418565],[122.686503,12.418746],[122.686687,12.418746],[122.686687,12.418565]]],[[[122.685031,12.418925],[122.684847,12.418744],[122.684847,12.418925],[122.685031,12.418925]]],[[[122.685031,12.418925],[122.685214,12.419106],[122.685215,12.418925],[122.685031,12.418925]]],[[[122.685214,12.419106],[122.685398,12.419287],[122.685398,12.419106],[122.685214,12.419106]]],[[[122.685398,12.419287],[122.685582,12.419468],[122.685582,12.419288],[122.685398,12.419287]]],[[[122.685581,12.420192],[122.685397,12.420373],[122.685581,12.420373],[122.685581,12.420192]]],[[[122.685212,12.420734],[122.685028,12.420915],[122.685212,12.420915],[122.685212,12.420734]]],[[[122.682633,12.423444],[122.682817,12.423263],[122.682633,12.423263],[122.682633,12.423444]]],[[[122.682633,12.423444],[122.682449,12.423625],[122.682633,12.423625],[122.682633,12.423444]]],[[[122.682449,12.423625],[122.682264,12.423805],[122.682448,12.423805],[122.682449,12.423625]]],[[[122.681896,12.424166],[122.681712,12.424347],[122.681896,12.424347],[122.681896,12.424166]]],[[[122.683736,12.424349],[122.683552,12.42453],[122.683736,12.42453],[122.683736,12.424349]]],[[[122.684472,12.424531],[122.684288,12.424457],[122.684288,12.424531],[122.684472,12.424531]]],[[[122.683368,12.42453],[122.683183,12.424711],[122.683367,12.424711],[122.683368,12.42453]]],[[[122.684798,12.42465],[122.684656,12.424712],[122.68484,12.424712],[122.684798,12.42465]]],[[[122.681528,12.424528],[122.681159,12.424708],[122.681159,12.42507],[122.681527,12.42507],[122.681528,12.424528]]],[[[122.681895,12.425252],[122.681711,12.425071],[122.681711,12.425251],[122.681895,12.425252]]],[[[122.681895,12.425252],[122.682078,12.425433],[122.682079,12.425252],[122.681895,12.425252]]],[[[122.682631,12.425252],[122.682447,12.425433],[122.682631,12.425433],[122.682631,12.425252]]],[[[122.685169,12.425436],[122.685022,12.425617],[122.685164,12.425617],[122.685169,12.425436]]],[[[122.682446,12.425795],[122.682262,12.425976],[122.682446,12.425976],[122.682446,12.425795]]],[[[122.685022,12.42634],[122.684837,12.426521],[122.685021,12.426521],[122.685022,12.42634]]],[[[122.684837,12.426702],[122.684653,12.426883],[122.684837,12.426883],[122.684837,12.426702]]],[[[122.684653,12.427063],[122.684468,12.427244],[122.684652,12.427244],[122.684653,12.427063]]],[[[122.684284,12.427786],[122.6841,12.427967],[122.684284,12.427967],[122.684284,12.427786]]],[[[122.683915,12.428329],[122.684099,12.428148],[122.683915,12.428148],[122.683915,12.428329]]],[[[122.686599,12.428295],[122.686491,12.428332],[122.686654,12.428332],[122.686599,12.428295]]],[[[122.683915,12.428329],[122.683731,12.428509],[122.683915,12.428509],[122.683915,12.428329]]],[[[122.686835,12.428463],[122.686675,12.428513],[122.686859,12.428513],[122.686835,12.428463]]],[[[122.685387,12.428692],[122.685756,12.42815],[122.685387,12.428149],[122.685387,12.428692]]],[[[122.685755,12.428692],[122.686041,12.428809],[122.686123,12.428693],[122.685755,12.428692]]],[[[122.686859,12.428694],[122.686675,12.428874],[122.686859,12.428875],[122.686859,12.428694]]],[[[122.683546,12.429052],[122.683178,12.429232],[122.683546,12.429232],[122.683546,12.429052]]],[[[122.683914,12.429052],[122.68373,12.429233],[122.683914,12.429233],[122.683914,12.429052]]],[[[122.683913,12.429956],[122.683729,12.430137],[122.683913,12.430137],[122.683913,12.429956]]],[[[122.683729,12.430318],[122.683544,12.430498],[122.683728,12.430499],[122.683729,12.430318]]],[[[122.683544,12.430679],[122.68336,12.43086],[122.683544,12.43086],[122.683544,12.430679]]],[[[122.683176,12.431221],[122.68336,12.431041],[122.683176,12.431041],[122.683176,12.431221]]],[[[122.683176,12.431221],[122.682991,12.431402],[122.683175,12.431402],[122.683176,12.431221]]],[[[122.682991,12.431402],[122.682807,12.431583],[122.682991,12.431583],[122.682991,12.431402]]],[[[122.682807,12.431583],[122.682623,12.431763],[122.682807,12.431764],[122.682807,12.431583]]],[[[122.682438,12.432125],[122.682623,12.431944],[122.682439,12.431944],[122.682438,12.432125]]],[[[122.682438,12.432125],[122.682254,12.432306],[122.682438,12.432306],[122.682438,12.432125]]],[[[122.682254,12.432486],[122.68207,12.432667],[122.682254,12.432667],[122.682254,12.432486]]],[[[122.681885,12.433029],[122.682069,12.432848],[122.681885,12.432848],[122.681885,12.433029]]],[[[122.681885,12.433029],[122.681701,12.433209],[122.681885,12.433209],[122.681885,12.433029]]],[[[122.675443,12.434468],[122.675627,12.434649],[122.675627,12.434468],[122.675443,12.434468]]],[[[122.675994,12.43483],[122.675811,12.434649],[122.67581,12.43483],[122.675994,12.43483]]],[[[122.6817,12.434294],[122.681515,12.434837],[122.681699,12.434837],[122.6817,12.434294]]],[[[122.675994,12.43483],[122.676178,12.435192],[122.676178,12.43483],[122.675994,12.43483]]],[[[122.68133,12.435379],[122.681515,12.435018],[122.681331,12.435017],[122.68133,12.435379]]],[[[122.675443,12.434287],[122.674892,12.433744],[122.674523,12.434467],[122.674521,12.435733],[122.674706,12.434648],[122.675443,12.434287]]],[[[122.68133,12.435379],[122.681146,12.435741],[122.68133,12.435741],[122.68133,12.435379]]],[[[122.681146,12.435741],[122.680962,12.435921],[122.681146,12.435921],[122.681146,12.435741]]],[[[122.680962,12.435921],[122.680777,12.436102],[122.680961,12.436102],[122.680962,12.435921]]],[[[122.676361,12.436097],[122.676177,12.436277],[122.676361,12.436278],[122.676361,12.436097]]],[[[122.674336,12.436456],[122.673968,12.436275],[122.673968,12.436455],[122.674336,12.436456]]],[[[122.674336,12.436456],[122.67452,12.436637],[122.67452,12.436456],[122.674336,12.436456]]],[[[122.676544,12.436459],[122.67636,12.436639],[122.676544,12.436639],[122.676544,12.436459]]],[[[122.67452,12.436637],[122.674704,12.436818],[122.674704,12.436637],[122.67452,12.436637]]],[[[122.676544,12.43682],[122.67636,12.437001],[122.676544,12.437001],[122.676544,12.43682]]],[[[122.680776,12.437368],[122.680776,12.437483],[122.680822,12.437368],[122.680776,12.437368]]],[[[122.676543,12.437544],[122.676359,12.437724],[122.676543,12.437725],[122.676543,12.437544]]],[[[122.680591,12.437729],[122.680591,12.4379],[122.680673,12.43773],[122.680591,12.437729]]],[[[122.677095,12.437906],[122.67691,12.438087],[122.677094,12.438087],[122.677095,12.437906]]],[[[122.677647,12.438088],[122.677462,12.438268],[122.677646,12.438268],[122.677647,12.438088]]],[[[122.680407,12.438091],[122.680223,12.438272],[122.680407,12.438136],[122.680407,12.438091]]],[[[122.674886,12.438446],[122.675255,12.437361],[122.674703,12.436999],[122.674886,12.438446]]],[[[122.67967,12.438633],[122.679854,12.438452],[122.67967,12.438452],[122.67967,12.438633]]],[[[122.674886,12.438446],[122.674701,12.438808],[122.674885,12.438808],[122.674886,12.438446]]],[[[122.67967,12.438633],[122.679486,12.438813],[122.67967,12.438728],[122.67967,12.438633]]],[[[122.679486,12.438813],[122.679302,12.438994],[122.679486,12.438862],[122.679486,12.438813]]],[[[122.679302,12.438994],[122.679117,12.439157],[122.679302,12.439015],[122.679302,12.438994]]],[[[122.674701,12.438808],[122.674517,12.439169],[122.674701,12.439169],[122.674701,12.438808]]],[[[122.677829,12.439354],[122.677645,12.439173],[122.677645,12.439354],[122.677829,12.439354]]],[[[122.674517,12.439169],[122.674332,12.439531],[122.674516,12.439531],[122.674517,12.439169]]],[[[122.677829,12.439354],[122.678013,12.439535],[122.678013,12.439354],[122.677829,12.439354]]],[[[122.674332,12.439531],[122.674148,12.439711],[122.674332,12.439711],[122.674332,12.439531]]],[[[122.678013,12.439535],[122.678197,12.439716],[122.678197,12.439535],[122.678013,12.439535]]],[[[122.674148,12.439711],[122.673964,12.439892],[122.674148,12.439892],[122.674148,12.439711]]],[[[122.673964,12.439892],[122.67378,12.440072],[122.673964,12.440073],[122.673964,12.439892]]],[[[122.67378,12.440072],[122.673595,12.440253],[122.673779,12.440253],[122.67378,12.440072]]],[[[122.673595,12.440253],[122.673411,12.440434],[122.673595,12.440434],[122.673595,12.440253]]],[[[122.673411,12.440615],[122.673227,12.440795],[122.673411,12.440795],[122.673411,12.440615]]],[[[122.673226,12.441157],[122.673042,12.441338],[122.673226,12.441338],[122.673226,12.441157]]],[[[122.672857,12.441699],[122.673042,12.441518],[122.672858,12.441518],[122.672857,12.441699]]],[[[122.672857,12.441699],[122.672673,12.44188],[122.672857,12.44188],[122.672857,12.441699]]],[[[122.672673,12.44188],[122.672489,12.44206],[122.672673,12.442061],[122.672673,12.44188]]],[[[122.672489,12.44206],[122.672305,12.442241],[122.672489,12.442241],[122.672489,12.44206]]],[[[122.668256,12.442236],[122.66844,12.442417],[122.66844,12.442236],[122.668256,12.442236]]],[[[122.672305,12.442241],[122.67212,12.442422],[122.672304,12.442422],[122.672305,12.442241]]],[[[122.668623,12.44296],[122.668439,12.443141],[122.668623,12.443141],[122.668623,12.44296]]],[[[122.672119,12.443326],[122.671935,12.443507],[122.672119,12.443507],[122.672119,12.443326]]],[[[122.668807,12.443322],[122.668622,12.443683],[122.668806,12.443684],[122.668807,12.443322]]],[[[122.667518,12.443501],[122.668257,12.441332],[122.667153,12.44133],[122.666967,12.442777],[122.666599,12.443138],[122.665311,12.442956],[122.66531,12.443318],[122.666413,12.444042],[122.666414,12.4435],[122.667518,12.443501]],[[122.667519,12.442959],[122.667335,12.442777],[122.667519,12.442778],[122.667519,12.442959]],[[122.667335,12.442777],[122.667151,12.442596],[122.667335,12.442597],[122.667335,12.442777]]],[[[122.66899,12.443865],[122.668806,12.444045],[122.66899,12.444046],[122.66899,12.443865]]],[[[122.666413,12.444042],[122.666597,12.444223],[122.666598,12.444043],[122.666413,12.444042]]],[[[122.671934,12.444049],[122.67175,12.44423],[122.671934,12.44423],[122.671934,12.444049]]],[[[122.666597,12.444223],[122.666781,12.444405],[122.666781,12.444224],[122.666597,12.444223]]],[[[122.669174,12.444227],[122.668989,12.444407],[122.669173,12.444407],[122.669174,12.444227]]],[[[122.669357,12.444589],[122.669173,12.444769],[122.669357,12.444769],[122.669357,12.444589]]],[[[122.670829,12.44459],[122.670645,12.444771],[122.670829,12.444771],[122.670829,12.44459]]],[[[122.667517,12.444767],[122.667332,12.444948],[122.667517,12.444948],[122.667517,12.444767]]],[[[122.670277,12.444771],[122.669541,12.444951],[122.670277,12.444951],[122.670277,12.444771]]],[[[122.6677,12.445129],[122.667516,12.44531],[122.6677,12.44531],[122.6677,12.445129]]],[[[122.6677,12.445672],[122.667515,12.445852],[122.667699,12.445853],[122.6677,12.445672]]],[[[122.667515,12.446033],[122.667331,12.446214],[122.667515,12.446214],[122.667515,12.446033]]],[[[122.66733,12.446756],[122.667146,12.446937],[122.66733,12.446937],[122.66733,12.446756]]],[[[122.666777,12.447298],[122.666593,12.447479],[122.666777,12.447479],[122.666777,12.447298]]],[[[122.666224,12.448021],[122.666409,12.447479],[122.666225,12.447478],[122.666224,12.448021]]],[[[122.666408,12.448021],[122.666592,12.448202],[122.666592,12.448021],[122.666408,12.448021]]],[[[122.666592,12.448202],[122.666776,12.448564],[122.666776,12.448203],[122.666592,12.448202]]],[[[122.66696,12.448745],[122.666775,12.448926],[122.666959,12.448926],[122.66696,12.448745]]],[[[122.667143,12.449107],[122.666959,12.449288],[122.667143,12.449288],[122.667143,12.449107]]],[[[122.667326,12.449831],[122.667142,12.44965],[122.667142,12.449831],[122.667326,12.449831]]],[[[122.667326,12.450012],[122.667877,12.450736],[122.667508,12.452002],[122.667691,12.452363],[122.668613,12.451099],[122.668614,12.450013],[122.667326,12.450012]]],[[[122.667507,12.452363],[122.667323,12.452544],[122.667507,12.452544],[122.667507,12.452363]]],[[[122.667323,12.452544],[122.667139,12.452725],[122.667323,12.452725],[122.667323,12.452544]]],[[[122.667138,12.452905],[122.666586,12.452905],[122.666586,12.453086],[122.667138,12.452905]]],[[[122.666586,12.453266],[122.666218,12.453085],[122.666218,12.453266],[122.666586,12.453266]]],[[[122.662717,12.456155],[122.662349,12.456336],[122.662717,12.456336],[122.662717,12.456155]]],[[[122.662165,12.456336],[122.661981,12.456516],[122.662165,12.456516],[122.662165,12.456336]]],[[[122.661796,12.456878],[122.66198,12.456697],[122.661796,12.456697],[122.661796,12.456878]]],[[[122.663453,12.456699],[122.663268,12.456879],[122.663453,12.45688],[122.663453,12.456699]]],[[[122.661796,12.456878],[122.661612,12.457058],[122.661796,12.457058],[122.661796,12.456878]]],[[[122.66106,12.457058],[122.660876,12.457238],[122.66106,12.457238],[122.66106,12.457058]]],[[[122.660875,12.457419],[122.660691,12.4576],[122.660875,12.4576],[122.660875,12.457419]]],[[[122.663487,12.457247],[122.663302,12.457789],[122.663486,12.45779],[122.663487,12.457247]]],[[[122.666034,12.453266],[122.665113,12.453265],[122.664563,12.45236],[122.663826,12.452359],[122.662905,12.453443],[122.663271,12.455252],[122.662534,12.455251],[122.661983,12.454346],[122.66088,12.453983],[122.660142,12.455248],[122.660324,12.456695],[122.658115,12.457596],[122.659955,12.457418],[122.660322,12.457961],[122.660876,12.456876],[122.660878,12.455068],[122.663638,12.455614],[122.664007,12.455253],[122.66401,12.45254],[122.664378,12.45254],[122.664561,12.453445],[122.666034,12.453266]]],[[[122.660507,12.457961],[122.660691,12.457781],[122.660507,12.45778],[122.660507,12.457961]]],[[[122.660507,12.457961],[122.660322,12.458142],[122.660506,12.458142],[122.660507,12.457961]]],[[[122.663302,12.45797],[122.663118,12.458151],[122.663302,12.458151],[122.663302,12.45797]]],[[[122.662933,12.458512],[122.663117,12.458332],[122.662933,12.458332],[122.662933,12.458512]]],[[[122.662933,12.458512],[122.662749,12.458693],[122.662933,12.458693],[122.662933,12.458512]]],[[[122.662749,12.458693],[122.662565,12.458874],[122.662749,12.458874],[122.662749,12.458693]]],[[[122.662565,12.458874],[122.66238,12.459054],[122.662564,12.459054],[122.662565,12.458874]]],[[[122.66238,12.459235],[122.662012,12.459054],[122.662012,12.459235],[122.66238,12.459235]]],[[[122.661828,12.459234],[122.66146,12.459415],[122.661828,12.459415],[122.661828,12.459234]]],[[[122.660907,12.459595],[122.660723,12.459776],[122.660907,12.459776],[122.660907,12.459595]]],[[[122.660721,12.461042],[122.660907,12.460138],[122.660723,12.460137],[122.660721,12.461042]]],[[[122.660721,12.461222],[122.660353,12.461041],[122.660353,12.461222],[122.660721,12.461222]]],[[[122.662009,12.461224],[122.661457,12.461404],[122.662009,12.461405],[122.662009,12.461224]]],[[[122.659065,12.461401],[122.65888,12.461582],[122.659064,12.461582],[122.659065,12.461401]]],[[[122.659432,12.461583],[122.659985,12.461402],[122.659249,12.461221],[122.659432,12.461583]]],[[[122.661273,12.461404],[122.661089,12.461585],[122.661273,12.461585],[122.661273,12.461404]]],[[[122.662561,12.461406],[122.662377,12.461586],[122.662561,12.461587],[122.662561,12.461406]]],[[[122.66385,12.461407],[122.663297,12.461587],[122.663849,12.461588],[122.66385,12.461407]]],[[[122.659432,12.461583],[122.659248,12.461763],[122.659432,12.461763],[122.659432,12.461583]]],[[[122.660721,12.461584],[122.660536,12.461765],[122.66072,12.461765],[122.660721,12.461584]]],[[[122.664217,12.461589],[122.664033,12.461769],[122.664217,12.461769],[122.664217,12.461589]]],[[[122.667714,12.461593],[122.666978,12.461773],[122.667714,12.461774],[122.667714,12.461593]]],[[[122.658696,12.461763],[122.658144,12.461943],[122.658696,12.461943],[122.658696,12.461763]]],[[[122.659248,12.461763],[122.659064,12.461944],[122.659248,12.461944],[122.659248,12.461763]]],[[[122.66661,12.461772],[122.666057,12.461953],[122.666609,12.461953],[122.66661,12.461772]]],[[[122.66845,12.461775],[122.668266,12.461955],[122.66845,12.461956],[122.66845,12.461775]]],[[[122.661088,12.461766],[122.660904,12.462127],[122.661088,12.462127],[122.661088,12.461766]]],[[[122.665505,12.462133],[122.665689,12.461952],[122.665505,12.461952],[122.665505,12.462133]]],[[[122.659064,12.462125],[122.658879,12.462305],[122.659063,12.462306],[122.659064,12.462125]]],[[[122.664769,12.462313],[122.664585,12.462132],[122.664585,12.462312],[122.664769,12.462313]]],[[[122.665505,12.462133],[122.665321,12.462313],[122.665505,12.462314],[122.665505,12.462133]]],[[[122.66532,12.462494],[122.664769,12.462313],[122.664768,12.462494],[122.66532,12.462494]]],[[[122.669186,12.462318],[122.669001,12.462499],[122.669185,12.462499],[122.669186,12.462318]]],[[[122.668817,12.462679],[122.668633,12.46286],[122.668817,12.46286],[122.668817,12.462679]]],[[[122.66808,12.463221],[122.668264,12.46304],[122.66808,12.46304],[122.66808,12.463221]]],[[[122.66808,12.463221],[122.667896,12.463402],[122.66808,12.463402],[122.66808,12.463221]]],[[[122.667712,12.463401],[122.667528,12.463582],[122.667712,12.463582],[122.667712,12.463401]]],[[[122.667344,12.463582],[122.667159,12.463763],[122.667343,12.463763],[122.667344,12.463582]]],[[[122.666975,12.463762],[122.666791,12.463943],[122.666975,12.463943],[122.666975,12.463762]]],[[[122.662558,12.464299],[122.662373,12.46448],[122.662557,12.46448],[122.662558,12.464299]]],[[[122.661821,12.464479],[122.661637,12.46466],[122.661821,12.46466],[122.661821,12.464479]]],[[[122.661269,12.46484],[122.661453,12.46466],[122.661269,12.46466],[122.661269,12.46484]]],[[[122.665502,12.464665],[122.665317,12.464845],[122.665501,12.464846],[122.665502,12.464665]]],[[[122.661269,12.46484],[122.661084,12.465021],[122.661268,12.465021],[122.661269,12.46484]]],[[[122.653354,12.465373],[122.65317,12.465554],[122.653354,12.465554],[122.653354,12.465373]]],[[[122.660532,12.465382],[122.660347,12.465563],[122.660531,12.465563],[122.660532,12.465382]]],[[[122.66458,12.465522],[122.66495,12.464664],[122.66403,12.464301],[122.662925,12.464481],[122.663845,12.464844],[122.664028,12.465567],[122.66458,12.465522]]],[[[122.652801,12.465734],[122.652986,12.465192],[122.652802,12.465191],[122.652801,12.465734]]],[[[122.652801,12.465734],[122.652617,12.465915],[122.652801,12.465915],[122.652801,12.465734]]],[[[122.653721,12.465916],[122.653906,12.465193],[122.653722,12.465193],[122.653721,12.465916]]],[[[122.653905,12.465916],[122.654089,12.466097],[122.654089,12.465916],[122.653905,12.465916]]],[[[122.653905,12.466097],[122.653721,12.466278],[122.653905,12.466278],[122.653905,12.466097]]],[[[122.652617,12.466095],[122.652249,12.465914],[122.652248,12.466457],[122.652617,12.466095]]],[[[122.653905,12.466459],[122.65372,12.466639],[122.653904,12.46664],[122.653905,12.466459]]],[[[122.660346,12.466829],[122.660531,12.466105],[122.660347,12.466105],[122.660346,12.466829]]],[[[122.654272,12.466821],[122.654088,12.467002],[122.654272,12.467002],[122.654272,12.466821]]],[[[122.660346,12.466829],[122.660161,12.467009],[122.660345,12.46701],[122.660346,12.466829]]],[[[122.652984,12.467],[122.652799,12.467362],[122.652983,12.467362],[122.652984,12.467]]],[[[122.654087,12.467544],[122.653904,12.467182],[122.653903,12.467544],[122.654087,12.467544]]],[[[122.659793,12.467551],[122.659609,12.467189],[122.659609,12.467551],[122.659793,12.467551]]],[[[122.654087,12.467544],[122.654455,12.467725],[122.654455,12.467545],[122.654087,12.467544]]],[[[122.659793,12.467551],[122.659976,12.467732],[122.659977,12.467552],[122.659793,12.467551]]],[[[122.654823,12.467907],[122.654639,12.467726],[122.654639,12.467907],[122.654823,12.467907]]],[[[122.654823,12.467907],[122.655007,12.468088],[122.655007,12.467907],[122.654823,12.467907]]],[[[122.660712,12.467914],[122.659976,12.468094],[122.660712,12.468095],[122.660712,12.467914]]],[[[122.655743,12.468089],[122.655375,12.468269],[122.655743,12.46827],[122.655743,12.468089]]],[[[122.656663,12.468271],[122.656479,12.468451],[122.656663,12.468452],[122.656663,12.468271]]],[[[122.661448,12.468277],[122.661264,12.468458],[122.661448,12.468458],[122.661448,12.468277]]],[[[122.657215,12.468633],[122.65703,12.468814],[122.657214,12.468814],[122.657215,12.468633]]],[[[122.661263,12.469181],[122.661263,12.469256],[122.661293,12.469181],[122.661263,12.469181]]],[[[122.65795,12.469358],[122.657766,12.469177],[122.657766,12.469357],[122.65795,12.469358]]],[[[122.65795,12.469358],[122.658134,12.469539],[122.658134,12.469358],[122.65795,12.469358]]],[[[122.661221,12.469362],[122.661078,12.469542],[122.661144,12.469543],[122.661221,12.469362]]],[[[122.658501,12.46972],[122.658318,12.469539],[122.658317,12.46972],[122.658501,12.46972]]],[[[122.661078,12.469723],[122.660894,12.469904],[122.66102,12.469904],[122.661078,12.469723]]],[[[122.653348,12.470075],[122.653717,12.469171],[122.652797,12.468808],[122.652615,12.467723],[122.652061,12.468988],[122.651141,12.468806],[122.652243,12.470255],[122.653348,12.470075]]],[[[122.652613,12.46917],[122.653164,12.469713],[122.653165,12.469171],[122.652613,12.46917]]],[[[122.658686,12.46972],[122.658685,12.470263],[122.659053,12.470263],[122.658686,12.46972]]],[[[122.660894,12.470085],[122.660709,12.470265],[122.660893,12.470266],[122.660894,12.470085]]],[[[122.651322,12.470796],[122.650587,12.470433],[122.650404,12.469348],[122.64985,12.470794],[122.651322,12.470796]]],[[[122.659237,12.470264],[122.659236,12.470806],[122.65942,12.470806],[122.659237,12.470264]]],[[[122.652058,12.470978],[122.651506,12.470796],[122.651506,12.470977],[122.652058,12.470978]]],[[[122.652058,12.470978],[122.652242,12.471159],[122.652242,12.470978],[122.652058,12.470978]]],[[[122.660524,12.471169],[122.660708,12.470989],[122.660524,12.470989],[122.660524,12.471169]]],[[[122.655923,12.470983],[122.655555,12.471344],[122.655923,12.471345],[122.655923,12.470983]]],[[[122.66034,12.471169],[122.659788,12.471169],[122.65942,12.470806],[122.659604,12.471349],[122.66034,12.471169]]],[[[122.652242,12.471159],[122.652426,12.471521],[122.652426,12.471159],[122.652242,12.471159]]],[[[122.652426,12.471521],[122.652609,12.471702],[122.65261,12.471521],[122.652426,12.471521]]],[[[122.653162,12.471703],[122.652793,12.471883],[122.653161,12.471884],[122.653162,12.471703]]],[[[122.654265,12.472066],[122.653345,12.471884],[122.653345,12.472065],[122.654265,12.472066]]],[[[122.654265,12.472247],[122.655185,12.472429],[122.655552,12.472972],[122.655186,12.471705],[122.654265,12.472247]]],[[[122.655552,12.472972],[122.655736,12.473334],[122.655737,12.472972],[122.655552,12.472972]]],[[[122.655552,12.473333],[122.655368,12.473514],[122.655552,12.473514],[122.655552,12.473333]]],[[[122.45,12.472802],[122.450589,12.472984],[122.450956,12.473527],[122.450958,12.472804],[122.45,12.472802]]],[[[122.652239,12.47351],[122.652607,12.473691],[122.652607,12.473511],[122.652239,12.47351]]],[[[122.655367,12.473695],[122.654816,12.473513],[122.654815,12.473694],[122.655367,12.473695]]],[[[122.652239,12.473691],[122.652054,12.473872],[122.652238,12.473872],[122.652239,12.473691]]],[[[122.652607,12.473691],[122.652975,12.473873],[122.652975,12.473692],[122.652607,12.473691]]],[[[122.654079,12.473693],[122.653527,12.473873],[122.654079,12.473874],[122.654079,12.473693]]],[[[122.643036,12.474222],[122.643219,12.474403],[122.64322,12.474222],[122.643036,12.474222]]],[[[122.649476,12.474773],[122.649109,12.474591],[122.649108,12.474772],[122.649476,12.474773]]],[[[122.652237,12.474776],[122.652422,12.474053],[122.652238,12.474053],[122.652237,12.474776]]],[[[122.64285,12.474945],[122.642853,12.473317],[122.642666,12.474944],[122.64285,12.474945]]],[[[122.643771,12.474765],[122.643587,12.474946],[122.643771,12.474946],[122.643771,12.474765]]],[[[122.649476,12.474773],[122.650028,12.474954],[122.650029,12.474773],[122.649476,12.474773]]],[[[122.652237,12.474776],[122.652053,12.474957],[122.652237,12.474957],[122.652237,12.474776]]],[[[122.644139,12.474946],[122.643955,12.475127],[122.644139,12.475127],[122.644139,12.474946]]],[[[122.646715,12.47495],[122.646899,12.475131],[122.6469,12.47495],[122.646715,12.47495]]],[[[122.643218,12.475307],[122.643034,12.475126],[122.643034,12.475307],[122.643218,12.475307]]],[[[122.64874,12.475314],[122.648924,12.474772],[122.64874,12.474772],[122.64874,12.475314]]],[[[122.650212,12.475316],[122.650028,12.475135],[122.650028,12.475316],[122.650212,12.475316]]],[[[122.643218,12.475307],[122.643402,12.475488],[122.643402,12.475307],[122.643218,12.475307]]],[[[122.64469,12.475309],[122.644506,12.475489],[122.64469,12.47549],[122.64469,12.475309]]],[[[122.646716,12.474769],[122.646348,12.474768],[122.646347,12.475492],[122.646531,12.475492],[122.646716,12.474769]]],[[[122.647083,12.475312],[122.646899,12.475493],[122.647083,12.475493],[122.647083,12.475312]]],[[[122.650212,12.475316],[122.650396,12.475497],[122.650396,12.475316],[122.650212,12.475316]]],[[[122.451873,12.475338],[122.45132,12.475517],[122.451872,12.475519],[122.451873,12.475338]]],[[[122.64377,12.475488],[122.643586,12.475669],[122.64377,12.475669],[122.64377,12.475488]]],[[[122.645058,12.47549],[122.644874,12.475671],[122.645058,12.475671],[122.645058,12.47549]]],[[[122.646347,12.475492],[122.646162,12.475672],[122.646346,12.475673],[122.646347,12.475492]]],[[[122.649108,12.475315],[122.648739,12.475495],[122.648739,12.475676],[122.649107,12.475676],[122.649108,12.475315]]],[[[122.650764,12.475498],[122.65058,12.475678],[122.650764,12.475678],[122.650764,12.475498]]],[[[122.6515,12.475499],[122.651316,12.475679],[122.6515,12.475679],[122.6515,12.475499]]],[[[122.646162,12.475853],[122.64561,12.475672],[122.64561,12.475853],[122.646162,12.475853]]],[[[122.648739,12.475857],[122.648371,12.475675],[122.648371,12.475856],[122.648739,12.475857]]],[[[122.452056,12.475519],[122.45224,12.475881],[122.452976,12.475883],[122.452609,12.47552],[122.452056,12.475519]]],[[[122.453528,12.476065],[122.453344,12.475883],[122.453344,12.476064],[122.453528,12.476065]]],[[[122.453528,12.476065],[122.453711,12.476246],[122.453712,12.476065],[122.453528,12.476065]]],[[[122.644689,12.476394],[122.644505,12.476575],[122.644689,12.476575],[122.644689,12.476394]]],[[[122.453711,12.476427],[122.454079,12.476608],[122.454261,12.477332],[122.454263,12.476428],[122.453711,12.476427]]],[[[122.644872,12.476937],[122.644688,12.477479],[122.644872,12.477479],[122.644872,12.476937]]],[[[122.643767,12.47784],[122.643583,12.477659],[122.643583,12.477839],[122.643767,12.47784]]],[[[122.643951,12.477659],[122.644503,12.477841],[122.644503,12.47766],[122.643951,12.477659]]],[[[122.643951,12.47784],[122.643767,12.478021],[122.643951,12.478021],[122.643951,12.47784]]],[[[122.644318,12.478202],[122.644134,12.478383],[122.644318,12.478383],[122.644318,12.478202]]],[[[122.521557,12.478374],[122.521372,12.478555],[122.521556,12.478555],[122.521557,12.478374]]],[[[122.521741,12.478374],[122.523583,12.477473],[122.524137,12.476389],[122.524689,12.476571],[122.524323,12.475124],[122.523955,12.475304],[122.523953,12.476389],[122.521741,12.478374]]],[[[122.521372,12.478555],[122.521188,12.478735],[122.521372,12.478735],[122.521372,12.478555]]],[[[122.52174,12.478555],[122.521556,12.478736],[122.52174,12.478736],[122.52174,12.478555]]],[[[122.454443,12.478598],[122.454258,12.478779],[122.454442,12.478779],[122.454443,12.478598]]],[[[122.521188,12.478735],[122.521004,12.478916],[122.521188,12.478916],[122.521188,12.478735]]],[[[122.644317,12.478926],[122.644133,12.479106],[122.644317,12.479106],[122.644317,12.478926]]],[[[122.521003,12.479277],[122.520819,12.479096],[122.520635,12.479277],[122.521003,12.479277]]],[[[122.644133,12.479287],[122.643949,12.479468],[122.644133,12.479468],[122.644133,12.479287]]],[[[122.454625,12.479322],[122.454441,12.479503],[122.454625,12.479503],[122.454625,12.479322]]],[[[122.515849,12.47963],[122.515664,12.47981],[122.515849,12.479811],[122.515849,12.47963]]],[[[122.521003,12.479458],[122.52045,12.479457],[122.52045,12.479638],[122.520818,12.47982],[122.521003,12.479458]]],[[[122.643028,12.479647],[122.64266,12.479828],[122.643028,12.479828],[122.643028,12.479647]]],[[[122.459225,12.479693],[122.459409,12.479874],[122.45941,12.479693],[122.459225,12.479693]]],[[[122.522659,12.479642],[122.522845,12.478557],[122.522292,12.479099],[122.521372,12.478735],[122.521002,12.480001],[122.522659,12.479642]]],[[[122.52137,12.47964],[122.521738,12.479821],[122.521738,12.47964],[122.52137,12.47964]]],[[[122.642108,12.479827],[122.641923,12.480008],[122.642107,12.480008],[122.642108,12.479827]]],[[[122.454992,12.479865],[122.454808,12.480046],[122.454992,12.480046],[122.454992,12.479865]]],[[[122.459226,12.479512],[122.458675,12.478788],[122.457571,12.478785],[122.457384,12.480051],[122.457754,12.479328],[122.459226,12.479512]]],[[[122.459409,12.479874],[122.459593,12.480056],[122.459593,12.479875],[122.459409,12.479874]]],[[[122.52321,12.479824],[122.522106,12.480003],[122.522106,12.480184],[122.522842,12.480185],[122.52321,12.479824]]],[[[122.641739,12.480007],[122.641003,12.480187],[122.641739,12.480188],[122.641739,12.480007]]],[[[122.459961,12.480237],[122.459777,12.480056],[122.459776,12.480237],[122.459961,12.480237]]],[[[122.637874,12.480183],[122.637506,12.480363],[122.637874,12.480364],[122.637874,12.480183]]],[[[122.522842,12.480185],[122.523025,12.480366],[122.523026,12.480185],[122.522842,12.480185]]],[[[122.640634,12.480368],[122.640819,12.480187],[122.640635,12.480187],[122.640634,12.480368]]],[[[122.459961,12.480237],[122.460144,12.480418],[122.460145,12.480237],[122.459961,12.480237]]],[[[122.515848,12.480353],[122.515663,12.480534],[122.515847,12.480534],[122.515848,12.480353]]],[[[122.636769,12.480362],[122.636585,12.480543],[122.636769,12.480543],[122.636769,12.480362]]],[[[122.640634,12.480368],[122.64045,12.480548],[122.640634,12.480548],[122.640634,12.480368]]],[[[122.644131,12.480372],[122.643395,12.480552],[122.644131,12.480553],[122.644131,12.480372]]],[[[122.64542,12.480555],[122.6445,12.480373],[122.644499,12.480553],[122.64542,12.480555]]],[[[122.650021,12.480561],[122.650573,12.480561],[122.650573,12.480381],[122.650021,12.480199],[122.650021,12.480561]]],[[[122.636217,12.480542],[122.635664,12.480723],[122.636217,12.480723],[122.636217,12.480542]]],[[[122.52321,12.480186],[122.523209,12.480547],[122.523025,12.480728],[122.523393,12.480728],[122.52321,12.480186]]],[[[122.642843,12.480551],[122.64137,12.48073],[122.642843,12.480732],[122.642843,12.480551]]],[[[122.64542,12.480555],[122.64634,12.480737],[122.64634,12.480556],[122.64542,12.480555]]],[[[122.455175,12.480589],[122.45499,12.48077],[122.455174,12.48077],[122.455175,12.480589]]],[[[122.45996,12.480599],[122.459775,12.480779],[122.459959,12.48078],[122.45996,12.480599]]],[[[122.638977,12.480727],[122.638793,12.480908],[122.638977,12.480908],[122.638977,12.480727]]],[[[122.640634,12.480729],[122.641002,12.480911],[122.641002,12.48073],[122.640634,12.480729]]],[[[122.515294,12.481076],[122.515478,12.480895],[122.515294,12.480895],[122.515294,12.481076]]],[[[122.639345,12.480908],[122.639161,12.481089],[122.639345,12.481089],[122.639345,12.480908]]],[[[122.523209,12.480909],[122.523024,12.48109],[122.523208,12.48109],[122.523209,12.480909]]],[[[122.640081,12.48109],[122.639897,12.480909],[122.639897,12.48109],[122.640081,12.48109]]],[[[122.515294,12.481076],[122.51511,12.481256],[122.515294,12.481257],[122.515294,12.481076]]],[[[122.522472,12.481269],[122.522656,12.481089],[122.522472,12.481089],[122.522472,12.481269]]],[[[122.455542,12.481132],[122.455363,12.481313],[122.455541,12.481313],[122.455542,12.481132]]],[[[122.51511,12.481256],[122.514925,12.481437],[122.515109,12.481437],[122.51511,12.481256]]],[[[122.520631,12.481266],[122.520447,12.481447],[122.520631,12.481447],[122.520631,12.481266]]],[[[122.522288,12.481269],[122.521919,12.481268],[122.52192,12.480726],[122.521,12.480905],[122.521367,12.481448],[122.522288,12.481269]]],[[[122.457566,12.481317],[122.457381,12.481498],[122.457565,12.481498],[122.457566,12.481317]]],[[[122.514005,12.481616],[122.514189,12.481435],[122.514005,12.481435],[122.514005,12.481616]]],[[[122.522656,12.48127],[122.522471,12.481631],[122.523024,12.48127],[122.522656,12.48127]]],[[[122.64045,12.48091],[122.640081,12.481271],[122.640449,12.481633],[122.642289,12.481636],[122.640633,12.481453],[122.64045,12.48091]]],[[[122.459774,12.481322],[122.459589,12.481683],[122.459773,12.481684],[122.459774,12.481322]]],[[[122.514004,12.481797],[122.513637,12.481615],[122.513636,12.481796],[122.514004,12.481797]]],[[[122.643209,12.481818],[122.642473,12.481636],[122.642473,12.481817],[122.643209,12.481818]]],[[[122.456093,12.481676],[122.455908,12.481857],[122.456092,12.481857],[122.456093,12.481676]]],[[[122.511244,12.481792],[122.510875,12.481972],[122.511243,12.481973],[122.511244,12.481792]]],[[[122.513268,12.481976],[122.513452,12.481796],[122.513268,12.481796],[122.513268,12.481976]]],[[[122.514925,12.481798],[122.51474,12.481979],[122.514924,12.481979],[122.514925,12.481798]]],[[[122.64413,12.481638],[122.643393,12.481818],[122.644313,12.482],[122.64413,12.481638]]],[[[122.45646,12.481858],[122.456276,12.482038],[122.45646,12.482039],[122.45646,12.481858]]],[[[122.457012,12.481859],[122.456828,12.482039],[122.457012,12.48204],[122.457012,12.481859]]],[[[122.511979,12.482155],[122.511795,12.481974],[122.511795,12.482155],[122.511979,12.482155]]],[[[122.520629,12.48217],[122.520446,12.481989],[122.520445,12.48217],[122.520629,12.48217]]],[[[122.644313,12.482],[122.644681,12.482181],[122.644681,12.482001],[122.644313,12.482]]],[[[122.648731,12.482006],[122.649098,12.482187],[122.649099,12.482006],[122.648731,12.482006]]],[[[122.511979,12.482155],[122.512163,12.482336],[122.512163,12.482155],[122.511979,12.482155]]],[[[122.513268,12.481976],[122.513083,12.482338],[122.513267,12.482338],[122.513268,12.481976]]],[[[122.459588,12.482226],[122.459404,12.482406],[122.459588,12.482407],[122.459588,12.482226]]],[[[122.512163,12.482336],[122.512347,12.482517],[122.512347,12.482336],[122.512163,12.482336]]],[[[122.513083,12.482338],[122.512899,12.482518],[122.513083,12.482519],[122.513083,12.482338]]],[[[122.520629,12.48217],[122.521181,12.482533],[122.521182,12.482171],[122.520629,12.48217]]],[[[122.521181,12.482533],[122.521365,12.482714],[122.521365,12.482533],[122.521181,12.482533]]],[[[122.506825,12.482688],[122.506272,12.482868],[122.506824,12.482869],[122.506825,12.482688]]],[[[122.509217,12.482692],[122.510507,12.481971],[122.509587,12.48197],[122.509033,12.482692],[122.507193,12.482508],[122.508481,12.482872],[122.509217,12.482692]]],[[[122.505719,12.483229],[122.505904,12.483048],[122.50572,12.483048],[122.505719,12.483229]]],[[[122.650573,12.480742],[122.651125,12.480924],[122.651123,12.481828],[122.650571,12.482189],[122.648362,12.482367],[122.649836,12.480922],[122.649653,12.48056],[122.648547,12.481463],[122.647443,12.481462],[122.64634,12.480737],[122.647258,12.481823],[122.647073,12.482546],[122.645417,12.482182],[122.644681,12.482362],[122.646336,12.483269],[122.648361,12.483271],[122.64873,12.482729],[122.650202,12.48237],[122.651859,12.482553],[122.652044,12.481829],[122.651493,12.480743],[122.650573,12.480742]]],[[[122.520259,12.483617],[122.520995,12.483437],[122.520996,12.482894],[122.520261,12.482351],[122.520263,12.481446],[122.51934,12.48253],[122.519159,12.481083],[122.518055,12.4809],[122.517506,12.479271],[122.517138,12.47927],[122.517503,12.480718],[122.51879,12.481625],[122.518788,12.48271],[122.520076,12.483074],[122.520259,12.483617]]],[[[122.521363,12.483619],[122.521548,12.482895],[122.521364,12.482895],[122.521363,12.483619]]],[[[122.459586,12.483492],[122.459401,12.483672],[122.459585,12.483673],[122.459586,12.483492]]],[[[122.46842,12.483509],[122.467684,12.483689],[122.46842,12.48369],[122.46842,12.483509]]],[[[122.528357,12.483631],[122.528173,12.483811],[122.528357,12.483812],[122.528357,12.483631]]],[[[122.467315,12.483688],[122.467131,12.483868],[122.467315,12.483869],[122.467315,12.483688]]],[[[122.468788,12.483691],[122.468604,12.483809],[122.468787,12.483872],[122.468788,12.483691]]],[[[122.460137,12.483855],[122.459953,12.483872],[122.460137,12.483938],[122.460137,12.483855]]],[[[122.466947,12.483868],[122.466763,12.484049],[122.466947,12.484023],[122.466947,12.483868]]],[[[122.460504,12.484217],[122.460321,12.484036],[122.460346,12.484217],[122.460504,12.484217]]],[[[122.466578,12.484048],[122.466394,12.484229],[122.466578,12.484147],[122.466578,12.484048]]],[[[122.469339,12.484235],[122.469155,12.484053],[122.469155,12.48419],[122.469339,12.484235]]],[[[122.460504,12.484217],[122.460688,12.484398],[122.460688,12.484217],[122.460504,12.484217]]],[[[122.465842,12.484228],[122.465657,12.484408],[122.465842,12.484408],[122.465842,12.484228]]],[[[122.469339,12.484235],[122.469523,12.484416],[122.469523,12.484235],[122.469339,12.484235]]],[[[122.52762,12.484172],[122.527435,12.484534],[122.527619,12.484534],[122.52762,12.484172]]],[[[122.460688,12.484398],[122.460872,12.484579],[122.460872,12.484399],[122.460688,12.484398]]],[[[122.465473,12.484408],[122.465105,12.484588],[122.465473,12.484589],[122.465473,12.484408]]],[[[122.469707,12.484416],[122.469614,12.484597],[122.469706,12.484597],[122.469707,12.484416]]],[[[122.460872,12.484579],[122.461055,12.484761],[122.461056,12.48458],[122.460872,12.484579]]],[[[122.464369,12.484586],[122.464921,12.484768],[122.464921,12.484587],[122.464369,12.484586]]],[[[122.461055,12.484761],[122.461239,12.484942],[122.46124,12.484761],[122.461055,12.484761]]],[[[122.464368,12.484948],[122.463816,12.484766],[122.463816,12.484947],[122.464368,12.484948]]],[[[122.461239,12.484942],[122.461607,12.485123],[122.461607,12.484943],[122.461239,12.484942]]],[[[122.463815,12.485128],[122.462712,12.484945],[122.462711,12.485126],[122.463815,12.485128]]],[[[122.505535,12.483228],[122.503693,12.48431],[122.504059,12.485396],[122.504244,12.484673],[122.50535,12.484132],[122.505535,12.483228]]],[[[122.462527,12.485125],[122.461607,12.485123],[122.461606,12.485304],[122.462158,12.485486],[122.462527,12.485125]]],[[[122.473019,12.484603],[122.472284,12.48424],[122.471362,12.485143],[122.469706,12.484696],[122.471913,12.485506],[122.472467,12.484602],[122.473019,12.484603]]],[[[122.520991,12.485607],[122.520439,12.485787],[122.520991,12.485788],[122.520991,12.485607]]],[[[122.504058,12.485758],[122.503874,12.485938],[122.504058,12.485938],[122.504058,12.485758]]],[[[122.521359,12.485789],[122.521175,12.485969],[122.521359,12.48597],[122.521359,12.485789]]],[[[122.461421,12.485846],[122.461237,12.486027],[122.461421,12.486027],[122.461421,12.485846]]],[[[122.462157,12.486029],[122.461789,12.485847],[122.461789,12.486028],[122.462157,12.486029]]],[[[122.472648,12.48605],[122.472096,12.485868],[122.472096,12.486048],[122.472648,12.48605]]],[[[122.462157,12.486029],[122.462341,12.48621],[122.462341,12.486029],[122.462157,12.486029]]],[[[122.473018,12.484965],[122.473385,12.485689],[122.472648,12.485869],[122.474304,12.486234],[122.473387,12.484785],[122.473018,12.484965]]],[[[122.508475,12.486127],[122.50829,12.486308],[122.508474,12.486308],[122.508475,12.486127]]],[[[122.509763,12.48613],[122.509579,12.48631],[122.509763,12.486311],[122.509763,12.48613]]],[[[122.521726,12.486151],[122.521542,12.486332],[122.521726,12.486332],[122.521726,12.486151]]],[[[122.473568,12.486051],[122.473752,12.486413],[122.473752,12.486052],[122.473568,12.486051]]],[[[122.474304,12.486234],[122.474488,12.486415],[122.474488,12.486234],[122.474304,12.486234]]],[[[122.472096,12.486229],[122.471728,12.486048],[122.471727,12.48659],[122.472096,12.486229]]],[[[122.474488,12.486415],[122.474672,12.486596],[122.474672,12.486415],[122.474488,12.486415]]],[[[122.507186,12.486487],[122.507001,12.486667],[122.507185,12.486668],[122.507186,12.486487]]],[[[122.473935,12.486595],[122.473751,12.486775],[122.473935,12.486775],[122.473935,12.486595]]],[[[122.506633,12.486667],[122.506449,12.486847],[122.506633,12.486847],[122.506633,12.486667]]],[[[122.521909,12.486875],[122.521726,12.486513],[122.521725,12.486875],[122.521909,12.486875]]],[[[122.527806,12.483087],[122.529645,12.483814],[122.529646,12.483452],[122.528175,12.482365],[122.525415,12.482179],[122.52468,12.481273],[122.524499,12.480007],[122.523572,12.483442],[122.521913,12.484705],[122.521361,12.484704],[122.521179,12.483618],[122.520992,12.485065],[122.522645,12.487057],[122.523567,12.486154],[122.524493,12.483082],[122.525229,12.483083],[122.525596,12.483626],[122.526517,12.483085],[122.527806,12.483087]]],[[[122.525965,12.483084],[122.525781,12.483265],[122.525965,12.483265],[122.525965,12.483084]]],[[[122.52523,12.482721],[122.525414,12.482541],[122.52523,12.48254],[122.52523,12.482721]]],[[[122.474671,12.486777],[122.474486,12.487138],[122.474671,12.487139],[122.474671,12.486777]]],[[[122.503135,12.487022],[122.502951,12.487202],[122.503135,12.487203],[122.503135,12.487022]]],[[[122.521909,12.486875],[122.522093,12.487237],[122.522093,12.486875],[122.521909,12.486875]]],[[[122.47191,12.487133],[122.471772,12.487314],[122.471909,12.487314],[122.47191,12.487133]]],[[[122.478536,12.487146],[122.479271,12.487328],[122.479272,12.487148],[122.478536,12.487146]]],[[[122.478535,12.487508],[122.478167,12.487326],[122.478167,12.487507],[122.478535,12.487508]]],[[[122.480744,12.487512],[122.47964,12.487329],[122.479639,12.48751],[122.480744,12.487512]]],[[[122.612832,12.487563],[122.613016,12.487383],[122.612832,12.487382],[122.612832,12.487563]]],[[[122.505895,12.487389],[122.505711,12.487569],[122.505895,12.487569],[122.505895,12.487389]]],[[[122.509577,12.487395],[122.509392,12.487576],[122.509576,12.487576],[122.509577,12.487395]]],[[[122.522093,12.487237],[122.522276,12.487599],[122.522277,12.487237],[122.522093,12.487237]]],[[[122.474302,12.487319],[122.474485,12.487681],[122.474853,12.487682],[122.474854,12.48732],[122.474302,12.487319]]],[[[122.478166,12.487688],[122.477431,12.487506],[122.47743,12.487687],[122.478166,12.487688]]],[[[122.480744,12.487512],[122.480927,12.487693],[122.480928,12.487512],[122.480744,12.487512]]],[[[122.612832,12.487563],[122.612647,12.487744],[122.612832,12.487744],[122.612832,12.487563]]],[[[122.47743,12.487687],[122.477246,12.487867],[122.47743,12.487867],[122.47743,12.487687]]],[[[122.481295,12.487694],[122.481111,12.487874],[122.481295,12.487875],[122.481295,12.487694]]],[[[122.501477,12.487923],[122.501293,12.487742],[122.501293,12.487923],[122.501477,12.487923]]],[[[122.612095,12.487743],[122.611911,12.487924],[122.612095,12.487924],[122.612095,12.487743]]],[[[122.503134,12.487926],[122.503319,12.487384],[122.503135,12.487384],[122.503134,12.487926]]],[[[122.505711,12.48775],[122.505526,12.487931],[122.50571,12.487931],[122.505711,12.48775]]],[[[122.508472,12.487755],[122.508287,12.487936],[122.508471,12.487936],[122.508472,12.487755]]],[[[122.522276,12.487599],[122.522459,12.487961],[122.52246,12.487599],[122.522276,12.487599]]],[[[122.47246,12.487858],[122.472276,12.488038],[122.47246,12.488039],[122.47246,12.487858]]],[[[122.477246,12.487867],[122.477061,12.488048],[122.477245,12.488048],[122.477246,12.487867]]],[[[122.481847,12.488057],[122.481479,12.487875],[122.481479,12.488056],[122.481847,12.488057]]],[[[122.501477,12.487923],[122.501661,12.488104],[122.501661,12.487923],[122.501477,12.487923]]],[[[122.502213,12.487924],[122.501845,12.488105],[122.502213,12.488105],[122.502213,12.487924]]],[[[122.503133,12.488107],[122.502397,12.487925],[122.502397,12.488106],[122.503133,12.488107]]],[[[122.507919,12.488116],[122.508103,12.487935],[122.507919,12.487935],[122.507919,12.488116]]],[[[122.628844,12.487767],[122.628476,12.488128],[122.628844,12.488128],[122.628844,12.487767]]],[[[122.522459,12.487961],[122.522643,12.488142],[122.522643,12.487961],[122.522459,12.487961]]],[[[122.477061,12.488048],[122.476877,12.488228],[122.477061,12.488228],[122.477061,12.488048]]],[[[122.481847,12.488057],[122.48203,12.488238],[122.482031,12.488057],[122.481847,12.488057]]],[[[122.611911,12.488105],[122.611726,12.488285],[122.61191,12.488285],[122.611911,12.488105]]],[[[122.507919,12.488116],[122.507734,12.488296],[122.507918,12.488297],[122.507919,12.488116]]],[[[122.48203,12.488238],[122.482214,12.488419],[122.482215,12.488238],[122.48203,12.488238]]],[[[122.502212,12.488467],[122.502029,12.488286],[122.502028,12.488467],[122.502212,12.488467]]],[[[122.507734,12.488296],[122.50755,12.488477],[122.507734,12.488477],[122.507734,12.488296]]],[[[122.624979,12.488123],[122.624611,12.487942],[122.624428,12.487218],[122.624426,12.488303],[122.624979,12.488123]]],[[[122.52117,12.488501],[122.521354,12.488321],[122.52117,12.48832],[122.52117,12.488501]]],[[[122.522643,12.488142],[122.522826,12.488504],[122.522827,12.488143],[122.522643,12.488142]]],[[[122.476692,12.488589],[122.476877,12.488409],[122.476693,12.488409],[122.476692,12.488589]]],[[[122.482214,12.488419],[122.482398,12.4886],[122.482398,12.48842],[122.482214,12.488419]]],[[[122.50755,12.488477],[122.507366,12.488657],[122.50755,12.488658],[122.50755,12.488477]]],[[[122.52117,12.488501],[122.520986,12.488682],[122.52117,12.488682],[122.52117,12.488501]]],[[[122.476692,12.488589],[122.476508,12.48877],[122.476692,12.488746],[122.476692,12.488589]]],[[[122.482398,12.4886],[122.482582,12.488782],[122.482582,12.488601],[122.482398,12.4886]]],[[[122.611726,12.488647],[122.611541,12.488827],[122.611726,12.488828],[122.611726,12.488647]]],[[[122.507366,12.488657],[122.507181,12.488838],[122.507365,12.488838],[122.507366,12.488657]]],[[[122.625162,12.488666],[122.625346,12.488847],[122.625346,12.488666],[122.625162,12.488666]]],[[[122.522826,12.488504],[122.52301,12.488866],[122.523011,12.488505],[122.522826,12.488504]]],[[[122.476324,12.48877],[122.476139,12.48895],[122.476323,12.48895],[122.476324,12.48877]]],[[[122.502396,12.488467],[122.502211,12.48901],[122.502395,12.48901],[122.502396,12.488467]]],[[[122.507181,12.488838],[122.506997,12.489018],[122.507181,12.489019],[122.507181,12.488838]]],[[[122.52301,12.488866],[122.523194,12.489047],[122.523194,12.488867],[122.52301,12.488866]]],[[[122.524666,12.488869],[122.525034,12.489051],[122.525035,12.48887],[122.524666,12.488869]]],[[[122.531661,12.488339],[122.531109,12.488338],[122.53074,12.48888],[122.532581,12.488883],[122.531661,12.488339]],[[122.531661,12.48852],[122.531477,12.4887],[122.531477,12.488519],[122.531661,12.48852]]],[[[122.475771,12.488949],[122.475403,12.489129],[122.475771,12.48913],[122.475771,12.488949]]],[[[122.488655,12.489155],[122.488839,12.488974],[122.488655,12.488974],[122.488655,12.489155]]],[[[122.604547,12.488998],[122.604731,12.489179],[122.604731,12.488998],[122.604547,12.488998]]],[[[122.611357,12.489189],[122.611541,12.489008],[122.611357,12.489008],[122.611357,12.489189]]],[[[122.502211,12.48901],[122.502027,12.48919],[122.502211,12.48919],[122.502211,12.48901]]],[[[122.506997,12.489018],[122.506812,12.489199],[122.506996,12.489199],[122.506997,12.489018]]],[[[122.523194,12.489047],[122.523377,12.489229],[122.523378,12.489048],[122.523194,12.489047]]],[[[122.524666,12.48905],[122.524482,12.489231],[122.524666,12.489231],[122.524666,12.48905]]],[[[122.47485,12.489309],[122.475035,12.489129],[122.474851,12.489128],[122.47485,12.489309]]],[[[122.489759,12.489157],[122.489576,12.488795],[122.489023,12.488794],[122.489207,12.489156],[122.489759,12.489157]]],[[[122.611357,12.489189],[122.611173,12.48937],[122.611357,12.48937],[122.611357,12.489189]]],[[[122.502027,12.48919],[122.501842,12.489371],[122.502027,12.489371],[122.502027,12.48919]]],[[[122.523377,12.489229],[122.523561,12.48941],[122.523561,12.489229],[122.523377,12.489229]]],[[[122.525218,12.489232],[122.525034,12.489412],[122.525218,12.489413],[122.525218,12.489232]]],[[[122.472642,12.489305],[122.472531,12.489486],[122.472641,12.489486],[122.472642,12.489305]]],[[[122.47485,12.489309],[122.474666,12.48949],[122.47485,12.48949],[122.47485,12.489309]]],[[[122.488655,12.489155],[122.48847,12.489516],[122.488654,12.489517],[122.488655,12.489155]]],[[[122.489759,12.489338],[122.489942,12.489519],[122.489943,12.489338],[122.489759,12.489338]]],[[[122.610252,12.489368],[122.609516,12.489548],[122.610252,12.489549],[122.610252,12.489368]]],[[[122.501842,12.489371],[122.501658,12.489551],[122.501842,12.489551],[122.501842,12.489371]]],[[[122.504603,12.489557],[122.504787,12.489376],[122.504603,12.489376],[122.504603,12.489557]]],[[[122.506628,12.489379],[122.506444,12.48956],[122.506628,12.48956],[122.506628,12.489379]]],[[[122.528162,12.489418],[122.528346,12.489599],[122.528347,12.489418],[122.528162,12.489418]]],[[[122.501658,12.489551],[122.501474,12.489732],[122.501658,12.489732],[122.501658,12.489551]]],[[[122.504603,12.489557],[122.504419,12.489737],[122.504603,12.489737],[122.504603,12.489557]]],[[[122.596631,12.48971],[122.596447,12.489749],[122.596631,12.489768],[122.596631,12.48971]]],[[[122.530187,12.489421],[122.530186,12.489783],[122.531291,12.489785],[122.53074,12.48888],[122.530187,12.489421]],[[122.530371,12.489422],[122.530555,12.489603],[122.530371,12.489603],[122.530371,12.489422]]],[[[122.473377,12.489847],[122.473193,12.489668],[122.473193,12.489776],[122.473377,12.489847]]],[[[122.474297,12.48967],[122.473929,12.48985],[122.474297,12.489851],[122.474297,12.48967]]],[[[122.490679,12.48952],[122.490494,12.489882],[122.490678,12.489882],[122.490679,12.48952]]],[[[122.60878,12.489547],[122.609331,12.489729],[122.609332,12.489548],[122.60878,12.489547]]],[[[122.500922,12.489731],[122.500737,12.489911],[122.500921,12.489911],[122.500922,12.489731]]],[[[122.482581,12.489143],[122.482395,12.490047],[122.482579,12.490048],[122.482581,12.489143]]],[[[122.594239,12.490068],[122.595711,12.489709],[122.596634,12.487901],[122.597555,12.487903],[122.597922,12.488446],[122.599026,12.488267],[122.599762,12.488991],[122.600866,12.488993],[122.600867,12.488088],[122.599395,12.488086],[122.597923,12.487542],[122.597924,12.48718],[122.597003,12.487721],[122.596451,12.487178],[122.595712,12.488985],[122.594792,12.489165],[122.594239,12.490068]]],[[[122.501657,12.489913],[122.501473,12.490093],[122.501657,12.490094],[122.501657,12.489913]]],[[[122.504234,12.489918],[122.50405,12.490098],[122.504234,12.490098],[122.504234,12.489918]]],[[[122.525401,12.489956],[122.525216,12.490136],[122.5254,12.490136],[122.525401,12.489956]]],[[[122.488653,12.490059],[122.488468,12.49024],[122.488653,12.49024],[122.488653,12.490059]]],[[[122.594238,12.490068],[122.594054,12.490249],[122.594102,12.490249],[122.594238,12.490068]]],[[[122.604547,12.488817],[122.603996,12.488455],[122.604177,12.490264],[122.604361,12.490264],[122.604547,12.488817]]],[[[122.604731,12.48936],[122.605465,12.490266],[122.605834,12.490085],[122.605835,12.489],[122.604731,12.48936]]],[[[122.500552,12.490272],[122.500737,12.490092],[122.500553,12.490092],[122.500552,12.490272]]],[[[122.501289,12.490093],[122.501105,12.490273],[122.501289,12.490274],[122.501289,12.490093]]],[[[122.503314,12.490097],[122.502945,12.490277],[122.503313,12.490278],[122.503314,12.490097]]],[[[122.506626,12.490284],[122.506443,12.489922],[122.506442,12.490283],[122.506626,12.490284]]],[[[122.527064,12.48598],[122.524854,12.486699],[122.525036,12.487785],[122.524116,12.487783],[122.524115,12.488326],[122.523379,12.488144],[122.522829,12.487057],[122.522644,12.4876],[122.523745,12.489229],[122.525035,12.488508],[122.525584,12.490137],[122.526504,12.490319],[122.526691,12.489054],[122.528162,12.489418],[122.528163,12.488875],[122.527243,12.489055],[122.526693,12.487968],[122.529087,12.487068],[122.529456,12.486346],[122.528721,12.486163],[122.528538,12.485078],[122.527619,12.484715],[122.527064,12.48598]],[[122.527064,12.48598],[122.527248,12.486161],[122.527064,12.486161],[122.527064,12.48598]],[[122.526142,12.486882],[122.526327,12.486702],[122.526695,12.486883],[122.526142,12.486882]]],[[[122.526321,12.489957],[122.52614,12.488329],[122.525772,12.488329],[122.525769,12.489956],[122.526321,12.489957]]],[[[122.486812,12.490056],[122.486444,12.490055],[122.486443,12.490417],[122.486628,12.490417],[122.486812,12.490056]]],[[[122.486812,12.490237],[122.486996,12.490418],[122.486996,12.490237],[122.486812,12.490237]]],[[[122.488284,12.490239],[122.4881,12.49042],[122.488284,12.49042],[122.488284,12.490239]]],[[[122.594054,12.49029],[122.593686,12.490248],[122.593685,12.490429],[122.594054,12.49029]]],[[[122.603809,12.490444],[122.603993,12.490263],[122.603809,12.490263],[122.603809,12.490444]]],[[[122.606018,12.490266],[122.605833,12.490447],[122.606017,12.490447],[122.606018,12.490266]]],[[[122.500552,12.490272],[122.500368,12.490453],[122.500552,12.490453],[122.500552,12.490272]]],[[[122.502761,12.490277],[122.502577,12.490457],[122.502761,12.490457],[122.502761,12.490277]]],[[[122.525584,12.490318],[122.5254,12.490498],[122.525584,12.490499],[122.525584,12.490318]]],[[[122.593685,12.490429],[122.593501,12.490609],[122.593685,12.49061],[122.593685,12.490429]]],[[[122.503681,12.490459],[122.503497,12.49064],[122.503681,12.49064],[122.503681,12.490459]]],[[[122.506626,12.490284],[122.50681,12.490646],[122.50681,12.490284],[122.506626,12.490284]]],[[[122.483314,12.490772],[122.48313,12.490591],[122.48313,12.490772],[122.483314,12.490772]]],[[[122.593501,12.490789],[122.593133,12.490609],[122.593133,12.49079],[122.593501,12.490789]]],[[[122.606201,12.490809],[122.606017,12.490628],[122.606017,12.490809],[122.606201,12.490809]]],[[[122.608595,12.489908],[122.608226,12.490631],[122.607673,12.490811],[122.608778,12.490813],[122.608963,12.49009],[122.608595,12.489908]]],[[[122.502393,12.490095],[122.502208,12.490818],[122.502392,12.490818],[122.502393,12.490095]]],[[[122.504049,12.49046],[122.503864,12.490821],[122.504048,12.490821],[122.504049,12.49046]]],[[[122.50681,12.490646],[122.506993,12.490827],[122.506994,12.490646],[122.50681,12.490646]]],[[[122.483314,12.490772],[122.483498,12.490954],[122.483498,12.490773],[122.483314,12.490772]]],[[[122.490861,12.490425],[122.490676,12.490967],[122.49086,12.490968],[122.490861,12.490425]]],[[[122.606201,12.490809],[122.606385,12.49099],[122.606385,12.490809],[122.606201,12.490809]]],[[[122.607121,12.490811],[122.606937,12.490991],[122.607121,12.490991],[122.607121,12.490811]]],[[[122.500183,12.490814],[122.499999,12.490995],[122.500183,12.490995],[122.500183,12.490814]]],[[[122.486626,12.49096],[122.486442,12.49114],[122.486626,12.49114],[122.486626,12.49096]]],[[[122.592949,12.490789],[122.592212,12.490969],[122.592212,12.49115],[122.592948,12.491146],[122.592949,12.490789]]],[[[122.503864,12.491002],[122.50368,12.491183],[122.503864,12.491183],[122.503864,12.491002]]],[[[122.487362,12.491142],[122.487178,12.491322],[122.487362,12.491323],[122.487362,12.491142]]],[[[122.592212,12.49115],[122.592027,12.491331],[122.592211,12.491331],[122.592212,12.49115]]],[[[122.483497,12.491134],[122.483312,12.491496],[122.483496,12.491496],[122.483497,12.491134]]],[[[122.592027,12.491331],[122.591843,12.491511],[122.592027,12.491506],[122.592027,12.491331]]],[[[122.492515,12.491513],[122.492332,12.491332],[122.492331,12.491513],[122.492515,12.491513]]],[[[122.624978,12.488485],[122.626635,12.488125],[122.628471,12.491383],[122.630864,12.491206],[122.633445,12.488316],[122.633446,12.487773],[122.632341,12.487952],[122.631235,12.489036],[122.629578,12.489757],[122.627921,12.489755],[122.627738,12.489393],[122.628659,12.489032],[122.628293,12.487585],[122.629583,12.486321],[122.632529,12.485601],[122.634742,12.482349],[122.635478,12.48235],[122.634927,12.481445],[122.635296,12.480722],[122.634192,12.48054],[122.633639,12.481443],[122.632535,12.480899],[122.631799,12.48126],[122.63198,12.48325],[122.631241,12.484876],[122.63032,12.485598],[122.629216,12.485235],[122.628847,12.486139],[122.627374,12.48668],[122.627925,12.487404],[122.627738,12.489031],[122.62682,12.487764],[122.624978,12.488485]]],[[[122.633269,12.482528],[122.633821,12.48271],[122.633821,12.482529],[122.633269,12.482528]]],[[[122.591843,12.491511],[122.591659,12.491653],[122.591843,12.491571],[122.591843,12.491511]]],[[[122.492515,12.491513],[122.492699,12.491694],[122.492699,12.491514],[122.492515,12.491513]]],[[[122.49546,12.4917],[122.49638,12.491701],[122.49638,12.491521],[122.495829,12.491339],[122.49546,12.4917]]],[[[122.591475,12.491692],[122.591475,12.491744],[122.591574,12.491692],[122.591475,12.491692]]],[[[122.495276,12.491699],[122.495091,12.49188],[122.495275,12.49188],[122.495276,12.491699]]],[[[122.49638,12.491701],[122.496564,12.491883],[122.496564,12.491702],[122.49638,12.491701]]],[[[122.603625,12.490444],[122.60215,12.491708],[122.599391,12.490437],[122.599392,12.489895],[122.600312,12.490077],[122.600865,12.489535],[122.599025,12.489352],[122.599206,12.49098],[122.600126,12.491524],[122.602702,12.491889],[122.603625,12.490444]]],[[[122.502575,12.49118],[122.50239,12.491904],[122.502574,12.491904],[122.502575,12.49118]]],[[[122.487177,12.492046],[122.487361,12.491865],[122.487177,12.491865],[122.487177,12.492046]]],[[[122.491962,12.491874],[122.491778,12.492054],[122.491962,12.492055],[122.491962,12.491874]]],[[[122.492883,12.491876],[122.492698,12.492056],[122.492882,12.492057],[122.492883,12.491876]]],[[[122.507177,12.491008],[122.506991,12.492093],[122.507175,12.492093],[122.507177,12.491008]]],[[[122.590738,12.492052],[122.590554,12.492205],[122.590949,12.492052],[122.590738,12.492052]]],[[[122.48552,12.492043],[122.485336,12.492223],[122.48552,12.492223],[122.48552,12.492043]]],[[[122.487177,12.492046],[122.486992,12.492226],[122.487176,12.492227],[122.487177,12.492046]]],[[[122.497484,12.492065],[122.497299,12.492246],[122.497483,12.492246],[122.497484,12.492065]]],[[[122.590369,12.492232],[122.590185,12.492372],[122.590369,12.492279],[122.590369,12.492232]]],[[[122.48644,12.492225],[122.485887,12.492405],[122.48644,12.492406],[122.48644,12.492225]]],[[[122.493066,12.492419],[122.492882,12.492237],[122.492882,12.492418],[122.493066,12.492419]]],[[[122.494538,12.492241],[122.494354,12.492421],[122.494538,12.492421],[122.494538,12.492241]]],[[[122.497667,12.492427],[122.497851,12.492247],[122.497667,12.492246],[122.497667,12.492427]]],[[[122.506991,12.492274],[122.506806,12.492454],[122.50699,12.492455],[122.506991,12.492274]]],[[[122.509567,12.492459],[122.509199,12.492278],[122.509199,12.492459],[122.509567,12.492459]]],[[[122.633807,12.492476],[122.634728,12.492115],[122.634913,12.491573],[122.633808,12.491752],[122.633807,12.492476]]],[[[122.589449,12.492412],[122.589817,12.492501],[122.589817,12.492412],[122.589449,12.492412]]],[[[122.493066,12.492419],[122.493249,12.4926],[122.49325,12.492419],[122.493066,12.492419]]],[[[122.49417,12.492421],[122.493986,12.492601],[122.49417,12.492602],[122.49417,12.492421]]],[[[122.509199,12.492639],[122.508831,12.492458],[122.50883,12.492639],[122.509199,12.492639]]],[[[122.520242,12.492659],[122.520058,12.492478],[122.520058,12.492659],[122.520242,12.492659]]],[[[122.493802,12.492601],[122.493433,12.492781],[122.493801,12.492782],[122.493802,12.492601]]],[[[122.497667,12.492427],[122.497482,12.492789],[122.497666,12.492789],[122.497667,12.492427]]],[[[122.508462,12.492819],[122.508646,12.492638],[122.508462,12.492638],[122.508462,12.492819]]],[[[122.519874,12.492478],[122.519505,12.492839],[122.519874,12.49284],[122.519874,12.492478]]],[[[122.520242,12.492659],[122.520426,12.492841],[122.520426,12.49266],[122.520242,12.492659]]],[[[122.625714,12.488848],[122.624238,12.491377],[122.620924,12.491554],[122.620373,12.49083],[122.620372,12.492096],[122.619636,12.491733],[122.617979,12.492092],[122.617796,12.491007],[122.616509,12.490101],[122.616327,12.488834],[122.615409,12.487567],[122.615779,12.48594],[122.614123,12.485937],[122.614121,12.486842],[122.613016,12.487564],[122.613383,12.488107],[122.614487,12.488289],[122.614486,12.489013],[122.615774,12.489376],[122.616141,12.490462],[122.616876,12.490825],[122.617241,12.492815],[122.623869,12.49192],[122.626076,12.493008],[122.626444,12.492827],[122.626446,12.491742],[122.625528,12.490113],[122.625714,12.488848]]],[[[122.625893,12.492284],[122.625895,12.490837],[122.625343,12.490475],[122.625342,12.49156],[122.62479,12.491559],[122.624789,12.492283],[122.62534,12.492826],[122.625893,12.492284]]],[[[122.506437,12.492815],[122.506253,12.493177],[122.506437,12.493177],[122.506437,12.492815]]],[[[122.553188,12.492897],[122.553004,12.493258],[122.553188,12.493259],[122.553188,12.492897]]],[[[122.526499,12.493213],[122.526315,12.493393],[122.526499,12.493394],[122.526499,12.493213]]],[[[122.551163,12.493436],[122.552451,12.493257],[122.55282,12.492715],[122.5519,12.492714],[122.551717,12.492171],[122.550981,12.491989],[122.551163,12.493436]]],[[[122.579876,12.493482],[122.579693,12.492939],[122.579508,12.493482],[122.579876,12.493482]]],[[[122.58006,12.493302],[122.580244,12.493483],[122.580244,12.493302],[122.58006,12.493302]]],[[[122.572697,12.493652],[122.572882,12.493471],[122.572698,12.493471],[122.572697,12.493652]]],[[[122.580244,12.493483],[122.580428,12.493664],[122.580428,12.493483],[122.580244,12.493483]]],[[[122.50662,12.493539],[122.506436,12.49372],[122.50662,12.49372],[122.50662,12.493539]]],[[[122.583925,12.493669],[122.583741,12.49374],[122.583925,12.493691],[122.583925,12.493669]]],[[[122.572697,12.493652],[122.572513,12.493832],[122.572697,12.493833],[122.572697,12.493652]]],[[[122.581164,12.493665],[122.58098,12.493846],[122.581164,12.493846],[122.581164,12.493665]]],[[[122.497481,12.493693],[122.497664,12.493874],[122.497665,12.493693],[122.497481,12.493693]]],[[[122.58282,12.493849],[122.583004,12.493884],[122.583004,12.493849],[122.58282,12.493849]]],[[[122.582084,12.494028],[122.5819,12.494134],[122.582084,12.494069],[122.582084,12.494028]]],[[[122.581716,12.494028],[122.581531,12.494208],[122.581715,12.494209],[122.581716,12.494028]]],[[[122.506435,12.494262],[122.506619,12.493901],[122.506435,12.4939],[122.506435,12.494262]]],[[[122.57877,12.494204],[122.578586,12.494284],[122.57877,12.494267],[122.57877,12.494204]]],[[[122.551346,12.493979],[122.551161,12.49434],[122.551345,12.494341],[122.551346,12.493979]]],[[[122.556683,12.494169],[122.556499,12.494349],[122.556683,12.494349],[122.556683,12.494169]]],[[[122.557051,12.494169],[122.556867,12.49435],[122.557051,12.49435],[122.557051,12.494169]]],[[[122.579876,12.493482],[122.579875,12.494025],[122.578955,12.493662],[122.57877,12.494204],[122.579875,12.494373],[122.580059,12.494206],[122.579876,12.493482]]],[[[122.504594,12.494259],[122.50441,12.494439],[122.504594,12.49444],[122.504594,12.494259]]],[[[122.555579,12.494348],[122.555394,12.494528],[122.555578,12.494528],[122.555579,12.494348]]],[[[122.498399,12.494418],[122.498215,12.494599],[122.498399,12.494599],[122.498399,12.494418]]],[[[122.521343,12.49447],[122.521895,12.494652],[122.521895,12.494471],[122.521343,12.49447]]],[[[122.558707,12.494534],[122.558523,12.494714],[122.558707,12.494714],[122.558707,12.494534]]],[[[122.497481,12.493512],[122.497482,12.492969],[122.496929,12.493149],[122.496378,12.492606],[122.495089,12.492965],[122.495088,12.493508],[122.496376,12.493691],[122.496558,12.494776],[122.496744,12.493691],[122.497481,12.493512]]],[[[122.496009,12.493148],[122.496194,12.492967],[122.49601,12.492967],[122.496009,12.493148]]],[[[122.498767,12.4946],[122.498583,12.49478],[122.498767,12.49478],[122.498767,12.4946]]],[[[122.576193,12.494743],[122.576009,12.494798],[122.576193,12.494764],[122.576193,12.494743]]],[[[122.506066,12.494623],[122.505881,12.494804],[122.506065,12.494804],[122.506066,12.494623]]],[[[122.523183,12.494835],[122.522631,12.494653],[122.522631,12.494834],[122.523183,12.494835]]],[[[122.531834,12.494669],[122.53165,12.49485],[122.531834,12.49485],[122.531834,12.494669]]],[[[122.573248,12.494738],[122.573432,12.494878],[122.573432,12.494738],[122.573248,12.494738]]],[[[122.554841,12.494889],[122.555026,12.494708],[122.554842,12.494708],[122.554841,12.494889]]],[[[122.557603,12.494713],[122.557418,12.494893],[122.557602,12.494894],[122.557603,12.494713]]],[[[122.573248,12.494557],[122.572513,12.494013],[122.572327,12.494917],[122.572696,12.494556],[122.573248,12.494557]]],[[[122.575272,12.494922],[122.575272,12.494931],[122.57532,12.494922],[122.575272,12.494922]]],[[[122.499135,12.494781],[122.498951,12.494962],[122.499135,12.494962],[122.499135,12.494781]]],[[[122.504225,12.494801],[122.50404,12.494981],[122.504225,12.494981],[122.504225,12.494801]]],[[[122.523183,12.494835],[122.523551,12.495016],[122.523551,12.494835],[122.523183,12.494835]]],[[[122.544902,12.494872],[122.54527,12.495054],[122.54527,12.494873],[122.544902,12.494872]]],[[[122.551345,12.494521],[122.55116,12.495064],[122.551344,12.495064],[122.551345,12.494521]]],[[[122.553002,12.494162],[122.552816,12.495066],[122.553,12.495067],[122.553002,12.494162]]],[[[122.554841,12.494889],[122.554657,12.49507],[122.554841,12.49507],[122.554841,12.494889]]],[[[122.572327,12.494917],[122.572143,12.495098],[122.572327,12.495033],[122.572327,12.494917]]],[[[122.499686,12.495144],[122.499503,12.494963],[122.499502,12.495143],[122.499686,12.495144]]],[[[122.544902,12.495053],[122.544717,12.495234],[122.544901,12.495234],[122.544902,12.495053]]],[[[122.553369,12.495067],[122.553184,12.495248],[122.553368,12.495248],[122.553369,12.495067]]],[[[122.554473,12.495069],[122.554105,12.495249],[122.554473,12.49525],[122.554473,12.495069]]],[[[122.559626,12.495259],[122.559443,12.495077],[122.559442,12.495258],[122.559626,12.495259]]],[[[122.571774,12.495278],[122.571959,12.495098],[122.571775,12.495097],[122.571774,12.495278]]],[[[122.499686,12.495144],[122.49987,12.495325],[122.499871,12.495144],[122.499686,12.495144]]],[[[122.523919,12.495017],[122.523734,12.495378],[122.524102,12.495379],[122.523919,12.495017]]],[[[122.532017,12.495212],[122.531833,12.495393],[122.532017,12.495393],[122.532017,12.495212]]],[[[122.544717,12.495234],[122.544533,12.495414],[122.544717,12.495415],[122.544717,12.495234]]],[[[122.559626,12.495259],[122.55981,12.49544],[122.55981,12.495259],[122.559626,12.495259]]],[[[122.571774,12.495278],[122.57159,12.495459],[122.571739,12.495459],[122.571774,12.495278]]],[[[122.504039,12.495524],[122.503856,12.495342],[122.503855,12.495523],[122.504039,12.495524]]],[[[122.507356,12.493902],[122.507355,12.494264],[122.506251,12.494262],[122.506248,12.495528],[122.508643,12.494628],[122.511956,12.494272],[122.513063,12.493189],[122.513615,12.49319],[122.513616,12.492647],[122.513065,12.491923],[122.509568,12.492098],[122.510303,12.492461],[122.510116,12.494088],[122.508828,12.493905],[122.508462,12.492819],[122.507356,12.493902]],[[122.50754,12.493902],[122.508091,12.494265],[122.507539,12.494445],[122.50754,12.493902]]],[[[122.512697,12.492103],[122.511408,12.492463],[122.511407,12.492824],[122.512327,12.492826],[122.512697,12.492103]]],[[[122.544533,12.495414],[122.544349,12.495595],[122.544533,12.495595],[122.544533,12.495414]]],[[[122.544901,12.495596],[122.545085,12.495415],[122.544901,12.495415],[122.544901,12.495596]]],[[[122.550975,12.495606],[122.551159,12.495425],[122.550975,12.495425],[122.550975,12.495606]]],[[[122.57159,12.495459],[122.571406,12.495639],[122.57159,12.49563],[122.57159,12.495459]]],[[[122.504039,12.495524],[122.504223,12.495705],[122.504223,12.495524],[122.504039,12.495524]]],[[[122.532201,12.495574],[122.532016,12.495755],[122.5322,12.495755],[122.532201,12.495574]]],[[[122.544901,12.495596],[122.544716,12.495776],[122.544901,12.495777],[122.544901,12.495596]]],[[[122.550975,12.495606],[122.55079,12.495787],[122.550975,12.495787],[122.550975,12.495606]]],[[[122.570117,12.495818],[122.570301,12.495637],[122.570117,12.495637],[122.570117,12.495818]]],[[[122.570854,12.495458],[122.570853,12.495819],[122.571221,12.49582],[122.571222,12.495639],[122.570854,12.495458]]],[[[122.500358,12.495879],[122.500542,12.495698],[122.500358,12.495698],[122.500358,12.495879]]],[[[122.504223,12.495705],[122.504407,12.495886],[122.504407,12.495705],[122.504223,12.495705]]],[[[122.544164,12.495956],[122.544348,12.495776],[122.544164,12.495775],[122.544164,12.495956]]],[[[122.500542,12.495879],[122.500725,12.49606],[122.500726,12.495879],[122.500542,12.495879]]],[[[122.544164,12.495956],[122.54398,12.496137],[122.544164,12.496137],[122.544164,12.495956]]],[[[122.550422,12.496148],[122.550606,12.495967],[122.550422,12.495967],[122.550422,12.496148]]],[[[122.501093,12.496061],[122.500909,12.496241],[122.501093,12.496242],[122.501093,12.496061]]],[[[122.504222,12.496247],[122.504407,12.496067],[122.504222,12.496067],[122.504222,12.496247]]],[[[122.532016,12.496116],[122.531831,12.496297],[122.532015,12.496297],[122.532016,12.496116]]],[[[122.543796,12.496136],[122.543611,12.496317],[122.543795,12.496317],[122.543796,12.496136]]],[[[122.550422,12.496148],[122.550237,12.496328],[122.550421,12.496328],[122.550422,12.496148]]],[[[122.502197,12.496244],[122.502565,12.496374],[122.502566,12.496244],[122.502197,12.496244]]],[[[122.500357,12.49623],[122.500237,12.495868],[122.499501,12.495867],[122.499684,12.49641],[122.499869,12.496048],[122.500357,12.49623]]],[[[122.501829,12.496243],[122.501461,12.496423],[122.501829,12.496424],[122.501829,12.496243]]],[[[122.503301,12.496427],[122.502934,12.496245],[122.502933,12.496416],[122.503301,12.496427]]],[[[122.504222,12.496247],[122.504038,12.496428],[122.504222,12.496428],[122.504222,12.496247]]],[[[122.550237,12.496328],[122.550053,12.496509],[122.550237,12.496509],[122.550237,12.496328]]],[[[122.570669,12.495819],[122.569933,12.495818],[122.569932,12.496541],[122.570669,12.495819]]],[[[122.490665,12.496393],[122.490481,12.496573],[122.490665,12.496574],[122.490665,12.496393]]],[[[122.49085,12.496032],[122.491217,12.496575],[122.491218,12.496213],[122.49085,12.496032]]],[[[122.499988,12.49642],[122.499804,12.496601],[122.499988,12.496601],[122.499988,12.49642]]],[[[122.550053,12.496509],[122.549869,12.496689],[122.550053,12.49669],[122.550053,12.496509]]],[[[122.53183,12.496839],[122.531647,12.496477],[122.531646,12.496839],[122.53183,12.496839]]],[[[122.559808,12.496887],[122.559808,12.496907],[122.559944,12.496887],[122.559808,12.496887]]],[[[122.491032,12.496936],[122.491217,12.496756],[122.491033,12.496755],[122.491032,12.496936]]],[[[122.494898,12.496763],[122.495267,12.496402],[122.495084,12.495678],[122.494715,12.495858],[122.494898,12.496763]]],[[[122.53183,12.496839],[122.532014,12.497021],[122.532014,12.49684],[122.53183,12.496839]]],[[[122.543795,12.496498],[122.54361,12.49704],[122.543794,12.497041],[122.543795,12.496498]]],[[[122.569195,12.496902],[122.56901,12.497082],[122.569195,12.497026],[122.569195,12.496902]]],[[[122.490664,12.496935],[122.49048,12.497116],[122.490664,12.497116],[122.490664,12.496935]]],[[[122.491032,12.496936],[122.490848,12.497117],[122.491032,12.497117],[122.491032,12.496936]]],[[[122.568642,12.497082],[122.568458,12.497262],[122.568642,12.497263],[122.568642,12.497082]]],[[[122.568274,12.497262],[122.56809,12.497443],[122.568274,12.497422],[122.568274,12.497262]]],[[[122.543609,12.497402],[122.543425,12.497583],[122.543609,12.497583],[122.543609,12.497402]]],[[[122.54453,12.497404],[122.544345,12.497584],[122.544529,12.497585],[122.54453,12.497404]]],[[[122.567537,12.497442],[122.567905,12.497576],[122.567906,12.497442],[122.567537,12.497442]]],[[[122.53956,12.497576],[122.539375,12.497757],[122.539559,12.497757],[122.53956,12.497576]]],[[[122.565881,12.49762],[122.566248,12.497801],[122.566249,12.49762],[122.565881,12.49762]]],[[[122.567537,12.497622],[122.567353,12.497803],[122.567537,12.497735],[122.567537,12.497622]]],[[[122.566801,12.497802],[122.567168,12.497984],[122.567169,12.497803],[122.566801,12.497802]]],[[[122.539559,12.497938],[122.539375,12.498118],[122.539559,12.498119],[122.539559,12.497938]]],[[[122.543424,12.497944],[122.54324,12.498125],[122.543424,12.498125],[122.543424,12.497944]]],[[[122.553731,12.498143],[122.556125,12.497423],[122.556495,12.4967],[122.556129,12.495434],[122.554841,12.495251],[122.552815,12.496152],[122.552445,12.497236],[122.553731,12.498143]]],[[[122.552997,12.497056],[122.553365,12.497419],[122.555574,12.497241],[122.556128,12.496157],[122.555024,12.495613],[122.553551,12.496153],[122.552997,12.497056]]],[[[122.5668,12.498164],[122.566248,12.497801],[122.566248,12.498163],[122.5668,12.498164]]],[[[122.520436,12.487234],[122.519883,12.487595],[122.520065,12.488861],[122.521535,12.49013],[122.521902,12.491035],[122.520796,12.491937],[122.52061,12.493022],[122.520058,12.49284],[122.519873,12.493201],[122.521343,12.49447],[122.520793,12.493384],[122.520979,12.492118],[122.521532,12.491757],[122.523188,12.491941],[122.523555,12.492665],[122.524291,12.492667],[122.52484,12.494657],[122.52631,12.495745],[122.527044,12.497012],[122.525756,12.496829],[122.524102,12.495379],[122.524285,12.496103],[122.52741,12.498279],[122.528331,12.498099],[122.529068,12.497377],[122.528704,12.495025],[122.528337,12.494482],[122.527049,12.494299],[122.526866,12.493756],[122.526496,12.494841],[122.525576,12.494839],[122.52521,12.493753],[122.525947,12.493212],[122.524109,12.491581],[122.526686,12.491405],[122.527605,12.492491],[122.529812,12.493038],[122.531284,12.493764],[122.531467,12.494307],[122.531654,12.492679],[122.530735,12.491954],[122.52963,12.491952],[122.528528,12.490865],[122.528713,12.490142],[122.530186,12.489783],[122.527242,12.489416],[122.526688,12.4905],[122.52411,12.491038],[122.524848,12.490316],[122.524298,12.48923],[122.523008,12.489771],[122.522642,12.488866],[122.520801,12.489224],[122.520986,12.488682],[122.520433,12.488681],[122.520434,12.488138],[122.521356,12.487597],[122.521539,12.48814],[122.521541,12.486874],[122.519702,12.485967],[122.520255,12.485425],[122.519519,12.485424],[122.519334,12.486147],[122.520436,12.487234]],[[122.526872,12.490501],[122.527426,12.489597],[122.528161,12.490141],[122.527976,12.490684],[122.527424,12.490502],[122.527055,12.491044],[122.525951,12.490861],[122.526872,12.490501]],[[122.520436,12.487053],[122.520621,12.486873],[122.52062,12.487053],[122.520436,12.487053]],[[122.52062,12.487053],[122.520804,12.487235],[122.52062,12.487234],[122.52062,12.487053]]],[[[122.530733,12.492859],[122.530366,12.492496],[122.530365,12.492858],[122.530733,12.492859]]],[[[122.528898,12.489781],[122.52945,12.489963],[122.52945,12.489782],[122.528898,12.489781]]],[[[122.53919,12.498299],[122.539377,12.496852],[122.538641,12.49667],[122.538271,12.497393],[122.538824,12.497213],[122.53919,12.498299]]],[[[122.539008,12.497213],[122.539192,12.497033],[122.539008,12.497033],[122.539008,12.497213]]],[[[122.549685,12.496689],[122.548211,12.497229],[122.548029,12.495963],[122.547293,12.495781],[122.544531,12.496861],[122.544348,12.495957],[122.544346,12.497042],[122.544714,12.497042],[122.544713,12.497766],[122.544345,12.497946],[122.544897,12.497947],[122.545266,12.497043],[122.54674,12.496684],[122.548577,12.498315],[122.548945,12.498315],[122.548763,12.497411],[122.549498,12.498316],[122.550418,12.498318],[122.550787,12.497776],[122.549685,12.496689]]],[[[122.549866,12.497955],[122.549499,12.497412],[122.549498,12.497955],[122.549866,12.497955]]],[[[122.532932,12.498469],[122.533118,12.497203],[122.532198,12.497202],[122.532932,12.498469]]],[[[122.539006,12.498299],[122.538822,12.498479],[122.539006,12.498479],[122.539006,12.498299]]],[[[122.56588,12.497982],[122.565144,12.497619],[122.565143,12.498523],[122.56588,12.497982]]],[[[122.543239,12.498487],[122.543055,12.498667],[122.543239,12.498668],[122.543239,12.498487]]],[[[122.564222,12.498702],[122.564038,12.498769],[122.564374,12.498703],[122.564222,12.498702]]],[[[122.538821,12.49866],[122.538637,12.499021],[122.538821,12.499022],[122.538821,12.49866]]],[[[122.542686,12.499209],[122.54287,12.499029],[122.542686,12.499028],[122.542686,12.499209]]],[[[122.529249,12.499186],[122.529803,12.498283],[122.528881,12.499005],[122.527961,12.499003],[122.52796,12.499365],[122.529249,12.499186]]],[[[122.533482,12.499374],[122.533299,12.499193],[122.533298,12.499374],[122.533482,12.499374]]],[[[122.538636,12.499202],[122.538452,12.499383],[122.538636,12.499383],[122.538636,12.499202]]],[[[122.542686,12.499209],[122.542501,12.49939],[122.542685,12.49939],[122.542686,12.499209]]],[[[122.533482,12.499374],[122.533666,12.499555],[122.533666,12.499375],[122.533482,12.499374]]],[[[122.542133,12.499389],[122.541949,12.49957],[122.542133,12.49957],[122.542133,12.499389]]],[[[122.538267,12.499744],[122.538452,12.499564],[122.538268,12.499563],[122.538267,12.499744]]],[[[122.539556,12.499746],[122.539372,12.499565],[122.539372,12.499746],[122.539556,12.499746]]],[[[122.533665,12.499917],[122.53385,12.499737],[122.533666,12.499736],[122.533665,12.499917]]],[[[122.538267,12.499744],[122.538083,12.499925],[122.538267,12.499925],[122.538267,12.499744]]],[[[122.539556,12.499746],[122.539739,12.499928],[122.53974,12.499747],[122.539556,12.499746]]],[[[122.540844,12.499749],[122.54066,12.499929],[122.540844,12.499929],[122.540844,12.499749]]],[[[122.533665,12.499917],[122.533481,12.500098],[122.533665,12.500098],[122.533665,12.499917]]],[[[122.538083,12.499925],[122.537899,12.500105],[122.538083,12.500106],[122.538083,12.499925]]],[[[122.533481,12.500098],[122.533297,12.500278],[122.533481,12.500279],[122.533481,12.500098]]],[[[122.533113,12.500278],[122.532928,12.500639],[122.533112,12.50064],[122.533113,12.500278]]],[[[122.537162,12.500466],[122.536977,12.500646],[122.537161,12.500647],[122.537162,12.500466]]],[[[122.536793,12.500646],[122.536609,12.500826],[122.536793,12.500827],[122.536793,12.500646]]],[[[122.536425,12.500826],[122.53624,12.501007],[122.536424,12.501007],[122.536425,12.500826]]],[[[122.535872,12.501006],[122.535688,12.501187],[122.535872,12.501187],[122.535872,12.501006]]],[[[122.535504,12.501186],[122.535319,12.501367],[122.535503,12.501367],[122.535504,12.501186]]],[[[122.534767,12.501728],[122.534582,12.501908],[122.534766,12.501908],[122.534767,12.501728]]],[[[122.533478,12.501906],[122.53346,12.501915],[122.533478,12.501928],[122.533478,12.501906]]],[[[122.53403,12.501907],[122.533661,12.502087],[122.53403,12.502088],[122.53403,12.501907]]]]}},{"type":"Feature","properties":{"haz":3},"geometry":{"type":"MultiPolygon","coordinates":[[[[122.669772,12.310086],[122.668185,12.309473],[122.664803,12.306433],[122.661916,12.304836],[122.659778,12.301978],[122.656044,12.3],[122.654933,12.3],[122.661179,12.305914],[122.665589,12.308994],[122.668345,12.311711],[122.668711,12.312615],[122.670366,12.31316],[122.671833,12.316417],[122.672935,12.317323],[122.671808,12.316005],[122.669772,12.310086]]],[[[122.602052,12.300002],[122.5963,12.304102],[122.590277,12.304413],[122.587689,12.303176],[122.584525,12.303366],[122.580384,12.302852],[122.576704,12.305057],[122.575595,12.30525],[122.574215,12.305793],[122.576387,12.305615],[122.576018,12.3067],[122.576753,12.306701],[122.575833,12.30688],[122.575648,12.307603],[122.577487,12.307968],[122.579143,12.307609],[122.57988,12.306706],[122.580799,12.307069],[122.581536,12.306346],[122.582088,12.306528],[122.583929,12.305446],[122.585216,12.305629],[122.5854,12.305267],[122.586504,12.305269],[122.59018,12.307083],[122.591467,12.306904],[122.592204,12.306182],[122.59717,12.306551],[122.600298,12.305651],[122.600297,12.306194],[122.600665,12.306194],[122.60085,12.305471],[122.601586,12.305472],[122.60159,12.30294],[122.60288,12.301133],[122.605271,12.301318],[122.60564,12.300233],[122.602052,12.300002]]],[[[122.673084,12.31746],[122.672936,12.317504],[122.673116,12.317504],[122.673084,12.31746]]],[[[122.673197,12.317599],[122.673119,12.317685],[122.673285,12.317685],[122.673197,12.317599]]],[[[122.673342,12.317748],[122.673303,12.317866],[122.673486,12.317866],[122.673342,12.317748]]],[[[122.673487,12.317867],[122.674405,12.318952],[122.674743,12.318953],[122.674604,12.318763],[122.673487,12.317867]]],[[[122.674855,12.319059],[122.674773,12.319134],[122.674957,12.319134],[122.674855,12.319059]]],[[[122.675162,12.319304],[122.675141,12.319315],[122.675174,12.319315],[122.675162,12.319304]]],[[[122.675348,12.319483],[122.675325,12.319496],[122.675364,12.319496],[122.675348,12.319483]]],[[[122.675529,12.319612],[122.675508,12.319677],[122.67558,12.319677],[122.675529,12.319612]]],[[[122.675709,12.319844],[122.675692,12.319858],[122.675722,12.319858],[122.675709,12.319844]]],[[[122.675898,12.320023],[122.675876,12.320039],[122.675913,12.320039],[122.675898,12.320023]]],[[[122.676061,12.320215],[122.676059,12.32022],[122.676066,12.32022],[122.676061,12.320215]]],[[[122.67628,12.320384],[122.676243,12.320401],[122.676296,12.320401],[122.67628,12.320384]]],[[[122.676434,12.320547],[122.676427,12.320582],[122.676466,12.320582],[122.676434,12.320547]]],[[[122.676622,12.320751],[122.676611,12.320764],[122.67663,12.320764],[122.676622,12.320751]]],[[[122.677042,12.321279],[122.676978,12.321307],[122.677092,12.321307],[122.677042,12.321279]]],[[[122.678131,12.322574],[122.677162,12.321345],[122.677161,12.321849],[122.678131,12.322574]]],[[[122.678373,12.32273],[122.678264,12.322755],[122.678399,12.322755],[122.678373,12.32273]]],[[[122.678489,12.322829],[122.678447,12.322936],[122.6786,12.322936],[122.678489,12.322829]]],[[[122.678745,12.323098],[122.678631,12.323117],[122.678753,12.323117],[122.678745,12.323098]]],[[[122.678853,12.323292],[122.678815,12.323298],[122.678858,12.323298],[122.678853,12.323292]]],[[[122.679066,12.323585],[122.678998,12.32366],[122.679122,12.32366],[122.679066,12.323585]]],[[[122.679201,12.32375],[122.679182,12.323841],[122.679268,12.323841],[122.679201,12.32375]]],[[[122.679466,12.324142],[122.679365,12.324203],[122.679496,12.324203],[122.679466,12.324142]]],[[[122.679621,12.324505],[122.679549,12.324565],[122.679642,12.324565],[122.679621,12.324505]]],[[[122.67978,12.32483],[122.679733,12.324927],[122.679837,12.324927],[122.67978,12.32483]]],[[[122.67998,12.325139],[122.679916,12.325289],[122.680069,12.325289],[122.67998,12.325139]]],[[[122.680149,12.325431],[122.6801,12.32547],[122.680168,12.32547],[122.680149,12.325431]]],[[[122.680328,12.325785],[122.680283,12.325832],[122.680349,12.325832],[122.680328,12.325785]]],[[[122.680497,12.326068],[122.680467,12.326194],[122.680579,12.326194],[122.680497,12.326068]]],[[[122.680733,12.326441],[122.68065,12.326556],[122.680807,12.326556],[122.680733,12.326441]]],[[[122.680834,12.326599],[122.681017,12.32728],[122.68128,12.327461],[122.6811,12.327035],[122.680834,12.326599]]],[[[122.681446,12.327798],[122.681384,12.328004],[122.681567,12.328004],[122.681446,12.327798]]],[[[122.681653,12.328203],[122.681568,12.328365],[122.681737,12.328366],[122.681653,12.328203]]],[[[122.681808,12.328491],[122.681751,12.328727],[122.681909,12.328728],[122.681808,12.328491]]],[[[122.681996,12.328963],[122.681935,12.329089],[122.682071,12.32909],[122.681996,12.328963]]],[[[122.682218,12.329331],[122.682118,12.329451],[122.682268,12.329451],[122.682218,12.329331]]],[[[122.682302,12.32953],[122.682484,12.330899],[122.682844,12.33108],[122.682795,12.330789],[122.682302,12.32953]]],[[[122.682852,12.331131],[122.682851,12.331803],[122.683005,12.331804],[122.682936,12.331657],[122.682852,12.331131]]],[[[122.68307,12.331939],[122.683035,12.331984],[122.683108,12.331985],[122.68307,12.331939]]],[[[122.683219,12.332117],[122.683219,12.332165],[122.68326,12.332166],[122.683219,12.332117]]],[[[122.683442,12.332383],[122.683402,12.332527],[122.683534,12.332528],[122.683442,12.332383]]],[[[122.683586,12.332609],[122.683586,12.332709],[122.683649,12.332709],[122.683586,12.332609]]],[[[122.68377,12.332898],[122.68377,12.33307],[122.68388,12.333071],[122.68377,12.332898]]],[[[122.683953,12.33319],[122.683953,12.333432],[122.684072,12.333433],[122.683953,12.33319]]],[[[122.684137,12.333566],[122.684136,12.333975],[122.684298,12.333975],[122.684269,12.333835],[122.684137,12.333566]]],[[[122.68432,12.334081],[122.684319,12.334699],[122.684447,12.334699],[122.684443,12.334666],[122.68432,12.334081]]],[[[122.554444,12.338677],[122.554997,12.337774],[122.555549,12.337775],[122.5561,12.338499],[122.557573,12.337778],[122.557391,12.336693],[122.558681,12.334886],[122.559052,12.332897],[122.561261,12.332358],[122.561079,12.33073],[122.561631,12.330731],[122.561813,12.331817],[122.562365,12.332179],[122.564573,12.331459],[122.566417,12.32893],[122.566418,12.328207],[122.567154,12.328027],[122.567155,12.327485],[122.566603,12.327484],[122.56642,12.326941],[122.564949,12.326758],[122.564582,12.326214],[122.563846,12.326394],[122.564768,12.324949],[122.564404,12.322778],[122.565141,12.321513],[122.566245,12.321515],[122.56772,12.319528],[122.567171,12.317537],[122.567908,12.317177],[122.567909,12.316092],[122.569565,12.316094],[122.569382,12.315371],[122.568463,12.315007],[122.568464,12.314284],[122.569202,12.313019],[122.570858,12.312841],[122.570861,12.31049],[122.571781,12.310853],[122.572886,12.309408],[122.573622,12.30959],[122.573806,12.309228],[122.574725,12.309772],[122.574724,12.310315],[122.575461,12.309954],[122.575646,12.30905],[122.573808,12.307962],[122.574362,12.307059],[122.57418,12.305806],[122.571159,12.307559],[122.568909,12.309588],[122.565018,12.31085],[122.565135,12.311391],[122.564408,12.311782],[122.563744,12.31146],[122.563781,12.310897],[122.561747,12.314007],[122.560783,12.316866],[122.561255,12.317401],[122.560426,12.317924],[122.560338,12.32184],[122.558428,12.32686],[122.55624,12.335041],[122.554444,12.338677]]],[[[122.555919,12.336509],[122.555549,12.337594],[122.556285,12.337595],[122.555919,12.336509]]],[[[122.558871,12.33145],[122.559605,12.332175],[122.560526,12.331634],[122.560528,12.330729],[122.559976,12.330548],[122.558871,12.33145]]],[[[122.567544,12.314644],[122.567911,12.315187],[122.568095,12.314826],[122.567544,12.314644]]],[[[122.567729,12.313921],[122.568096,12.314283],[122.568097,12.314103],[122.567729,12.313921]]],[[[122.554259,12.33922],[122.554208,12.33914],[122.554182,12.33922],[122.554259,12.33922]]],[[[122.554075,12.339581],[122.554051,12.339558],[122.55404,12.339581],[122.554075,12.339581]]],[[[122.55389,12.340123],[122.553722,12.340022],[122.553619,12.340123],[122.55389,12.340123]]],[[[122.553521,12.340304],[122.553483,12.340246],[122.553425,12.340303],[122.553521,12.340304]]],[[[122.553337,12.340484],[122.5533,12.34047],[122.553286,12.340484],[122.553337,12.340484]]],[[[122.553153,12.340665],[122.553141,12.340649],[122.553128,12.340665],[122.553153,12.340665]]],[[[122.552968,12.341026],[122.552942,12.340993],[122.552936,12.341026],[122.552968,12.341026]]],[[[122.552782,12.342473],[122.552762,12.342388],[122.552731,12.342473],[122.552782,12.342473]]],[[[122.682838,12.343017],[122.685047,12.341211],[122.685967,12.341393],[122.686185,12.342478],[122.686362,12.340632],[122.684798,12.338851],[122.68446,12.336146],[122.684314,12.338859],[122.682657,12.340123],[122.681367,12.34193],[122.681551,12.342473],[122.682838,12.343017]]],[[[122.552778,12.345005],[122.552736,12.34515],[122.552777,12.345235],[122.552778,12.345005]]],[[[122.552961,12.345548],[122.552955,12.345549],[122.552961,12.345576],[122.552961,12.345548]]],[[[122.55296,12.346153],[122.552905,12.346462],[122.552852,12.346633],[122.552959,12.346633],[122.55296,12.346153]]],[[[122.552774,12.346994],[122.552756,12.346972],[122.552753,12.346994],[122.552774,12.346994]]],[[[122.552036,12.348621],[122.551984,12.348517],[122.551932,12.34862],[122.552036,12.348621]]],[[[122.551851,12.349163],[122.551789,12.349024],[122.55171,12.349163],[122.551851,12.349163]]],[[[122.551151,12.349885],[122.551666,12.349524],[122.551667,12.349231],[122.551151,12.349885]]],[[[122.551113,12.350247],[122.551044,12.350006],[122.550951,12.350247],[122.551113,12.350247]]],[[[122.550929,12.350608],[122.550864,12.350521],[122.550841,12.350608],[122.550929,12.350608]]],[[[122.55056,12.35115],[122.550509,12.351089],[122.550438,12.35115],[122.55056,12.35115]]],[[[122.550375,12.351331],[122.550295,12.351259],[122.550228,12.351331],[122.550375,12.351331]]],[[[122.550191,12.351511],[122.550059,12.351491],[122.550045,12.351511],[122.550191,12.351511]]],[[[122.550007,12.351692],[122.549954,12.351651],[122.549918,12.351692],[122.550007,12.351692]]],[[[122.549822,12.352053],[122.549759,12.351922],[122.549655,12.352053],[122.549822,12.352053]]],[[[122.549638,12.352234],[122.549536,12.352159],[122.549426,12.352233],[122.549638,12.352234]]],[[[122.54927,12.352414],[122.549168,12.352369],[122.549107,12.352414],[122.54927,12.352414]]],[[[122.546001,12.355664],[122.547612,12.353858],[122.5489,12.353679],[122.549086,12.352434],[122.546986,12.354125],[122.546535,12.354621],[122.546483,12.354949],[122.546213,12.355135],[122.546065,12.355409],[122.546001,12.355664]]],[[[122.545396,12.356748],[122.545952,12.356387],[122.545953,12.355837],[122.545396,12.356748]]],[[[122.545215,12.356928],[122.545214,12.356929],[122.545215,12.356929],[122.545215,12.356928]]],[[[122.544662,12.357502],[122.544647,12.357526],[122.544662,12.357558],[122.544662,12.357502]]],[[[122.544477,12.358013],[122.54445,12.357977],[122.54442,12.358013],[122.544477,12.358013]]],[[[122.544293,12.358193],[122.544287,12.358187],[122.54428,12.358193],[122.544293,12.358193]]],[[[122.544109,12.358374],[122.544102,12.358367],[122.544097,12.358374],[122.544109,12.358374]]],[[[122.545764,12.358557],[122.546501,12.358016],[122.546501,12.357654],[122.545766,12.357472],[122.545764,12.358557]]],[[[122.543555,12.359096],[122.543482,12.359063],[122.543466,12.359096],[122.543555,12.359096]]],[[[122.54245,12.359999],[122.542427,12.359978],[122.542405,12.359999],[122.54245,12.359999]]],[[[122.542266,12.360179],[122.542223,12.360141],[122.542172,12.360179],[122.542266,12.360179]]],[[[122.541713,12.360721],[122.541655,12.360653],[122.541618,12.360721],[122.541713,12.360721]]],[[[122.541529,12.360901],[122.541481,12.360858],[122.541451,12.360901],[122.541529,12.360901]]],[[[122.541344,12.361082],[122.541292,12.361028],[122.541237,12.361082],[122.541344,12.361082]]],[[[122.54116,12.361443],[122.541111,12.361198],[122.540927,12.361443],[122.54116,12.361443]]],[[[122.544103,12.361448],[122.543922,12.360001],[122.543011,12.358982],[122.542591,12.359818],[122.543002,12.359819],[122.543367,12.361447],[122.544103,12.361448]]],[[[122.540791,12.361805],[122.540771,12.361717],[122.540688,12.361804],[122.540791,12.361805]]],[[[122.540607,12.362166],[122.54045,12.362045],[122.540316,12.362165],[122.540607,12.362166]]],[[[122.539867,12.364335],[122.54042,12.363432],[122.539316,12.363611],[122.539867,12.364335]]],[[[122.536001,12.365594],[122.535817,12.365775],[122.536001,12.365775],[122.536001,12.365594]]],[[[122.519984,12.372258],[122.519963,12.372212],[122.51992,12.372258],[122.519984,12.372258]]],[[[122.521824,12.372151],[122.52082,12.371624],[122.52034,12.371845],[122.520079,12.372078],[122.521824,12.372151]]],[[[122.5198,12.372439],[122.519761,12.37242],[122.519744,12.372439],[122.5198,12.372439]]],[[[122.527711,12.372272],[122.528816,12.371731],[122.528449,12.371007],[122.530292,12.369021],[122.531581,12.368661],[122.532319,12.367397],[122.532136,12.366492],[122.533423,12.367218],[122.533608,12.366495],[122.534713,12.366135],[122.536003,12.364871],[122.536739,12.364872],[122.536737,12.365596],[122.537656,12.365959],[122.538393,12.365418],[122.538766,12.362886],[122.539134,12.362525],[122.539686,12.362526],[122.539686,12.362345],[122.540238,12.362346],[122.540239,12.362217],[122.53914,12.362312],[122.536316,12.36461],[122.53392,12.365754],[122.532757,12.366133],[122.531811,12.365822],[122.530169,12.367589],[122.530392,12.368105],[122.529226,12.367907],[122.52687,12.371058],[122.5244,12.371987],[122.527711,12.372272]]],[[[122.526608,12.371727],[122.527344,12.371729],[122.527897,12.371006],[122.526793,12.371185],[122.526608,12.371727]]],[[[122.537661,12.363427],[122.537291,12.364692],[122.538027,12.364513],[122.538213,12.363428],[122.537661,12.363427]]],[[[122.519615,12.372619],[122.519541,12.372602],[122.519518,12.372619],[122.519615,12.372619]]],[[[122.519431,12.3728],[122.519343,12.372771],[122.519287,12.3728],[122.519431,12.3728]]],[[[122.684718,12.372986],[122.685271,12.372264],[122.684534,12.372444],[122.684718,12.372986]]],[[[122.686003,12.375127],[122.687956,12.370937],[122.689139,12.37134],[122.688548,12.37033],[122.69123,12.366849],[122.691809,12.365346],[122.692436,12.365379],[122.69271,12.364889],[122.691712,12.363658],[122.691818,12.361909],[122.69115,12.359751],[122.689986,12.357956],[122.68899,12.353836],[122.687824,12.352735],[122.686699,12.350648],[122.685963,12.344467],[122.685961,12.346095],[122.685408,12.34736],[122.685773,12.349893],[122.684298,12.352785],[122.684849,12.352966],[122.684847,12.355137],[122.685949,12.356766],[122.685948,12.357489],[122.688155,12.357492],[122.68889,12.358578],[122.686679,12.361469],[122.685391,12.36201],[122.687045,12.362916],[122.687228,12.363821],[122.686015,12.364849],[122.685829,12.366838],[122.686196,12.367562],[122.684539,12.368284],[122.683986,12.369911],[122.684905,12.370635],[122.687664,12.370639],[122.686558,12.372989],[122.686003,12.375127]]],[[[122.512976,12.38147],[122.512607,12.38165],[122.512975,12.38165],[122.512976,12.38147]]],[[[122.685499,12.378582],[122.685958,12.375339],[122.685079,12.378593],[122.685077,12.380402],[122.685995,12.38185],[122.687271,12.382394],[122.685951,12.381244],[122.685499,12.378582]]],[[[122.687474,12.38257],[122.687282,12.382575],[122.68762,12.382756],[122.687474,12.38257]]],[[[122.687695,12.38287],[122.68765,12.382937],[122.687735,12.382937],[122.687695,12.38287]]],[[[122.688581,12.384009],[122.688568,12.384023],[122.688589,12.384023],[122.688581,12.384009]]],[[[122.689122,12.38456],[122.689119,12.384567],[122.689129,12.384567],[122.689122,12.38456]]],[[[122.690079,12.385592],[122.689671,12.385005],[122.690212,12.386196],[122.690079,12.385592]]],[[[122.690226,12.38625],[122.690221,12.386738],[122.690373,12.386738],[122.690226,12.38625]]],[[[122.690405,12.386827],[122.690404,12.3871],[122.690556,12.3871],[122.690405,12.386827]]],[[[122.690588,12.387174],[122.690588,12.387643],[122.690764,12.387643],[122.690588,12.387174]]],[[[122.690811,12.38777],[122.690771,12.388005],[122.690914,12.388005],[122.690811,12.38777]]],[[[122.472697,12.389654],[122.472603,12.389545],[122.472356,12.389649],[122.472697,12.389654]]],[[[122.473184,12.389624],[122.473155,12.389655],[122.473212,12.389655],[122.473184,12.389624]]],[[[122.473283,12.389655],[122.473413,12.389532],[122.473257,12.389552],[122.473283,12.389655]]],[[[122.473788,12.389804],[122.473762,12.389837],[122.473819,12.389837],[122.473788,12.389804]]],[[[122.471738,12.390014],[122.471593,12.389949],[122.471504,12.390013],[122.471738,12.390014]]],[[[122.474612,12.390019],[122.474314,12.389959],[122.474314,12.390019],[122.474612,12.390019]]],[[[122.474722,12.390177],[122.474681,12.3902],[122.474776,12.390201],[122.474722,12.390177]]],[[[122.475296,12.390382],[122.475211,12.390361],[122.475049,12.390292],[122.475049,12.390382],[122.475296,12.390382]]],[[[122.471001,12.390543],[122.470983,12.390555],[122.471001,12.390555],[122.471001,12.390543]]],[[[122.470817,12.390659],[122.470695,12.390735],[122.470817,12.390735],[122.470817,12.390659]]],[[[122.470448,12.390886],[122.470401,12.390915],[122.470448,12.390916],[122.470448,12.390886]]],[[[122.47008,12.391096],[122.470074,12.391079],[122.470025,12.391096],[122.47008,12.391096]]],[[[122.46884,12.391455],[122.469712,12.391175],[122.469352,12.391271],[122.46884,12.391455]]],[[[122.508725,12.39159],[122.508909,12.391771],[122.508909,12.39159],[122.508725,12.39159]]],[[[122.478726,12.391836],[122.480752,12.390755],[122.482591,12.39112],[122.482776,12.390758],[122.482225,12.390215],[122.483146,12.389493],[122.48425,12.389676],[122.484984,12.390401],[122.483699,12.388771],[122.48444,12.386602],[122.485176,12.386603],[122.485724,12.388232],[122.487195,12.388597],[122.487928,12.390226],[122.4894,12.390228],[122.49069,12.388965],[122.493818,12.389152],[122.494373,12.387525],[122.495294,12.386803],[122.498422,12.386628],[122.49916,12.385604],[122.501377,12.385608],[122.501562,12.385247],[122.502298,12.385248],[122.501745,12.38579],[122.502296,12.386152],[122.504504,12.386157],[122.506156,12.388149],[122.506337,12.389596],[122.506891,12.388874],[122.50744,12.38996],[122.509831,12.390868],[122.510565,12.391593],[122.511853,12.391776],[122.511853,12.391415],[122.510015,12.390869],[122.508729,12.38942],[122.50873,12.389058],[122.510018,12.389241],[122.510019,12.388699],[122.509284,12.388155],[122.511679,12.38617],[122.510762,12.384721],[122.510582,12.382731],[122.509479,12.381825],[122.510033,12.381103],[122.51132,12.381647],[122.51224,12.381468],[122.512428,12.379298],[122.513902,12.378216],[122.515372,12.378942],[122.515561,12.376591],[122.516483,12.374965],[122.515933,12.37406],[122.518325,12.373702],[122.519247,12.372823],[122.517775,12.373596],[122.514805,12.373023],[122.512335,12.373671],[122.511186,12.374809],[122.511227,12.375401],[122.510423,12.375474],[122.510912,12.374211],[122.508454,12.375856],[122.506607,12.37578],[122.50564,12.376789],[122.505505,12.378091],[122.504608,12.377641],[122.505012,12.376514],[122.499131,12.383179],[122.496734,12.384813],[122.493229,12.385981],[122.490422,12.385392],[122.48359,12.386218],[122.478777,12.389796],[122.475785,12.39047],[122.478726,12.391836]]],[[[122.510406,12.37839],[122.510957,12.378572],[122.510958,12.378211],[122.510406,12.37839]]],[[[122.513725,12.374417],[122.513909,12.374237],[122.513725,12.374237],[122.513725,12.374417]]],[[[122.508726,12.391409],[122.507991,12.390684],[122.506888,12.39014],[122.506886,12.391044],[122.507804,12.392312],[122.508726,12.391409]]],[[[122.46419,12.39235],[122.464241,12.392108],[122.463976,12.39235],[122.46419,12.39235]]],[[[122.465478,12.392344],[122.465163,12.392048],[122.464926,12.392319],[122.464926,12.392352],[122.465478,12.392344]]],[[[122.463821,12.39253],[122.463742,12.392454],[122.463369,12.392529],[122.463821,12.39253]]],[[[122.467685,12.392357],[122.468055,12.391815],[122.468791,12.391471],[122.466496,12.392174],[122.467685,12.392357]]],[[[122.461877,12.392707],[122.462717,12.392528],[122.462967,12.392529],[122.462405,12.39208],[122.461877,12.392707]]],[[[122.461797,12.392888],[122.461707,12.392813],[122.461525,12.392887],[122.461797,12.392888]]],[[[122.455415,12.394503],[122.455208,12.394436],[122.455152,12.39448],[122.455415,12.394503]]],[[[122.459034,12.39451],[122.459954,12.394331],[122.461429,12.39293],[122.458483,12.393759],[122.459034,12.39451]]],[[[122.453373,12.395403],[122.453421,12.395304],[122.45334,12.395197],[122.453373,12.395403]]],[[[122.453328,12.395584],[122.453232,12.395518],[122.453131,12.395583],[122.453328,12.395584]]],[[[122.452959,12.395764],[122.452903,12.395724],[122.452844,12.395764],[122.452959,12.395764]]],[[[122.687632,12.397768],[122.687448,12.397948],[122.687632,12.397948],[122.687632,12.397768]]],[[[122.697015,12.397959],[122.69688,12.397942],[122.69684,12.397959],[122.697015,12.397959]]],[[[122.69795,12.397952],[122.697935,12.39796],[122.697972,12.39796],[122.69795,12.397952]]],[[[122.698313,12.398149],[122.698119,12.398141],[122.698303,12.398517],[122.698313,12.398149]]],[[[122.45,12.397448],[122.451486,12.396484],[122.451487,12.396237],[122.45,12.397448]]],[[[122.698486,12.399393],[122.698486,12.399408],[122.698499,12.399408],[122.698486,12.399393]]],[[[122.698785,12.399659],[122.69867,12.39959],[122.698669,12.400492],[122.698785,12.399659]]],[[[122.698484,12.400674],[122.698484,12.400822],[122.698574,12.400674],[122.698484,12.400674]]],[[[122.698483,12.401759],[122.69865,12.40169],[122.698483,12.401383],[122.698483,12.401759]]],[[[122.698115,12.401939],[122.698115,12.401996],[122.698212,12.401939],[122.698115,12.401939]]],[[[122.68744,12.404459],[122.689465,12.403196],[122.689834,12.402472],[122.689652,12.400664],[122.690757,12.400484],[122.690942,12.39958],[122.691863,12.398677],[122.694439,12.398318],[122.69407,12.399584],[122.695357,12.399947],[122.695726,12.399585],[122.695359,12.398319],[122.696804,12.397959],[122.696104,12.396867],[122.695066,12.397097],[122.695772,12.393908],[122.692975,12.391702],[122.690955,12.388101],[122.692423,12.391805],[122.69187,12.392347],[122.690214,12.392164],[122.690028,12.394334],[122.690947,12.394878],[122.690946,12.395963],[122.690208,12.397771],[122.689104,12.397588],[122.689838,12.399217],[122.686892,12.401203],[122.685052,12.401382],[122.683946,12.402466],[122.683945,12.403732],[122.684864,12.404456],[122.68744,12.404459]]],[[[122.695349,12.40682],[122.696584,12.403945],[122.697377,12.402925],[122.697485,12.402481],[122.695904,12.404469],[122.695903,12.405373],[122.695166,12.405915],[122.695349,12.40682]]],[[[122.695246,12.407543],[122.695164,12.407723],[122.695164,12.407753],[122.695246,12.407543]]],[[[122.69498,12.407904],[122.69498,12.408074],[122.695088,12.407904],[122.69498,12.407904]]],[[[122.694796,12.408085],[122.694796,12.408243],[122.694972,12.408085],[122.694796,12.408085]]],[[[122.694612,12.408265],[122.694468,12.408348],[122.694761,12.408266],[122.694612,12.408265]]],[[[122.693225,12.409352],[122.693835,12.409001],[122.694076,12.40868],[122.694102,12.408446],[122.693323,12.408807],[122.693225,12.409352]]],[[[122.692954,12.40953],[122.692954,12.409568],[122.692979,12.40953],[122.692954,12.40953]]],[[[122.69277,12.40971],[122.69277,12.409786],[122.692851,12.40971],[122.69277,12.40971]]],[[[122.692586,12.409891],[122.692401,12.409985],[122.692601,12.409891],[122.692586,12.409891]]],[[[122.692275,12.410071],[122.692304,12.410117],[122.692351,12.410071],[122.692275,12.410071]]],[[[122.691556,12.410729],[122.692,12.41052],[122.692176,12.410071],[122.691665,12.410071],[122.691556,12.410729]]],[[[122.688531,12.41562],[122.689266,12.412979],[122.691534,12.41122],[122.691463,12.410794],[122.689641,12.410611],[122.687982,12.412418],[122.686875,12.414948],[122.688531,12.41562]]],[[[122.688871,12.417033],[122.688713,12.41694],[122.688713,12.4172],[122.688871,12.417033]]],[[[122.687424,12.418205],[122.687424,12.418211],[122.687431,12.418205],[122.687424,12.418205]]],[[[122.687063,12.418566],[122.687085,12.418646],[122.687151,12.418566],[122.687063,12.418566]]],[[[122.684424,12.42435],[122.684774,12.424452],[122.684723,12.424135],[122.684424,12.42435]]],[[[122.685174,12.425255],[122.68484,12.42469],[122.685023,12.425255],[122.685174,12.425255]]],[[[122.682447,12.425252],[122.684126,12.42435],[122.685237,12.42119],[122.686843,12.419147],[122.686937,12.418566],[122.686135,12.418565],[122.685768,12.417841],[122.684479,12.418201],[122.685582,12.419288],[122.685581,12.420373],[122.684475,12.42218],[122.681528,12.424528],[122.682078,12.425794],[122.682446,12.425795],[122.682447,12.425252]]],[[[122.686618,12.428874],[122.686957,12.428585],[122.686859,12.428486],[122.686618,12.428874]]],[[[122.681058,12.436901],[122.682286,12.435166],[122.682281,12.434091],[122.68364,12.433428],[122.683521,12.432062],[122.684412,12.429751],[122.685706,12.42892],[122.685387,12.428149],[122.686017,12.42815],[122.685223,12.427495],[122.685164,12.425617],[122.684099,12.428329],[122.683362,12.428871],[122.683914,12.429052],[122.683913,12.430137],[122.681332,12.433751],[122.681699,12.434837],[122.680962,12.435921],[122.681058,12.436901]]],[[[122.680407,12.438091],[122.680407,12.438136],[122.680465,12.438091],[122.680407,12.438091]]],[[[122.680223,12.438272],[122.680101,12.438406],[122.680263,12.438272],[122.680223,12.438272]]],[[[122.679854,12.438452],[122.679854,12.438587],[122.680007,12.438452],[122.679854,12.438452]]],[[[122.67967,12.438633],[122.679689,12.438735],[122.67979,12.438633],[122.67967,12.438633]]],[[[122.679486,12.438813],[122.679486,12.438862],[122.679508,12.438813],[122.679486,12.438813]]],[[[122.679302,12.438994],[122.679302,12.439015],[122.679312,12.438994],[122.679302,12.438994]]],[[[122.678933,12.439285],[122.679083,12.439174],[122.678933,12.439174],[122.678933,12.439285]]],[[[122.667335,12.442777],[122.667151,12.442596],[122.667151,12.442777],[122.667335,12.442777]]],[[[122.667335,12.442777],[122.667519,12.442959],[122.667519,12.442778],[122.667335,12.442777]]],[[[122.659064,12.462125],[122.659248,12.461763],[122.659433,12.461402],[122.658696,12.461943],[122.659064,12.462125]]],[[[122.668072,12.442055],[122.667518,12.443501],[122.66623,12.44368],[122.6677,12.445129],[122.66733,12.446937],[122.666409,12.447479],[122.666408,12.448021],[122.66751,12.450012],[122.668614,12.450013],[122.668613,12.451099],[122.666217,12.453447],[122.664561,12.453445],[122.664378,12.45254],[122.66401,12.45254],[122.664007,12.455253],[122.663638,12.455614],[122.660878,12.455068],[122.660876,12.456876],[122.660322,12.457961],[122.660876,12.457057],[122.661612,12.457058],[122.662349,12.456155],[122.663453,12.456699],[122.663486,12.45779],[122.66238,12.459235],[122.660723,12.459776],[122.660721,12.461222],[122.659617,12.461221],[122.66072,12.461765],[122.661457,12.461223],[122.66385,12.461407],[122.664769,12.462313],[122.667714,12.461593],[122.669186,12.462318],[122.666238,12.464485],[122.664581,12.464844],[122.66458,12.465522],[122.668194,12.463975],[122.669353,12.462647],[122.669134,12.462065],[122.668551,12.461319],[122.666735,12.460371],[122.665097,12.460357],[122.664679,12.459876],[122.664435,12.458969],[122.664931,12.457894],[122.664386,12.457181],[122.664958,12.454466],[122.665677,12.453715],[122.667747,12.45302],[122.668306,12.451732],[122.669281,12.45092],[122.668838,12.447605],[122.669273,12.447003],[122.670561,12.44692],[122.671115,12.445842],[122.671635,12.44573],[122.673078,12.44285],[122.673633,12.440487],[122.675006,12.439313],[122.6781,12.440315],[122.678885,12.439355],[122.678197,12.439716],[122.677645,12.439354],[122.677646,12.438268],[122.676359,12.437724],[122.676544,12.436639],[122.675994,12.43483],[122.674891,12.434467],[122.674705,12.435733],[122.674152,12.436275],[122.675255,12.437361],[122.67507,12.438446],[122.673411,12.440434],[122.673041,12.441699],[122.67212,12.442422],[122.671934,12.44423],[122.669541,12.444951],[122.668072,12.442055]]],[[[122.662613,12.467187],[122.664512,12.465568],[122.663844,12.465386],[122.663661,12.464662],[122.661821,12.464479],[122.660163,12.465562],[122.66053,12.466829],[122.659793,12.467551],[122.661448,12.468277],[122.661447,12.468899],[122.662613,12.467187]]],[[[122.661144,12.469543],[122.661078,12.469723],[122.661078,12.469739],[122.661144,12.469543]]],[[[122.450506,12.474069],[122.450773,12.473165],[122.45,12.472983],[122.450506,12.474069]]],[[[122.450768,12.475315],[122.450562,12.474973],[122.450494,12.475162],[122.450768,12.475315]]],[[[122.643951,12.47784],[122.643767,12.477659],[122.643767,12.47784],[122.643951,12.47784]]],[[[122.521556,12.478555],[122.521741,12.478374],[122.521557,12.478374],[122.521556,12.478555]]],[[[122.521556,12.478555],[122.521372,12.478735],[122.521556,12.478736],[122.521556,12.478555]]],[[[122.521372,12.478735],[122.521188,12.478916],[122.521372,12.478916],[122.521372,12.478735]]],[[[122.521188,12.478916],[122.521003,12.479097],[122.521187,12.479097],[122.521188,12.478916]]],[[[122.520819,12.479277],[122.520634,12.479458],[122.520819,12.479458],[122.520819,12.479277]]],[[[122.521002,12.479639],[122.520818,12.47982],[122.521002,12.47982],[122.521002,12.479639]]],[[[122.521738,12.47964],[122.52137,12.479821],[122.521738,12.479821],[122.521738,12.47964]]],[[[122.522658,12.479823],[122.521922,12.480002],[122.522658,12.480004],[122.522658,12.479823]]],[[[122.522842,12.480004],[122.523025,12.480547],[122.523209,12.480547],[122.52321,12.480005],[122.522842,12.480004]]],[[[122.523024,12.480909],[122.523209,12.480728],[122.523025,12.480728],[122.523024,12.480909]]],[[[122.640266,12.48091],[122.640081,12.48109],[122.640265,12.48109],[122.640266,12.48091]]],[[[122.520447,12.481085],[122.520999,12.481267],[122.521,12.481086],[122.520447,12.481085]]],[[[122.523024,12.48127],[122.52284,12.481089],[122.522656,12.48127],[122.523024,12.48127]]],[[[122.455357,12.481306],[122.454258,12.478779],[122.454079,12.476608],[122.453344,12.475883],[122.450801,12.475336],[122.452774,12.477758],[122.453209,12.477629],[122.453656,12.479055],[122.455357,12.481306]]],[[[122.520999,12.481267],[122.521367,12.481448],[122.521367,12.481267],[122.520999,12.481267]]],[[[122.522656,12.48127],[122.522471,12.48145],[122.522655,12.481451],[122.522656,12.48127]]],[[[122.522471,12.481631],[122.521367,12.481448],[122.521367,12.481629],[122.522471,12.481631]]],[[[122.45654,12.482039],[122.455363,12.481313],[122.455664,12.481696],[122.456308,12.482215],[122.45654,12.482039]]],[[[122.525414,12.482541],[122.52523,12.482721],[122.525414,12.482721],[122.525414,12.482541]]],[[[122.525965,12.483084],[122.525781,12.483265],[122.525965,12.483265],[122.525965,12.483084]]],[[[122.459864,12.483937],[122.459401,12.483672],[122.459404,12.482225],[122.459961,12.480237],[122.459042,12.479512],[122.457754,12.479328],[122.457565,12.481498],[122.456634,12.482039],[122.456729,12.482421],[122.457217,12.482035],[122.457069,12.482722],[122.458058,12.482775],[122.45919,12.483348],[122.45928,12.483857],[122.459864,12.483937]]],[[[122.466947,12.484023],[122.468604,12.48369],[122.467315,12.483688],[122.466947,12.484023]]],[[[122.468972,12.483872],[122.468863,12.483941],[122.468971,12.484037],[122.468972,12.483872]]],[[[122.466763,12.484049],[122.466578,12.484147],[122.466839,12.484049],[122.466763,12.484049]]],[[[122.460321,12.484036],[122.460289,12.484152],[122.460309,12.484165],[122.460321,12.484036]]],[[[122.469155,12.484053],[122.469088,12.484141],[122.469155,12.48419],[122.469155,12.484053]]],[[[122.469339,12.484235],[122.469287,12.484308],[122.469339,12.484341],[122.469339,12.484235]]],[[[122.460504,12.484217],[122.460444,12.484353],[122.460496,12.484367],[122.460504,12.484217]]],[[[122.469523,12.484416],[122.469498,12.484457],[122.469522,12.484488],[122.469523,12.484416]]],[[[122.469706,12.484597],[122.469649,12.484638],[122.469706,12.484696],[122.469706,12.484597]]],[[[122.527064,12.48598],[122.527248,12.486161],[122.527248,12.48598],[122.527064,12.48598]]],[[[122.461236,12.48657],[122.461153,12.486488],[122.461236,12.4866],[122.461236,12.48657]]],[[[122.462408,12.486632],[122.463405,12.485621],[122.466468,12.484285],[122.462158,12.485486],[122.460583,12.484398],[122.461236,12.48634],[122.461237,12.485846],[122.462158,12.485848],[122.462408,12.486632]]],[[[122.461417,12.486751],[122.461419,12.486753],[122.461419,12.486751],[122.461417,12.486751]]],[[[122.462156,12.486752],[122.462155,12.486846],[122.462218,12.486752],[122.462156,12.486752]]],[[[122.526327,12.486521],[122.526142,12.486882],[122.526695,12.486883],[122.526327,12.486521]]],[[[122.461971,12.486933],[122.461918,12.48696],[122.462083,12.486933],[122.461971,12.486933]]],[[[122.520436,12.487053],[122.520621,12.486873],[122.520437,12.486872],[122.520436,12.487053]]],[[[122.52062,12.487053],[122.520804,12.487235],[122.520805,12.487054],[122.52062,12.487053]]],[[[122.471725,12.487239],[122.471728,12.486048],[122.473385,12.485689],[122.473019,12.484784],[122.472467,12.484602],[122.471913,12.485506],[122.471177,12.485504],[122.469293,12.484684],[122.469582,12.485451],[122.470679,12.48572],[122.471347,12.486875],[122.471625,12.486649],[122.471725,12.487239]]],[[[122.47467,12.487319],[122.474672,12.486596],[122.473569,12.48587],[122.474302,12.487319],[122.47467,12.487319]]],[[[122.471909,12.487314],[122.471837,12.487386],[122.471909,12.487435],[122.471909,12.487314]]],[[[122.613016,12.487202],[122.613384,12.487564],[122.613384,12.487202],[122.613016,12.487202]]],[[[122.472042,12.487643],[122.471866,12.487501],[122.47171,12.48757],[122.472042,12.487643]]],[[[122.501845,12.488105],[122.501661,12.487923],[122.501661,12.488104],[122.501845,12.488105]]],[[[122.524854,12.486699],[122.527064,12.48598],[122.527618,12.484896],[122.527436,12.484172],[122.528358,12.483269],[122.526517,12.483085],[122.525412,12.483626],[122.525229,12.483083],[122.524493,12.483082],[122.523567,12.486154],[122.522645,12.487057],[122.523563,12.488325],[122.524115,12.488326],[122.524116,12.487783],[122.525036,12.487785],[122.524854,12.486699]]],[[[122.624979,12.488304],[122.624794,12.488485],[122.624978,12.488485],[122.624979,12.488304]]],[[[122.531661,12.48852],[122.531477,12.4887],[122.531661,12.488701],[122.531661,12.48852]]],[[[122.472459,12.4884],[122.471974,12.487747],[122.472459,12.488755],[122.472459,12.4884]]],[[[122.530924,12.48888],[122.53074,12.489061],[122.530924,12.489061],[122.530924,12.48888]]],[[[122.47242,12.489061],[122.472458,12.488853],[122.472362,12.488836],[122.47242,12.489061]]],[[[122.527978,12.489418],[122.528162,12.489599],[122.528162,12.489418],[122.527978,12.489418]]],[[[122.530555,12.489422],[122.530371,12.489603],[122.530555,12.489603],[122.530555,12.489422]]],[[[122.472641,12.489486],[122.47245,12.489588],[122.472641,12.489664],[122.472641,12.489486]]],[[[122.473193,12.489776],[122.473009,12.489667],[122.472647,12.489667],[122.473193,12.489776]]],[[[122.528162,12.489599],[122.528714,12.489781],[122.528714,12.4896],[122.528162,12.489599]]],[[[122.530187,12.489602],[122.529818,12.489783],[122.530186,12.489783],[122.530187,12.489602]]],[[[122.473745,12.48985],[122.473767,12.48987],[122.473799,12.48985],[122.473745,12.48985]]],[[[122.473381,12.489849],[122.473455,12.489879],[122.473525,12.489849],[122.473381,12.489849]]],[[[122.52945,12.489782],[122.528898,12.489962],[122.52945,12.489963],[122.52945,12.489782]]],[[[122.473819,12.48985],[122.475136,12.489549],[122.475115,12.489201],[122.47604,12.489225],[122.476665,12.48877],[122.475035,12.489129],[122.473819,12.48985]]],[[[122.594238,12.490068],[122.594238,12.490069],[122.594239,12.490068],[122.594238,12.490068]]],[[[122.594054,12.490249],[122.594054,12.49029],[122.594102,12.490249],[122.594054,12.490249]]],[[[122.500736,12.490273],[122.500552,12.490453],[122.500736,12.490454],[122.500736,12.490273]]],[[[122.527979,12.489237],[122.526691,12.489054],[122.526504,12.490319],[122.525768,12.490318],[122.525403,12.48869],[122.524851,12.488508],[122.524114,12.489049],[122.525035,12.48887],[122.525584,12.490499],[122.526688,12.4905],[122.526873,12.489777],[122.527979,12.489237]]],[[[122.500552,12.490453],[122.500368,12.490634],[122.500552,12.490634],[122.500552,12.490453]]],[[[122.59359,12.490725],[122.593924,12.490429],[122.593501,12.490789],[122.59359,12.490725]]],[[[122.500368,12.490634],[122.500183,12.490995],[122.500367,12.490996],[122.500368,12.490634]]],[[[122.593105,12.491061],[122.593499,12.49079],[122.592948,12.491146],[122.593105,12.491061]]],[[[122.592205,12.491457],[122.592938,12.491151],[122.592027,12.491506],[122.592205,12.491457]]],[[[122.591843,12.491511],[122.591843,12.491571],[122.592011,12.491512],[122.591843,12.491511]]],[[[122.590369,12.492232],[122.590369,12.492279],[122.590483,12.492233],[122.590369,12.492232]]],[[[122.590001,12.492413],[122.589817,12.492501],[122.590087,12.492413],[122.590001,12.492413]]],[[[122.624972,12.492645],[122.6249,12.492698],[122.624972,12.492744],[122.624972,12.492645]]],[[[122.625156,12.492826],[122.625156,12.492827],[122.625156,12.492827],[122.625156,12.492826]]],[[[122.643951,12.478021],[122.644318,12.478202],[122.644133,12.479468],[122.640819,12.480187],[122.640266,12.48091],[122.64542,12.480374],[122.647443,12.481462],[122.648547,12.481463],[122.650205,12.480199],[122.651493,12.480743],[122.652043,12.482372],[122.64873,12.482729],[122.648361,12.483271],[122.646336,12.483269],[122.643945,12.481819],[122.640449,12.481633],[122.638426,12.480365],[122.635296,12.480722],[122.634927,12.481445],[122.635478,12.48235],[122.634742,12.482349],[122.632529,12.485601],[122.629583,12.486321],[122.628293,12.487585],[122.628659,12.489032],[122.627738,12.489393],[122.627921,12.489755],[122.629578,12.489757],[122.631235,12.489036],[122.632341,12.487952],[122.633446,12.487773],[122.633445,12.488316],[122.630864,12.491206],[122.628471,12.491383],[122.626635,12.488125],[122.625162,12.488485],[122.625714,12.488848],[122.625528,12.490113],[122.626446,12.491742],[122.626444,12.492827],[122.625892,12.493058],[122.629736,12.493],[122.631281,12.491879],[122.632798,12.492879],[122.634686,12.492439],[122.637084,12.484976],[122.638125,12.483666],[122.643753,12.483531],[122.644653,12.484152],[122.645836,12.483962],[122.647486,12.484617],[122.649074,12.483971],[122.652852,12.484367],[122.65468,12.483956],[122.656692,12.482242],[122.657151,12.480682],[122.655633,12.477793],[122.652624,12.479267],[122.652112,12.478328],[122.652518,12.47725],[122.653039,12.47738],[122.657553,12.472607],[122.660587,12.472101],[122.66102,12.469904],[122.660708,12.47117],[122.659604,12.471349],[122.659053,12.470263],[122.657031,12.468452],[122.654087,12.467725],[122.653722,12.465373],[122.652986,12.465372],[122.652433,12.466095],[122.652984,12.467],[122.652614,12.468266],[122.652797,12.468808],[122.653717,12.469171],[122.653716,12.469895],[122.652243,12.470255],[122.651876,12.46935],[122.650773,12.468987],[122.650587,12.470433],[122.652058,12.470797],[122.653161,12.471884],[122.654817,12.472067],[122.655186,12.471705],[122.655736,12.473334],[122.654079,12.473874],[122.652239,12.473691],[122.652421,12.474776],[122.6515,12.475679],[122.65058,12.475678],[122.650028,12.474954],[122.648924,12.474772],[122.649107,12.475676],[122.648739,12.475857],[122.647266,12.475855],[122.646531,12.47495],[122.646346,12.475673],[122.64561,12.475853],[122.642851,12.474221],[122.64285,12.475126],[122.64377,12.475488],[122.644872,12.476937],[122.644872,12.477479],[122.643951,12.478021]]],[[[122.655555,12.470982],[122.655923,12.471345],[122.655923,12.470983],[122.655555,12.470982]]],[[[122.628844,12.488128],[122.628476,12.487766],[122.628476,12.488128],[122.628844,12.488128]]],[[[122.634913,12.491573],[122.633993,12.491572],[122.633807,12.492476],[122.634544,12.492296],[122.634913,12.491573]]],[[[122.58006,12.493483],[122.579876,12.493301],[122.579876,12.493482],[122.58006,12.493483]]],[[[122.583925,12.493669],[122.583925,12.493691],[122.583975,12.49367],[122.583925,12.493669]]],[[[122.583004,12.493849],[122.583142,12.493872],[122.583275,12.493849],[122.583004,12.493849]]],[[[122.582084,12.494028],[122.582084,12.494069],[122.58221,12.494028],[122.582084,12.494028]]],[[[122.572697,12.493652],[122.572697,12.494014],[122.573065,12.494195],[122.573065,12.493833],[122.572697,12.493652]]],[[[122.612832,12.487563],[122.611727,12.487923],[122.611357,12.48937],[122.609332,12.489367],[122.608779,12.489909],[122.608778,12.490813],[122.606201,12.49099],[122.605834,12.490085],[122.605465,12.490266],[122.604363,12.488998],[122.604361,12.490264],[122.603256,12.490805],[122.602702,12.491889],[122.599206,12.49098],[122.599025,12.489352],[122.600865,12.489535],[122.600866,12.488993],[122.599762,12.488991],[122.599026,12.488267],[122.597922,12.488446],[122.597555,12.487903],[122.596634,12.487901],[122.595711,12.489709],[122.594607,12.489707],[122.594422,12.489936],[122.597134,12.489921],[122.598634,12.491351],[122.598969,12.492627],[122.601278,12.493731],[122.605584,12.49418],[122.608129,12.493606],[122.610115,12.492357],[122.613019,12.491422],[122.61429,12.491534],[122.61697,12.49324],[122.623236,12.492077],[122.624788,12.492639],[122.623869,12.49192],[122.622581,12.491918],[122.617241,12.492815],[122.616876,12.490825],[122.616141,12.490462],[122.615774,12.489376],[122.614486,12.489013],[122.614487,12.488289],[122.612832,12.487563]]],[[[122.578955,12.494023],[122.579323,12.494233],[122.579323,12.494205],[122.578955,12.494023]]],[[[122.506619,12.494262],[122.506434,12.494443],[122.506618,12.494443],[122.506619,12.494262]]],[[[122.58006,12.493663],[122.579983,12.494414],[122.58174,12.494209],[122.58098,12.493665],[122.58006,12.493663]]],[[[122.576193,12.494743],[122.576193,12.494764],[122.576355,12.494743],[122.576193,12.494743]]],[[[122.573143,12.494887],[122.572696,12.494556],[122.572327,12.495033],[122.572662,12.494964],[122.573143,12.494887]]],[[[122.572143,12.495098],[122.571959,12.495195],[122.572166,12.495098],[122.572143,12.495098]]],[[[122.571774,12.495278],[122.571774,12.495385],[122.571875,12.495278],[122.571774,12.495278]]],[[[122.57159,12.495459],[122.57159,12.49563],[122.571739,12.495459],[122.57159,12.495459]]],[[[122.544532,12.495957],[122.545085,12.495415],[122.545086,12.495054],[122.544349,12.495595],[122.544532,12.495957]]],[[[122.570301,12.495818],[122.570117,12.495999],[122.570301,12.495999],[122.570301,12.495818]]],[[[122.490665,12.496393],[122.490553,12.496385],[122.490535,12.496393],[122.490665,12.496393]]],[[[122.502934,12.496245],[122.502565,12.496374],[122.502933,12.496416],[122.502934,12.496245]]],[[[122.490481,12.496504],[122.49048,12.496507],[122.490481,12.496508],[122.490481,12.496504]]],[[[122.570486,12.495457],[122.570669,12.496181],[122.569195,12.497026],[122.570696,12.49628],[122.571577,12.49564],[122.570486,12.495457]]],[[[122.539192,12.497033],[122.539008,12.497213],[122.539192,12.497214],[122.539192,12.497033]]],[[[122.568852,12.49718],[122.569069,12.497082],[122.568274,12.497422],[122.568852,12.49718]]],[[[122.56809,12.497443],[122.567905,12.497576],[122.568224,12.497443],[122.56809,12.497443]]],[[[122.567721,12.497623],[122.567537,12.497735],[122.567792,12.497623],[122.567721,12.497623]]],[[[122.492181,12.498392],[122.49479,12.498217],[122.494602,12.497751],[122.495992,12.495818],[122.497536,12.495863],[122.498038,12.496528],[122.499646,12.496696],[122.50207,12.496424],[122.500541,12.49606],[122.497481,12.493693],[122.496744,12.493691],[122.496558,12.494776],[122.496193,12.49351],[122.495088,12.493508],[122.495642,12.492604],[122.497298,12.49315],[122.497667,12.492246],[122.497116,12.491884],[122.495276,12.491699],[122.493433,12.492781],[122.492515,12.491513],[122.491962,12.492055],[122.49141,12.491873],[122.490676,12.490967],[122.490494,12.48952],[122.489207,12.488975],[122.488655,12.489155],[122.488653,12.49024],[122.486443,12.490417],[122.486626,12.49114],[122.487362,12.491142],[122.487361,12.492046],[122.485887,12.492405],[122.484968,12.491861],[122.48368,12.491858],[122.483498,12.490954],[122.482395,12.490047],[122.482582,12.488782],[122.480744,12.487512],[122.478535,12.487327],[122.476877,12.488228],[122.476692,12.488746],[122.479348,12.488418],[122.479296,12.488022],[122.480272,12.488362],[122.480826,12.490994],[122.485552,12.494678],[122.488588,12.494086],[122.488937,12.494431],[122.489083,12.493892],[122.488811,12.495708],[122.489554,12.49341],[122.489697,12.493876],[122.490756,12.493072],[122.490183,12.495423],[122.490544,12.496181],[122.491218,12.496213],[122.491216,12.496936],[122.49048,12.497116],[122.490481,12.496552],[122.490448,12.497277],[122.489937,12.497478],[122.490791,12.497195],[122.492181,12.498392]]],[[[122.494897,12.496943],[122.495267,12.496402],[122.495084,12.495678],[122.494715,12.495858],[122.494897,12.496943]]],[[[122.500357,12.496059],[122.4995,12.496229],[122.500356,12.496421],[122.500357,12.496059]]],[[[122.564774,12.49862],[122.566832,12.498224],[122.567446,12.497803],[122.566616,12.498164],[122.56588,12.497801],[122.564774,12.49862]]],[[[122.56367,12.498882],[122.563669,12.499006],[122.563795,12.498882],[122.56367,12.498882]]],[[[122.563485,12.499063],[122.563513,12.499098],[122.563573,12.499063],[122.563485,12.499063]]],[[[122.520252,12.487053],[122.519334,12.486147],[122.519519,12.485424],[122.521359,12.485789],[122.52301,12.488866],[122.523561,12.48941],[122.524113,12.489411],[122.522827,12.487962],[122.522279,12.486152],[122.520992,12.485065],[122.521365,12.482714],[122.520445,12.48217],[122.520447,12.481266],[122.520261,12.482351],[122.520996,12.482894],[122.520995,12.483437],[122.520259,12.483617],[122.520076,12.483074],[122.518788,12.48271],[122.51879,12.481625],[122.517503,12.480718],[122.517138,12.479451],[122.516769,12.479451],[122.515849,12.47963],[122.515847,12.480534],[122.514924,12.481979],[122.514005,12.481616],[122.513083,12.482519],[122.510507,12.481971],[122.509217,12.482873],[122.506088,12.482868],[122.50535,12.484132],[122.504244,12.484673],[122.503872,12.486661],[122.503135,12.487022],[122.503318,12.487926],[122.501845,12.488105],[122.502395,12.48901],[122.501658,12.489732],[122.500922,12.489731],[122.500736,12.490273],[122.50221,12.489914],[122.502575,12.49118],[122.502577,12.490276],[122.503314,12.490097],[122.503864,12.491002],[122.50405,12.489917],[122.504972,12.489195],[122.506449,12.486666],[122.509763,12.48613],[122.509576,12.487576],[122.508103,12.487935],[122.506444,12.48956],[122.507177,12.491008],[122.507175,12.492093],[122.506437,12.492815],[122.506619,12.494262],[122.507355,12.494264],[122.508462,12.492638],[122.509568,12.492098],[122.513065,12.491923],[122.513615,12.49319],[122.513063,12.493189],[122.511956,12.494272],[122.507906,12.494807],[122.5068,12.495529],[122.506248,12.495528],[122.506434,12.494624],[122.504961,12.494802],[122.504226,12.494439],[122.503856,12.495342],[122.504406,12.496248],[122.502966,12.496426],[122.504981,12.496494],[122.508567,12.495215],[122.516947,12.494041],[122.516117,12.493576],[122.515427,12.491882],[122.516883,12.491576],[122.517512,12.492241],[122.517542,12.493041],[122.520182,12.494288],[122.520602,12.49492],[122.523801,12.495454],[122.523987,12.496309],[122.527678,12.499463],[122.529031,12.499626],[122.529211,12.499367],[122.52796,12.499365],[122.527961,12.499003],[122.528881,12.499005],[122.529803,12.498283],[122.529249,12.499186],[122.529321,12.499456],[122.530781,12.497616],[122.531225,12.497799],[122.530905,12.498987],[122.531532,12.499962],[122.53286,12.500571],[122.532927,12.501261],[122.532928,12.500278],[122.533666,12.499555],[122.532749,12.497745],[122.531646,12.496839],[122.5322,12.495755],[122.531284,12.493764],[122.527605,12.492491],[122.526686,12.491405],[122.524109,12.491581],[122.524109,12.491943],[122.524845,12.491944],[122.525579,12.493211],[122.526499,12.493213],[122.527049,12.494299],[122.528337,12.494482],[122.528704,12.495025],[122.529068,12.497377],[122.52741,12.498279],[122.524285,12.496103],[122.524102,12.495379],[122.520975,12.494469],[122.519873,12.493201],[122.520058,12.49284],[122.519505,12.492839],[122.519506,12.492477],[122.520242,12.492478],[122.520241,12.493021],[122.52061,12.493022],[122.520796,12.491937],[122.521902,12.491035],[122.521535,12.49013],[122.520065,12.488861],[122.519883,12.487595],[122.520252,12.487053]]],[[[122.544164,12.495956],[122.543611,12.496317],[122.543794,12.497041],[122.542685,12.49939],[122.539555,12.499927],[122.539559,12.497757],[122.539192,12.497395],[122.53919,12.498299],[122.537714,12.500467],[122.533648,12.502087],[122.539811,12.505246],[122.542416,12.504348],[122.54416,12.505628],[122.5463,12.505635],[122.548848,12.504412],[122.555025,12.497783],[122.553731,12.498143],[122.552445,12.497236],[122.553183,12.49579],[122.554841,12.495251],[122.556129,12.495434],[122.556495,12.4967],[122.556125,12.497423],[122.555205,12.497602],[122.555597,12.497873],[122.557485,12.497707],[122.557791,12.498043],[122.559808,12.496907],[122.55981,12.49544],[122.559075,12.494534],[122.557418,12.494893],[122.556683,12.494169],[122.55521,12.494528],[122.554473,12.49525],[122.552816,12.495066],[122.553004,12.492897],[122.551347,12.493436],[122.551159,12.495606],[122.549869,12.496689],[122.550787,12.497776],[122.550418,12.498318],[122.549498,12.498316],[122.548763,12.497411],[122.548945,12.498315],[122.548577,12.498315],[122.54674,12.496684],[122.545266,12.497043],[122.544897,12.497947],[122.544345,12.497946],[122.544164,12.495956]]]]}}]}