{"type":"FeatureCollection","features":[{"type":"Feature","properties":{"haz":2},"geometry":{"type":"MultiPolygon","coordinates":[[[[122.440483,12.4058],[122.440494,12.405812],[122.440477,12.405812],[122.440483,12.4058]]],[[[122.440033,12.406353],[122.440028,12.406353],[122.440033,12.40635],[122.440033,12.406353]]],[[[122.439919,12.406444],[122.439931,12.40643],[122.439941,12.406444],[122.439919,12.406444]]],[[[122.439845,12.406534],[122.439849,12.406531],[122.439849,12.406534],[122.439845,12.406534]]],[[[122.439308,12.406894],[122.439572,12.40675],[122.43948,12.406895],[122.439308,12.406894]]],[[[122.439296,12.406985],[122.439264,12.406957],[122.439296,12.406933],[122.439296,12.406985]]],[[[122.439102,12.407218],[122.439111,12.407256],[122.439068,12.407256],[122.439102,12.407218]]],[[[122.438539,12.407707],[122.438542,12.407702],[122.438558,12.407707],[122.438539,12.407707]]],[[[122.43782,12.408881],[122.437806,12.408881],[122.43782,12.408864],[122.43782,12.408881]]],[[[122.437726,12.408959],[122.437727,12.408971],[122.43772,12.408971],[122.437726,12.408959]]],[[[122.437592,12.409061],[122.437605,12.409014],[122.437635,12.409061],[122.437592,12.409061]]],[[[122.436874,12.409846],[122.436897,12.409873],[122.436837,12.409873],[122.436874,12.409846]]],[[[122.436529,12.410325],[122.436461,12.410325],[122.436529,12.410234],[122.436529,12.410325]]],[[[122.436046,12.410843],[122.436067,12.410866],[122.436012,12.410866],[122.436046,12.410843]]],[[[122.433385,12.417462],[122.433477,12.417372],[122.433477,12.417462],[122.433385,12.417462]]],[[[122.442579,12.420284],[122.444327,12.42065],[122.444417,12.421373],[122.443774,12.42092],[122.44368,12.421643],[122.444324,12.422006],[122.444597,12.423363],[122.445516,12.423636],[122.445423,12.424179],[122.446341,12.425175],[122.444041,12.425261],[122.443306,12.424446],[122.441835,12.424081],[122.442751,12.425891],[122.443028,12.42544],[122.443671,12.425984],[122.444133,12.425351],[122.446616,12.425447],[122.445142,12.426529],[122.444038,12.426617],[122.442101,12.428964],[122.439799,12.429864],[122.431614,12.428219],[122.43042,12.427132],[122.428488,12.427127],[122.429506,12.424507],[122.430981,12.422792],[122.43043,12.422339],[122.430745,12.421074],[122.431538,12.420714],[122.434017,12.422889],[122.432182,12.420715],[122.431538,12.420533],[122.432186,12.418726],[122.432832,12.418184],[122.43366,12.418186],[122.43421,12.419001],[122.437426,12.420997],[122.439357,12.421092],[122.438989,12.421181],[122.439172,12.421634],[122.439449,12.421182],[122.440369,12.421455],[122.441198,12.421095],[122.440556,12.420009],[122.436599,12.420182],[122.433844,12.418186],[122.434029,12.417644],[122.435133,12.417466],[122.433753,12.417463],[122.434674,12.416832],[122.434492,12.416198],[122.433938,12.417101],[122.433386,12.41701],[122.434774,12.413305],[122.437259,12.413039],[122.441029,12.41377],[122.443322,12.41694],[122.443504,12.417845],[122.444149,12.417484],[122.445251,12.418662],[122.449845,12.421475],[122.450486,12.422742],[122.451405,12.423286],[122.450941,12.425184],[122.450301,12.423556],[122.450205,12.425093],[122.44938,12.423734],[122.445334,12.422912],[122.444784,12.421917],[122.445245,12.421556],[122.444602,12.420831],[122.444607,12.41857],[122.44378,12.418297],[122.444145,12.419655],[122.443225,12.419381],[122.442675,12.418566],[122.442213,12.41947],[122.441298,12.417207],[122.441111,12.418654],[122.442579,12.420284]],[[122.435961,12.417558],[122.435133,12.417556],[122.436053,12.417739],[122.435961,12.417558]],[[122.436144,12.41783],[122.436053,12.417739],[122.436052,12.417829],[122.436144,12.41783]],[[122.436237,12.417649],[122.436145,12.417739],[122.436237,12.417739],[122.436237,12.417649]],[[122.434385,12.42298],[122.434109,12.42307],[122.434385,12.423071],[122.434385,12.42298]],[[122.443027,12.426253],[122.442292,12.4258],[122.442566,12.426524],[122.443027,12.426253]],[[122.443119,12.426073],[122.443027,12.426163],[122.443119,12.426163],[122.443119,12.426073]]],[[[122.438134,12.433658],[122.43804,12.434562],[122.439603,12.435199],[122.440521,12.436195],[122.441895,12.439092],[122.441984,12.440539],[122.441061,12.442074],[122.439586,12.443247],[122.439216,12.444331],[122.435165,12.445408],[122.434889,12.445317],[122.435258,12.444956],[122.434154,12.444953],[122.433601,12.445224],[122.434245,12.445406],[122.433231,12.445946],[122.431391,12.445852],[122.43084,12.445489],[122.431761,12.445039],[122.431211,12.444043],[122.429462,12.444582],[122.427898,12.444398],[122.42716,12.44521],[122.425597,12.444755],[122.427254,12.444216],[122.42744,12.443493],[122.428454,12.442862],[122.430111,12.442413],[122.429836,12.44196],[122.430387,12.442142],[122.431033,12.441601],[122.431032,12.442053],[122.431493,12.441512],[122.431034,12.441149],[122.430296,12.44178],[122.430112,12.44178],[122.429376,12.441778],[122.429375,12.442231],[122.428362,12.442771],[122.426337,12.442767],[122.424223,12.441858],[122.424314,12.442401],[122.427348,12.443311],[122.426426,12.444395],[122.42615,12.444213],[122.42652,12.443581],[122.425323,12.44385],[122.423577,12.44267],[122.423856,12.441405],[122.427812,12.441866],[122.42763,12.440871],[122.426893,12.441412],[122.425329,12.441318],[122.423859,12.440049],[122.424045,12.439416],[122.42662,12.439874],[122.425977,12.43933],[122.423861,12.439235],[122.423906,12.438059],[122.425432,12.436254],[122.424698,12.435348],[122.425069,12.433993],[122.425989,12.434085],[122.42663,12.435262],[122.427184,12.434449],[122.428746,12.435266],[122.430219,12.435089],[122.431412,12.436267],[122.431503,12.43699],[122.433527,12.436814],[122.432976,12.43627],[122.433255,12.434914],[122.430679,12.434999],[122.428472,12.434362],[122.428289,12.433819],[122.427001,12.433816],[122.426727,12.432821],[122.427188,12.43255],[122.426914,12.431465],[122.427284,12.430652],[122.427558,12.431466],[122.427098,12.431736],[122.428476,12.432734],[122.427923,12.433094],[122.429764,12.432827],[122.427742,12.431647],[122.427929,12.430291],[122.42747,12.430019],[122.428022,12.429749],[122.427656,12.428934],[122.428394,12.428212],[122.42876,12.428846],[122.429037,12.428304],[122.430602,12.428036],[122.431428,12.429033],[122.432256,12.429125],[122.433631,12.431298],[122.435289,12.430397],[122.435475,12.429493],[122.435935,12.429404],[122.437495,12.431306],[122.439145,12.434474],[122.438777,12.434564],[122.438134,12.433658]],[[122.428022,12.42993],[122.428298,12.42993],[122.428022,12.429839],[122.428022,12.42993]],[[122.436653,12.437815],[122.436562,12.437634],[122.433619,12.436814],[122.434998,12.43754],[122.436653,12.437815]],[[122.426721,12.435624],[122.426813,12.435624],[122.426722,12.435262],[122.426721,12.435624]],[[122.430204,12.44169],[122.430204,12.441599],[122.430112,12.44169],[122.430204,12.44169]],[[122.430297,12.441509],[122.430204,12.441599],[122.430296,12.4416],[122.430297,12.441509]],[[122.430755,12.442234],[122.430847,12.442234],[122.430756,12.442053],[122.430755,12.442234]],[[122.431945,12.44513],[122.431945,12.444949],[122.431761,12.445129],[122.431945,12.44513]]],[[[122.430112,12.44187],[122.43002,12.44187],[122.430112,12.44178],[122.430112,12.44187]]],[[[122.43002,12.441961],[122.429928,12.441961],[122.43002,12.44187],[122.43002,12.441961]]],[[[122.434245,12.445315],[122.434521,12.445316],[122.434245,12.445406],[122.434245,12.445315]]],[[[122.43212,12.449471],[122.431843,12.449922],[122.431659,12.44956],[122.43212,12.449471]]],[[[122.43083,12.450282],[122.43083,12.450101],[122.431014,12.450282],[122.43083,12.450282]]],[[[122.439478,12.450481],[122.440215,12.450211],[122.439937,12.451024],[122.439478,12.450481]]],[[[122.431473,12.450735],[122.431657,12.450645],[122.431657,12.450826],[122.431473,12.450735]]],[[[122.436257,12.450745],[122.436717,12.451108],[122.436165,12.451107],[122.436257,12.450745]]],[[[122.439936,12.451838],[122.440119,12.45211],[122.440027,12.452109],[122.439936,12.451838]]],[[[122.436435,12.45382],[122.436067,12.45391],[122.434964,12.453003],[122.435701,12.452643],[122.435977,12.452915],[122.435608,12.453276],[122.436435,12.45382]]],[[[122.441573,12.460432],[122.442124,12.461066],[122.441662,12.461969],[122.44111,12.462059],[122.439459,12.459433],[122.438907,12.459432],[122.439185,12.458799],[122.438817,12.458527],[122.439463,12.457715],[122.438451,12.457622],[122.438546,12.456447],[122.43744,12.457078],[122.437713,12.458254],[122.437252,12.458886],[122.436516,12.458975],[122.436979,12.457348],[122.436242,12.457708],[122.435691,12.457436],[122.434491,12.459332],[122.434118,12.461502],[122.434855,12.461141],[122.436785,12.46223],[122.438534,12.461782],[122.438901,12.462235],[122.437889,12.462323],[122.438532,12.462777],[122.437886,12.463408],[122.436848,12.463135],[122.435773,12.462048],[122.4343,12.462135],[122.432966,12.460685],[122.432927,12.459148],[122.433568,12.460325],[122.433295,12.459058],[122.434309,12.457975],[122.431643,12.457156],[122.431096,12.454894],[122.431648,12.454714],[122.432656,12.456887],[122.43468,12.45671],[122.432748,12.456706],[122.431833,12.454263],[122.431281,12.454352],[122.430822,12.453808],[122.432202,12.453811],[122.432933,12.456164],[122.433946,12.455895],[122.433947,12.455533],[122.433027,12.455531],[122.432571,12.453631],[122.433584,12.453181],[122.434868,12.454992],[122.434961,12.45454],[122.435513,12.454722],[122.434044,12.453092],[122.437996,12.455361],[122.438736,12.453554],[122.440022,12.45437],[122.440394,12.452834],[122.440118,12.452652],[122.440024,12.453647],[122.439749,12.453194],[122.440119,12.45229],[122.440395,12.452291],[122.440215,12.450482],[122.441138,12.449037],[122.440403,12.448493],[122.439299,12.448491],[122.438654,12.44867],[122.437731,12.449934],[122.437089,12.449029],[122.434787,12.449838],[122.434697,12.449205],[122.435433,12.448844],[122.433594,12.448389],[122.433867,12.449745],[122.434694,12.45038],[122.433314,12.450196],[122.433128,12.4511],[122.43414,12.451464],[122.434138,12.452188],[122.434782,12.452008],[122.434415,12.451646],[122.434692,12.451104],[122.436163,12.45183],[122.434505,12.452731],[122.43248,12.452908],[122.431471,12.451639],[122.43184,12.451278],[122.432482,12.452003],[122.432305,12.448928],[122.430371,12.449738],[122.430098,12.448381],[122.42881,12.448017],[122.428537,12.446841],[122.429179,12.447565],[122.430467,12.447659],[122.429917,12.446753],[122.430746,12.446664],[122.43194,12.447571],[122.430835,12.447659],[122.431478,12.448294],[122.432858,12.448206],[122.433782,12.446761],[122.434794,12.446763],[122.434519,12.446311],[122.435257,12.445498],[122.437926,12.444961],[122.437464,12.445684],[122.437924,12.445956],[122.438663,12.444601],[122.438754,12.445234],[122.43949,12.445055],[122.440317,12.445509],[122.44004,12.44596],[122.439213,12.445416],[122.439396,12.44605],[122.438844,12.445958],[122.439119,12.446501],[122.440868,12.446053],[122.442432,12.446237],[122.443167,12.446781],[122.44298,12.448137],[122.443991,12.448501],[122.443806,12.448952],[122.446472,12.450224],[122.447113,12.451853],[122.446927,12.452757],[122.44527,12.452844],[122.445081,12.455375],[122.443793,12.455101],[122.443697,12.45691],[122.441857,12.456906],[122.442316,12.45754],[122.441855,12.45772],[122.44296,12.45736],[122.443051,12.457813],[122.442495,12.459801],[122.440931,12.459888],[122.441295,12.461697],[122.441573,12.460432]],[[122.442597,12.455099],[122.443793,12.455011],[122.443978,12.454559],[122.442239,12.450577],[122.44187,12.450666],[122.441688,12.449852],[122.440768,12.450031],[122.441041,12.451117],[122.443153,12.453291],[122.443152,12.453834],[122.441588,12.45374],[122.44131,12.454463],[122.442597,12.455099]],[[122.442707,12.44678],[122.442799,12.44669],[122.442707,12.446689],[122.442707,12.44678]],[[122.439746,12.45446],[122.439838,12.45437],[122.439746,12.45437],[122.439746,12.45446]],[[122.439837,12.454731],[122.439654,12.45446],[122.439562,12.45464],[122.439837,12.454731]]],[[[122.438358,12.457984],[122.437899,12.457711],[122.437808,12.457259],[122.438359,12.457712],[122.438358,12.457984]]],[[[122.432009,12.45788],[122.432101,12.45779],[122.432101,12.45788],[122.432009,12.45788]]],[[[122.432193,12.457971],[122.433849,12.458155],[122.432284,12.458423],[122.432193,12.457971]]],[[[122.431823,12.458693],[122.431639,12.458693],[122.431272,12.45824],[122.431824,12.458513],[122.431823,12.458693]]],[[[122.438815,12.459341],[122.438447,12.459521],[122.438632,12.458979],[122.438815,12.459341]]],[[[122.435042,12.459424],[122.43624,12.458974],[122.43725,12.45988],[122.437712,12.458706],[122.438173,12.458707],[122.437892,12.460876],[122.437155,12.461146],[122.437617,12.460514],[122.436605,12.460241],[122.435868,12.460782],[122.435502,12.459696],[122.435315,12.460871],[122.434671,12.46087],[122.435042,12.459424]]],[[[122.437523,12.461418],[122.437339,12.461418],[122.437523,12.461328],[122.437523,12.461418]]],[[[122.457537,12.394633],[122.457537,12.394543],[122.457721,12.394634],[122.457537,12.394633]]],[[[122.452383,12.395889],[122.452383,12.395839],[122.452567,12.395889],[122.452383,12.395889]]],[[[122.453386,12.39987],[122.453757,12.398605],[122.452656,12.396884],[122.453851,12.397791],[122.454307,12.39951],[122.455318,12.399964],[122.455049,12.396346],[122.455328,12.395352],[122.455971,12.395354],[122.456339,12.395626],[122.455969,12.39662],[122.456239,12.399604],[122.4555,12.400959],[122.453936,12.401046],[122.453477,12.400322],[122.453754,12.399961],[122.453386,12.39987]],[[122.454397,12.400505],[122.454121,12.400323],[122.453845,12.400594],[122.454397,12.400505]]],[[[122.441693,12.404277],[122.441625,12.404277],[122.441694,12.404186],[122.441693,12.404277]]],[[[122.441546,12.404367],[122.441554,12.404342],[122.441601,12.404367],[122.441546,12.404367]]],[[[122.441448,12.404453],[122.441454,12.40441],[122.441509,12.404457],[122.441448,12.404453]]],[[[122.441357,12.404517],[122.441417,12.404548],[122.441339,12.404547],[122.441357,12.404517]]],[[[122.441302,12.404819],[122.44131,12.404811],[122.441324,12.404819],[122.441302,12.404819]]],[[[122.444264,12.406814],[122.442058,12.405724],[122.441694,12.404113],[122.44243,12.403736],[122.444176,12.404825],[122.444726,12.40564],[122.444632,12.406996],[122.444264,12.406814]],[[122.444081,12.406452],[122.443989,12.406452],[122.44408,12.406542],[122.444081,12.406452]],[[122.443805,12.40618],[122.443805,12.406361],[122.443989,12.406271],[122.443805,12.40618]],[[122.443713,12.40609],[122.443805,12.40618],[122.443805,12.40609],[122.443713,12.40609]]],[[[122.444264,12.406905],[122.444172,12.406904],[122.444264,12.406814],[122.444264,12.406905]]],[[[122.449605,12.404384],[122.449055,12.403297],[122.449336,12.400947],[122.449794,12.401761],[122.449608,12.402937],[122.450251,12.4033],[122.450433,12.404204],[122.451077,12.404206],[122.453365,12.409998],[122.455203,12.411177],[122.455291,12.412805],[122.457126,12.415431],[122.457307,12.416607],[122.457582,12.417059],[122.456663,12.416786],[122.45602,12.416242],[122.456205,12.41561],[122.455747,12.415066],[122.450594,12.415237],[122.448201,12.415955],[122.44645,12.417127],[122.44507,12.417034],[122.444887,12.416491],[122.446728,12.416224],[122.447466,12.415502],[122.444336,12.416038],[122.444523,12.414772],[122.444156,12.41441],[122.436064,12.412585],[122.435421,12.411769],[122.435934,12.410923],[122.436619,12.411139],[122.438002,12.409424],[122.438555,12.409334],[122.438926,12.407798],[122.439478,12.407799],[122.44205,12.409432],[122.444441,12.409979],[122.445175,12.411066],[122.445359,12.410886],[122.444259,12.409165],[122.444719,12.409076],[122.445361,12.410072],[122.446466,12.409441],[122.447747,12.412789],[122.449768,12.414331],[122.452068,12.414245],[122.452527,12.414698],[122.453908,12.414339],[122.454187,12.412983],[122.453361,12.412077],[122.452074,12.411623],[122.451892,12.410718],[122.450789,12.409902],[122.450607,12.409178],[122.448954,12.407728],[122.446197,12.406366],[122.446935,12.405373],[122.446568,12.40492],[122.446847,12.403474],[122.44841,12.403929],[122.448961,12.404563],[122.449605,12.404384]],[[122.453907,12.414701],[122.453631,12.41461],[122.454367,12.414883],[122.453907,12.414701]],[[122.456664,12.416153],[122.45694,12.416425],[122.457033,12.416064],[122.456665,12.415701],[122.456664,12.416153]]],[[[122.44498,12.416039],[122.44452,12.41631],[122.444243,12.416671],[122.44452,12.416129],[122.44498,12.416039]]],[[[122.457399,12.416607],[122.457399,12.416697],[122.457307,12.416607],[122.457399,12.416607]]],[[[122.452431,12.416868],[122.452247,12.416868],[122.452339,12.416687],[122.452431,12.416868]]],[[[122.455259,12.428358],[122.454983,12.428358],[122.454891,12.428177],[122.455259,12.428358]]],[[[122.454615,12.428357],[122.454891,12.428267],[122.454891,12.428357],[122.454615,12.428357]]],[[[122.455351,12.428358],[122.455351,12.428449],[122.455259,12.428358],[122.455351,12.428358]]],[[[122.452407,12.427991],[122.452867,12.428263],[122.454615,12.428447],[122.453602,12.428807],[122.452682,12.428534],[122.452589,12.428986],[122.452407,12.427991]]],[[[122.454058,12.430797],[122.454703,12.430256],[122.455805,12.431072],[122.455712,12.431524],[122.453688,12.43143],[122.452496,12.429528],[122.452497,12.429166],[122.453783,12.429983],[122.454058,12.430797]],[[122.453232,12.429801],[122.453047,12.429981],[122.453231,12.429982],[122.453232,12.429801]]],[[[122.455989,12.431072],[122.455897,12.431072],[122.455989,12.430982],[122.455989,12.431072]]],[[[122.457092,12.431527],[122.457092,12.431889],[122.456816,12.431707],[122.457092,12.431527]]],[[[122.453871,12.432063],[122.453778,12.432334],[122.453779,12.432063],[122.453871,12.432063]]],[[[122.453778,12.432424],[122.453686,12.432424],[122.453778,12.432334],[122.453778,12.432424]]],[[[122.453409,12.433057],[122.45341,12.432514],[122.453686,12.432605],[122.453409,12.433057]]],[[[122.453127,12.435769],[122.452666,12.43613],[122.452759,12.435678],[122.453127,12.435769]]],[[[122.454227,12.437761],[122.45349,12.438482],[122.454502,12.438123],[122.454318,12.438575],[122.453581,12.438844],[122.452847,12.438029],[122.452018,12.438027],[122.451561,12.436851],[122.453034,12.436311],[122.453309,12.436674],[122.452572,12.437124],[122.453307,12.43794],[122.454136,12.437399],[122.4557,12.437492],[122.45956,12.43967],[122.457442,12.440209],[122.455975,12.438035],[122.454227,12.437761]]],[[[122.445758,12.439733],[122.44723,12.439826],[122.447505,12.440279],[122.44539,12.440003],[122.445758,12.439733]]],[[[122.447034,12.445523],[122.446391,12.44525],[122.446574,12.445522],[122.445283,12.446695],[122.444363,12.446693],[122.44418,12.44624],[122.445471,12.445067],[122.445196,12.444705],[122.445565,12.444254],[122.44483,12.443348],[122.445016,12.442715],[122.445293,12.442354],[122.446028,12.442627],[122.446674,12.441724],[122.446858,12.441996],[122.44778,12.440822],[122.447038,12.443443],[122.446394,12.443803],[122.447034,12.445523]],[[122.446673,12.442086],[122.446766,12.441995],[122.446673,12.441995],[122.446673,12.442086]]],[[[122.44501,12.445338],[122.444918,12.445337],[122.44501,12.445247],[122.44501,12.445338]]],[[[122.443719,12.446782],[122.44418,12.446512],[122.443719,12.446963],[122.443719,12.446782]]],[[[122.443164,12.448137],[122.443072,12.448046],[122.443164,12.448047],[122.443164,12.448137]]],[[[122.447939,12.452578],[122.447847,12.452668],[122.447847,12.452578],[122.447939,12.452578]]],[[[122.447847,12.452758],[122.447755,12.452758],[122.447847,12.452668],[122.447847,12.452758]]],[[[122.453184,12.45286],[122.453275,12.45295],[122.453183,12.45295],[122.453184,12.45286]]],[[[122.448025,12.455472],[122.446644,12.45574],[122.446831,12.454746],[122.44849,12.453393],[122.45033,12.453487],[122.4495,12.454028],[122.45079,12.453578],[122.451343,12.453127],[122.451754,12.453104],[122.451343,12.452766],[122.452999,12.45295],[122.452557,12.453057],[122.454379,12.452953],[122.452258,12.45539],[122.451153,12.45593],[122.448025,12.455472]]],[[[122.445446,12.456823],[122.445999,12.456281],[122.447011,12.456645],[122.445169,12.457094],[122.444986,12.456551],[122.445632,12.456009],[122.446003,12.454563],[122.446278,12.454835],[122.446095,12.454383],[122.447143,12.45343],[122.447202,12.453028],[122.447668,12.452953],[122.448677,12.452037],[122.449781,12.452039],[122.446647,12.454565],[122.446,12.456101],[122.445078,12.456732],[122.445446,12.456823]]],[[[122.455664,12.454583],[122.455664,12.454854],[122.45502,12.454762],[122.455664,12.454583]]],[[[122.451237,12.459819],[122.451145,12.459819],[122.451237,12.459728],[122.451237,12.459819]]],[[[122.450868,12.459908],[122.450776,12.459999],[122.450776,12.459908],[122.450868,12.459908]]],[[[122.450776,12.460089],[122.450592,12.460089],[122.450776,12.459999],[122.450776,12.460089]]],[[[122.442678,12.460434],[122.442677,12.460615],[122.442217,12.460614],[122.442678,12.460434]]],[[[122.455095,12.462901],[122.455187,12.462811],[122.455187,12.462901],[122.455095,12.462901]]],[[[122.454175,12.462899],[122.454174,12.46299],[122.454083,12.462899],[122.454175,12.462899]]],[[[122.457576,12.464624],[122.457484,12.464714],[122.457484,12.464624],[122.457576,12.464624]]],[[[122.457114,12.465347],[122.457207,12.464804],[122.457298,12.465257],[122.457114,12.465347]]],[[[122.452697,12.465338],[122.452605,12.465338],[122.452697,12.465247],[122.452697,12.465338]]],[[[122.452513,12.465428],[122.452421,12.465428],[122.452513,12.465337],[122.452513,12.465428]]],[[[122.452143,12.466512],[122.451774,12.466783],[122.451591,12.466421],[122.452143,12.466512]]],[[[122.455255,12.474205],[122.455347,12.474205],[122.455255,12.474295],[122.455255,12.474205]]],[[[122.45709,12.477012],[122.456446,12.47692],[122.456815,12.476197],[122.45709,12.47674],[122.45709,12.477012]]],[[[122.454605,12.477007],[122.454513,12.477006],[122.454605,12.476916],[122.454605,12.477007]]],[[[122.457365,12.477555],[122.457641,12.477284],[122.45764,12.477736],[122.457365,12.477555]]],[[[122.470697,12.392127],[122.470605,12.392127],[122.47033,12.391765],[122.470698,12.391766],[122.470697,12.392127]]],[[[122.465453,12.392388],[122.465453,12.392344],[122.465545,12.392388],[122.465453,12.392388]]],[[[122.466003,12.393294],[122.466005,12.39257],[122.467016,12.392753],[122.46637,12.393747],[122.466647,12.393205],[122.466003,12.393294]]],[[[122.464716,12.392839],[122.465451,12.393112],[122.465358,12.393745],[122.464807,12.393382],[122.464716,12.392839]]],[[[122.463793,12.394284],[122.464252,12.394737],[122.463883,12.395279],[122.463793,12.394284]]],[[[122.464155,12.39754],[122.464062,12.397721],[122.463878,12.39772],[122.464155,12.39754]]],[[[122.463501,12.40197],[122.463779,12.401428],[122.463042,12.401517],[122.463228,12.400975],[122.464056,12.400524],[122.46516,12.400707],[122.464791,12.40143],[122.463501,12.40197]]],[[[122.462,12.416254],[122.463014,12.415352],[122.462617,12.414437],[122.462556,12.414356],[122.462582,12.414357],[122.462465,12.414085],[122.462189,12.413904],[122.462006,12.41327],[122.460077,12.412181],[122.461273,12.411822],[122.460447,12.410826],[122.461371,12.40929],[122.460268,12.408655],[122.460823,12.407209],[122.459906,12.40567],[122.460643,12.40522],[122.461931,12.405312],[122.462387,12.407032],[122.4611,12.406396],[122.461836,12.40685],[122.461926,12.407754],[122.462386,12.407393],[122.464224,12.408572],[122.464225,12.40812],[122.463122,12.407576],[122.462942,12.405676],[122.463311,12.405315],[122.462483,12.405223],[122.464508,12.404775],[122.465154,12.40342],[122.464602,12.403781],[122.464419,12.403328],[122.465156,12.402606],[122.466444,12.40288],[122.467361,12.404329],[122.468178,12.409484],[122.468824,12.408401],[122.469284,12.408402],[122.471121,12.410033],[122.47084,12.412564],[122.469923,12.411116],[122.46983,12.411658],[122.470472,12.412473],[122.468449,12.412017],[122.46863,12.413374],[122.467987,12.41283],[122.468451,12.411113],[122.467807,12.411111],[122.467711,12.412829],[122.468353,12.413825],[122.468075,12.41491],[122.468534,12.415634],[122.467977,12.417984],[122.470186,12.417627],[122.470553,12.417989],[122.468626,12.415454],[122.46872,12.414549],[122.470192,12.414552],[122.470467,12.415005],[122.471572,12.414645],[122.472582,12.415642],[122.472304,12.416636],[122.474971,12.417184],[122.475708,12.416733],[122.477179,12.416827],[122.476074,12.417367],[122.476442,12.417729],[122.47727,12.417369],[122.476717,12.418092],[122.47699,12.419268],[122.476162,12.419718],[122.476805,12.419991],[122.475976,12.420351],[122.47561,12.419717],[122.474966,12.419716],[122.477078,12.421619],[122.478091,12.421259],[122.478826,12.421713],[122.478643,12.42117],[122.47938,12.420448],[122.478924,12.418458],[122.478279,12.41918],[122.478373,12.418095],[122.47911,12.417735],[122.479019,12.417101],[122.479937,12.417827],[122.480676,12.416562],[122.480034,12.415295],[122.47995,12.411406],[122.479674,12.411496],[122.479762,12.413486],[122.478663,12.411042],[122.478755,12.410771],[122.479582,12.411315],[122.479033,12.410229],[122.477562,12.409412],[122.477561,12.410136],[122.477009,12.409773],[122.47526,12.410403],[122.475353,12.40986],[122.476458,12.409681],[122.475447,12.409047],[122.475908,12.408414],[122.475542,12.407329],[122.475821,12.405882],[122.477109,12.405794],[122.476371,12.406788],[122.476369,12.407873],[122.476737,12.407873],[122.477751,12.406881],[122.477202,12.405704],[122.481434,12.405622],[122.480972,12.406254],[122.481152,12.408696],[122.480502,12.411317],[122.481514,12.411681],[122.481512,12.41272],[122.481697,12.412043],[122.482341,12.411773],[122.481699,12.410777],[122.481976,12.410325],[122.48262,12.410507],[122.482434,12.411682],[122.482985,12.412226],[122.482155,12.413129],[122.482059,12.414847],[122.484083,12.415031],[122.48399,12.415574],[122.482334,12.415661],[122.481965,12.416022],[122.481506,12.415569],[122.481693,12.414122],[122.481326,12.413398],[122.481497,12.412775],[122.480314,12.413487],[122.480773,12.414211],[122.480587,12.414844],[122.481139,12.414845],[122.480861,12.415839],[122.48279,12.41738],[122.483711,12.41711],[122.48334,12.418828],[122.483978,12.421542],[122.48379,12.423893],[122.480658,12.425695],[122.480197,12.426327],[122.479001,12.426054],[122.477803,12.426865],[122.477159,12.426774],[122.477804,12.426323],[122.477068,12.426321],[122.474491,12.42704],[122.477711,12.427046],[122.480288,12.426508],[122.480657,12.425876],[122.483236,12.424615],[122.487191,12.425256],[122.486545,12.42643],[122.487003,12.427335],[122.487555,12.427246],[122.487646,12.427879],[122.486819,12.427425],[122.486636,12.426882],[122.4859,12.42679],[122.485898,12.427966],[122.485068,12.428597],[122.486171,12.429504],[122.484147,12.4295],[122.483965,12.428324],[122.482951,12.429045],[122.483133,12.430131],[122.481937,12.430129],[122.483497,12.432302],[122.483683,12.431488],[122.484142,12.43167],[122.483587,12.433206],[122.48469,12.434113],[122.48441,12.43583],[122.485422,12.436013],[122.485512,12.437189],[122.486249,12.436376],[122.487077,12.436649],[122.486892,12.437191],[122.487902,12.438098],[122.487533,12.438639],[122.487714,12.440087],[122.488177,12.438641],[122.49057,12.438374],[122.491677,12.436658],[122.492966,12.436208],[122.492599,12.436027],[122.49177,12.436387],[122.490576,12.435209],[122.490577,12.434847],[122.491312,12.43512],[122.491681,12.434488],[122.492139,12.435574],[122.492602,12.434309],[122.493889,12.434944],[122.493519,12.435757],[122.493979,12.435848],[122.49665,12.434406],[122.499592,12.435407],[122.501977,12.43948],[122.501515,12.440293],[122.500227,12.440381],[122.499488,12.441917],[122.498844,12.441916],[122.498104,12.443995],[122.497091,12.444535],[122.497645,12.44327],[122.496911,12.442003],[122.498754,12.44065],[122.499125,12.439475],[122.500229,12.439296],[122.500414,12.438754],[122.498207,12.438207],[122.498026,12.436579],[122.496646,12.436758],[122.49406,12.441545],[122.492954,12.442357],[122.49286,12.443533],[122.492123,12.443893],[122.491757,12.442988],[122.491663,12.444163],[122.49203,12.444345],[122.489534,12.450218],[122.488427,12.451663],[122.487968,12.451571],[122.48797,12.450396],[122.488338,12.450577],[122.4888,12.449584],[122.488433,12.44895],[122.487326,12.450395],[122.487874,12.452566],[122.486767,12.454011],[122.486122,12.4541],[122.486213,12.454733],[122.485569,12.454822],[122.483823,12.453372],[122.484565,12.450389],[122.484932,12.451023],[122.484935,12.449848],[122.484566,12.450118],[122.4842,12.449123],[122.485033,12.446683],[122.484851,12.445778],[122.484116,12.445053],[122.481815,12.44523],[122.481264,12.444686],[122.482185,12.444417],[122.482647,12.443513],[122.483289,12.444509],[122.483383,12.443424],[122.484211,12.443516],[122.485132,12.442795],[122.48514,12.439087],[122.483761,12.438632],[122.481456,12.440527],[122.481085,12.442516],[122.480717,12.442334],[122.480989,12.444143],[122.480532,12.442515],[122.479246,12.441517],[122.480348,12.442695],[122.480803,12.445409],[122.480242,12.449929],[122.478034,12.449473],[122.478037,12.447845],[122.476658,12.44739],[122.476384,12.446395],[122.475557,12.445851],[122.474912,12.446302],[122.473993,12.445757],[122.472708,12.444218],[122.4716,12.446386],[122.470588,12.445931],[122.470683,12.444485],[122.471513,12.443763],[122.471422,12.443311],[122.471145,12.443762],[122.471148,12.442406],[122.472068,12.442317],[122.472894,12.443494],[122.472623,12.440962],[122.471703,12.440508],[122.47189,12.439062],[122.473824,12.438342],[122.47456,12.438615],[122.473549,12.437618],[122.47447,12.437439],[122.474472,12.436354],[122.475392,12.436356],[122.475028,12.434637],[122.476863,12.436991],[122.478337,12.436],[122.478523,12.435096],[122.47926,12.434735],[122.479354,12.43365],[122.48064,12.434828],[122.481653,12.434288],[122.483674,12.435919],[122.484318,12.43583],[122.481655,12.433203],[122.479815,12.43329],[122.479541,12.431933],[122.478531,12.431207],[122.478441,12.430212],[122.478162,12.431478],[122.478988,12.432836],[122.478527,12.433197],[122.478524,12.434553],[122.477972,12.434642],[122.478065,12.4341],[122.476963,12.432922],[122.477149,12.431928],[122.476598,12.431746],[122.47614,12.430479],[122.476784,12.43039],[122.476141,12.429937],[122.47734,12.428583],[122.47522,12.430568],[122.472551,12.430744],[122.475311,12.431111],[122.47568,12.430659],[122.475586,12.431473],[122.475954,12.431383],[122.475863,12.43075],[122.476231,12.430932],[122.476689,12.432018],[122.475767,12.43301],[122.475673,12.433915],[122.476224,12.434729],[122.475579,12.434728],[122.475306,12.433281],[122.474293,12.433912],[122.473927,12.432916],[122.472823,12.432643],[122.472729,12.433638],[122.474017,12.433911],[122.472266,12.435445],[122.471895,12.43662],[122.472816,12.436441],[122.472817,12.435989],[122.472448,12.436169],[122.472726,12.435537],[122.474014,12.435268],[122.47429,12.43563],[122.473827,12.437076],[122.472077,12.437796],[122.470971,12.438879],[122.471244,12.440417],[122.470233,12.43951],[122.47023,12.441319],[122.470781,12.441591],[122.470964,12.442406],[122.469767,12.442403],[122.469029,12.443396],[122.468842,12.444843],[122.469483,12.446291],[122.469389,12.447647],[122.4681,12.447826],[122.46792,12.446107],[122.467182,12.446648],[122.467456,12.447824],[122.470213,12.449457],[122.473432,12.450006],[122.473799,12.45064],[122.474352,12.450551],[122.474353,12.449827],[122.475272,12.450191],[122.475178,12.451276],[122.47573,12.451638],[122.474901,12.451637],[122.474901,12.452089],[122.475913,12.452001],[122.477571,12.450919],[122.476467,12.450916],[122.476376,12.450283],[122.480057,12.45011],[122.4807,12.450563],[122.480974,12.451739],[122.478674,12.451463],[122.477385,12.451913],[122.476648,12.452725],[122.4747,12.452954],[122.474807,12.452993],[122.47437,12.452992],[122.47361,12.453081],[122.474622,12.453264],[122.47462,12.454078],[122.474619,12.454801],[122.477198,12.45345],[122.477009,12.455891],[122.477378,12.45553],[122.478389,12.455984],[122.477287,12.455259],[122.477288,12.454535],[122.478115,12.454898],[122.478118,12.453813],[122.477841,12.453994],[122.477844,12.452637],[122.477383,12.452908],[122.4772,12.452455],[122.477753,12.452004],[122.479318,12.451917],[122.481157,12.452282],[122.481799,12.453187],[122.484282,12.454368],[122.485016,12.455273],[122.48612,12.455366],[122.486394,12.456361],[122.485655,12.457987],[122.484275,12.457804],[122.484641,12.458799],[122.48556,12.459434],[122.485466,12.460157],[122.48436,12.46124],[122.482889,12.460514],[122.483715,12.461601],[122.483067,12.463408],[122.482702,12.461961],[122.482241,12.462412],[122.48077,12.462047],[122.479303,12.459332],[122.478568,12.458878],[122.478198,12.45942],[122.476082,12.459325],[122.475716,12.458601],[122.47728,12.458604],[122.477189,12.458062],[122.47544,12.45833],[122.475438,12.459234],[122.473598,12.45923],[122.472862,12.459048],[122.473323,12.458597],[122.47167,12.457147],[122.471669,12.457599],[122.472587,12.458505],[122.472402,12.458957],[122.471944,12.457961],[122.470564,12.457958],[122.471483,12.458684],[122.471573,12.459317],[122.478014,12.45951],[122.478197,12.460324],[122.478933,12.460235],[122.479392,12.46096],[122.478377,12.462043],[122.478838,12.461772],[122.479481,12.462407],[122.480769,12.46259],[122.480859,12.463223],[122.480306,12.463674],[122.479019,12.4634],[122.47957,12.463854],[122.479292,12.464486],[122.478373,12.464123],[122.478647,12.465118],[122.477819,12.464845],[122.478093,12.466111],[122.475147,12.46701],[122.474136,12.466104],[122.474415,12.464748],[122.47405,12.4633],[122.473589,12.463752],[122.473222,12.463208],[122.472578,12.463207],[122.474048,12.464295],[122.47386,12.466103],[122.474318,12.467008],[122.475053,12.467643],[122.476619,12.466742],[122.478,12.466654],[122.479845,12.464216],[122.480858,12.463856],[122.482146,12.46422],[122.483711,12.4635],[122.483986,12.464405],[122.484264,12.463049],[122.485278,12.462327],[122.486013,12.463142],[122.486011,12.463685],[122.485367,12.463955],[122.485458,12.464588],[122.486287,12.463866],[122.487022,12.464591],[122.488586,12.464504],[122.489505,12.4655],[122.489318,12.466585],[122.490883,12.466226],[122.492262,12.467314],[122.491892,12.468037],[122.490511,12.468305],[122.491523,12.468579],[122.491614,12.469302],[122.490324,12.470114],[122.489588,12.46975],[122.48876,12.47002],[122.488945,12.469388],[122.488025,12.469115],[122.487196,12.469384],[122.487471,12.470199],[122.485171,12.470104],[122.485997,12.470919],[122.489219,12.470292],[122.490229,12.47147],[122.489674,12.473096],[122.488386,12.473004],[122.489581,12.473277],[122.489852,12.476171],[122.490678,12.477168],[122.490309,12.477438],[122.491045,12.47762],[122.492242,12.477351],[122.4904,12.478071],[122.489021,12.477617],[122.488103,12.476168],[122.488377,12.477344],[122.487273,12.477342],[122.486084,12.473361],[122.4859,12.473541],[122.486538,12.476436],[122.485618,12.476344],[122.486813,12.47707],[122.485984,12.477792],[122.487548,12.477614],[122.487916,12.477976],[122.488377,12.477615],[122.489204,12.477979],[122.48819,12.478791],[122.490213,12.479699],[122.490395,12.480513],[122.489568,12.480059],[122.489842,12.480964],[122.489015,12.480691],[122.489108,12.479968],[122.487635,12.480146],[122.487085,12.479421],[122.485887,12.480143],[122.485151,12.480051],[122.4846,12.479326],[122.484603,12.47797],[122.484237,12.476884],[122.484144,12.477517],[122.48451,12.478331],[122.484416,12.479326],[122.483955,12.479687],[122.483496,12.479053],[122.482852,12.479233],[122.483315,12.477696],[122.48258,12.477333],[122.48304,12.477063],[122.482765,12.476791],[122.482027,12.477513],[122.482029,12.476518],[122.482582,12.476067],[122.481938,12.475885],[122.481664,12.475161],[122.482217,12.47471],[122.483413,12.474893],[122.484242,12.474262],[122.482585,12.47462],[122.482402,12.473987],[122.483047,12.473446],[122.481758,12.473805],[122.481483,12.473262],[122.483604,12.471457],[122.482498,12.471998],[122.482408,12.471274],[122.483144,12.471366],[122.483145,12.470823],[122.482501,12.470732],[122.482595,12.469828],[122.481669,12.472539],[122.481671,12.471634],[122.48121,12.472086],[122.481213,12.470458],[122.480842,12.471723],[122.479923,12.471088],[122.480017,12.470184],[122.479467,12.469369],[122.478178,12.469819],[122.478453,12.470362],[122.478638,12.46973],[122.478914,12.469911],[122.479001,12.471991],[122.478081,12.47217],[122.478724,12.472443],[122.478813,12.474251],[122.479181,12.474252],[122.479001,12.472081],[122.48038,12.472988],[122.479921,12.472174],[122.480382,12.471722],[122.480932,12.472809],[122.480839,12.473532],[122.480287,12.473531],[122.479092,12.472715],[122.480653,12.474526],[122.480191,12.475158],[122.481111,12.475703],[122.481109,12.476245],[122.479637,12.476423],[122.480925,12.476335],[122.480465,12.476606],[122.480648,12.476678],[122.480649,12.476606],[122.480741,12.476606],[122.480662,12.476683],[122.481384,12.476969],[122.481198,12.478054],[122.482025,12.478508],[122.481932,12.478869],[122.48138,12.479139],[122.482484,12.479141],[122.482391,12.479684],[122.480549,12.480223],[122.48239,12.479955],[122.482021,12.480768],[122.482756,12.481312],[122.483032,12.481132],[122.483309,12.48068],[122.483584,12.481133],[122.48211,12.482125],[122.483122,12.482036],[122.483768,12.481314],[122.484411,12.481767],[122.484413,12.481044],[122.485057,12.480864],[122.486069,12.481319],[122.486342,12.482585],[122.485881,12.483398],[122.484961,12.483125],[122.485511,12.484211],[122.48468,12.485656],[122.483391,12.485744],[122.48284,12.485291],[122.482476,12.483301],[122.480911,12.483388],[122.480725,12.484383],[122.479988,12.485014],[122.479622,12.483567],[122.478334,12.483564],[122.478429,12.482299],[122.479442,12.481577],[122.478522,12.481756],[122.478246,12.481394],[122.479628,12.481035],[122.479353,12.48013],[122.480091,12.479499],[122.480091,12.479318],[122.479723,12.479227],[122.48,12.478684],[122.480091,12.479227],[122.480094,12.478052],[122.478625,12.476331],[122.480466,12.475792],[122.479362,12.475609],[122.479365,12.474433],[122.478901,12.47597],[122.478719,12.475155],[122.477063,12.474971],[122.47771,12.473707],[122.477437,12.472169],[122.478082,12.471447],[122.477992,12.470723],[122.477715,12.470994],[122.477994,12.469728],[122.476979,12.470992],[122.47698,12.470269],[122.476244,12.470267],[122.476153,12.469815],[122.475968,12.470448],[122.476519,12.47072],[122.475775,12.474878],[122.476423,12.473071],[122.476426,12.471443],[122.477806,12.471446],[122.47716,12.472349],[122.477434,12.473706],[122.476972,12.474338],[122.476512,12.474247],[122.476786,12.475604],[122.47568,12.476235],[122.474762,12.475238],[122.474672,12.474062],[122.474947,12.474515],[122.4755,12.474064],[122.475042,12.473159],[122.475967,12.47081],[122.475229,12.471531],[122.474765,12.47361],[122.474397,12.47361],[122.473573,12.471528],[122.474682,12.469451],[122.473482,12.470986],[122.473853,12.469449],[122.473576,12.469991],[122.473024,12.46999],[122.472383,12.468361],[122.471831,12.46836],[122.472565,12.469356],[122.47357,12.473066],[122.472924,12.474149],[122.474396,12.474243],[122.474668,12.476413],[122.475219,12.476595],[122.474482,12.477046],[122.474846,12.479127],[122.474477,12.479849],[122.472452,12.479755],[122.470433,12.476948],[122.470619,12.476044],[122.471541,12.475322],[122.470807,12.474326],[122.471542,12.474689],[122.472463,12.474239],[122.472282,12.472973],[122.472835,12.472612],[122.472837,12.471708],[122.472377,12.471526],[122.471732,12.472067],[122.472097,12.473244],[122.471087,12.472066],[122.470993,12.473151],[122.471637,12.473514],[122.4709,12.473512],[122.470436,12.475591],[122.47007,12.474596],[122.470535,12.472427],[122.470351,12.472155],[122.470074,12.472607],[122.469799,12.471883],[122.470444,12.471703],[122.470447,12.470437],[122.470815,12.470347],[122.470997,12.471071],[122.471277,12.469534],[122.470175,12.467995],[122.469623,12.468175],[122.469716,12.467632],[122.469254,12.468717],[122.468794,12.468535],[122.468885,12.468987],[122.468425,12.468986],[122.468607,12.470162],[122.46953,12.468446],[122.470542,12.46881],[122.470632,12.469533],[122.469804,12.469893],[122.46888,12.471429],[122.468323,12.47396],[122.46915,12.474323],[122.470068,12.475771],[122.470065,12.477037],[122.471259,12.478215],[122.471258,12.478939],[122.470799,12.478214],[122.469601,12.478845],[122.469971,12.477851],[122.469421,12.477217],[122.466845,12.47676],[122.466663,12.475765],[122.467031,12.475946],[122.466572,12.475312],[122.466294,12.476307],[122.466111,12.475492],[122.466388,12.475222],[122.465928,12.475221],[122.466664,12.474951],[122.466942,12.474138],[122.466389,12.47477],[122.4651,12.474767],[122.465559,12.475672],[122.465097,12.476666],[122.462432,12.474581],[122.463079,12.473316],[122.463171,12.473316],[122.464643,12.473319],[122.464553,12.472324],[122.465474,12.472236],[122.466025,12.472689],[122.46584,12.473322],[122.466208,12.473232],[122.466393,12.47269],[122.465567,12.471874],[122.466858,12.470159],[122.465752,12.471242],[122.464464,12.470877],[122.464187,12.471419],[122.465016,12.47124],[122.465199,12.471602],[122.464186,12.471872],[122.463632,12.472775],[122.462712,12.472863],[122.462991,12.471236],[122.463543,12.471237],[122.464466,12.469883],[122.464006,12.469882],[122.464008,12.468887],[122.463549,12.468615],[122.464009,12.468345],[122.464929,12.468708],[122.465942,12.468077],[122.465853,12.466992],[122.467696,12.465549],[122.467702,12.462655],[122.468071,12.462203],[122.470003,12.462479],[122.470648,12.461756],[122.470557,12.461304],[122.469821,12.461212],[122.470099,12.460489],[122.469731,12.460398],[122.469546,12.46076],[122.468808,12.461482],[122.468164,12.461842],[122.469271,12.460036],[122.469088,12.459854],[122.468535,12.460305],[122.468628,12.459763],[122.468258,12.460576],[122.467245,12.460936],[122.467519,12.462202],[122.466688,12.463557],[122.466694,12.460754],[122.467524,12.45949],[122.46771,12.458586],[122.467433,12.459218],[122.466789,12.459126],[122.466143,12.459758],[122.465312,12.461203],[122.466138,12.462381],[122.465768,12.463374],[122.466411,12.463918],[122.466037,12.466811],[122.465116,12.46699],[122.464286,12.468164],[122.463457,12.468253],[122.462351,12.469245],[122.461146,12.473493],[122.460411,12.47313],[122.459953,12.471863],[122.459858,12.473219],[122.459028,12.474484],[122.458477,12.47385],[122.457924,12.474301],[122.45829,12.475296],[122.457737,12.475566],[122.458106,12.475205],[122.457648,12.4743],[122.458479,12.472855],[122.456357,12.475563],[122.455892,12.477552],[122.456538,12.477101],[122.456718,12.479],[122.455889,12.47918],[122.456348,12.479542],[122.455888,12.479812],[122.456624,12.479724],[122.457359,12.480539],[122.457357,12.481534],[122.45662,12.481894],[122.45515,12.480715],[122.455245,12.479178],[122.456437,12.480989],[122.455337,12.479088],[122.455708,12.477823],[122.455339,12.478093],[122.455341,12.477008],[122.454698,12.476826],[122.455803,12.476195],[122.456267,12.474297],[122.457097,12.473485],[122.457286,12.471134],[122.458575,12.470866],[122.457747,12.470593],[122.458579,12.468786],[122.460603,12.468971],[122.460233,12.470236],[122.461065,12.468339],[122.462263,12.467527],[122.461711,12.467164],[122.460788,12.468519],[122.46033,12.467704],[122.459502,12.467793],[122.45978,12.466528],[122.461161,12.466078],[122.460887,12.465264],[122.461809,12.464542],[122.462821,12.464544],[122.463744,12.46328],[122.463838,12.462195],[122.46439,12.462196],[122.464485,12.460659],[122.463748,12.461019],[122.463661,12.458939],[122.462838,12.456406],[122.462378,12.456224],[122.461548,12.457127],[122.460623,12.459657],[122.459795,12.459474],[122.459609,12.460469],[122.460067,12.461555],[122.459606,12.461825],[122.460062,12.463634],[122.45941,12.467793],[122.457473,12.469869],[122.456642,12.471314],[122.45609,12.471132],[122.455083,12.468598],[122.455079,12.470678],[122.456272,12.472037],[122.45627,12.473031],[122.455072,12.474024],[122.455255,12.474476],[122.454517,12.475288],[122.454334,12.474474],[122.453781,12.474925],[122.453414,12.474653],[122.453596,12.475558],[122.451665,12.475011],[122.450836,12.475281],[122.450504,12.474791],[122.451301,12.473021],[122.452959,12.47212],[122.452779,12.47004],[122.452223,12.471938],[122.45167,12.472389],[122.451119,12.472026],[122.451214,12.470399],[122.451861,12.469315],[122.451949,12.471124],[122.452321,12.469135],[122.451861,12.469134],[122.4514,12.469404],[122.450567,12.472115],[122.449738,12.472204],[122.449553,12.472656],[122.448911,12.471931],[122.449372,12.471118],[122.450108,12.471572],[122.449925,12.470667],[122.451679,12.46841],[122.45352,12.468052],[122.451587,12.468139],[122.449557,12.470667],[122.449099,12.469761],[122.448731,12.469851],[122.449103,12.467953],[122.449932,12.467774],[122.450762,12.46669],[122.452785,12.467146],[122.452327,12.466513],[122.452789,12.465519],[122.453893,12.465521],[122.454903,12.466427],[122.455915,12.46661],[122.455547,12.466881],[122.456007,12.466791],[122.457205,12.465709],[122.458222,12.46354],[122.45813,12.463359],[122.457854,12.46363],[122.457764,12.462635],[122.457121,12.462182],[122.456384,12.462361],[122.455736,12.46444],[122.454446,12.46507],[122.45408,12.464346],[122.454726,12.463081],[122.455095,12.462901],[122.454909,12.463715],[122.455371,12.463082],[122.455187,12.46272],[122.456662,12.461638],[122.456571,12.461186],[122.455466,12.461455],[122.454083,12.462718],[122.452882,12.465067],[122.45104,12.465786],[122.450306,12.464609],[122.450487,12.466057],[122.449566,12.466416],[122.446624,12.465506],[122.445798,12.464419],[122.4458,12.463425],[122.446352,12.463245],[122.446539,12.462251],[122.448012,12.461711],[122.449207,12.462075],[122.4516,12.461899],[122.453996,12.460367],[122.456756,12.460644],[122.457031,12.461096],[122.45694,12.460554],[122.457953,12.460284],[122.458138,12.459561],[122.456023,12.459015],[122.453077,12.459732],[122.452159,12.458826],[122.451605,12.459639],[122.450501,12.459727],[122.450592,12.460179],[122.449302,12.46099],[122.448567,12.460356],[122.447553,12.461348],[122.445898,12.460712],[122.445711,12.461797],[122.444332,12.461342],[122.444794,12.460619],[122.444612,12.459353],[122.445349,12.458902],[122.444799,12.457907],[122.446087,12.458],[122.447098,12.458816],[122.448939,12.458458],[122.448019,12.458184],[122.447559,12.458545],[122.447377,12.45746],[122.447746,12.456918],[122.447103,12.456645],[122.447196,12.456103],[122.44839,12.4571],[122.448482,12.456829],[122.448023,12.456466],[122.447932,12.455924],[122.449772,12.456199],[122.450322,12.457375],[122.451793,12.457921],[122.451516,12.458101],[122.452161,12.458012],[122.452345,12.457651],[122.453173,12.457924],[122.452438,12.457289],[122.454096,12.45675],[122.456302,12.457568],[122.457588,12.458746],[122.458969,12.458478],[122.458968,12.45884],[122.4591,12.458388],[122.459061,12.458388],[122.459116,12.458334],[122.459153,12.458207],[122.460167,12.457576],[122.460352,12.456853],[122.461181,12.456674],[122.460998,12.45595],[122.461551,12.455499],[122.462109,12.452878],[122.461834,12.452335],[122.460267,12.453778],[122.459441,12.452601],[122.458797,12.452509],[122.458702,12.453775],[122.457505,12.454225],[122.457138,12.453953],[122.458614,12.451966],[122.458526,12.449977],[122.459448,12.449436],[122.459358,12.44808],[122.459913,12.446905],[122.459639,12.445729],[122.460196,12.44356],[122.46065,12.446635],[122.461843,12.447723],[122.461013,12.448987],[122.461473,12.449078],[122.461934,12.448446],[122.462024,12.449351],[122.46368,12.449625],[122.464229,12.451254],[122.464964,12.451617],[122.464869,12.452974],[122.463485,12.455051],[122.463759,12.455775],[122.464129,12.45469],[122.465882,12.452704],[122.466432,12.453429],[122.465696,12.453427],[122.465326,12.454421],[122.466062,12.454604],[122.466063,12.45388],[122.467536,12.453521],[122.46873,12.454699],[122.467907,12.452437],[122.466067,12.451981],[122.467724,12.451804],[122.46736,12.449633],[122.465981,12.449087],[122.466255,12.450354],[122.465884,12.451619],[122.465516,12.451618],[122.465062,12.448814],[122.464324,12.449355],[122.463682,12.448721],[122.463867,12.448269],[122.464602,12.448723],[122.464419,12.447999],[122.464788,12.447729],[122.463684,12.447365],[122.463778,12.446551],[122.462766,12.446368],[122.462398,12.446458],[122.462578,12.448267],[122.461936,12.447361],[122.461939,12.445824],[122.461112,12.445551],[122.460839,12.443923],[122.460288,12.443289],[122.460199,12.442023],[122.460845,12.4413],[122.460017,12.441208],[122.459836,12.43958],[122.458827,12.438222],[122.459471,12.437952],[122.458832,12.435871],[122.460858,12.434699],[122.461413,12.433434],[122.462056,12.433978],[122.462061,12.431627],[122.462518,12.432804],[122.463529,12.433258],[122.464446,12.435068],[122.465548,12.435884],[122.46573,12.436789],[122.466008,12.435795],[122.466469,12.435705],[122.46601,12.435252],[122.466195,12.434348],[122.466744,12.435887],[122.467849,12.435798],[122.467298,12.434983],[122.468493,12.435528],[122.469967,12.434627],[122.46877,12.434896],[122.46914,12.434354],[122.468864,12.433992],[122.468218,12.434985],[122.467758,12.434894],[122.467391,12.434622],[122.467668,12.434261],[122.466196,12.433896],[122.464083,12.432445],[122.463993,12.431269],[122.463626,12.430816],[122.463166,12.430996],[122.462983,12.430363],[122.463175,12.426565],[122.461703,12.426563],[122.462251,12.428734],[122.461696,12.429908],[122.460868,12.429997],[122.459306,12.428999],[122.458566,12.430625],[122.458016,12.429991],[122.457371,12.430533],[122.456267,12.43044],[122.457004,12.429809],[122.456547,12.428451],[122.456918,12.426734],[122.456093,12.425647],[122.456185,12.425286],[122.456552,12.425738],[122.457105,12.425468],[122.456094,12.425014],[122.455544,12.423928],[122.455912,12.423929],[122.456095,12.424291],[122.457108,12.424202],[122.457843,12.424746],[122.460689,12.427374],[122.461055,12.42837],[122.461242,12.426923],[122.460784,12.426289],[122.461704,12.42602],[122.46189,12.425297],[122.46244,12.426202],[122.462716,12.426022],[122.462166,12.425207],[122.462169,12.423579],[122.462723,12.422586],[122.462262,12.422947],[122.4607,12.422039],[122.458859,12.422488],[122.457939,12.422486],[122.457848,12.422124],[122.458861,12.421583],[122.458769,12.421583],[122.458953,12.421493],[122.459138,12.421403],[122.459322,12.421313],[122.459414,12.421223],[122.459414,12.421288],[122.459874,12.421043],[122.460098,12.417697],[122.460065,12.417697],[122.460099,12.417686],[122.460159,12.416793],[122.462183,12.416978],[122.461721,12.417882],[122.462179,12.418877],[122.463283,12.41897],[122.463469,12.417614],[122.462828,12.416437],[122.462,12.416254]],[[122.459368,12.421313],[122.459322,12.421313],[122.459322,12.421338],[122.459368,12.421313]],[[122.459199,12.421403],[122.459138,12.421403],[122.459137,12.421436],[122.459199,12.421403]],[[122.45903,12.421493],[122.458953,12.421493],[122.458953,12.421534],[122.45903,12.421493]],[[122.468822,12.45479],[122.46873,12.454699],[122.46873,12.45479],[122.468822,12.45479]],[[122.468914,12.454971],[122.468822,12.45479],[122.468822,12.454971],[122.468914,12.454971]],[[122.461273,12.456764],[122.461181,12.456674],[122.461181,12.456764],[122.461273,12.456764]],[[122.461089,12.456854],[122.461181,12.456764],[122.461089,12.456764],[122.461089,12.456854]],[[122.462102,12.456043],[122.462378,12.456224],[122.462379,12.455953],[122.462102,12.456043]],[[122.47065,12.461123],[122.470557,12.461304],[122.470649,12.461304],[122.47065,12.461123]],[[122.470742,12.461033],[122.47065,12.461123],[122.470742,12.461124],[122.470742,12.461033]],[[122.47036,12.467814],[122.470175,12.467995],[122.470452,12.467996],[122.47036,12.467814]],[[122.48314,12.473355],[122.483047,12.473446],[122.48314,12.473446],[122.48314,12.473355]],[[122.483324,12.473265],[122.48314,12.473355],[122.483324,12.473356],[122.483324,12.473265]],[[122.483508,12.473085],[122.483324,12.473265],[122.483508,12.473266],[122.483508,12.473085]],[[122.478281,12.464032],[122.478373,12.464123],[122.478373,12.464032],[122.478281,12.464032]],[[122.478285,12.462133],[122.478377,12.462043],[122.478285,12.462043],[122.478285,12.462133]],[[122.478101,12.462223],[122.478285,12.462133],[122.478101,12.462133],[122.478101,12.462223]],[[122.477917,12.462313],[122.478101,12.462223],[122.477917,12.462223],[122.477917,12.462313]],[[122.471481,12.459407],[122.471573,12.459317],[122.471481,12.459316],[122.471481,12.459407]],[[122.471389,12.459588],[122.471481,12.459407],[122.471389,12.459407],[122.471389,12.459588]],[[122.484549,12.45889],[122.484641,12.458799],[122.484549,12.458799],[122.484549,12.45889]],[[122.484456,12.45898],[122.484549,12.45889],[122.484457,12.458889],[122.484456,12.45898]],[[122.479063,12.441336],[122.479246,12.441517],[122.479247,12.441337],[122.479063,12.441336]],[[122.478918,12.421804],[122.478826,12.421713],[122.478825,12.421803],[122.478918,12.421804]],[[122.481743,12.481401],[122.482756,12.481403],[122.481652,12.481039],[122.481007,12.48158],[122.481743,12.481401]],[[122.479812,12.480764],[122.480731,12.48167],[122.48082,12.482846],[122.481006,12.481761],[122.479998,12.479679],[122.479812,12.480764]],[[122.48138,12.478778],[122.481749,12.478507],[122.481381,12.478597],[122.48138,12.478778]],[[122.483408,12.477063],[122.48304,12.477153],[122.483407,12.477606],[122.483501,12.476702],[122.483408,12.477063]],[[122.483406,12.478148],[122.483314,12.478058],[122.483314,12.478148],[122.483406,12.478148]],[[122.483498,12.478239],[122.483406,12.478148],[122.483406,12.478239],[122.483498,12.478239]],[[122.488465,12.479605],[122.489476,12.480059],[122.489293,12.479516],[122.488373,12.479333],[122.488465,12.479605]],[[122.485457,12.464769],[122.485366,12.464588],[122.485365,12.464769],[122.485457,12.464769]],[[122.483617,12.464494],[122.483802,12.464404],[122.483618,12.464404],[122.483617,12.464494]],[[122.483524,12.465127],[122.483617,12.464585],[122.483249,12.464584],[122.48334,12.465127],[122.483524,12.465127]],[[122.47267,12.462845],[122.471842,12.462972],[122.471842,12.463025],[122.47175,12.463025],[122.471796,12.462979],[122.470922,12.463113],[122.472117,12.463387],[122.47267,12.462845]],[[122.473775,12.462667],[122.473958,12.46321],[122.473959,12.462667],[122.473775,12.462667]],[[122.474506,12.465291],[122.474643,12.465562],[122.474689,12.465562],[122.474659,12.465592],[122.474781,12.465834],[122.47515,12.465292],[122.47506,12.464478],[122.474966,12.465291],[122.474506,12.465291]],[[122.474876,12.464297],[122.474968,12.464478],[122.474968,12.464297],[122.474876,12.464297]],[[122.477934,12.453723],[122.478026,12.453813],[122.478026,12.453723],[122.477934,12.453723]],[[122.479217,12.456167],[122.478389,12.456075],[122.479217,12.456347],[122.479217,12.456167]],[[122.474528,12.454439],[122.474436,12.454168],[122.474436,12.454439],[122.474528,12.454439]],[[122.467271,12.448186],[122.467729,12.449181],[122.468741,12.449274],[122.468558,12.448821],[122.467822,12.44882],[122.467271,12.448186]],[[122.467738,12.444841],[122.468288,12.445746],[122.468476,12.444209],[122.46903,12.443125],[122.468662,12.442944],[122.467738,12.444841]],[[122.474204,12.432555],[122.473927,12.432826],[122.474478,12.433189],[122.474848,12.432647],[122.474204,12.432555]],[[122.481089,12.440255],[122.481641,12.440166],[122.480906,12.439893],[122.480628,12.440797],[122.481089,12.440255]],[[122.495076,12.439558],[122.495168,12.439287],[122.4948,12.439557],[122.495076,12.439558]],[[122.493335,12.436028],[122.493059,12.435756],[122.493059,12.435937],[122.493335,12.436028]],[[122.484609,12.428054],[122.484976,12.428597],[122.485071,12.427331],[122.484795,12.42724],[122.484609,12.428054]],[[122.473111,12.427037],[122.470261,12.425766],[122.46888,12.426034],[122.466766,12.425307],[122.467316,12.426031],[122.470168,12.426127],[122.470719,12.42658],[122.468879,12.426758],[122.468049,12.42757],[122.469799,12.42685],[122.470166,12.427303],[122.470811,12.426761],[122.472742,12.427579],[122.474491,12.42713],[122.473111,12.427037]],[[122.462903,12.424847],[122.464651,12.42485],[122.465753,12.425666],[122.466582,12.425306],[122.46686,12.424493],[122.468422,12.425129],[122.467505,12.423771],[122.467044,12.424222],[122.466953,12.42386],[122.463274,12.42322],[122.462903,12.424847]],[[122.482973,12.418013],[122.48279,12.41747],[122.481778,12.417649],[122.480579,12.418823],[122.482973,12.418013]],[[122.476828,12.408507],[122.476553,12.407964],[122.476092,12.408505],[122.476828,12.408507]],[[122.463294,12.413363],[122.462192,12.412457],[122.462285,12.412005],[122.463572,12.41255],[122.463573,12.411827],[122.464034,12.411647],[122.463944,12.410561],[122.463208,12.410469],[122.463393,12.409837],[122.462381,12.410016],[122.463022,12.411464],[122.462195,12.410829],[122.461732,12.412456],[122.463017,12.413996],[122.463294,12.413363]],[[122.4601,12.445368],[122.459824,12.445458],[122.4601,12.445459],[122.4601,12.445368]],[[122.460996,12.457035],[122.460904,12.456854],[122.460812,12.457035],[122.460996,12.457035]],[[122.460535,12.457305],[122.460628,12.457034],[122.460351,12.457305],[122.460535,12.457305]],[[122.459429,12.458208],[122.459337,12.458298],[122.459429,12.458298],[122.459429,12.458208]],[[122.45124,12.458281],[122.451148,12.4581],[122.450872,12.458281],[122.45124,12.458281]],[[122.448575,12.456377],[122.448299,12.456648],[122.448759,12.456739],[122.448575,12.456377]],[[122.446729,12.458996],[122.447098,12.458906],[122.446362,12.458814],[122.446361,12.458995],[122.446729,12.458996]],[[122.458041,12.462093],[122.458315,12.46336],[122.458686,12.461823],[122.458041,12.462093]],[[122.468812,12.459673],[122.46872,12.459763],[122.468812,12.459763],[122.468812,12.459673]],[[122.469362,12.460669],[122.469454,12.460759],[122.469454,12.460669],[122.469362,12.460669]],[[122.467122,12.476218],[122.46703,12.476127],[122.46703,12.476218],[122.467122,12.476218]],[[122.470063,12.478032],[122.470339,12.478214],[122.470247,12.478033],[122.470063,12.478032]],[[122.469808,12.467542],[122.4699,12.467633],[122.469901,12.467452],[122.469808,12.467542]],[[122.46981,12.466547],[122.469901,12.467361],[122.470454,12.46682],[122.47018,12.466006],[122.46981,12.466547]],[[122.470176,12.467724],[122.470268,12.467814],[122.470268,12.467724],[122.470176,12.467724]]],[[[122.463263,12.473226],[122.463171,12.473316],[122.463171,12.473226],[122.463263,12.473226]]],[[[122.468898,12.417172],[122.468623,12.4169],[122.468899,12.416811],[122.468898,12.417172]]],[[[122.45841,12.417423],[122.45841,12.417513],[122.458318,12.417423],[122.45841,12.417423]]],[[[122.458502,12.417513],[122.458501,12.417604],[122.45841,12.417513],[122.458502,12.417513]]],[[[122.458593,12.417694],[122.458501,12.417604],[122.458593,12.417604],[122.458593,12.417694]]],[[[122.463193,12.417794],[122.462733,12.418064],[122.462825,12.417703],[122.463193,12.417794]]],[[[122.458134,12.417332],[122.459052,12.418419],[122.458037,12.419592],[122.457854,12.41914],[122.458407,12.418598],[122.458133,12.417694],[122.458134,12.417332]]],[[[122.459598,12.420952],[122.45969,12.420952],[122.459598,12.421042],[122.459598,12.420952]]],[[[122.459506,12.421132],[122.459598,12.421042],[122.459598,12.421133],[122.459506,12.421132]]],[[[122.459506,12.421223],[122.459414,12.421223],[122.459506,12.421132],[122.459506,12.421223]]],[[[122.458493,12.421583],[122.458677,12.421583],[122.458493,12.421673],[122.458493,12.421583]]],[[[122.4664,12.424402],[122.466307,12.424944],[122.465847,12.424762],[122.466032,12.42431],[122.4664,12.424402]]],[[[122.462893,12.429639],[122.462525,12.429548],[122.462893,12.429368],[122.462893,12.429639]]],[[[122.465274,12.434889],[122.465273,12.435251],[122.46509,12.434979],[122.465274,12.434889]]],[[[122.458368,12.437769],[122.458184,12.437768],[122.458368,12.437498],[122.458368,12.437769]]],[[[122.459652,12.439761],[122.459651,12.439851],[122.45956,12.439761],[122.459652,12.439761]]],[[[122.460197,12.443108],[122.459737,12.442836],[122.459464,12.441569],[122.460198,12.442475],[122.460197,12.443108]]],[[[122.459061,12.458478],[122.458969,12.458478],[122.459061,12.458388],[122.459061,12.458478]]],[[[122.46835,12.460667],[122.468258,12.460576],[122.46835,12.460576],[122.46835,12.460667]]],[[[122.467518,12.462564],[122.467517,12.462835],[122.467333,12.462925],[122.467518,12.462564]]],[[[122.458856,12.468515],[122.458948,12.468515],[122.458856,12.468606],[122.458856,12.468515]]],[[[122.458764,12.468696],[122.458856,12.468606],[122.458856,12.468696],[122.458764,12.468696]]],[[[122.470166,12.472697],[122.470257,12.472969],[122.469797,12.472877],[122.470166,12.472697]]],[[[122.468692,12.473237],[122.468971,12.471791],[122.469612,12.4736],[122.470164,12.473511],[122.469887,12.474324],[122.468692,12.473237]]],[[[122.469324,12.479206],[122.469875,12.480021],[122.470427,12.480022],[122.469877,12.479117],[122.471071,12.479933],[122.471532,12.479753],[122.472081,12.481472],[122.470332,12.481378],[122.469321,12.480744],[122.470332,12.48165],[122.471436,12.481742],[122.471801,12.483009],[122.469775,12.483909],[122.468855,12.483636],[122.468305,12.482731],[122.467384,12.483181],[122.468214,12.482007],[122.46785,12.480108],[122.46739,12.480016],[122.467939,12.481735],[122.467569,12.482549],[122.466747,12.479563],[122.466379,12.479472],[122.466926,12.482005],[122.466278,12.483812],[122.465634,12.483901],[122.464345,12.484079],[122.463796,12.482541],[122.4638,12.480461],[122.464631,12.479559],[122.463894,12.479738],[122.463344,12.478923],[122.463333,12.483897],[122.462228,12.484256],[122.461772,12.482537],[122.461127,12.482626],[122.461584,12.484255],[122.46094,12.484163],[122.460482,12.483258],[122.46002,12.48389],[122.459561,12.483347],[122.459842,12.481177],[122.461592,12.480186],[122.459661,12.47982],[122.459571,12.478825],[122.460217,12.477922],[122.462517,12.478108],[122.46224,12.47874],[122.463346,12.477567],[122.462151,12.476841],[122.460403,12.476928],[122.460315,12.474848],[122.462432,12.474671],[122.464911,12.477208],[122.465373,12.476395],[122.466752,12.477212],[122.466569,12.476578],[122.467577,12.47857],[122.468039,12.478028],[122.467395,12.477756],[122.467764,12.477304],[122.467304,12.477032],[122.468316,12.477215],[122.468222,12.47839],[122.467484,12.479112],[122.468495,12.479928],[122.469409,12.483095],[122.469962,12.482372],[122.468862,12.4802],[122.47107,12.480747],[122.468955,12.480019],[122.468404,12.479114],[122.469324,12.479206]],[[122.466844,12.477302],[122.466752,12.477212],[122.466752,12.477302],[122.466844,12.477302]],[[122.470611,12.480203],[122.470427,12.480022],[122.470427,12.480203],[122.470611,12.480203]],[[122.468131,12.477667],[122.468224,12.477486],[122.468039,12.477666],[122.468131,12.477667]],[[122.468856,12.483275],[122.468948,12.483365],[122.468948,12.483275],[122.468856,12.483275]]],[[[122.461495,12.482989],[122.46177,12.48317],[122.461585,12.483893],[122.461495,12.482989]]],[[[122.465358,12.483991],[122.465634,12.483901],[122.465634,12.483992],[122.465358,12.483991]]],[[[122.465081,12.484081],[122.464897,12.484081],[122.465082,12.483991],[122.465081,12.484081]]],[[[122.470974,12.391766],[122.470882,12.391766],[122.470974,12.391585],[122.470974,12.391766]]],[[[122.474374,12.393581],[122.474928,12.392588],[122.474468,12.392587],[122.472717,12.394301],[122.472626,12.393668],[122.471889,12.394029],[122.472166,12.393487],[122.47177,12.392506],[122.471708,12.392401],[122.471714,12.39237],[122.471434,12.391677],[122.470974,12.391585],[122.471343,12.391315],[122.471069,12.390337],[122.472449,12.38996],[122.471344,12.390863],[122.472448,12.390774],[122.472814,12.391498],[122.472536,12.392583],[122.472997,12.392132],[122.472996,12.392674],[122.473181,12.391861],[122.472723,12.390865],[122.473001,12.389923],[122.474565,12.390055],[122.474748,12.390598],[122.473277,12.389962],[122.47309,12.391409],[122.473458,12.3915],[122.473275,12.390957],[122.473918,12.391501],[122.474471,12.39123],[122.474653,12.391954],[122.47539,12.391323],[122.47484,12.390598],[122.475391,12.39078],[122.475849,12.392137],[122.474374,12.393581]]],[[[122.4764,12.39241],[122.475939,12.393042],[122.475756,12.39268],[122.476401,12.392048],[122.4764,12.39241]]],[[[122.474467,12.393039],[122.474375,12.393039],[122.474467,12.392948],[122.474467,12.393039]]],[[[122.477411,12.393135],[122.477593,12.393768],[122.476764,12.39449],[122.476488,12.394218],[122.477411,12.393135]]],[[[122.476106,12.401542],[122.476014,12.401723],[122.476014,12.401542],[122.476106,12.401542]]],[[[122.476013,12.401813],[122.475921,12.401813],[122.476014,12.401723],[122.476013,12.401813]]],[[[122.475829,12.401903],[122.475921,12.401904],[122.475829,12.401994],[122.475829,12.401903]]],[[[122.472331,12.402891],[122.472055,12.403072],[122.472056,12.40262],[122.47224,12.40262],[122.472331,12.402891]]],[[[122.47518,12.404525],[122.474999,12.402987],[122.475737,12.401994],[122.475641,12.404073],[122.47518,12.404525]]],[[[122.471962,12.403705],[122.472052,12.404428],[122.471499,12.40497],[122.471316,12.404517],[122.471962,12.403705]]],[[[122.475449,12.407961],[122.475542,12.40769],[122.475541,12.407962],[122.475449,12.407961]]],[[[122.47223,12.407684],[122.47241,12.409402],[122.471489,12.409853],[122.470298,12.407318],[122.471402,12.407321],[122.471401,12.407954],[122.47223,12.407684]]],[[[122.470756,12.408766],[122.470664,12.408766],[122.470756,12.408676],[122.470756,12.408766]]],[[[122.470755,12.408857],[122.471122,12.40949],[122.47057,12.409399],[122.470755,12.408857]]],[[[122.47139,12.41347],[122.473505,12.413835],[122.47332,12.414468],[122.471941,12.414104],[122.472216,12.414375],[122.471572,12.414465],[122.47139,12.41347]]],[[[122.474976,12.414562],[122.475712,12.414382],[122.475067,12.414833],[122.474976,12.414562]]],[[[122.475065,12.415828],[122.474514,12.415555],[122.474607,12.415104],[122.474882,12.415375],[122.475065,12.415828]]],[[[122.476975,12.426864],[122.476699,12.426863],[122.476975,12.426773],[122.476975,12.426864]]],[[[122.476319,12.433012],[122.476594,12.433283],[122.476319,12.433192],[122.476319,12.433012]]],[[[122.47641,12.433464],[122.476409,12.433916],[122.476134,12.433644],[122.47641,12.433464]]],[[[122.476776,12.434369],[122.476317,12.434187],[122.476869,12.434007],[122.476776,12.434369]]],[[[122.476867,12.435002],[122.476775,12.434821],[122.476959,12.435002],[122.476867,12.435002]]],[[[122.476314,12.435634],[122.47613,12.435634],[122.476314,12.435543],[122.476314,12.435634]]],[[[122.473801,12.450007],[122.473893,12.449736],[122.473893,12.450007],[122.473801,12.450007]]],[[[122.47573,12.451458],[122.476006,12.451458],[122.47573,12.451548],[122.47573,12.451458]]],[[[122.474805,12.453807],[122.474805,12.453897],[122.474713,12.453807],[122.474805,12.453807]]],[[[122.474712,12.454078],[122.47462,12.454078],[122.474713,12.453988],[122.474712,12.454078]]],[[[122.475041,12.473701],[122.474949,12.473701],[122.475041,12.473611],[122.475041,12.473701]]],[[[122.472096,12.473876],[122.47136,12.473875],[122.472005,12.473605],[122.472096,12.473876]]],[[[122.474949,12.473792],[122.474857,12.473882],[122.474857,12.473791],[122.474949,12.473792]]],[[[122.474856,12.473972],[122.474764,12.473972],[122.474857,12.473882],[122.474856,12.473972]]],[[[122.47531,12.477409],[122.475218,12.477409],[122.47531,12.477319],[122.47531,12.477409]]],[[[122.475217,12.477861],[122.475309,12.477771],[122.475309,12.477862],[122.475217,12.477861]]],[[[122.474936,12.480393],[122.478065,12.480037],[122.478709,12.4804],[122.477603,12.480941],[122.473922,12.481205],[122.474015,12.480753],[122.474936,12.480393]]],[[[122.475117,12.481478],[122.47567,12.481389],[122.475393,12.48175],[122.475117,12.481478]]],[[[122.474197,12.481748],[122.473919,12.482471],[122.473459,12.482379],[122.473462,12.481204],[122.474197,12.481748]]],[[[122.474378,12.483014],[122.47493,12.482925],[122.475485,12.481841],[122.476497,12.482024],[122.476404,12.482566],[122.475483,12.482655],[122.474837,12.483648],[122.474377,12.483647],[122.474378,12.483014]]],[[[122.473642,12.482922],[122.47355,12.483012],[122.47355,12.482922],[122.473642,12.482922]]],[[[122.4741,12.483918],[122.473731,12.484641],[122.472536,12.483824],[122.473274,12.482741],[122.47318,12.484006],[122.4741,12.483918]]],[[[122.476769,12.484104],[122.476676,12.484375],[122.476124,12.484374],[122.476217,12.484012],[122.476769,12.484104]]],[[[122.476307,12.484646],[122.476583,12.484917],[122.476123,12.485007],[122.475755,12.484554],[122.476307,12.484646]]],[[[122.475295,12.484915],[122.476214,12.485097],[122.475294,12.485186],[122.475295,12.484915]]],[[[122.476675,12.485098],[122.476674,12.485189],[122.476583,12.485098],[122.476675,12.485098]]],[[[122.474464,12.485818],[122.475937,12.48582],[122.476028,12.486273],[122.475107,12.486813],[122.475475,12.486452],[122.474464,12.485818]],[[122.47566,12.486091],[122.475568,12.486181],[122.47566,12.486272],[122.47566,12.486091]]],[[[122.476764,12.486184],[122.476671,12.486636],[122.476211,12.486725],[122.476764,12.486184]]],[[[122.476119,12.486996],[122.476211,12.486906],[122.476211,12.486996],[122.476119,12.486996]]],[[[122.475014,12.487085],[122.475566,12.487176],[122.475106,12.487356],[122.475014,12.487085]]],[[[122.476576,12.488173],[122.476392,12.488172],[122.476577,12.487992],[122.476576,12.488173]]],[[[122.474368,12.488168],[122.474642,12.489073],[122.473077,12.489522],[122.473722,12.488891],[122.47271,12.488798],[122.472712,12.487803],[122.474368,12.488168]]],[[[122.479529,12.392054],[122.480081,12.391603],[122.481,12.392057],[122.479529,12.392054]]],[[[122.481552,12.392058],[122.481737,12.391968],[122.481736,12.392058],[122.481552,12.392058]]],[[[122.482839,12.392784],[122.483115,12.392603],[122.483023,12.392784],[122.482839,12.392784]]],[[[122.482105,12.391878],[122.482564,12.39215],[122.482561,12.393868],[122.481825,12.393776],[122.482105,12.391878]]],[[[122.479987,12.39305],[122.479708,12.394586],[122.479341,12.393953],[122.479436,12.392415],[122.479987,12.39305]]],[[[122.481182,12.393323],[122.481366,12.393323],[122.481181,12.393685],[122.481182,12.393323]]],[[[122.482827,12.398661],[122.481999,12.399022],[122.481996,12.400559],[122.480982,12.40128],[122.480435,12.398747],[122.480897,12.398025],[122.480253,12.397752],[122.480809,12.395945],[122.481454,12.395403],[122.480533,12.395763],[122.480257,12.395678],[122.480256,12.396215],[122.47998,12.396214],[122.479981,12.395943],[122.480253,12.395677],[122.479062,12.395308],[122.479244,12.396303],[122.478329,12.393951],[122.478606,12.393318],[122.479066,12.393409],[122.47934,12.394405],[122.479063,12.395037],[122.482744,12.394321],[122.482742,12.395135],[122.48182,12.396399],[122.482647,12.396853],[122.482827,12.398661]]],[[[122.479242,12.397569],[122.479336,12.396485],[122.480163,12.397119],[122.479886,12.397209],[122.479703,12.397028],[122.47961,12.39748],[122.480342,12.39938],[122.479242,12.397569]]],[[[122.481618,12.405441],[122.481526,12.405441],[122.481618,12.405351],[122.481618,12.405441]]],[[[122.481526,12.405532],[122.481434,12.405622],[122.481434,12.405531],[122.481526,12.405532]]],[[[122.481977,12.409782],[122.482253,12.409783],[122.481885,12.410054],[122.481977,12.409782]]],[[[122.477191,12.411039],[122.477376,12.410497],[122.477467,12.411221],[122.476731,12.410948],[122.477191,12.411039]]],[[[122.477827,12.415019],[122.476907,12.415198],[122.477644,12.414476],[122.478196,12.414749],[122.477918,12.415743],[122.477827,12.415019]]],[[[122.47948,12.416469],[122.479112,12.416469],[122.479481,12.416198],[122.479206,12.415655],[122.478746,12.415745],[122.47893,12.415293],[122.479942,12.415566],[122.47948,12.416469]]],[[[122.483253,12.416115],[122.483161,12.416024],[122.483253,12.416024],[122.483253,12.416115]]],[[[122.477174,12.419539],[122.477542,12.419631],[122.477173,12.420172],[122.477174,12.419539]]],[[[122.477173,12.420263],[122.477081,12.420263],[122.477173,12.420172],[122.477173,12.420263]]],[[[122.477355,12.420806],[122.477909,12.420264],[122.478459,12.420898],[122.476895,12.421167],[122.476712,12.420262],[122.477355,12.420806]]],[[[122.483591,12.431307],[122.48304,12.430764],[122.483409,12.430493],[122.483408,12.430945],[122.483591,12.431307]]],[[[122.478063,12.435004],[122.477785,12.435818],[122.477695,12.434913],[122.478063,12.435004]]],[[[122.480987,12.445138],[122.481263,12.445229],[122.481078,12.445681],[122.480987,12.445138]]],[[[122.477383,12.452998],[122.477291,12.452998],[122.477383,12.452908],[122.477383,12.452998]]],[[[122.477659,12.453179],[122.477751,12.452999],[122.477751,12.45318],[122.477659,12.453179]]],[[[122.478279,12.465117],[122.478187,12.465117],[122.478279,12.465027],[122.478279,12.465117]]],[[[122.479648,12.470545],[122.479004,12.470544],[122.47965,12.470003],[122.479648,12.470545]]],[[[122.479464,12.470907],[122.47983,12.471631],[122.479278,12.471811],[122.479187,12.471087],[122.479464,12.470907]]],[[[122.481577,12.472719],[122.481669,12.472539],[122.481669,12.472719],[122.481577,12.472719]]],[[[122.481576,12.4729],[122.481484,12.4729],[122.481577,12.472719],[122.481576,12.4729]]],[[[122.481392,12.47299],[122.481484,12.4729],[122.481484,12.47299],[122.481392,12.47299]]],[[[122.478717,12.47606],[122.478809,12.475969],[122.478809,12.47606],[122.478717,12.47606]]],[[[122.478625,12.47624],[122.478625,12.47615],[122.478717,12.47624],[122.478625,12.47624]]],[[[122.482487,12.477423],[122.48258,12.477333],[122.482579,12.477423],[122.482487,12.477423]]],[[[122.475676,12.478314],[122.475769,12.477591],[122.477885,12.478138],[122.478623,12.477054],[122.480001,12.478323],[122.478621,12.478049],[122.478712,12.478863],[122.477789,12.480037],[122.475214,12.479399],[122.475308,12.478042],[122.475676,12.478314]]],[[[122.478249,12.479947],[122.478157,12.480037],[122.478157,12.479947],[122.478249,12.479947]]],[[[122.478616,12.480852],[122.4788,12.480762],[122.478707,12.481033],[122.478616,12.480852]]],[[[122.482848,12.481131],[122.482756,12.481131],[122.482848,12.481041],[122.482848,12.481131]]],[[[122.477878,12.481484],[122.476957,12.481844],[122.476498,12.481481],[122.477879,12.481303],[122.477878,12.481484]]],[[[122.478609,12.484198],[122.477228,12.484376],[122.477137,12.484014],[122.478609,12.484198]]],[[[122.479069,12.484108],[122.479529,12.4842],[122.479161,12.48447],[122.479069,12.484108]]],[[[122.482289,12.484567],[122.481922,12.484204],[122.48229,12.484205],[122.482289,12.484567]]],[[[122.479252,12.484561],[122.478975,12.485012],[122.4787,12.48456],[122.479252,12.484561]]],[[[122.478516,12.484469],[122.478516,12.48465],[122.477502,12.485552],[122.477411,12.485009],[122.478516,12.484469]]],[[[122.479619,12.485375],[122.479527,12.485375],[122.479619,12.485285],[122.479619,12.485375]]],[[[122.478607,12.485373],[122.478238,12.485554],[122.478699,12.485193],[122.478607,12.485373]]],[[[122.477318,12.485642],[122.477226,12.485642],[122.477318,12.485552],[122.477318,12.485642]]],[[[122.478236,12.486729],[122.477499,12.486818],[122.478236,12.486367],[122.478236,12.486729]]],[[[122.48302,12.487371],[122.482928,12.487371],[122.48302,12.487281],[122.48302,12.487371]]],[[[122.483199,12.489723],[122.484303,12.489815],[122.484669,12.490901],[122.485864,12.491989],[122.486784,12.492171],[122.483564,12.491622],[122.483749,12.490809],[122.482922,12.490174],[122.482649,12.488637],[122.483018,12.488185],[122.483754,12.488277],[122.483111,12.487914],[122.483665,12.48674],[122.483112,12.487191],[122.482745,12.486919],[122.48219,12.488003],[122.481825,12.486465],[122.481548,12.487097],[122.480904,12.487186],[122.480998,12.485921],[122.48118,12.486825],[122.48155,12.486193],[122.480999,12.485559],[122.480259,12.487276],[122.479155,12.487093],[122.478421,12.486006],[122.479618,12.485737],[122.479986,12.486099],[122.480264,12.484834],[122.481369,12.484565],[122.482746,12.486286],[122.484585,12.486832],[122.484397,12.489092],[122.483199,12.489723]],[[122.483384,12.489181],[122.483016,12.489089],[122.483016,12.48918],[122.483384,12.489181]]],[[[122.493238,12.390633],[122.49333,12.390814],[122.492593,12.391536],[122.492502,12.390993],[122.493238,12.390633]]],[[[122.488913,12.39171],[122.489005,12.39162],[122.489005,12.39171],[122.488913,12.39171]]],[[[122.486888,12.392339],[122.486608,12.393966],[122.485598,12.393241],[122.486981,12.391345],[122.487348,12.39225],[122.487162,12.392973],[122.486888,12.392339]]],[[[122.489921,12.39352],[122.489092,12.394242],[122.488816,12.394151],[122.488909,12.393519],[122.489553,12.393791],[122.489189,12.39162],[122.489558,12.390988],[122.490385,12.391351],[122.491206,12.394789],[122.489921,12.39352]]],[[[122.492225,12.391626],[122.493142,12.392713],[122.492406,12.393163],[122.493323,12.39425],[122.493322,12.395064],[122.492125,12.395333],[122.492404,12.393977],[122.491578,12.393162],[122.492225,12.391626]]],[[[122.4867,12.394147],[122.4867,12.394328],[122.486608,12.394147],[122.4867,12.394147]]],[[[122.48394,12.394413],[122.48394,12.394233],[122.484032,12.394414],[122.48394,12.394413]]],[[[122.483654,12.399296],[122.483471,12.398934],[122.4843,12.398303],[122.484302,12.397037],[122.483657,12.397668],[122.483659,12.396854],[122.48274,12.396129],[122.483384,12.396221],[122.484029,12.395589],[122.484305,12.395951],[122.484581,12.3955],[122.484325,12.394866],[122.484215,12.394866],[122.484124,12.394414],[122.484179,12.394504],[122.483666,12.393237],[122.48431,12.392967],[122.484951,12.394687],[122.485035,12.398756],[122.483654,12.399296]]],[[[122.489918,12.394967],[122.490287,12.394787],[122.49001,12.395148],[122.489918,12.394967]]],[[[122.492768,12.395877],[122.492768,12.396058],[122.492307,12.396419],[122.492124,12.396057],[122.492768,12.395877]]],[[[122.488621,12.399667],[122.488715,12.398944],[122.488347,12.398582],[122.487708,12.396229],[122.48771,12.395325],[122.486607,12.394419],[122.487435,12.394782],[122.488079,12.394421],[122.48808,12.39406],[122.486885,12.393696],[122.488265,12.393427],[122.488176,12.39198],[122.488636,12.392162],[122.488446,12.395236],[122.48872,12.39596],[122.489274,12.395147],[122.490101,12.39551],[122.490838,12.395059],[122.490469,12.395692],[122.49102,12.395964],[122.491202,12.396869],[122.491662,12.397231],[122.492307,12.39678],[122.492489,12.397414],[122.492857,12.397324],[122.493229,12.395697],[122.493964,12.39597],[122.493963,12.396422],[122.493411,12.396692],[122.492577,12.399494],[122.491842,12.399311],[122.492306,12.397323],[122.491662,12.397322],[122.491475,12.398407],[122.490374,12.397319],[122.489821,12.397409],[122.489271,12.396503],[122.488718,12.397045],[122.48945,12.398945],[122.491475,12.398678],[122.491566,12.399221],[122.490918,12.40148],[122.49119,12.403289],[122.49036,12.404373],[122.4899,12.404281],[122.490176,12.404463],[122.488976,12.406179],[122.488975,12.406902],[122.488424,12.40663],[122.488515,12.406992],[122.488148,12.406629],[122.488516,12.406268],[122.488427,12.405002],[122.489072,12.40428],[122.48862,12.400119],[122.489265,12.39994],[122.488621,12.399667]],[[122.487984,12.396139],[122.4878,12.396229],[122.487984,12.39623],[122.487984,12.396139]]],[[[122.491564,12.400396],[122.491472,12.400396],[122.491564,12.400306],[122.491564,12.400396]]],[[[122.488705,12.404008],[122.488797,12.404008],[122.488704,12.404189],[122.488705,12.404008]]],[[[122.488704,12.40437],[122.488612,12.404369],[122.488704,12.404189],[122.488704,12.40437]]],[[[122.490991,12.410794],[122.491083,12.410885],[122.490991,12.410885],[122.490991,12.410794]]],[[[122.491905,12.414142],[122.491813,12.414142],[122.491905,12.414051],[122.491905,12.414142]]],[[[122.491905,12.414323],[122.491997,12.414232],[122.491997,12.414323],[122.491905,12.414323]]],[[[122.491996,12.414504],[122.491996,12.414413],[122.492088,12.414504],[122.491996,12.414504]]],[[[122.492359,12.417217],[122.492175,12.417126],[122.49236,12.416946],[122.492359,12.417217]]],[[[122.487374,12.42607],[122.487557,12.426341],[122.487373,12.426341],[122.487374,12.42607]]],[[[122.4905,12.427161],[122.4905,12.42707],[122.490592,12.427161],[122.4905,12.427161]]],[[[122.488199,12.427428],[122.488384,12.427066],[122.488383,12.427428],[122.488199,12.427428]]],[[[122.488105,12.428241],[122.488013,12.428241],[122.488106,12.428061],[122.488105,12.428241]]],[[[122.488839,12.429237],[122.489022,12.42978],[122.488379,12.429598],[122.488839,12.429237]]],[[[122.485249,12.430135],[122.485157,12.430135],[122.48525,12.429954],[122.485249,12.430135]]],[[[122.484697,12.430224],[122.484973,12.430225],[122.484697,12.430405],[122.484697,12.430224]]],[[[122.490764,12.43331],[122.490946,12.433944],[122.490117,12.434575],[122.490118,12.434033],[122.490764,12.43331]]],[[[122.486435,12.435563],[122.486434,12.435925],[122.485698,12.436014],[122.485606,12.435742],[122.486435,12.435563]]],[[[122.488365,12.436652],[122.488274,12.43629],[122.488549,12.436652],[122.488365,12.436652]]],[[[122.487536,12.436831],[122.487537,12.436741],[122.48772,12.436831],[122.487536,12.436831]]],[[[122.487812,12.436831],[122.487812,12.436922],[122.48772,12.436831],[122.487812,12.436831]]],[[[122.488362,12.437918],[122.489191,12.437738],[122.488822,12.43819],[122.488362,12.437918]]],[[[122.484389,12.446501],[122.484572,12.446863],[122.484387,12.447315],[122.484389,12.446501]]],[[[122.487786,12.450124],[122.487971,12.450034],[122.487786,12.450215],[122.487786,12.450124]]],[[[122.487786,12.450305],[122.487694,12.450305],[122.487786,12.450215],[122.487786,12.450305]]],[[[122.486023,12.457807],[122.486115,12.457717],[122.486115,12.457807],[122.486023,12.457807]]],[[[122.486022,12.45844],[122.486114,12.45835],[122.486114,12.45844],[122.486022,12.45844]]],[[[122.494006,12.469397],[122.494284,12.468584],[122.494374,12.469488],[122.493454,12.469306],[122.493453,12.469667],[122.493452,12.470391],[122.493084,12.470571],[122.493085,12.469757],[122.492165,12.469574],[122.492352,12.468218],[122.493456,12.468311],[122.494006,12.469397]]],[[[122.490506,12.470928],[122.490506,12.471199],[122.490321,12.47138],[122.490506,12.470928]]],[[[122.491873,12.477803],[122.491872,12.478255],[122.490398,12.478976],[122.49086,12.478253],[122.491873,12.477803]]],[[[122.49325,12.479524],[122.492332,12.478527],[122.493068,12.4788],[122.49325,12.479524]]],[[[122.490305,12.479608],[122.490305,12.479518],[122.490949,12.4797],[122.490305,12.479608]]],[[[122.488732,12.484308],[122.488731,12.484398],[122.48864,12.484307],[122.488732,12.484308]]],[[[122.491305,12.48585],[122.491305,12.485759],[122.491397,12.48585],[122.491305,12.48585]]],[[[122.491489,12.486031],[122.491397,12.48585],[122.491489,12.48585],[122.491489,12.486031]]],[[[122.488635,12.486478],[122.488727,12.486478],[122.488635,12.486568],[122.488635,12.486478]]],[[[122.491663,12.491367],[122.492401,12.490283],[122.491938,12.491548],[122.491019,12.491184],[122.49093,12.489737],[122.491481,12.49001],[122.491663,12.491367]]],[[[122.499126,12.390554],[122.500143,12.388114],[122.500144,12.38721],[122.499684,12.387661],[122.499311,12.390011],[122.497563,12.390189],[122.498855,12.388111],[122.498766,12.386664],[122.500055,12.385853],[122.501342,12.386217],[122.501248,12.387573],[122.501798,12.388388],[122.501612,12.389202],[122.500323,12.390284],[122.500965,12.390828],[122.501702,12.390739],[122.502256,12.389565],[122.502623,12.389746],[122.501609,12.391191],[122.499126,12.390554]],[[122.500046,12.390465],[122.50023,12.390375],[122.500046,12.390374],[122.500046,12.390465]]],[[[122.496554,12.38874],[122.496646,12.38874],[122.496554,12.388831],[122.496554,12.38874]]],[[[122.496461,12.389102],[122.496554,12.388831],[122.496553,12.389102],[122.496461,12.389102]]],[[[122.504005,12.388844],[122.503454,12.38812],[122.504008,12.387488],[122.503548,12.387306],[122.502995,12.387667],[122.503545,12.389024],[122.502994,12.38839],[122.502624,12.389204],[122.502165,12.388751],[122.50226,12.387304],[122.503917,12.386583],[122.50456,12.387037],[122.505201,12.388756],[122.505016,12.389479],[122.50299,12.390651],[122.502528,12.391735],[122.501424,12.391643],[122.502436,12.391554],[122.502161,12.39083],[122.504005,12.388844]]],[[[122.496552,12.389825],[122.496828,12.389555],[122.496736,12.389826],[122.496552,12.389825]]],[[[122.496092,12.389915],[122.496276,12.389734],[122.496276,12.389915],[122.496092,12.389915]]],[[[122.496825,12.391273],[122.496549,12.391182],[122.496642,12.39073],[122.496825,12.391273]]],[[[122.494987,12.390003],[122.493694,12.392804],[122.49296,12.391808],[122.493144,12.391718],[122.493328,12.39199],[122.493512,12.3919],[122.493606,12.390634],[122.494805,12.38928],[122.495448,12.389552],[122.49627,12.39299],[122.497466,12.39254],[122.496729,12.393533],[122.496084,12.393803],[122.495809,12.39317],[122.495348,12.394073],[122.495534,12.392808],[122.494983,12.392354],[122.494987,12.390003]]],[[[122.500319,12.392093],[122.500042,12.392545],[122.49986,12.39155],[122.500319,12.392093]]],[[[122.493783,12.394342],[122.493416,12.39407],[122.493784,12.39398],[122.493783,12.394342]]],[[[122.502153,12.39508],[122.502063,12.394086],[122.503078,12.392821],[122.504089,12.392914],[122.504456,12.393457],[122.503992,12.395536],[122.502796,12.395624],[122.502613,12.394991],[122.502153,12.39508]]],[[[122.496174,12.394889],[122.495898,12.394888],[122.496174,12.394798],[122.496174,12.394889]]],[[[122.497829,12.395525],[122.497921,12.395434],[122.497921,12.395525],[122.497829,12.395525]]],[[[122.50012,12.400231],[122.499936,12.400231],[122.50012,12.400141],[122.50012,12.400231]]],[[[122.494456,12.401125],[122.494414,12.401125],[122.494441,12.401072],[122.494232,12.400311],[122.493589,12.399676],[122.493775,12.398773],[122.494881,12.39778],[122.4958,12.398053],[122.495988,12.396064],[122.495342,12.396876],[122.494791,12.396333],[122.495251,12.396695],[122.495529,12.39543],[122.496266,12.394979],[122.496452,12.394075],[122.497096,12.393624],[122.496819,12.394528],[122.497184,12.395976],[122.496722,12.396969],[122.496904,12.398236],[122.496535,12.398416],[122.49681,12.39923],[122.495334,12.400946],[122.496069,12.40149],[122.497082,12.40113],[122.497265,12.401763],[122.495329,12.403749],[122.494218,12.407274],[122.493021,12.407723],[122.495054,12.403296],[122.494456,12.401125]],[[122.49608,12.395974],[122.495988,12.396064],[122.49608,12.396064],[122.49608,12.395974]],[[122.496172,12.395793],[122.49608,12.395974],[122.496172,12.395974],[122.496172,12.395793]],[[122.49524,12.402121],[122.495055,12.402844],[122.495423,12.402483],[122.495332,12.402121],[122.49524,12.402121]],[[122.496542,12.39498],[122.496358,12.394889],[122.496358,12.394979],[122.496542,12.39498]]],[[[122.5026,12.402225],[122.502139,12.402496],[122.501862,12.403399],[122.501772,12.402133],[122.5026,12.402225]]],[[[122.501588,12.402042],[122.501263,12.404252],[122.501308,12.404393],[122.501235,12.40444],[122.501122,12.405207],[122.501675,12.404575],[122.501769,12.403761],[122.502044,12.404304],[122.501674,12.405208],[122.500754,12.405387],[122.500384,12.406109],[122.499648,12.406379],[122.499189,12.405836],[122.499376,12.404389],[122.499193,12.403847],[122.498916,12.404027],[122.498644,12.402399],[122.499381,12.401586],[122.497362,12.399141],[122.497547,12.398508],[122.498006,12.398961],[122.498651,12.398691],[122.496905,12.397332],[122.497921,12.395615],[122.498471,12.39643],[122.498658,12.395074],[122.498105,12.395254],[122.497646,12.39471],[122.497829,12.395344],[122.497369,12.395162],[122.497095,12.394167],[122.4982,12.393988],[122.497922,12.394621],[122.498382,12.394712],[122.498475,12.394079],[122.498936,12.393989],[122.500222,12.394625],[122.500864,12.395802],[122.500403,12.396434],[122.501047,12.396254],[122.500766,12.398785],[122.501225,12.39951],[122.501501,12.39942],[122.501502,12.398877],[122.500958,12.394807],[122.500315,12.393992],[122.498661,12.393446],[122.498387,12.39218],[122.4971,12.391544],[122.497562,12.390912],[122.498666,12.390734],[122.499309,12.391187],[122.499949,12.393268],[122.502061,12.395261],[122.501507,12.396526],[122.501963,12.398155],[122.501687,12.398516],[122.502512,12.400055],[122.503064,12.399965],[122.502971,12.400598],[122.503801,12.399334],[122.503891,12.400238],[122.505547,12.400241],[122.505367,12.398251],[122.506563,12.398525],[122.506471,12.398072],[122.505919,12.398071],[122.506106,12.396896],[122.505185,12.397347],[122.50546,12.397799],[122.504999,12.39807],[122.504635,12.396261],[122.505649,12.395358],[122.506019,12.394274],[122.505098,12.394362],[122.507125,12.39301],[122.507861,12.392921],[122.508135,12.393825],[122.506386,12.394546],[122.506016,12.395721],[122.505279,12.39599],[122.505369,12.397166],[122.506846,12.394546],[122.507673,12.39491],[122.506931,12.398254],[122.508133,12.395272],[122.509421,12.395003],[122.50942,12.395365],[122.508591,12.396087],[122.508218,12.39889],[122.507664,12.399883],[122.506284,12.399881],[122.505914,12.400875],[122.506927,12.400334],[122.507752,12.401873],[122.508397,12.401422],[122.50803,12.40115],[122.508217,12.399432],[122.508681,12.397082],[122.509234,12.39645],[122.509414,12.39853],[122.510427,12.398261],[122.510244,12.397627],[122.51098,12.397719],[122.509779,12.400249],[122.510327,12.402239],[122.51014,12.403867],[122.508851,12.404678],[122.509218,12.405312],[122.508294,12.407119],[122.508382,12.40956],[122.507091,12.411276],[122.506449,12.41019],[122.506634,12.409648],[122.50599,12.409194],[122.506264,12.41037],[122.505435,12.411002],[122.505801,12.412359],[122.506906,12.411728],[122.506074,12.413897],[122.508742,12.413811],[122.509569,12.414355],[122.509659,12.415169],[122.508921,12.416524],[122.508548,12.418965],[122.507627,12.419416],[122.507718,12.420139],[122.50643,12.419866],[122.506616,12.418962],[122.506707,12.419685],[122.507259,12.419596],[122.507078,12.417787],[122.505514,12.418055],[122.505051,12.419321],[122.504407,12.419591],[122.505233,12.420677],[122.507071,12.421585],[122.507162,12.422308],[122.505415,12.421672],[122.504862,12.422033],[122.507069,12.42258],[122.506149,12.422849],[122.506884,12.423484],[122.506973,12.42475],[122.506234,12.426376],[122.504759,12.427911],[122.50494,12.429539],[122.504571,12.430081],[122.504293,12.431346],[122.504478,12.430804],[122.505213,12.431076],[122.505398,12.430444],[122.506686,12.430446],[122.507609,12.429182],[122.509446,12.430813],[122.509725,12.429457],[122.510369,12.429368],[122.510923,12.428374],[122.512488,12.427834],[122.513136,12.425846],[122.512125,12.424759],[122.512404,12.423403],[122.513418,12.422591],[122.513234,12.422319],[122.514431,12.42205],[122.513141,12.423133],[122.51323,12.42458],[122.515623,12.424042],[122.516818,12.424496],[122.517372,12.423683],[122.518016,12.423775],[122.518107,12.424318],[122.519303,12.42432],[122.518568,12.423505],[122.519397,12.422963],[122.519031,12.421878],[122.519493,12.420974],[122.520322,12.420614],[122.520225,12.423055],[122.52096,12.423509],[122.520774,12.424503],[122.521235,12.424233],[122.521679,12.425423],[122.521693,12.425409],[122.521693,12.425461],[122.521876,12.425952],[122.520121,12.429747],[122.519844,12.429968],[122.519844,12.430018],[122.519783,12.430018],[122.519107,12.430559],[122.520671,12.430652],[122.521408,12.430201],[122.522517,12.427581],[122.523527,12.428939],[122.523429,12.431833],[122.523981,12.431834],[122.524899,12.433192],[122.524806,12.433463],[122.523795,12.433009],[122.523241,12.434364],[122.522044,12.434724],[122.522132,12.436713],[122.522593,12.436172],[122.524986,12.436176],[122.522774,12.43789],[122.522495,12.439608],[122.522034,12.439969],[122.522214,12.44223],[122.521019,12.441956],[122.520373,12.442588],[122.517428,12.443035],[122.518899,12.44349],[122.519082,12.444033],[122.518071,12.44376],[122.51853,12.444484],[122.519082,12.444123],[122.519909,12.444848],[122.520273,12.447109],[122.519995,12.448375],[122.520455,12.448466],[122.519992,12.44955],[122.518613,12.449367],[122.517508,12.449817],[122.516129,12.449001],[122.514472,12.449179],[122.514931,12.449993],[122.515299,12.449723],[122.515389,12.450899],[122.517041,12.453072],[122.51814,12.455877],[122.516851,12.456327],[122.516208,12.455783],[122.515102,12.457047],[122.51345,12.454693],[122.512346,12.45442],[122.511333,12.45487],[122.511515,12.456046],[122.510961,12.45713],[122.511602,12.458488],[122.511234,12.458939],[122.510129,12.458847],[122.50976,12.459479],[122.511043,12.462285],[122.512606,12.463373],[122.511869,12.463823],[122.510583,12.462374],[122.511224,12.463822],[122.51067,12.464906],[122.510303,12.464544],[122.510306,12.462645],[122.509019,12.462191],[122.50828,12.463636],[122.508645,12.465174],[122.506435,12.466165],[122.506897,12.465352],[122.50616,12.465712],[122.506253,12.464989],[122.507173,12.465081],[122.508374,12.462822],[122.508377,12.461285],[122.507365,12.461193],[122.506996,12.461192],[122.506815,12.460016],[122.507275,12.460017],[122.507276,12.459294],[122.506082,12.458116],[122.508016,12.457396],[122.508569,12.456674],[122.507829,12.458843],[122.508475,12.45803],[122.509029,12.456674],[122.50839,12.454051],[122.508022,12.453869],[122.508571,12.45595],[122.50618,12.45477],[122.505442,12.456125],[122.504152,12.456756],[122.503325,12.456122],[122.501945,12.4563],[122.501761,12.455938],[122.501763,12.455124],[122.503422,12.453499],[122.501306,12.453676],[122.501857,12.453949],[122.501856,12.454853],[122.501487,12.454852],[122.501668,12.45648],[122.503233,12.456393],[122.504244,12.457118],[122.504058,12.458203],[122.503506,12.458021],[122.50286,12.458924],[122.503318,12.459919],[122.503132,12.461095],[122.503961,12.460825],[122.504236,12.461187],[122.504421,12.460645],[122.505979,12.463903],[122.505976,12.465802],[122.506251,12.466255],[122.504869,12.466795],[122.50496,12.467699],[122.50542,12.467791],[122.505325,12.469056],[122.503571,12.471947],[122.502098,12.472215],[122.499248,12.471125],[122.499155,12.471577],[122.50081,12.472123],[122.500901,12.472846],[122.500441,12.473026],[122.500258,12.472393],[122.498878,12.472029],[122.498695,12.471395],[122.497958,12.471846],[122.49833,12.470129],[122.498055,12.469133],[122.49732,12.468861],[122.49778,12.468952],[122.497414,12.467957],[122.498241,12.468591],[122.497877,12.465968],[122.498246,12.465878],[122.498152,12.466963],[122.499808,12.467147],[122.499901,12.466514],[122.498986,12.4638],[122.498342,12.463799],[122.498159,12.463346],[122.498256,12.460724],[122.498808,12.460635],[122.498531,12.461267],[122.498897,12.462262],[122.500461,12.462537],[122.499631,12.463078],[122.500091,12.463169],[122.500549,12.464526],[122.500644,12.463079],[122.501473,12.462177],[122.500923,12.461452],[122.502026,12.461726],[122.502209,12.46263],[122.501104,12.46308],[122.501654,12.463986],[122.501097,12.466426],[122.502297,12.464439],[122.502494,12.457838],[122.501666,12.457837],[122.50084,12.45675],[122.500935,12.455032],[122.500014,12.455663],[122.500565,12.455936],[122.500012,12.456387],[122.499737,12.455753],[122.498818,12.45539],[122.499371,12.454667],[122.499831,12.454759],[122.499647,12.45503],[122.500383,12.455212],[122.501488,12.454581],[122.499923,12.454759],[122.498821,12.453852],[122.497533,12.45385],[122.497902,12.453399],[122.496704,12.453939],[122.496798,12.453306],[122.496155,12.452582],[122.495694,12.452852],[122.496885,12.455477],[122.495967,12.454751],[122.495688,12.456379],[122.496793,12.455929],[122.496975,12.457014],[122.496514,12.457194],[122.498079,12.457107],[122.498648,12.457668],[122.498538,12.457288],[122.49909,12.457651],[122.498904,12.458555],[122.498743,12.457996],[122.498811,12.458826],[122.49826,12.458282],[122.498259,12.458915],[122.497801,12.458101],[122.497614,12.459185],[122.498257,12.460001],[122.497613,12.46018],[122.497061,12.459727],[122.497612,12.460361],[122.497334,12.461265],[122.496782,12.461264],[122.495589,12.459815],[122.495036,12.459995],[122.495863,12.460629],[122.497238,12.463616],[122.497884,12.462803],[122.497698,12.463526],[122.499167,12.465337],[122.498982,12.465789],[122.49797,12.465787],[122.497325,12.466148],[122.496771,12.467142],[122.496128,12.466688],[122.494745,12.468042],[122.493917,12.46786],[122.493092,12.466321],[122.491805,12.465505],[122.49429,12.465057],[122.495209,12.465692],[122.495302,12.46524],[122.496038,12.465241],[122.495948,12.464608],[122.494199,12.464605],[122.49411,12.463429],[122.493558,12.462976],[122.493005,12.463608],[122.494015,12.464785],[122.492267,12.464782],[122.489324,12.463782],[122.489602,12.462878],[122.491442,12.462972],[122.490707,12.462247],[122.491629,12.461616],[122.491353,12.461434],[122.490709,12.461524],[122.488588,12.463509],[122.488498,12.462695],[122.488312,12.463599],[122.489048,12.463962],[122.488035,12.464051],[122.487947,12.462242],[122.4862,12.461153],[122.488409,12.461158],[122.486937,12.460884],[122.487582,12.460613],[122.487583,12.459981],[122.488226,12.460524],[122.488873,12.45935],[122.489977,12.459081],[122.488782,12.458626],[122.488969,12.45718],[122.493567,12.458455],[122.494857,12.457643],[122.494953,12.455563],[122.494493,12.455472],[122.494492,12.456196],[122.493573,12.45547],[122.494126,12.455019],[122.493758,12.454838],[122.493111,12.456374],[122.491913,12.457185],[122.488877,12.456908],[122.487954,12.458715],[122.486573,12.458803],[122.486478,12.46025],[122.485834,12.46052],[122.486295,12.459888],[122.486113,12.458621],[122.487495,12.458172],[122.487956,12.45754],[122.487222,12.456453],[122.487505,12.453108],[122.489712,12.453564],[122.489162,12.452388],[122.490084,12.451575],[122.49082,12.451486],[122.491831,12.452031],[122.492201,12.451218],[122.493674,12.450588],[122.494689,12.449504],[122.49506,12.447877],[122.496999,12.444535],[122.49709,12.444716],[122.496813,12.445168],[122.496811,12.446434],[122.496534,12.446795],[122.496625,12.447247],[122.495981,12.447336],[122.495426,12.449054],[122.49542,12.451766],[122.496709,12.451769],[122.496067,12.450682],[122.496801,12.451317],[122.497723,12.450866],[122.497353,12.451589],[122.497812,12.452132],[122.498365,12.451953],[122.498275,12.450867],[122.499837,12.451684],[122.499379,12.450598],[122.498276,12.450054],[122.498277,12.449601],[122.498921,12.449874],[122.498738,12.44906],[122.496807,12.448514],[122.498282,12.44725],[122.499201,12.447614],[122.49874,12.448155],[122.49929,12.449242],[122.500486,12.449153],[122.500305,12.447616],[122.500768,12.446351],[122.501135,12.446623],[122.501132,12.448522],[122.502237,12.447619],[122.502789,12.447711],[122.502788,12.448253],[122.501867,12.448613],[122.502327,12.448976],[122.503063,12.448887],[122.503986,12.447351],[122.504722,12.447353],[122.503989,12.445904],[122.503529,12.445904],[122.503527,12.446627],[122.502884,12.446083],[122.502335,12.444816],[122.502979,12.444546],[122.503529,12.445723],[122.503809,12.443734],[122.502524,12.442194],[122.502342,12.441109],[122.504272,12.442016],[122.503906,12.441292],[122.502159,12.440566],[122.502344,12.439933],[122.503907,12.440479],[122.505285,12.441837],[122.507767,12.443108],[122.509332,12.442659],[122.510164,12.440309],[122.51062,12.442661],[122.512461,12.442393],[122.512835,12.439138],[122.51385,12.437693],[122.513759,12.43697],[122.514586,12.437695],[122.51523,12.437334],[122.51468,12.436429],[122.514777,12.433807],[122.513397,12.433895],[122.513675,12.43281],[122.513215,12.432357],[122.514503,12.43254],[122.514414,12.430912],[122.513588,12.429645],[122.511104,12.429912],[122.510639,12.432262],[122.511005,12.433529],[122.510636,12.43407],[122.509995,12.432261],[122.508799,12.432439],[122.508797,12.433615],[122.508428,12.433705],[122.508062,12.432709],[122.506682,12.432797],[122.506039,12.431982],[122.506038,12.432977],[122.505393,12.433428],[122.505207,12.434422],[122.504839,12.434512],[122.504656,12.433969],[122.503735,12.434239],[122.502635,12.432157],[122.502455,12.429805],[122.500986,12.428175],[122.499882,12.428444],[122.499518,12.426092],[122.498504,12.427176],[122.497676,12.427355],[122.498041,12.428622],[122.497304,12.429253],[122.498959,12.429618],[122.498038,12.430249],[122.498312,12.431425],[122.497942,12.432329],[122.495918,12.432235],[122.496287,12.431603],[122.497483,12.431695],[122.495737,12.430516],[122.49528,12.429069],[122.494637,12.428706],[122.495187,12.429611],[122.49399,12.430151],[122.493803,12.431869],[122.492325,12.434489],[122.491499,12.433583],[122.492051,12.433584],[122.492236,12.433223],[122.491868,12.433132],[122.492605,12.432681],[122.491501,12.432588],[122.493159,12.431506],[122.49353,12.42997],[122.49307,12.429969],[122.492607,12.431505],[122.490397,12.432767],[122.489658,12.434032],[122.489657,12.434665],[122.490667,12.435661],[122.489929,12.436655],[122.489928,12.437197],[122.490388,12.437017],[122.490204,12.437379],[122.489007,12.437557],[122.488732,12.437014],[122.489563,12.435569],[122.487815,12.435746],[122.488276,12.435024],[122.489196,12.435206],[122.489197,12.434393],[122.487909,12.434481],[122.487538,12.435927],[122.486987,12.435654],[122.487081,12.434479],[122.486436,12.435201],[122.485331,12.43538],[122.487178,12.431857],[122.486995,12.431404],[122.489114,12.430052],[122.491137,12.430417],[122.490956,12.429151],[122.490222,12.428155],[122.489762,12.427792],[122.488566,12.428152],[122.488567,12.427428],[122.489763,12.42725],[122.491141,12.428518],[122.49151,12.427886],[122.490592,12.427161],[122.492432,12.427255],[122.492982,12.42807],[122.494177,12.428615],[122.494087,12.42771],[122.495652,12.427261],[122.494918,12.426084],[122.493354,12.425991],[122.493818,12.424002],[122.492807,12.423367],[122.492534,12.421648],[122.491615,12.421195],[122.491617,12.420381],[122.492169,12.420382],[122.492081,12.418392],[122.492541,12.418303],[122.492539,12.419297],[122.493091,12.419389],[122.494751,12.417131],[122.493555,12.417129],[122.493461,12.418395],[122.493002,12.41758],[122.492358,12.41776],[122.49328,12.416495],[122.492452,12.416675],[122.492638,12.415771],[122.492088,12.414685],[122.492365,12.413962],[122.491722,12.413418],[122.491726,12.411338],[122.490349,12.409798],[122.489526,12.407536],[122.490353,12.407809],[122.491362,12.409439],[122.49219,12.40935],[122.492193,12.408084],[122.493112,12.408357],[122.493109,12.409894],[122.492001,12.412243],[122.494022,12.413603],[122.494387,12.415141],[122.496595,12.415055],[122.496869,12.41614],[122.496406,12.417948],[122.496864,12.418763],[122.495668,12.41858],[122.495941,12.420118],[122.496587,12.419214],[122.49769,12.420121],[122.496773,12.41813],[122.497053,12.41605],[122.496779,12.415055],[122.497982,12.411531],[122.498899,12.412889],[122.49835,12.411712],[122.49881,12.411623],[122.499544,12.412619],[122.49899,12.413432],[122.499633,12.414156],[122.500002,12.413886],[122.49918,12.410448],[122.498627,12.411261],[122.497892,12.410355],[122.497252,12.408545],[122.497439,12.407099],[122.498638,12.405112],[122.498728,12.406559],[122.499187,12.407012],[122.497805,12.407823],[122.497804,12.408456],[122.498077,12.409903],[122.498813,12.409724],[122.499548,12.410539],[122.500287,12.409093],[122.500105,12.407737],[122.499646,12.407374],[122.500568,12.40611],[122.501398,12.405478],[122.502224,12.406384],[122.502685,12.406023],[122.502959,12.406657],[122.504523,12.40684],[122.504157,12.405936],[122.506738,12.403137],[122.506554,12.402865],[122.506001,12.403859],[122.50508,12.404309],[122.504894,12.405123],[122.504066,12.405483],[122.504528,12.404218],[122.503794,12.402951],[122.503146,12.405391],[122.503789,12.405664],[122.503052,12.406295],[122.502779,12.404667],[122.502595,12.404938],[122.502228,12.404395],[122.502689,12.403672],[122.503424,12.404035],[122.503613,12.401504],[122.502968,12.401955],[122.501773,12.40141],[122.501041,12.3996],[122.50058,12.39978],[122.50003,12.399146],[122.499567,12.400411],[122.500118,12.400955],[122.500947,12.400685],[122.50067,12.401046],[122.501588,12.402042]],[[122.494935,12.417041],[122.494751,12.417131],[122.494935,12.417132],[122.494935,12.417041]],[[122.49613,12.465332],[122.496038,12.465241],[122.496038,12.465332],[122.49613,12.465332]],[[122.496036,12.466598],[122.496128,12.466688],[122.496128,12.466598],[122.496036,12.466598]],[[122.498169,12.458101],[122.49826,12.458282],[122.498261,12.458102],[122.498169,12.458101]],[[122.506203,12.394184],[122.506019,12.394274],[122.506203,12.394274],[122.506203,12.394184]],[[122.506295,12.394093],[122.506203,12.394184],[122.506295,12.394184],[122.506295,12.394093]],[[122.506571,12.394003],[122.506295,12.394093],[122.506571,12.394094],[122.506571,12.394003]],[[122.500311,12.396524],[122.500403,12.396434],[122.500311,12.396434],[122.500311,12.396524]],[[122.497554,12.39462],[122.497646,12.39471],[122.497646,12.39462],[122.497554,12.39462]],[[122.50516,12.41073],[122.505343,12.411002],[122.505436,12.41064],[122.50516,12.410549],[122.50516,12.41073]],[[122.508202,12.407209],[122.50848,12.406124],[122.507743,12.407027],[122.508202,12.407209]],[[122.506755,12.393913],[122.506847,12.394004],[122.507124,12.393733],[122.506755,12.393913]],[[122.507308,12.393462],[122.507308,12.393733],[122.507584,12.393463],[122.507308,12.393462]],[[122.506106,12.396715],[122.50629,12.396806],[122.50629,12.396625],[122.506106,12.396715]],[[122.506382,12.396535],[122.506474,12.396626],[122.506567,12.396355],[122.506382,12.396535]],[[122.506568,12.395722],[122.506567,12.396264],[122.506843,12.395903],[122.506845,12.395179],[122.506568,12.395722]],[[122.503339,12.400327],[122.503062,12.401231],[122.503337,12.401322],[122.503339,12.400327]],[[122.500678,12.396615],[122.500402,12.396615],[122.500402,12.396795],[122.500678,12.396615]],[[122.500126,12.396614],[122.500035,12.396523],[122.500034,12.396704],[122.500126,12.396614]],[[122.502877,12.401593],[122.502785,12.401683],[122.502877,12.401683],[122.502877,12.401593]],[[122.502693,12.401502],[122.502785,12.401592],[122.502785,12.401502],[122.502693,12.401502]],[[122.502601,12.401411],[122.502693,12.401502],[122.502693,12.401411],[122.502601,12.401411]],[[122.502509,12.401321],[122.502601,12.401411],[122.502601,12.401321],[122.502509,12.401321]],[[122.502325,12.40132],[122.50251,12.40123],[122.502234,12.401139],[122.502325,12.40132]],[[122.50278,12.404124],[122.502873,12.403853],[122.502781,12.403853],[122.50278,12.404124]],[[122.492097,12.410163],[122.491914,12.40944],[122.491728,12.410705],[122.492097,12.410163]],[[122.494568,12.416588],[122.495212,12.416861],[122.495121,12.416408],[122.494568,12.416588]],[[122.491984,12.421014],[122.492443,12.421467],[122.492628,12.420744],[122.492076,12.420653],[122.491984,12.421014]],[[122.489303,12.42752],[122.489211,12.42743],[122.489211,12.42752],[122.489303,12.42752]],[[122.494175,12.429428],[122.493714,12.42997],[122.494543,12.429429],[122.494175,12.429428]],[[122.49312,12.451581],[122.493121,12.451039],[122.492477,12.451309],[122.492476,12.45158],[122.49312,12.451581]],[[122.490728,12.451758],[122.490636,12.451667],[122.490636,12.451757],[122.490728,12.451758]],[[122.497422,12.463707],[122.49733,12.463616],[122.49733,12.463706],[122.497422,12.463707]],[[122.497514,12.463797],[122.497422,12.463707],[122.497422,12.463797],[122.497514,12.463797]],[[122.497973,12.46425],[122.497606,12.463797],[122.497697,12.46434],[122.498064,12.464522],[122.497973,12.46425]],[[122.498156,12.464612],[122.498064,12.464522],[122.498064,12.464612],[122.498156,12.464612]],[[122.4967,12.456381],[122.4967,12.456109],[122.496608,12.45638],[122.4967,12.456381]],[[122.496239,12.456741],[122.496607,12.456561],[122.496055,12.456651],[122.49587,12.457102],[122.496239,12.456741]],[[122.499555,12.454939],[122.499371,12.454758],[122.499371,12.454848],[122.499555,12.454939]],[[122.507643,12.459837],[122.507089,12.461102],[122.508194,12.460381],[122.508011,12.459838],[122.507643,12.459837]]],[[[122.498916,12.404208],[122.498824,12.404208],[122.498916,12.404117],[122.498916,12.404208]]],[[[122.503883,12.404488],[122.503515,12.404578],[122.503884,12.403946],[122.503883,12.404488]]],[[[122.502777,12.405933],[122.502685,12.405933],[122.502777,12.405662],[122.502777,12.405933]]],[[[122.494539,12.431599],[122.493988,12.431327],[122.494081,12.430513],[122.494818,12.429972],[122.495461,12.430606],[122.494906,12.432323],[122.494723,12.431961],[122.494725,12.430605],[122.494539,12.431599]]],[[[122.499508,12.431337],[122.499784,12.431428],[122.499507,12.43188],[122.499508,12.431337]]],[[[122.493064,12.433315],[122.493893,12.432502],[122.493895,12.431779],[122.494539,12.43178],[122.494168,12.433045],[122.493431,12.433948],[122.493522,12.434401],[122.49297,12.434038],[122.493064,12.433315]]],[[[122.499321,12.433145],[122.4984,12.433505],[122.497665,12.432962],[122.499321,12.432965],[122.499321,12.433145]]],[[[122.495456,12.43359],[122.495363,12.434042],[122.496006,12.434405],[122.494534,12.434312],[122.49426,12.433317],[122.494995,12.43368],[122.495365,12.432867],[122.496008,12.433139],[122.49601,12.432416],[122.496652,12.433231],[122.496375,12.433683],[122.495456,12.43359]]],[[[122.494533,12.434583],[122.494717,12.434674],[122.494533,12.434945],[122.494533,12.434583]]],[[[122.502997,12.435413],[122.502812,12.435593],[122.502721,12.435412],[122.502997,12.435413]]],[[[122.501247,12.436224],[122.501063,12.436223],[122.501156,12.435952],[122.501247,12.436224]]],[[[122.502256,12.437853],[122.501889,12.4374],[122.502165,12.43731],[122.502256,12.437853]]],[[[122.498745,12.445533],[122.498653,12.445262],[122.498837,12.445533],[122.498745,12.445533]]],[[[122.499665,12.445535],[122.499849,12.445445],[122.499849,12.445535],[122.499665,12.445535]]],[[[122.500677,12.445627],[122.500493,12.445536],[122.500677,12.445446],[122.500677,12.445627]]],[[[122.497363,12.446163],[122.497364,12.445983],[122.497916,12.446164],[122.497363,12.446163]]],[[[122.499938,12.447253],[122.499477,12.447433],[122.499386,12.447162],[122.499938,12.447253]]],[[[122.498451,12.455027],[122.498635,12.454666],[122.498727,12.455028],[122.498451,12.455027]]],[[[122.493481,12.455561],[122.493573,12.45547],[122.493573,12.455561],[122.493481,12.455561]]],[[[122.497159,12.456924],[122.497896,12.456292],[122.498816,12.456656],[122.498815,12.457108],[122.497159,12.456924]]],[[[122.499823,12.45928],[122.500007,12.459099],[122.500007,12.45928],[122.499823,12.45928]]],[[[122.500467,12.459191],[122.500651,12.459282],[122.500374,12.459733],[122.500467,12.459191]]],[[[122.498902,12.45973],[122.498902,12.459459],[122.499178,12.459731],[122.498902,12.45973]]],[[[122.500554,12.461723],[122.499269,12.460274],[122.499731,12.45937],[122.499729,12.460275],[122.500554,12.461723]]],[[[122.496139,12.46072],[122.496598,12.461535],[122.497241,12.461807],[122.496413,12.461806],[122.496139,12.46072]]],[[[122.500554,12.461904],[122.500462,12.461904],[122.500554,12.461813],[122.500554,12.461904]]],[[[122.501014,12.461905],[122.500922,12.461995],[122.500922,12.461904],[122.501014,12.461905]]],[[[122.500185,12.462084],[122.500001,12.462084],[122.500186,12.461994],[122.500185,12.462084]]],[[[122.500738,12.462085],[122.500738,12.461995],[122.500922,12.462085],[122.500738,12.462085]]],[[[122.500461,12.462175],[122.500738,12.462085],[122.500737,12.462175],[122.500461,12.462175]]],[[[122.497241,12.462078],[122.497148,12.46235],[122.496965,12.462168],[122.497241,12.462078]]],[[[122.500093,12.462265],[122.500093,12.462174],[122.500461,12.462265],[122.500093,12.462265]]],[[[122.49852,12.466783],[122.498428,12.466783],[122.49852,12.466693],[122.49852,12.466783]]],[[[122.496674,12.469583],[122.495847,12.469039],[122.495757,12.468225],[122.496494,12.467503],[122.496862,12.467775],[122.496721,12.469131],[122.496859,12.469131],[122.496767,12.469312],[122.496708,12.469254],[122.496674,12.469583]]],[[[122.49557,12.469671],[122.495754,12.469491],[122.49603,12.469672],[122.49557,12.469671]]],[[[122.493728,12.470391],[122.494648,12.470664],[122.495106,12.47166],[122.494645,12.47184],[122.494188,12.470663],[122.493635,12.470843],[122.493728,12.470391]]],[[[122.495932,12.472475],[122.496025,12.472295],[122.4963,12.472566],[122.495932,12.472475]]],[[[122.494828,12.472564],[122.494644,12.472563],[122.494828,12.472473],[122.494828,12.472564]]],[[[122.499521,12.472753],[122.500072,12.473025],[122.499428,12.473024],[122.499521,12.472753]]],[[[122.50044,12.473207],[122.500256,12.473207],[122.500441,12.473026],[122.50044,12.473207]]],[[[122.496574,12.473652],[122.49676,12.472838],[122.49722,12.47293],[122.497218,12.473834],[122.496482,12.473833],[122.495652,12.474555],[122.495744,12.474736],[122.496481,12.474466],[122.49694,12.475099],[122.497033,12.474286],[122.498876,12.473295],[122.498597,12.47465],[122.497861,12.474468],[122.498043,12.475463],[122.497582,12.476186],[122.496477,12.476274],[122.495559,12.475459],[122.494914,12.475548],[122.495009,12.474192],[122.495837,12.474012],[122.49501,12.473649],[122.495747,12.473289],[122.495472,12.472746],[122.496208,12.472747],[122.496574,12.473652]]],[[[122.494269,12.475908],[122.494085,12.475908],[122.494178,12.475727],[122.494269,12.475908]]],[[[122.502643,12.476286],[122.502551,12.476285],[122.502643,12.476195],[122.502643,12.476286]]],[[[122.496101,12.480433],[122.496009,12.480523],[122.496009,12.480433],[122.496101,12.480433]]],[[[122.496009,12.480614],[122.495825,12.480704],[122.496009,12.480523],[122.496009,12.480614]]],[[[122.496284,12.480886],[122.496284,12.481157],[122.496008,12.481247],[122.496284,12.480886]]],[[[122.49886,12.481343],[122.498952,12.481433],[122.49886,12.481433],[122.49886,12.481343]]],[[[122.495822,12.482241],[122.495729,12.482331],[122.49573,12.482241],[122.495822,12.482241]]],[[[122.492877,12.482326],[122.493062,12.481422],[122.494075,12.481334],[122.493063,12.481241],[122.49233,12.479703],[122.494444,12.480882],[122.494535,12.481515],[122.497663,12.481612],[122.496834,12.482334],[122.49481,12.481878],[122.493719,12.4825],[122.493727,12.482518],[122.494348,12.482781],[122.494994,12.482149],[122.496005,12.482422],[122.496096,12.482965],[122.495545,12.482693],[122.495911,12.483417],[122.495634,12.483959],[122.493794,12.483956],[122.492691,12.482959],[122.492689,12.484225],[122.493424,12.484588],[122.494713,12.484229],[122.494619,12.485585],[122.495448,12.484953],[122.494801,12.48667],[122.493788,12.486759],[122.493697,12.486216],[122.494157,12.486307],[122.494435,12.485584],[122.49416,12.48486],[122.492595,12.485219],[122.491676,12.484313],[122.491679,12.483228],[122.490941,12.484131],[122.489286,12.483314],[122.49048,12.484582],[122.491768,12.484675],[122.492869,12.486214],[122.492962,12.485491],[122.494159,12.485493],[122.493514,12.485944],[122.493604,12.486758],[122.493144,12.486848],[122.492224,12.486394],[122.491674,12.485398],[122.490846,12.485216],[122.490662,12.485577],[122.490571,12.484944],[122.490294,12.485124],[122.490385,12.485848],[122.491673,12.486303],[122.491947,12.487298],[122.492775,12.487209],[122.49213,12.48775],[122.494797,12.488479],[122.495167,12.487666],[122.49443,12.488207],[122.493143,12.4873],[122.494523,12.487393],[122.495076,12.486852],[122.49572,12.487395],[122.495901,12.488571],[122.496361,12.488663],[122.497007,12.48785],[122.496088,12.487306],[122.496458,12.486221],[122.496089,12.486944],[122.495813,12.486763],[122.496091,12.485497],[122.496736,12.485046],[122.497102,12.486222],[122.498299,12.486225],[122.497932,12.485681],[122.49959,12.484599],[122.497563,12.485681],[122.497013,12.484956],[122.498303,12.484145],[122.499683,12.484238],[122.4995,12.483785],[122.498395,12.483964],[122.497754,12.482426],[122.496277,12.484503],[122.497109,12.482515],[122.497846,12.482155],[122.498397,12.48315],[122.499224,12.483333],[122.498306,12.482517],[122.498492,12.481613],[122.499043,12.481795],[122.499506,12.480711],[122.50015,12.480712],[122.500061,12.478994],[122.501074,12.478363],[122.50181,12.478906],[122.501806,12.480534],[122.500056,12.481616],[122.50061,12.480442],[122.499965,12.481073],[122.499686,12.482339],[122.500146,12.482521],[122.500332,12.481526],[122.501622,12.480896],[122.501898,12.480625],[122.501899,12.480082],[122.502451,12.480355],[122.502726,12.480988],[122.502906,12.483159],[122.501433,12.483337],[122.502261,12.48361],[122.502168,12.484242],[122.502996,12.484334],[122.501614,12.484965],[122.502902,12.485238],[122.502625,12.48569],[122.500969,12.485325],[122.501612,12.485779],[122.502993,12.485872],[122.502071,12.486412],[122.500141,12.485414],[122.499954,12.486861],[122.499771,12.486227],[122.498943,12.486316],[122.501975,12.488492],[122.500043,12.488217],[122.50087,12.488942],[122.500042,12.489031],[122.500038,12.490749],[122.49967,12.490749],[122.499856,12.489664],[122.499489,12.489211],[122.499487,12.490206],[122.49912,12.489572],[122.498568,12.489571],[122.498749,12.49147],[122.49838,12.491831],[122.496723,12.491738],[122.495992,12.489024],[122.495991,12.489657],[122.495531,12.489656],[122.495805,12.490832],[122.494238,12.492276],[122.493317,12.492455],[122.492767,12.491097],[122.493412,12.491008],[122.492952,12.490646],[122.493415,12.489561],[122.492864,12.488746],[122.492309,12.490011],[122.492681,12.488475],[122.490746,12.489285],[122.489919,12.489012],[122.490012,12.488108],[122.490934,12.487658],[122.491119,12.486754],[122.490105,12.487656],[122.489186,12.487383],[122.489376,12.483947],[122.489008,12.484037],[122.489098,12.485213],[122.488638,12.485031],[122.488824,12.484217],[122.488179,12.484397],[122.488452,12.486025],[122.487809,12.485662],[122.488635,12.486568],[122.488174,12.4872],[122.489001,12.487835],[122.488631,12.488829],[122.487526,12.488917],[122.486424,12.48792],[122.486515,12.488554],[122.487709,12.489641],[122.486055,12.488281],[122.487248,12.490092],[122.48826,12.490185],[122.487063,12.490363],[122.486054,12.488824],[122.486237,12.489548],[122.485224,12.489636],[122.485223,12.489998],[122.48559,12.490632],[122.486051,12.490452],[122.486048,12.491718],[122.484763,12.490178],[122.484952,12.487375],[122.485782,12.486924],[122.48569,12.486563],[122.485138,12.486742],[122.484771,12.485928],[122.486434,12.482856],[122.487171,12.482587],[122.486344,12.481952],[122.486805,12.481049],[122.487634,12.48096],[122.487265,12.481411],[122.487815,12.482588],[122.487172,12.481592],[122.486988,12.481863],[122.487905,12.483673],[122.488549,12.483584],[122.489011,12.482681],[122.487908,12.482045],[122.487726,12.48087],[122.488187,12.480418],[122.49021,12.481417],[122.490574,12.483316],[122.490946,12.481509],[122.491682,12.481691],[122.492231,12.482867],[122.492784,12.482507],[122.492141,12.482234],[122.491682,12.481239],[122.491685,12.479792],[122.492787,12.48106],[122.492877,12.482326]],[[122.485594,12.488461],[122.486054,12.488824],[122.486054,12.488643],[122.485594,12.488461]],[[122.499866,12.484509],[122.49959,12.484599],[122.499866,12.4846],[122.499866,12.484509]],[[122.500979,12.480081],[122.500886,12.480442],[122.501256,12.479448],[122.500979,12.480081]],[[122.490107,12.486661],[122.490293,12.485848],[122.489831,12.486661],[122.490107,12.486661]],[[122.493889,12.482057],[122.494073,12.482147],[122.494073,12.482057],[122.493889,12.482057]],[[122.493798,12.481966],[122.493889,12.482057],[122.49389,12.481966],[122.493798,12.481966]],[[122.488644,12.482137],[122.488552,12.482227],[122.488644,12.482228],[122.488644,12.482137]],[[122.484949,12.489093],[122.484857,12.489003],[122.484857,12.489093],[122.484949,12.489093]],[[122.488915,12.484579],[122.488823,12.48476],[122.488915,12.48476],[122.488915,12.484579]],[[122.50199,12.480987],[122.502082,12.480716],[122.50199,12.480715],[122.50199,12.480987]],[[122.501897,12.481439],[122.50199,12.481077],[122.501621,12.481348],[122.501713,12.481529],[122.501897,12.481439]]],[[[122.496003,12.483417],[122.496004,12.483055],[122.496187,12.483417],[122.496003,12.483417]]],[[[122.496921,12.484594],[122.497106,12.484233],[122.497013,12.484595],[122.496921,12.484594]]],[[[122.500874,12.486953],[122.502253,12.487588],[122.501149,12.487496],[122.500874,12.486953]]],[[[122.501883,12.488854],[122.501882,12.489035],[122.500961,12.489575],[122.501883,12.488854]]],[[[122.500864,12.492198],[122.500499,12.49066],[122.501602,12.491114],[122.502155,12.490844],[122.502337,12.491929],[122.5016,12.492109],[122.501602,12.491204],[122.500958,12.491022],[122.501233,12.491927],[122.500864,12.492198]]],[[[122.502797,12.49193],[122.50289,12.491387],[122.502889,12.49193],[122.502797,12.49193]]],[[[122.50418,12.490847],[122.5051,12.490668],[122.505559,12.491121],[122.505837,12.490398],[122.506938,12.491847],[122.505832,12.49284],[122.506382,12.494197],[122.505921,12.494648],[122.505276,12.494738],[122.503897,12.494012],[122.503437,12.494282],[122.503438,12.493468],[122.504636,12.492928],[122.499757,12.493642],[122.499945,12.491653],[122.499574,12.492828],[122.499023,12.492375],[122.498562,12.492736],[122.49856,12.493731],[122.501136,12.494097],[122.502514,12.495546],[122.501964,12.494189],[122.502333,12.493828],[122.502332,12.494551],[122.503067,12.495276],[122.503711,12.495097],[122.50371,12.495549],[122.502975,12.495366],[122.503249,12.496181],[122.501868,12.496359],[122.500031,12.494638],[122.497915,12.494091],[122.497826,12.492735],[122.498287,12.492193],[122.499391,12.492195],[122.499485,12.491472],[122.499946,12.491111],[122.500405,12.491745],[122.500125,12.493372],[122.500956,12.492379],[122.501506,12.493193],[122.5016,12.49247],[122.50344,12.492474],[122.50427,12.491842],[122.50418,12.490847]],[[122.505375,12.491392],[122.504452,12.492656],[122.505188,12.492748],[122.505375,12.491392]],[[122.505645,12.494558],[122.505553,12.494557],[122.505645,12.494648],[122.505645,12.494558]],[[122.499853,12.491382],[122.499761,12.491382],[122.499853,12.491472],[122.499853,12.491382]]],[[[122.519393,12.374856],[122.518103,12.376391],[122.51663,12.37684],[122.515615,12.378466],[122.516263,12.376206],[122.519393,12.374856]]],[[[122.51801,12.377023],[122.518101,12.377476],[122.517641,12.377294],[122.51801,12.377023]]],[[[122.518745,12.377115],[122.518837,12.377477],[122.51856,12.377748],[122.518469,12.377115],[122.518745,12.377115]]],[[[122.51764,12.378017],[122.516719,12.378287],[122.516444,12.377925],[122.51764,12.378017]]],[[[122.517268,12.380187],[122.519292,12.38001],[122.520027,12.380282],[122.517727,12.38055],[122.517268,12.380187]]],[[[122.515415,12.387328],[122.515417,12.386333],[122.515507,12.387328],[122.515415,12.387328]]],[[[122.512193,12.388497],[122.512285,12.388226],[122.512285,12.388498],[122.512193,12.388497]]],[[[122.51219,12.389854],[122.512007,12.389763],[122.512191,12.389583],[122.51219,12.389854]]],[[[122.506578,12.390205],[122.506577,12.390929],[122.506024,12.391199],[122.506207,12.392194],[122.505192,12.393368],[122.506112,12.393279],[122.505007,12.39391],[122.504548,12.393728],[122.504642,12.392734],[122.502711,12.391826],[122.50354,12.391737],[122.502988,12.391374],[122.502989,12.390741],[122.505292,12.38957],[122.506578,12.390205]]],[[[122.513659,12.391394],[122.512188,12.39121],[122.513476,12.391032],[122.514301,12.39248],[122.513659,12.391394]]],[[[122.509238,12.39446],[122.509422,12.39428],[122.509514,12.394461],[122.509238,12.39446]]],[[[122.515677,12.394743],[122.51531,12.394562],[122.515126,12.394109],[122.515494,12.3942],[122.515677,12.394743]]],[[[122.517333,12.394746],[122.516873,12.394745],[122.51669,12.394474],[122.517333,12.394565],[122.517333,12.394746]]],[[[122.509973,12.395004],[122.509511,12.396089],[122.509697,12.394823],[122.509973,12.395004]]],[[[122.518986,12.396196],[122.51803,12.396122],[122.519078,12.396558],[122.520546,12.39855],[122.519259,12.398186],[122.518618,12.396647],[122.516503,12.396011],[122.517331,12.395831],[122.517721,12.395993],[122.517332,12.395379],[122.519079,12.395834],[122.52064,12.397646],[122.518986,12.396196]]],[[[122.515491,12.396099],[122.517143,12.398273],[122.518707,12.397914],[122.518612,12.399451],[122.516591,12.398181],[122.515491,12.396099]]],[[[122.517781,12.401167],[122.518427,12.400355],[122.519433,12.403431],[122.517871,12.402162],[122.517781,12.401167]]],[[[122.510324,12.403957],[122.510232,12.403957],[122.510324,12.403867],[122.510324,12.403957]]],[[[122.510232,12.404138],[122.51014,12.404228],[122.51014,12.404138],[122.510232,12.404138]]],[[[122.509219,12.404769],[122.509311,12.404588],[122.509311,12.404769],[122.509219,12.404769]]],[[[122.51584,12.406318],[122.515748,12.406318],[122.51584,12.406228],[122.51584,12.406318]]],[[[122.519601,12.412112],[122.518498,12.411658],[122.51896,12.410484],[122.518867,12.411026],[122.519694,12.411841],[122.519424,12.408224],[122.518503,12.408765],[122.5174,12.408311],[122.516664,12.40849],[122.516663,12.408942],[122.517216,12.408491],[122.518227,12.408945],[122.518777,12.410212],[122.515557,12.409754],[122.515746,12.407222],[122.516392,12.406319],[122.518228,12.408131],[122.518964,12.408223],[122.519886,12.407501],[122.519981,12.405602],[122.519063,12.404425],[122.519525,12.403522],[122.52044,12.406146],[122.519893,12.403522],[122.520354,12.403161],[122.521266,12.407413],[122.520897,12.408045],[122.520255,12.406869],[122.520161,12.407592],[122.521718,12.411845],[122.520245,12.412023],[122.519878,12.411389],[122.519601,12.412112]]],[[[122.512135,12.419514],[122.512416,12.417073],[122.511771,12.417615],[122.511774,12.415806],[122.51049,12.413905],[122.510953,12.412187],[122.512787,12.415627],[122.512055,12.413184],[122.510953,12.412097],[122.510405,12.410107],[122.510959,12.409113],[122.51096,12.40848],[122.510963,12.406943],[122.510321,12.405585],[122.509494,12.405041],[122.510048,12.404319],[122.510784,12.40432],[122.510325,12.403686],[122.510603,12.40233],[122.51024,12.399888],[122.511346,12.398986],[122.511531,12.398172],[122.512452,12.397812],[122.512545,12.396817],[122.513187,12.398265],[122.513005,12.396818],[122.513466,12.396729],[122.514108,12.397363],[122.514015,12.398177],[122.514842,12.39854],[122.516493,12.401346],[122.515756,12.401797],[122.515391,12.400259],[122.514381,12.399353],[122.514196,12.399895],[122.515022,12.400982],[122.514378,12.40089],[122.514377,12.401433],[122.515663,12.40243],[122.515662,12.402882],[122.51649,12.402974],[122.516951,12.402341],[122.517499,12.404513],[122.516945,12.405868],[122.515472,12.406137],[122.514273,12.407672],[122.514453,12.410023],[122.515096,12.410567],[122.51712,12.410661],[122.517209,12.412018],[122.51822,12.412472],[122.51831,12.413738],[122.520327,12.41772],[122.520508,12.419167],[122.519771,12.41998],[122.51609,12.420516],[122.517932,12.419253],[122.51821,12.418078],[122.517198,12.417896],[122.516648,12.416809],[122.51582,12.41726],[122.515357,12.418525],[122.5149,12.417258],[122.516284,12.415],[122.515917,12.414457],[122.515362,12.415993],[122.514257,12.416715],[122.513333,12.418431],[122.513883,12.419608],[122.513513,12.420692],[122.512776,12.421143],[122.512778,12.420239],[122.512135,12.419514]],[[122.511419,12.408933],[122.51096,12.40848],[122.511325,12.409837],[122.511048,12.41065],[122.511599,12.411013],[122.511784,12.41038],[122.511419,12.408933]]],[[[122.515649,12.409935],[122.515649,12.410026],[122.515557,12.409935],[122.515649,12.409935]]],[[[122.517669,12.411928],[122.517486,12.411837],[122.51767,12.411747],[122.517669,12.411928]]],[[[122.511769,12.418519],[122.512136,12.419333],[122.5114,12.41897],[122.511585,12.418519],[122.511769,12.418519]]],[[[122.506705,12.42059],[122.506522,12.420227],[122.507074,12.420319],[122.507073,12.420681],[122.506705,12.42059]]],[[[122.513234,12.4225],[122.513142,12.4225],[122.513234,12.42241],[122.513234,12.4225]]],[[[122.512491,12.425935],[122.511938,12.426748],[122.51212,12.427653],[122.510467,12.426293],[122.510467,12.425841],[122.511849,12.42512],[122.512491,12.425935]]],[[[122.5111,12.432082],[122.511744,12.432173],[122.511191,12.432444],[122.5111,12.432082]]],[[[122.512295,12.432446],[122.512847,12.432537],[122.512936,12.433984],[122.512569,12.433712],[122.512295,12.432446]]],[[[122.503728,12.437856],[122.503545,12.437313],[122.504192,12.436048],[122.504375,12.436501],[122.504096,12.437856],[122.503728,12.437856]]],[[[122.510997,12.43805],[122.510629,12.437597],[122.511366,12.437146],[122.51293,12.43733],[122.512285,12.437962],[122.510997,12.43805]]],[[[122.510076,12.438139],[122.510535,12.438682],[122.509615,12.43859],[122.509432,12.438047],[122.510076,12.438139]]],[[[122.518697,12.453617],[122.518697,12.453527],[122.518789,12.453617],[122.518697,12.453617]]],[[[122.517684,12.453706],[122.517408,12.453796],[122.517409,12.453525],[122.517684,12.453706]]],[[[122.515562,12.456958],[122.516207,12.456687],[122.515654,12.457229],[122.515562,12.456958]]],[[[122.51685,12.45696],[122.516942,12.45696],[122.51685,12.45705],[122.51685,12.45696]]],[[[122.516666,12.45714],[122.51685,12.45705],[122.51685,12.457141],[122.516666,12.45714]]],[[[122.516666,12.457231],[122.516574,12.457231],[122.516666,12.45714],[122.516666,12.457231]]],[[[122.516389,12.457502],[122.516481,12.457502],[122.516389,12.457592],[122.516389,12.457502]]],[[[122.515745,12.457591],[122.516297,12.457592],[122.516112,12.458044],[122.515745,12.457772],[122.515745,12.457591]]],[[[122.516849,12.457412],[122.517033,12.457774],[122.516296,12.458225],[122.516849,12.457412]]],[[[122.518963,12.458863],[122.518412,12.4585],[122.518413,12.457957],[122.518964,12.45841],[122.518963,12.458863]]],[[[122.503781,12.458383],[122.503965,12.458474],[122.503781,12.458473],[122.503781,12.458383]]],[[[122.503963,12.459288],[122.503871,12.459287],[122.503964,12.459107],[122.503963,12.459288]]],[[[122.517399,12.45895],[122.517398,12.459312],[122.516569,12.459672],[122.516755,12.458949],[122.517399,12.45895]]],[[[122.519603,12.461124],[122.519509,12.4623],[122.518129,12.462297],[122.517486,12.461482],[122.517764,12.460579],[122.518775,12.461304],[122.517308,12.458408],[122.518139,12.45651],[122.518691,12.456601],[122.518045,12.457685],[122.518227,12.458861],[122.519603,12.461124]]],[[[122.517673,12.459945],[122.517764,12.460488],[122.517303,12.46094],[122.51712,12.460487],[122.517673,12.459945]]],[[[122.51666,12.460577],[122.516291,12.460847],[122.516568,12.460124],[122.51666,12.460577]]],[[[122.516106,12.46139],[122.516014,12.461389],[122.516106,12.461118],[122.516106,12.46139]]],[[[122.517208,12.462386],[122.516748,12.462295],[122.516841,12.462024],[122.517208,12.462386]]],[[[122.513895,12.462742],[122.513803,12.462832],[122.513803,12.462742],[122.513895,12.462742]]],[[[122.513803,12.462923],[122.513711,12.462922],[122.513803,12.462832],[122.513803,12.462923]]],[[[122.51371,12.463013],[122.513526,12.463013],[122.513711,12.462922],[122.51371,12.463013]]],[[[122.513157,12.463464],[122.513525,12.463826],[122.513065,12.463735],[122.513157,12.463464]]],[[[122.513616,12.464369],[122.514354,12.463466],[122.514352,12.46428],[122.514904,12.464462],[122.513983,12.465003],[122.513616,12.464369]]],[[[122.51288,12.464277],[122.513248,12.464459],[122.512879,12.46473],[122.51288,12.464277]]],[[[122.516467,12.465007],[122.516652,12.464827],[122.516651,12.465008],[122.516467,12.465007]]],[[[122.512419,12.464457],[122.512511,12.464729],[122.512234,12.465452],[122.512419,12.464457]]],[[[122.512694,12.465453],[122.513798,12.465364],[122.513981,12.465907],[122.512969,12.465996],[122.512694,12.465453]]],[[[122.511868,12.464095],[122.511314,12.465269],[122.512875,12.466719],[122.511955,12.466536],[122.511497,12.465903],[122.510942,12.467348],[122.510669,12.465539],[122.511222,12.465269],[122.511316,12.464275],[122.511868,12.464095]],[[122.511129,12.465812],[122.51122,12.465902],[122.511221,12.465812],[122.511129,12.465812]],[[122.511037,12.465721],[122.511129,12.465812],[122.511129,12.465721],[122.511037,12.465721]]],[[[122.506251,12.465893],[122.506159,12.465893],[122.506252,12.465803],[122.506251,12.465893]]],[[[122.514994,12.465547],[122.514993,12.465909],[122.514533,12.466179],[122.514994,12.465547]]],[[[122.517938,12.465914],[122.518122,12.465824],[122.518122,12.465915],[122.517938,12.465914]]],[[[122.514165,12.466088],[122.514073,12.466088],[122.514165,12.465998],[122.514165,12.466088]]],[[[122.517757,12.464377],[122.518494,12.463564],[122.519598,12.463747],[122.519413,12.464199],[122.520148,12.464833],[122.519135,12.465464],[122.520331,12.465376],[122.520515,12.465738],[122.519779,12.465646],[122.518765,12.466368],[122.520422,12.466371],[122.520237,12.466823],[122.520789,12.467004],[122.520603,12.467547],[122.521246,12.468181],[122.520695,12.468089],[122.519956,12.469354],[122.520142,12.468088],[122.519593,12.46655],[122.518673,12.466548],[122.518398,12.466186],[122.518858,12.465735],[122.518122,12.465824],[122.519043,12.465193],[122.517478,12.465823],[122.517021,12.464285],[122.516284,12.464736],[122.51564,12.464373],[122.515826,12.463288],[122.516193,12.464102],[122.516839,12.462838],[122.517759,12.46302],[122.516838,12.463652],[122.517666,12.463653],[122.517757,12.464377]]],[[[122.514996,12.464462],[122.519133,12.466821],[122.519866,12.468088],[122.519681,12.46863],[122.51812,12.46718],[122.517382,12.467812],[122.51628,12.466725],[122.516554,12.467992],[122.516003,12.467448],[122.515821,12.466091],[122.515081,12.467989],[122.515265,12.46817],[122.515634,12.467809],[122.51554,12.468804],[122.515172,12.468803],[122.514529,12.468259],[122.515362,12.465819],[122.516006,12.46573],[122.514996,12.464462]]],[[[122.508919,12.46644],[122.50855,12.466711],[122.508458,12.467073],[122.508367,12.46653],[122.508919,12.46644]]],[[[122.505606,12.466615],[122.50579,12.466706],[122.505513,12.467067],[122.505606,12.466615]]],[[[122.512967,12.46681],[122.513151,12.46681],[122.513058,12.467443],[122.512967,12.46681]]],[[[122.509932,12.466261],[122.511124,12.468343],[122.512227,12.468888],[122.511673,12.469791],[122.510202,12.469065],[122.510205,12.467438],[122.508828,12.465988],[122.508921,12.465355],[122.510026,12.464724],[122.510302,12.465087],[122.509841,12.465267],[122.509932,12.466261]]],[[[122.514623,12.467355],[122.51453,12.467355],[122.514623,12.467265],[122.514623,12.467355]]],[[[122.51269,12.467623],[122.512138,12.467531],[122.512414,12.46717],[122.51269,12.467623]]],[[[122.508641,12.467616],[122.508549,12.467615],[122.508641,12.467435],[122.508641,12.467616]]],[[[122.513426,12.467534],[122.513426,12.467624],[122.513334,12.467534],[122.513426,12.467534]]],[[[122.509837,12.467799],[122.509008,12.467978],[122.508825,12.467435],[122.509837,12.467799]]],[[[122.514438,12.467807],[122.514346,12.467807],[122.514438,12.467716],[122.514438,12.467807]]],[[[122.512137,12.467893],[122.512136,12.468255],[122.511861,12.468074],[122.512137,12.467893]]],[[[122.517013,12.468716],[122.516368,12.468805],[122.516276,12.468714],[122.515724,12.469075],[122.516093,12.468533],[122.517013,12.468716]]],[[[122.514251,12.468982],[122.51278,12.468437],[122.514528,12.46844],[122.515078,12.469617],[122.514709,12.470068],[122.514251,12.468982]]],[[[122.513146,12.469432],[122.513235,12.47106],[122.512685,12.470245],[122.512687,12.468979],[122.513146,12.469432]]],[[[122.509,12.472047],[122.508815,12.47268],[122.508263,12.472679],[122.507988,12.472407],[122.509,12.472047]]],[[[122.515625,12.47233],[122.515718,12.472331],[122.515625,12.472421],[122.515625,12.47233]]],[[[122.515625,12.472511],[122.515533,12.472511],[122.515625,12.472421],[122.515625,12.472511]]],[[[122.519392,12.475954],[122.519577,12.475322],[122.518656,12.475772],[122.517829,12.475138],[122.517187,12.47369],[122.518017,12.473149],[122.519213,12.473151],[122.517927,12.471792],[122.517928,12.471159],[122.517374,12.472062],[122.518201,12.472787],[122.516729,12.472513],[122.515807,12.473687],[122.516355,12.475858],[122.514794,12.473866],[122.515439,12.473867],[122.515256,12.473324],[122.516362,12.472422],[122.515994,12.472241],[122.516273,12.470613],[122.517102,12.470253],[122.516641,12.470795],[122.516916,12.471248],[122.51793,12.469983],[122.519675,12.472066],[122.52133,12.472883],[122.521145,12.473335],[122.51903,12.472608],[122.520133,12.473062],[122.519305,12.47297],[122.519487,12.474236],[122.519027,12.474326],[122.518476,12.473421],[122.518291,12.474234],[122.519946,12.474961],[122.519852,12.475955],[122.520866,12.474872],[122.520684,12.474058],[122.521419,12.47433],[122.521418,12.474963],[122.520127,12.476317],[122.519392,12.475954]]],[[[122.510287,12.473044],[122.509735,12.473043],[122.509827,12.472772],[122.510471,12.472954],[122.51047,12.473587],[122.510287,12.473044]]],[[[122.507525,12.473491],[122.507341,12.473491],[122.507526,12.473401],[122.507525,12.473491]]],[[[122.517095,12.473599],[122.517187,12.47369],[122.517095,12.473689],[122.517095,12.473599]]],[[[122.516819,12.473599],[122.517279,12.474142],[122.516908,12.475498],[122.51654,12.475316],[122.516819,12.473599]]],[[[122.509914,12.475756],[122.509544,12.47657],[122.508441,12.475754],[122.508718,12.475212],[122.508258,12.475392],[122.50872,12.474488],[122.509455,12.474761],[122.51093,12.473588],[122.510931,12.473136],[122.512771,12.473501],[122.513784,12.473051],[122.513599,12.473321],[122.515436,12.475224],[122.514425,12.474408],[122.513964,12.474859],[122.513229,12.474587],[122.512584,12.475038],[122.512489,12.476575],[122.511109,12.47603],[122.511664,12.474855],[122.511019,12.475035],[122.51065,12.475577],[122.509914,12.475756]]],[[[122.513872,12.47504],[122.51378,12.47504],[122.513872,12.474859],[122.513872,12.47504]]],[[[122.513595,12.475311],[122.512951,12.475491],[122.513688,12.474949],[122.513595,12.475311]]],[[[122.507705,12.475843],[122.508073,12.475843],[122.507704,12.476114],[122.507705,12.475843]]],[[[122.51341,12.475944],[122.513317,12.476396],[122.512765,12.476485],[122.51341,12.475944]]],[[[122.506599,12.476474],[122.507246,12.475028],[122.507522,12.475119],[122.507518,12.47747],[122.507427,12.476927],[122.506599,12.476474]]],[[[122.50329,12.474659],[122.504672,12.473848],[122.504579,12.47439],[122.505959,12.474754],[122.506141,12.475478],[122.50467,12.475114],[122.505404,12.47611],[122.505036,12.4762],[122.504392,12.475746],[122.50485,12.476832],[122.504298,12.476831],[122.503839,12.476107],[122.503471,12.476287],[122.503467,12.478548],[122.502913,12.479361],[122.502178,12.478817],[122.502456,12.477913],[122.503192,12.477733],[122.503194,12.476558],[122.502644,12.475924],[122.50329,12.474659]]],[[[122.516074,12.478571],[122.515337,12.478841],[122.51626,12.477667],[122.516074,12.478571]]],[[[122.508804,12.478558],[122.508989,12.478287],[122.509264,12.478558],[122.508804,12.478558]]],[[[122.511382,12.47811],[122.510737,12.478561],[122.510648,12.476752],[122.510004,12.476751],[122.510189,12.476209],[122.510741,12.476391],[122.51129,12.477929],[122.512577,12.478564],[122.513128,12.47947],[122.513404,12.47938],[122.512854,12.478294],[122.511659,12.477568],[122.511568,12.476664],[122.512579,12.477298],[122.514239,12.475674],[122.513963,12.475583],[122.513502,12.475853],[122.514056,12.475131],[122.515159,12.475766],[122.514514,12.476217],[122.515338,12.478208],[122.51414,12.4792],[122.515244,12.479474],[122.515333,12.480921],[122.513584,12.48137],[122.514046,12.480466],[122.51331,12.480103],[122.512941,12.480735],[122.512481,12.480554],[122.512664,12.481549],[122.511837,12.480824],[122.512294,12.482181],[122.511651,12.481637],[122.509719,12.481543],[122.510547,12.481274],[122.509629,12.480277],[122.510182,12.479917],[122.509907,12.479554],[122.510735,12.479375],[122.511009,12.48028],[122.511195,12.479738],[122.512022,12.480191],[122.512943,12.479741],[122.512209,12.478745],[122.511472,12.478834],[122.511382,12.47811]],[[122.514782,12.480558],[122.514967,12.480196],[122.513956,12.479471],[122.513403,12.479651],[122.514782,12.480558]],[[122.513778,12.476306],[122.513778,12.476215],[122.513686,12.476306],[122.513778,12.476306]],[[122.513685,12.476577],[122.513961,12.476578],[122.513685,12.476487],[122.513685,12.476577]]],[[[122.51681,12.478753],[122.516811,12.47812],[122.516993,12.479025],[122.516348,12.479476],[122.515337,12.479202],[122.51681,12.478753]]],[[[122.506228,12.478282],[122.506779,12.478735],[122.507146,12.479459],[122.507052,12.480273],[122.50687,12.479549],[122.506409,12.479729],[122.505766,12.479185],[122.505308,12.478009],[122.505768,12.4781],[122.506226,12.479276],[122.506503,12.479006],[122.506228,12.478282]]],[[[122.50963,12.479916],[122.508526,12.479461],[122.509631,12.479463],[122.50963,12.479916]]],[[[122.505673,12.479908],[122.505396,12.48027],[122.505397,12.479817],[122.505673,12.479908]]],[[[122.513585,12.480737],[122.513493,12.480736],[122.513586,12.480556],[122.513585,12.480737]]],[[[122.504474,12.481082],[122.504198,12.481081],[122.504475,12.480901],[122.504474,12.481082]]],[[[122.506683,12.480814],[122.506497,12.481809],[122.505761,12.481717],[122.506683,12.480814]]],[[[122.504842,12.481263],[122.505302,12.481535],[122.504841,12.481625],[122.504842,12.481263]]],[[[122.506773,12.482081],[122.507785,12.482173],[122.507233,12.482353],[122.506773,12.482081]]],[[[122.505852,12.482531],[122.505207,12.482982],[122.505115,12.482801],[122.505852,12.482531]]],[[[122.506487,12.487054],[122.507869,12.486333],[122.509342,12.486335],[122.5075,12.487055],[122.507038,12.487688],[122.506948,12.486964],[122.506487,12.487054]]],[[[122.509247,12.487601],[122.507866,12.48787],[122.506114,12.489675],[122.506116,12.488952],[122.507315,12.487598],[122.508972,12.487149],[122.509709,12.486517],[122.509708,12.48715],[122.509247,12.487601]]],[[[122.505381,12.488318],[122.506395,12.487325],[122.505287,12.48895],[122.505381,12.488318]]],[[[122.521421,12.37287],[122.522769,12.372149],[122.52455,12.372152],[122.527032,12.37306],[122.526295,12.373421],[122.522709,12.372872],[122.522247,12.373504],[122.521421,12.37287]]],[[[122.525008,12.373238],[122.525742,12.373782],[122.525558,12.374233],[122.524271,12.373417],[122.525008,12.373238]]],[[[122.526752,12.37523],[122.525832,12.374957],[122.525925,12.374505],[122.527212,12.37496],[122.526935,12.375773],[122.526752,12.37523]]],[[[122.523435,12.378209],[122.522149,12.37685],[122.521877,12.37495],[122.522246,12.374318],[122.523349,12.374772],[122.523348,12.375224],[122.522796,12.375223],[122.523435,12.378209]]],[[[122.525087,12.380201],[122.526558,12.380384],[122.525638,12.380654],[122.525087,12.380201]]],[[[122.527294,12.380566],[122.52711,12.380566],[122.527294,12.380476],[122.527294,12.380566]]],[[[122.521867,12.380557],[122.522786,12.381011],[122.52067,12.381007],[122.520395,12.380735],[122.521867,12.380557]]],[[[122.521774,12.38119],[122.521773,12.381371],[122.521037,12.381641],[122.521222,12.381189],[122.521774,12.38119]]],[[[122.520208,12.382001],[122.519013,12.381727],[122.518368,12.382178],[122.518185,12.381907],[122.519013,12.381456],[122.520669,12.38173],[122.520208,12.382001]]],[[[122.518731,12.384802],[122.519283,12.384803],[122.519467,12.385165],[122.518731,12.384802]]],[[[122.520017,12.38607],[122.519741,12.386069],[122.520017,12.385979],[122.520017,12.38607]]],[[[122.518354,12.389865],[122.515966,12.387962],[122.521665,12.390052],[122.523227,12.391049],[122.52341,12.391773],[122.518354,12.389865]]],[[[122.519715,12.400176],[122.520542,12.400811],[122.52054,12.401534],[122.519989,12.401171],[122.51962,12.401623],[122.518979,12.400356],[122.519531,12.400085],[122.519165,12.399271],[122.519993,12.399091],[122.520176,12.399815],[122.519715,12.400176]]],[[[122.52017,12.40289],[122.519988,12.402076],[122.520356,12.401624],[122.520446,12.40289],[122.52017,12.40289]]],[[[122.521448,12.408227],[122.521813,12.409946],[122.521078,12.409312],[122.52108,12.408317],[122.521448,12.408227]]],[[[122.521811,12.411122],[122.52172,12.410398],[122.521903,12.411122],[122.521811,12.411122]]],[[[122.520689,12.420976],[122.520689,12.421067],[122.520597,12.420976],[122.520689,12.420976]]],[[[122.521321,12.427398],[122.521321,12.427488],[122.521229,12.427398],[122.521321,12.427398]]],[[[122.532998,12.431849],[122.532906,12.43212],[122.531894,12.432028],[122.532447,12.431215],[122.532539,12.431396],[122.532446,12.431848],[122.532998,12.431849]]],[[[122.525262,12.436086],[122.52517,12.436176],[122.52517,12.436086],[122.525262,12.436086]]],[[[122.525169,12.436267],[122.525077,12.436266],[122.52517,12.436176],[122.525169,12.436267]]],[[[122.534183,12.438181],[122.534183,12.438091],[122.534367,12.438182],[122.534183,12.438181]]],[[[122.534459,12.438272],[122.534367,12.438182],[122.534459,12.438182],[122.534459,12.438272]]],[[[122.534551,12.438272],[122.534551,12.438363],[122.534459,12.438272],[122.534551,12.438272]]],[[[122.538232,12.438098],[122.538048,12.438007],[122.537679,12.438187],[122.538418,12.436561],[122.539154,12.436833],[122.538877,12.437375],[122.539244,12.437919],[122.540993,12.43765],[122.540161,12.439638],[122.539425,12.439818],[122.538967,12.438642],[122.538597,12.439364],[122.537862,12.43873],[122.53694,12.440175],[122.537492,12.439995],[122.536662,12.440989],[122.536114,12.438908],[122.53409,12.438724],[122.533445,12.439356],[122.532711,12.438179],[122.533539,12.437999],[122.533631,12.438361],[122.536206,12.438818],[122.537219,12.438548],[122.537402,12.43891],[122.538232,12.438098]],[[122.539704,12.43801],[122.539704,12.4381],[122.539888,12.43801],[122.539704,12.43801]]],[[[122.521468,12.447654],[122.521651,12.448106],[122.520732,12.447924],[122.520733,12.447381],[122.521838,12.44666],[122.522297,12.447384],[122.521468,12.447654]]],[[[122.522388,12.447927],[122.522296,12.447927],[122.522388,12.447836],[122.522388,12.447927]]],[[[122.520547,12.448376],[122.520639,12.448195],[122.520639,12.448376],[122.520547,12.448376]]],[[[122.52257,12.448741],[122.522386,12.448741],[122.522571,12.44856],[122.52257,12.448741]]],[[[122.521648,12.449734],[122.522293,12.449554],[122.522016,12.449735],[122.521648,12.449734]]],[[[122.523211,12.450822],[122.523485,12.451817],[122.522472,12.452177],[122.522934,12.451002],[122.522291,12.450278],[122.523211,12.450822]],[[122.522933,12.451726],[122.522841,12.451454],[122.522841,12.451726],[122.522933,12.451726]]],[[[122.526059,12.453088],[122.526887,12.452999],[122.52753,12.453542],[122.526334,12.453631],[122.526059,12.453088]]],[[[122.520261,12.45362],[122.520169,12.45362],[122.520261,12.45353],[122.520261,12.45362]]],[[[122.520905,12.453621],[122.521181,12.453531],[122.521181,12.453622],[122.520905,12.453621]]],[[[122.522928,12.454439],[122.522471,12.452629],[122.523392,12.452269],[122.523851,12.452813],[122.523483,12.452902],[122.523572,12.45444],[122.523111,12.454982],[122.522375,12.45489],[122.522928,12.454439]]],[[[122.518973,12.453618],[122.518973,12.453708],[122.518789,12.453617],[122.518973,12.453618]]],[[[122.536454,12.454643],[122.536638,12.454734],[122.536911,12.456543],[122.536454,12.454643]]],[[[122.531851,12.45563],[122.532129,12.454997],[122.533415,12.455813],[122.532954,12.456446],[122.53222,12.45545],[122.531851,12.45563]]],[[[122.524029,12.45634],[122.523937,12.456339],[122.524029,12.456249],[122.524029,12.45634]]],[[[122.527616,12.457069],[122.527156,12.456978],[122.526695,12.457701],[122.527338,12.458244],[122.527061,12.458786],[122.526508,12.458966],[122.526693,12.458515],[122.524854,12.457878],[122.525776,12.457157],[122.525225,12.456523],[122.523383,12.457243],[122.523292,12.45679],[122.523845,12.456339],[122.524028,12.456701],[122.524674,12.455889],[122.526146,12.456072],[122.525594,12.455619],[122.524122,12.455797],[122.523939,12.454802],[122.524952,12.454533],[122.524862,12.453628],[122.527622,12.453904],[122.525689,12.454353],[122.526148,12.454896],[122.526701,12.454355],[122.527253,12.454537],[122.526423,12.455078],[122.527617,12.456527],[122.527616,12.457069]]],[[[122.531666,12.456172],[122.53139,12.456533],[122.531206,12.456262],[122.531666,12.456172]]],[[[122.522926,12.455524],[122.522925,12.456157],[122.522184,12.458597],[122.521077,12.460042],[122.520894,12.45968],[122.522279,12.456879],[122.522282,12.455704],[122.521087,12.454526],[122.521641,12.453984],[122.522008,12.454437],[122.521456,12.454436],[122.522926,12.455524]]],[[[122.523934,12.457786],[122.523842,12.457786],[122.523934,12.457696],[122.523934,12.457786]]],[[[122.537278,12.456996],[122.537461,12.457448],[122.536631,12.458351],[122.536815,12.458803],[122.536171,12.45826],[122.537278,12.456996]]],[[[122.527889,12.458517],[122.527982,12.458336],[122.528258,12.458517],[122.527889,12.458517]]],[[[122.531662,12.458795],[122.531849,12.457077],[122.531204,12.457256],[122.531113,12.456895],[122.531849,12.456805],[122.532491,12.458253],[122.531383,12.46006],[122.530923,12.459969],[122.531662,12.458795]]],[[[122.531664,12.457348],[122.531016,12.459698],[122.530464,12.459606],[122.530741,12.459064],[122.529728,12.459605],[122.529726,12.460419],[122.529174,12.460327],[122.529545,12.458881],[122.53065,12.458521],[122.531109,12.459065],[122.531019,12.457889],[122.531664,12.457348]],[[122.530925,12.459155],[122.531017,12.459065],[122.530925,12.459065],[122.530925,12.459155]],[[122.530648,12.459426],[122.530924,12.459517],[122.530925,12.459245],[122.530648,12.459426]]],[[[122.536262,12.459074],[122.536814,12.458984],[122.536814,12.459346],[122.53617,12.459345],[122.536262,12.459074]]],[[[122.519513,12.46013],[122.519237,12.460039],[122.519146,12.459406],[122.519422,12.459587],[122.519513,12.46013]]],[[[122.520158,12.459859],[122.520618,12.459679],[122.520617,12.459951],[122.520158,12.459859]]],[[[122.527703,12.459782],[122.527611,12.460053],[122.527058,12.460143],[122.527059,12.459781],[122.527703,12.459782]]],[[[122.523374,12.462035],[122.523746,12.459956],[122.525403,12.459778],[122.523011,12.459412],[122.523381,12.458057],[122.525313,12.458241],[122.525772,12.458965],[122.5266,12.459147],[122.526231,12.45987],[122.524665,12.4605],[122.524203,12.461585],[122.524479,12.461495],[122.524849,12.460682],[122.525032,12.461044],[122.524018,12.462308],[122.523374,12.462035]],[[122.523835,12.461855],[122.524111,12.461856],[122.524111,12.461585],[122.523835,12.461855]],[[122.523103,12.459232],[122.523195,12.459232],[122.523103,12.459141],[122.523103,12.459232]]],[[[122.520064,12.460673],[122.519973,12.46004],[122.52034,12.460493],[122.52034,12.460764],[122.520064,12.460673]]],[[[122.530278,12.46051],[122.531567,12.460332],[122.53037,12.460691],[122.530278,12.46051]]],[[[122.528806,12.460417],[122.529081,12.46096],[122.528528,12.461592],[122.527978,12.460597],[122.528255,12.460055],[122.528345,12.460869],[122.528806,12.460417]]],[[[122.527609,12.460686],[122.527885,12.461139],[122.527793,12.461139],[122.527609,12.460686]]],[[[122.525952,12.461045],[122.52586,12.461045],[122.525953,12.460864],[122.525952,12.461045]]],[[[122.521995,12.46149],[122.521811,12.46149],[122.521996,12.461038],[122.521995,12.46149]]],[[[122.52043,12.461759],[122.520246,12.461668],[122.520431,12.461216],[122.52043,12.461759]]],[[[122.532395,12.460423],[122.532392,12.46178],[122.531563,12.462773],[122.531843,12.460513],[122.532395,12.460423]]],[[[122.520063,12.461216],[122.519692,12.462933],[122.519604,12.460491],[122.520063,12.461216]]],[[[122.52678,12.461408],[122.527239,12.461771],[122.52687,12.462494],[122.52678,12.461408]]],[[[122.528895,12.462407],[122.528527,12.462406],[122.528343,12.461954],[122.528803,12.462135],[122.528895,12.462407]]],[[[122.526226,12.462402],[122.525397,12.463034],[122.523649,12.46285],[122.525492,12.461406],[122.52503,12.462219],[122.526226,12.462402]]],[[[122.527699,12.461862],[122.527975,12.461953],[122.527698,12.462586],[122.527699,12.461862]]],[[[122.520522,12.46194],[122.520521,12.462392],[122.520245,12.462572],[122.520522,12.46194]]],[[[122.527974,12.462496],[122.528066,12.462496],[122.527974,12.462586],[122.527974,12.462496]]],[[[122.530458,12.462862],[122.530458,12.462681],[122.530826,12.462862],[122.530458,12.462862]]],[[[122.523097,12.462849],[122.522821,12.462758],[122.523097,12.462758],[122.523097,12.462849]]],[[[122.52236,12.462938],[122.522453,12.462757],[122.522636,12.463029],[122.52236,12.462938]]],[[[122.526778,12.462584],[122.52733,12.462766],[122.527881,12.463309],[122.526778,12.462584]]],[[[122.53404,12.466575],[122.533489,12.466032],[122.534041,12.466123],[122.533766,12.46549],[122.535518,12.463594],[122.5357,12.464408],[122.535052,12.466758],[122.534592,12.466938],[122.534501,12.466305],[122.53404,12.466575]],[[122.534592,12.466667],[122.534776,12.466667],[122.534592,12.466576],[122.534592,12.466667]],[[122.534502,12.465582],[122.534409,12.466124],[122.535053,12.466125],[122.534502,12.465582]]],[[[122.535697,12.466217],[122.5357,12.464408],[122.535706,12.461424],[122.535612,12.462418],[122.534325,12.461874],[122.534695,12.460608],[122.534421,12.459251],[122.535523,12.460519],[122.535338,12.461242],[122.536259,12.460611],[122.535893,12.459797],[122.537087,12.460703],[122.536443,12.461063],[122.537086,12.461517],[122.536249,12.466308],[122.536524,12.466761],[122.535327,12.467572],[122.535511,12.467663],[122.536431,12.467393],[122.536431,12.467846],[122.535418,12.467934],[122.534959,12.46712],[122.535697,12.466217]],[[122.536074,12.461244],[122.535798,12.461153],[122.535798,12.461243],[122.536074,12.461244]]],[[[122.533861,12.463862],[122.53377,12.463591],[122.533953,12.463862],[122.533861,12.463862]]],[[[122.51969,12.463928],[122.519782,12.463838],[122.519782,12.463928],[122.51969,12.463928]]],[[[122.529813,12.463494],[122.529811,12.464307],[122.529628,12.463765],[122.529813,12.463494]]],[[[122.530364,12.464037],[122.530824,12.464038],[122.530826,12.463134],[122.531562,12.462954],[122.531558,12.465215],[122.530729,12.465575],[122.531007,12.464852],[122.530364,12.464037]]],[[[122.529534,12.464849],[122.529811,12.46476],[122.529626,12.465031],[122.529534,12.464849]]],[[[122.53027,12.465032],[122.530271,12.46476],[122.530547,12.464851],[122.53027,12.465032]]],[[[122.533951,12.464857],[122.53349,12.465308],[122.532847,12.465036],[122.53386,12.464495],[122.533951,12.464857]]],[[[122.523277,12.465019],[122.523277,12.464929],[122.523461,12.46502],[122.523277,12.465019]]],[[[122.527971,12.464214],[122.526775,12.464302],[122.526132,12.463306],[122.526685,12.462855],[122.527513,12.463128],[122.527788,12.46349],[122.526776,12.463488],[122.52742,12.463942],[122.528616,12.463853],[122.527971,12.464123],[122.528982,12.464758],[122.529257,12.465572],[122.528795,12.466385],[122.527691,12.466384],[122.527874,12.467107],[122.528334,12.466927],[122.527872,12.468192],[122.527319,12.468644],[122.526307,12.468371],[122.525758,12.466742],[122.523921,12.465021],[122.524198,12.464388],[122.522542,12.464295],[122.524015,12.464026],[122.523923,12.463574],[122.522636,12.46321],[122.525488,12.463215],[122.526865,12.465478],[122.526866,12.464845],[122.527971,12.464214]],[[122.52797,12.464847],[122.527787,12.464485],[122.527786,12.464846],[122.52797,12.464847]],[[122.527415,12.466202],[122.527507,12.466293],[122.527507,12.466202],[122.527415,12.466202]]],[[[122.529993,12.465393],[122.530361,12.465846],[122.530176,12.466207],[122.529993,12.465845],[122.529993,12.465393]]],[[[122.523184,12.465381],[122.523644,12.465653],[122.523459,12.466014],[122.524196,12.465744],[122.523366,12.466647],[122.523184,12.465381]]],[[[122.529992,12.466207],[122.531372,12.4663],[122.532294,12.465487],[122.532754,12.465669],[122.5322,12.466391],[122.531095,12.466751],[122.529991,12.466659],[122.529992,12.466207]]],[[[122.520422,12.46628],[122.520238,12.46628],[122.520422,12.466099],[122.520422,12.46628]]],[[[122.522814,12.466646],[122.522998,12.466194],[122.522998,12.466647],[122.522814,12.466646]]],[[[122.534316,12.466485],[122.534316,12.466576],[122.534224,12.466485],[122.534316,12.466485]]],[[[122.53367,12.467569],[122.533764,12.466937],[122.53312,12.466483],[122.53358,12.466394],[122.534591,12.467119],[122.53367,12.467569]],[[122.533763,12.467118],[122.533855,12.467118],[122.533763,12.467027],[122.533763,12.467118]]],[[[122.532658,12.467387],[122.533027,12.467207],[122.533027,12.467388],[122.532658,12.467387]]],[[[122.531094,12.467294],[122.53091,12.467565],[122.530265,12.467654],[122.53045,12.467383],[122.531094,12.467294]]],[[[122.534682,12.467843],[122.534682,12.467752],[122.534866,12.467843],[122.534682,12.467843]]],[[[122.521338,12.468362],[122.521246,12.468271],[122.521338,12.468271],[122.521338,12.468362]]],[[[122.528148,12.468283],[122.528055,12.468916],[122.527687,12.468554],[122.528148,12.468283]]],[[[122.530631,12.468921],[122.530079,12.46892],[122.529528,12.468376],[122.53054,12.468649],[122.530631,12.468921]]],[[[122.534957,12.468386],[122.536246,12.468117],[122.536521,12.468479],[122.535877,12.468839],[122.536245,12.46884],[122.536337,12.46875],[122.536337,12.46884],[122.536613,12.468841],[122.536796,12.469474],[122.535875,12.469653],[122.536703,12.470107],[122.536701,12.471101],[122.534677,12.470555],[122.535227,12.471732],[122.535871,12.471733],[122.534858,12.472636],[122.535961,12.472999],[122.53541,12.472275],[122.536146,12.472547],[122.536792,12.471554],[122.536606,12.472548],[122.537342,12.472821],[122.537338,12.475172],[122.535866,12.474898],[122.536329,12.473181],[122.53504,12.47345],[122.534578,12.474444],[122.533934,12.474352],[122.533478,12.472181],[122.533105,12.474712],[122.532646,12.47435],[122.532093,12.47462],[122.531819,12.473444],[122.531726,12.473987],[122.53053,12.473894],[122.531357,12.47489],[122.532645,12.474802],[122.53246,12.475435],[122.532,12.475434],[122.532827,12.476068],[122.532459,12.476158],[122.531815,12.475886],[122.532274,12.4767],[122.531259,12.478236],[122.530891,12.477873],[122.530984,12.477241],[122.530524,12.477149],[122.52951,12.478414],[122.529508,12.479408],[122.530702,12.480586],[122.530702,12.480948],[122.529873,12.481037],[122.530793,12.481219],[122.531436,12.481944],[122.5307,12.482123],[122.530882,12.483209],[122.530055,12.482122],[122.529042,12.482482],[122.528215,12.482119],[122.529964,12.481851],[122.529136,12.481578],[122.528953,12.481035],[122.528768,12.481577],[122.528401,12.481125],[122.52794,12.481485],[122.52822,12.479406],[122.527667,12.479857],[122.527111,12.481846],[122.525914,12.482115],[122.524812,12.480757],[122.524722,12.479581],[122.525643,12.479402],[122.526657,12.478409],[122.528222,12.478321],[122.528683,12.47787],[122.52454,12.478676],[122.524357,12.478314],[122.525738,12.477684],[122.525002,12.477501],[122.52528,12.476869],[122.527029,12.476601],[122.5262,12.476556],[122.5262,12.476599],[122.526108,12.476599],[122.526154,12.476554],[122.52528,12.476507],[122.526938,12.475968],[122.527123,12.475335],[122.526663,12.475063],[122.527124,12.474883],[122.527766,12.475788],[122.529881,12.476696],[122.530802,12.476246],[122.53108,12.475432],[122.529422,12.476062],[122.529978,12.473983],[122.52933,12.475972],[122.527767,12.475246],[122.527586,12.473708],[122.527401,12.474341],[122.526389,12.474068],[122.52538,12.472438],[122.52492,12.472437],[122.525289,12.471805],[122.526209,12.471897],[122.526487,12.470903],[122.526027,12.47054],[122.525107,12.47072],[122.524553,12.471442],[122.523818,12.471169],[122.523359,12.470355],[122.523913,12.46909],[122.523363,12.468275],[122.52373,12.468547],[122.523732,12.467823],[122.524192,12.467643],[122.524651,12.468548],[122.524285,12.467372],[122.524653,12.467192],[122.525847,12.46846],[122.527319,12.468824],[122.527317,12.469729],[122.528509,12.471901],[122.529062,12.47145],[122.529526,12.469733],[122.529615,12.471089],[122.528692,12.472896],[122.52832,12.474794],[122.529055,12.47561],[122.528504,12.474704],[122.528783,12.473168],[122.529152,12.472897],[122.530623,12.473442],[122.532097,12.472812],[122.532926,12.471909],[122.533198,12.470498],[122.532836,12.471004],[122.531366,12.469555],[122.532379,12.469105],[122.532197,12.468381],[122.53275,12.46793],[122.533761,12.468112],[122.534128,12.469198],[122.533963,12.469428],[122.53569,12.470195],[122.535783,12.469653],[122.534955,12.469561],[122.53468,12.468928],[122.534957,12.468386]],[[122.523822,12.468728],[122.52373,12.468547],[122.52373,12.468728],[122.523822,12.468728]],[[122.525472,12.472257],[122.52538,12.472438],[122.525472,12.472438],[122.525472,12.472257]],[[122.527678,12.473618],[122.527586,12.473708],[122.527678,12.473708],[122.527678,12.473618]],[[122.53007,12.473893],[122.529978,12.473983],[122.53007,12.473984],[122.53007,12.473893]],[[122.534585,12.470465],[122.534677,12.470555],[122.534677,12.470465],[122.534585,12.470465]],[[122.534402,12.470012],[122.533932,12.469471],[122.533267,12.470402],[122.53385,12.469831],[122.534402,12.470012]],[[122.534586,12.470103],[122.534402,12.470012],[122.534402,12.470103],[122.534586,12.470103]],[[122.534493,12.470465],[122.533941,12.470373],[122.533204,12.471186],[122.533478,12.472091],[122.533756,12.471096],[122.534308,12.471097],[122.533849,12.470735],[122.534493,12.470465]],[[122.535508,12.4692],[122.535968,12.469111],[122.535785,12.468839],[122.535508,12.4692]],[[122.535416,12.469381],[122.535508,12.469381],[122.535416,12.4692],[122.535416,12.469381]],[[122.535323,12.469471],[122.535416,12.469381],[122.535324,12.469381],[122.535323,12.469471]],[[122.530347,12.473442],[122.530347,12.473532],[122.530439,12.473442],[122.530347,12.473442]],[[122.530255,12.473622],[122.530347,12.473532],[122.530255,12.473532],[122.530255,12.473622]],[[122.530163,12.473713],[122.530255,12.473622],[122.530163,12.473622],[122.530163,12.473713]],[[122.53007,12.473803],[122.530163,12.473713],[122.530071,12.473712],[122.53007,12.473803]],[[122.52574,12.47696],[122.525739,12.477051],[122.525832,12.47696],[122.52574,12.47696]],[[122.525647,12.477141],[122.525739,12.477051],[122.525647,12.47705],[122.525647,12.477141]],[[122.53642,12.473723],[122.536512,12.473724],[122.53642,12.473633],[122.53642,12.473723]]],[[[122.523085,12.468998],[122.522347,12.470082],[122.522072,12.46981],[122.520782,12.47035],[122.522902,12.468636],[122.523085,12.468998]]],[[[122.530722,12.469644],[122.530722,12.469554],[122.530906,12.469645],[122.530722,12.469644]]],[[[122.530998,12.469645],[122.530998,12.469735],[122.530906,12.469645],[122.530998,12.469645]]],[[[122.527961,12.469911],[122.528053,12.46973],[122.528053,12.469911],[122.527961,12.469911]]],[[[122.523452,12.469903],[122.52336,12.469903],[122.523452,12.469812],[122.523452,12.469903]]],[[[122.523268,12.469993],[122.52336,12.469903],[122.52336,12.469993],[122.523268,12.469993]]],[[[122.523267,12.470083],[122.523175,12.470083],[122.523268,12.469993],[122.523267,12.470083]]],[[[122.522255,12.470443],[122.523083,12.470083],[122.522805,12.471529],[122.520965,12.470893],[122.52161,12.470442],[122.522438,12.470805],[122.522255,12.470443]]],[[[122.531273,12.470278],[122.532836,12.471185],[122.531729,12.47263],[122.530993,12.472538],[122.531273,12.470278]]],[[[122.535963,12.472185],[122.536147,12.472276],[122.535963,12.472276],[122.535963,12.472185]]],[[[122.530532,12.473171],[122.530624,12.473171],[122.530531,12.473261],[122.530532,12.473171]]],[[[122.527493,12.474341],[122.527493,12.474431],[122.527401,12.474341],[122.527493,12.474341]]],[[[122.520131,12.474237],[122.519578,12.474598],[122.519487,12.474327],[122.520131,12.474237]]],[[[122.535038,12.474806],[122.535222,12.474897],[122.535037,12.475168],[122.535038,12.474806]]],[[[122.534115,12.476071],[122.534115,12.47598],[122.534207,12.476071],[122.534115,12.476071]]],[[[122.534299,12.476161],[122.534207,12.476071],[122.534299,12.476071],[122.534299,12.476161]]],[[[122.529514,12.476243],[122.529422,12.476243],[122.529514,12.476153],[122.529514,12.476243]]],[[[122.534391,12.476161],[122.534391,12.476252],[122.534299,12.476161],[122.534391,12.476161]]],[[[122.534483,12.476433],[122.534391,12.476252],[122.534483,12.476252],[122.534483,12.476433]]],[[[122.525832,12.476599],[122.526016,12.476599],[122.525832,12.476689],[122.525832,12.476599]]],[[[122.536691,12.476798],[122.536967,12.476708],[122.536967,12.476799],[122.536691,12.476798]]],[[[122.534205,12.477156],[122.53439,12.476975],[122.534297,12.477156],[122.534205,12.477156]]],[[[122.523991,12.477048],[122.524636,12.476506],[122.524818,12.477592],[122.524265,12.477952],[122.523991,12.477048]],[[122.524358,12.477681],[122.524451,12.477229],[122.524359,12.477139],[122.524358,12.477681]]],[[[122.532916,12.477606],[122.533192,12.477787],[122.532824,12.477786],[122.532916,12.477606]]],[[[122.532915,12.47842],[122.532454,12.478961],[122.532454,12.478509],[122.532915,12.47842]]],[[[122.532177,12.479232],[122.532453,12.479142],[122.532269,12.479413],[122.532177,12.479232]]],[[[122.535304,12.480232],[122.535396,12.480413],[122.535304,12.480413],[122.535304,12.480232]]],[[[122.531347,12.480135],[122.532082,12.48086],[122.531897,12.481492],[122.529969,12.479228],[122.530981,12.47923],[122.530612,12.479682],[122.532175,12.480589],[122.531347,12.480135]],[[122.531071,12.480044],[122.530887,12.480044],[122.531071,12.480134],[122.531071,12.480044]]],[[[122.535671,12.480956],[122.535487,12.480866],[122.535488,12.480413],[122.535671,12.480956]]],[[[122.534198,12.481315],[122.534659,12.481045],[122.53567,12.481589],[122.534198,12.481315]]],[[[122.536591,12.481139],[122.536497,12.481952],[122.536315,12.481229],[122.535763,12.481047],[122.536591,12.481139]]],[[[122.533829,12.481586],[122.533921,12.481586],[122.533829,12.481677],[122.533829,12.481586]]],[[[122.533829,12.481767],[122.533737,12.481767],[122.533829,12.481677],[122.533829,12.481767]]],[[[122.533645,12.481857],[122.533737,12.481767],[122.533737,12.481857],[122.533645,12.481857]]],[[[122.528123,12.481938],[122.528123,12.481847],[122.528215,12.481938],[122.528123,12.481938]]],[[[122.535669,12.482041],[122.535669,12.482313],[122.535485,12.482132],[122.535669,12.482041]]],[[[122.534655,12.482944],[122.534379,12.482943],[122.534563,12.482763],[122.534655,12.482944]]],[[[122.536587,12.483309],[122.536495,12.483309],[122.536312,12.482766],[122.536588,12.482947],[122.536587,12.483309]]],[[[122.532906,12.483122],[122.532906,12.483393],[122.531986,12.483391],[122.531895,12.482849],[122.532906,12.483122]]],[[[122.533458,12.483394],[122.533825,12.483847],[122.533641,12.483846],[122.533458,12.483394]]],[[[122.536218,12.48358],[122.53585,12.484031],[122.536035,12.483489],[122.536218,12.48358]]],[[[122.528948,12.484019],[122.528947,12.48411],[122.527935,12.484198],[122.528027,12.483927],[122.528948,12.484019]]],[[[122.533824,12.484661],[122.533731,12.485113],[122.533547,12.484841],[122.53364,12.48457],[122.533824,12.484661]]],[[[122.533823,12.485384],[122.533914,12.485656],[122.533546,12.485745],[122.533823,12.485384]]],[[[122.537134,12.486023],[122.537317,12.486656],[122.536119,12.487558],[122.536028,12.487196],[122.537042,12.486475],[122.53649,12.486112],[122.537134,12.486023]]],[[[122.534465,12.48638],[122.534463,12.487465],[122.534372,12.486741],[122.533453,12.486288],[122.534465,12.48638]]],[[[122.534646,12.488008],[122.534646,12.487827],[122.535935,12.487558],[122.535474,12.4881],[122.534646,12.488008]]],[[[122.536299,12.489819],[122.536299,12.490181],[122.535747,12.49018],[122.535839,12.489819],[122.536299,12.489819]]],[[[122.535562,12.49027],[122.535655,12.49018],[122.535654,12.49027],[122.535562,12.49027]]],[[[122.534182,12.490087],[122.535194,12.49027],[122.53501,12.490631],[122.534734,12.490359],[122.53372,12.491171],[122.534182,12.490087]]],[[[122.53105,12.4918],[122.531329,12.490263],[122.531973,12.490174],[122.53234,12.490898],[122.533261,12.490718],[122.533628,12.491171],[122.532063,12.49144],[122.534363,12.492077],[122.53105,12.4918]],[[122.531697,12.490354],[122.531604,12.490806],[122.531879,12.491349],[122.531973,12.490535],[122.531697,12.490354]]],[[[122.53602,12.491537],[122.535375,12.491898],[122.536022,12.490542],[122.53639,12.490543],[122.53602,12.491537]]],[[[122.536204,12.491537],[122.536389,12.491176],[122.536572,12.491538],[122.536204,12.491537]]],[[[122.532062,12.492344],[122.531969,12.492615],[122.531602,12.492253],[122.532062,12.492344]]],[[[122.537675,12.492625],[122.53749,12.492986],[122.536477,12.493437],[122.535465,12.492983],[122.536846,12.493166],[122.537307,12.492443],[122.537675,12.492625]]],[[[122.532888,12.49325],[122.534177,12.493161],[122.533716,12.493522],[122.532888,12.49325]]],[[[122.526077,12.49369],[122.525709,12.49387],[122.525801,12.493509],[122.52617,12.493509],[122.526077,12.49369]]],[[[122.533714,12.494336],[122.533991,12.494337],[122.533714,12.494698],[122.533714,12.494336]]],[[[122.536014,12.495064],[122.53638,12.496059],[122.535553,12.495605],[122.535464,12.493706],[122.536016,12.493798],[122.536198,12.494793],[122.537026,12.495246],[122.536014,12.495064]]],[[[122.535644,12.496329],[122.53546,12.496329],[122.535644,12.496148],[122.535644,12.496329]]],[[[122.535459,12.4966],[122.535459,12.49651],[122.535551,12.4966],[122.535459,12.4966]]],[[[122.532151,12.49361],[122.533439,12.493974],[122.532886,12.494425],[122.533438,12.494607],[122.533621,12.495331],[122.534633,12.495513],[122.534909,12.495152],[122.535276,12.495876],[122.534539,12.496237],[122.535183,12.496328],[122.53555,12.497143],[122.534722,12.49696],[122.534355,12.496146],[122.53454,12.495694],[122.533528,12.495602],[122.534172,12.495874],[122.534538,12.49687],[122.534442,12.49904],[122.534993,12.499674],[122.533889,12.499581],[122.533246,12.498766],[122.533711,12.496326],[122.532789,12.497228],[122.532053,12.496956],[122.532147,12.495961],[122.532793,12.495239],[122.531965,12.495057],[122.532151,12.49361]],[[122.533436,12.495692],[122.533528,12.495602],[122.533436,12.495602],[122.533436,12.495692]],[[122.532977,12.494968],[122.532885,12.495058],[122.532977,12.495149],[122.532977,12.494968]]],[[[122.535643,12.496691],[122.535551,12.4966],[122.535643,12.4966],[122.535643,12.496691]]],[[[122.536196,12.49642],[122.536747,12.496693],[122.536287,12.496873],[122.536196,12.49642]]],[[[122.535735,12.496691],[122.535735,12.496781],[122.535643,12.496691],[122.535735,12.496691]]],[[[122.536195,12.496873],[122.536102,12.497144],[122.535918,12.497143],[122.536195,12.496873]]],[[[122.535273,12.497594],[122.535273,12.497504],[122.535365,12.497595],[122.535273,12.497594]]],[[[122.536562,12.497325],[122.536377,12.497868],[122.536837,12.498049],[122.537943,12.497237],[122.537268,12.498062],[122.538126,12.49769],[122.537665,12.498412],[122.536468,12.49841],[122.537035,12.498164],[122.535916,12.498319],[122.535365,12.497775],[122.536009,12.497957],[122.536562,12.497325]]],[[[122.535364,12.498047],[122.534719,12.498588],[122.534536,12.498317],[122.534906,12.497051],[122.535364,12.498047]]],[[[122.536376,12.498591],[122.536192,12.498591],[122.536376,12.498501],[122.536376,12.498591]]],[[[122.537201,12.50022],[122.536556,12.500671],[122.535359,12.50094],[122.536741,12.500038],[122.537201,12.50022]]],[[[122.533335,12.500756],[122.533425,12.50157],[122.534254,12.501571],[122.533517,12.501841],[122.533058,12.501117],[122.533335,12.500756]]],[[[122.570046,12.33895],[122.569677,12.339582],[122.568757,12.339761],[122.568942,12.339129],[122.570046,12.33895]]],[[[122.568296,12.340122],[122.568204,12.340122],[122.568296,12.340032],[122.568296,12.340122]]],[[[122.558638,12.340469],[122.55873,12.340378],[122.55873,12.340469],[122.558638,12.340469]]],[[[122.569858,12.341029],[122.569858,12.340939],[122.570134,12.34112],[122.569858,12.341029]]],[[[122.577008,12.356052],[122.577283,12.356866],[122.578662,12.357139],[122.578109,12.357681],[122.577558,12.35768],[122.576359,12.359396],[122.575991,12.359305],[122.576085,12.358401],[122.57498,12.359213],[122.574705,12.35867],[122.573048,12.358939],[122.573874,12.360478],[122.57277,12.360386],[122.57378,12.361291],[122.572493,12.361018],[122.572676,12.36138],[122.572401,12.361289],[122.572217,12.360927],[122.572219,12.360113],[122.573049,12.358487],[122.572866,12.357673],[122.570569,12.356674],[122.570937,12.356313],[122.569741,12.356764],[122.569006,12.355858],[122.566708,12.355222],[122.565694,12.356124],[122.566891,12.355584],[122.568546,12.355857],[122.569098,12.35622],[122.569647,12.357849],[122.568545,12.356762],[122.567072,12.357573],[122.567073,12.35685],[122.567625,12.356851],[122.567258,12.356127],[122.565785,12.356667],[122.56505,12.356394],[122.564681,12.356846],[122.563854,12.356483],[122.563209,12.357296],[122.562013,12.357294],[122.561828,12.357927],[122.560355,12.358557],[122.559528,12.358556],[122.558977,12.357832],[122.559162,12.357108],[122.557689,12.357649],[122.558425,12.357831],[122.558516,12.358554],[122.559159,12.358646],[122.558883,12.358917],[122.556676,12.358642],[122.555758,12.357736],[122.555943,12.357013],[122.557047,12.356743],[122.557232,12.35593],[122.557233,12.355478],[122.556406,12.355115],[122.55696,12.353849],[122.555862,12.350502],[122.556782,12.350413],[122.558251,12.351681],[122.559355,12.351864],[122.559723,12.351503],[122.559542,12.349694],[122.561014,12.349606],[122.562944,12.350784],[122.56405,12.349611],[122.562856,12.348162],[122.563137,12.345359],[122.56277,12.344906],[122.560931,12.344361],[122.557802,12.345441],[122.557711,12.344808],[122.556884,12.344445],[122.556885,12.343993],[122.557344,12.344265],[122.559184,12.343725],[122.558727,12.342096],[122.557992,12.341643],[122.55827,12.340558],[122.55882,12.341644],[122.559189,12.341283],[122.560475,12.341918],[122.562224,12.341107],[122.564059,12.344004],[122.564607,12.345994],[122.56626,12.347896],[122.566625,12.349434],[122.566349,12.349886],[122.565799,12.348438],[122.564329,12.34735],[122.564233,12.349792],[122.564784,12.350426],[122.56377,12.351509],[122.564322,12.351781],[122.564321,12.352414],[122.563034,12.351779],[122.562205,12.352321],[122.561467,12.353947],[122.560731,12.353765],[122.558705,12.355299],[122.558979,12.356656],[122.55999,12.3572],[122.560635,12.356568],[122.56091,12.357202],[122.566524,12.35486],[122.567078,12.354047],[122.566803,12.353142],[122.565881,12.354225],[122.564778,12.354224],[122.563397,12.354945],[122.563212,12.355578],[122.562937,12.354944],[122.563951,12.35368],[122.564871,12.35332],[122.565607,12.353592],[122.5657,12.352688],[122.566898,12.351514],[122.566531,12.350609],[122.568556,12.35016],[122.568741,12.349437],[122.569752,12.34971],[122.570397,12.349078],[122.570392,12.351972],[122.571587,12.352335],[122.571494,12.353059],[122.570299,12.352876],[122.569192,12.354502],[122.568457,12.35432],[122.56818,12.354772],[122.569468,12.354683],[122.570478,12.35577],[122.572225,12.355954],[122.572504,12.354326],[122.57407,12.353153],[122.574897,12.353607],[122.573515,12.354599],[122.573237,12.355955],[122.573697,12.356227],[122.573236,12.356407],[122.574156,12.35659],[122.574526,12.355234],[122.575632,12.353879],[122.578021,12.35533],[122.57526,12.356411],[122.576087,12.356683],[122.577008,12.356052]]],[[[122.56469,12.351872],[122.564507,12.350877],[122.565058,12.35133],[122.565057,12.352235],[122.56469,12.351872]]],[[[122.56294,12.353045],[122.562848,12.353045],[122.56294,12.352955],[122.56294,12.353045]]],[[[122.569653,12.354322],[122.569653,12.354231],[122.569837,12.354322],[122.569653,12.354322]]],[[[122.570572,12.354323],[122.570572,12.354595],[122.570295,12.354956],[122.570572,12.354323]]],[[[122.565052,12.354948],[122.565145,12.354857],[122.565144,12.354948],[122.565052,12.354948]]],[[[122.560544,12.355935],[122.560452,12.355573],[122.560728,12.355935],[122.560544,12.355935]]],[[[122.56174,12.355756],[122.561555,12.356479],[122.561557,12.355213],[122.562569,12.355034],[122.56174,12.355756]]],[[[122.566886,12.358749],[122.565138,12.358927],[122.565693,12.357209],[122.566244,12.357753],[122.565598,12.358566],[122.56661,12.358386],[122.566886,12.358749]]],[[[122.56326,12.381983],[122.563445,12.38135],[122.564271,12.382256],[122.56326,12.381983]]],[[[122.563076,12.382164],[122.564363,12.382437],[122.561878,12.382976],[122.563076,12.382164]]],[[[122.568368,12.408216],[122.568275,12.409029],[122.567814,12.409752],[122.567171,12.408937],[122.568368,12.408216]]],[[[122.568365,12.410476],[122.568457,12.410476],[122.568364,12.410567],[122.568365,12.410476]]],[[[122.56827,12.411833],[122.568178,12.411832],[122.56827,12.411742],[122.56827,12.411833]]],[[[122.568638,12.412014],[122.56873,12.411833],[122.56873,12.412014],[122.568638,12.412014]]],[[[122.56643,12.412282],[122.56643,12.412101],[122.566614,12.412282],[122.56643,12.412282]]],[[[122.565324,12.413391],[122.565324,12.413365],[122.56537,12.413365],[122.565692,12.413185],[122.566151,12.413819],[122.565599,12.413999],[122.565691,12.413637],[122.565138,12.414179],[122.565047,12.413546],[122.565324,12.413391]]],[[[122.565047,12.413817],[122.564955,12.413817],[122.565047,12.413726],[122.565047,12.413817]]],[[[122.565507,12.414089],[122.565415,12.414089],[122.565507,12.413998],[122.565507,12.414089]]],[[[122.569186,12.414728],[122.569278,12.414637],[122.569278,12.414728],[122.569186,12.414728]]],[[[122.569277,12.41518],[122.569645,12.415],[122.569644,12.415814],[122.570932,12.415725],[122.571759,12.416179],[122.571758,12.416812],[122.569642,12.416899],[122.569641,12.417532],[122.570746,12.417081],[122.570009,12.417623],[122.570192,12.418166],[122.567985,12.417439],[122.568173,12.414907],[122.568818,12.414637],[122.569277,12.41518]],[[122.569277,12.41527],[122.569277,12.415361],[122.569369,12.415271],[122.569277,12.41527]]],[[[122.544147,12.422554],[122.544239,12.422645],[122.544147,12.422645],[122.544147,12.422554]]],[[[122.544698,12.423369],[122.544423,12.422916],[122.544238,12.423459],[122.543687,12.422734],[122.544699,12.422917],[122.544698,12.423369]]],[[[122.546444,12.424728],[122.546536,12.424457],[122.546904,12.424819],[122.546444,12.424728]]],[[[122.546075,12.424908],[122.545983,12.42518],[122.545799,12.425179],[122.546075,12.424908]]],[[[122.554901,12.428902],[122.554994,12.428269],[122.555545,12.428813],[122.555545,12.429084],[122.554901,12.428902]],[[122.555086,12.428541],[122.555086,12.42845],[122.554994,12.42854],[122.555086,12.428541]],[[122.555269,12.428812],[122.555361,12.428993],[122.555453,12.428812],[122.555269,12.428812]],[[122.555177,12.428722],[122.555269,12.428812],[122.555269,12.428722],[122.555177,12.428722]]],[[[122.556279,12.43008],[122.556648,12.429538],[122.556466,12.428181],[122.557385,12.429087],[122.556831,12.430171],[122.556279,12.43008]]],[[[122.558121,12.429269],[122.557661,12.429359],[122.557661,12.429268],[122.558121,12.429269]]],[[[122.55766,12.429449],[122.557568,12.429449],[122.557661,12.429359],[122.55766,12.429449]]],[[[122.557568,12.429539],[122.557476,12.429539],[122.557568,12.429449],[122.557568,12.429539]]],[[[122.557384,12.429629],[122.557476,12.429539],[122.557476,12.42963],[122.557384,12.429629]]],[[[122.537587,12.438277],[122.537679,12.438187],[122.537679,12.438278],[122.537587,12.438277]]],[[[122.537587,12.438368],[122.537495,12.438368],[122.537587,12.438277],[122.537587,12.438368]]],[[[122.537495,12.438458],[122.537403,12.438458],[122.537495,12.438368],[122.537495,12.438458]]],[[[122.552035,12.436855],[122.550652,12.438842],[122.550465,12.440379],[122.549912,12.44074],[122.549642,12.437394],[122.552035,12.436855]]],[[[122.539058,12.439275],[122.539057,12.439365],[122.538966,12.439275],[122.539058,12.439275]]],[[[122.538045,12.439454],[122.538137,12.439454],[122.538045,12.439544],[122.538045,12.439454]]],[[[122.538045,12.439635],[122.537953,12.439635],[122.538045,12.439544],[122.538045,12.439635]]],[[[122.537953,12.439725],[122.537861,12.439725],[122.537953,12.439635],[122.537953,12.439725]]],[[[122.537768,12.439815],[122.53786,12.439906],[122.537676,12.439905],[122.537768,12.439815]]],[[[122.537095,12.456543],[122.537095,12.456634],[122.537003,12.456543],[122.537095,12.456543]]],[[[122.541325,12.457907],[122.541233,12.457907],[122.541325,12.457816],[122.541325,12.457907]]],[[[122.540311,12.45899],[122.541049,12.458178],[122.541232,12.45854],[122.541784,12.45836],[122.541785,12.457817],[122.541967,12.458903],[122.541046,12.459444],[122.540311,12.45899]]],[[[122.538655,12.459078],[122.538471,12.458716],[122.538931,12.459078],[122.538655,12.459078]]],[[[122.546196,12.461623],[122.546288,12.461623],[122.546195,12.461713],[122.546196,12.461623]]],[[[122.545919,12.461803],[122.546195,12.461984],[122.546011,12.461984],[122.545919,12.461803]]],[[[122.541594,12.462157],[122.541593,12.462429],[122.541133,12.462699],[122.540949,12.462337],[122.541594,12.462157]]],[[[122.548218,12.462892],[122.548218,12.462802],[122.54831,12.462892],[122.548218,12.462892]]],[[[122.548402,12.462983],[122.54831,12.462892],[122.548402,12.462892],[122.548402,12.462983]]],[[[122.548494,12.462983],[122.548494,12.463073],[122.548402,12.462983],[122.548494,12.462983]]],[[[122.549045,12.463707],[122.54886,12.463707],[122.548586,12.463073],[122.549045,12.463707]]],[[[122.545455,12.463972],[122.545181,12.463249],[122.545365,12.463249],[122.545455,12.463972]]],[[[122.549137,12.463707],[122.549136,12.463798],[122.549045,12.463707],[122.549137,12.463707]]],[[[122.539199,12.463238],[122.539751,12.46342],[122.539749,12.464596],[122.539107,12.4636],[122.539199,12.463238]]],[[[122.541406,12.464327],[122.541129,12.464598],[122.541039,12.463784],[122.541407,12.463513],[122.541406,12.464327]]],[[[122.541772,12.465232],[122.541776,12.463062],[122.542145,12.462882],[122.542233,12.465143],[122.54168,12.465594],[122.542046,12.466318],[122.541585,12.467312],[122.541404,12.465503],[122.541772,12.465232]]],[[[122.550606,12.465247],[122.550514,12.465247],[122.550606,12.465157],[122.550606,12.465247]]],[[[122.538643,12.465408],[122.538827,12.465679],[122.538643,12.465679],[122.538643,12.465408]]],[[[122.544807,12.466323],[122.544718,12.464876],[122.545177,12.465057],[122.544992,12.466052],[122.545359,12.466414],[122.544807,12.466323]]],[[[122.545542,12.467047],[122.546003,12.466596],[122.546097,12.465149],[122.546464,12.465964],[122.546002,12.466958],[122.545542,12.467047]]],[[[122.549961,12.465879],[122.549776,12.466602],[122.549408,12.466421],[122.549317,12.465787],[122.549961,12.465879]]],[[[122.540755,12.467853],[122.539007,12.46785],[122.539011,12.46568],[122.539379,12.465952],[122.539375,12.46767],[122.539927,12.467761],[122.540296,12.4674],[122.540022,12.466586],[122.540666,12.466225],[122.540669,12.464688],[122.541034,12.466497],[122.540205,12.467038],[122.540757,12.46722],[122.540755,12.467853]]],[[[122.550234,12.467869],[122.549682,12.467506],[122.54922,12.46841],[122.548947,12.467143],[122.550512,12.466513],[122.550882,12.465519],[122.550234,12.467869]]],[[[122.56643,12.467262],[122.566522,12.467263],[122.56643,12.467353],[122.56643,12.467262]]],[[[122.565602,12.467351],[122.56551,12.467442],[122.56551,12.467351],[122.565602,12.467351]]],[[[122.543702,12.467044],[122.543792,12.468039],[122.543239,12.468671],[122.542779,12.468399],[122.543702,12.467044]]],[[[122.550049,12.467959],[122.550141,12.467959],[122.550049,12.46814],[122.550049,12.467959]]],[[[122.541307,12.468306],[122.541399,12.468035],[122.541767,12.468397],[122.541307,12.468306]]],[[[122.550049,12.468321],[122.549957,12.468321],[122.550049,12.46814],[122.550049,12.468321]]],[[[122.544709,12.469578],[122.543699,12.468762],[122.544161,12.467587],[122.544897,12.46777],[122.54545,12.467047],[122.544711,12.468493],[122.544709,12.469578]],[[122.543883,12.468491],[122.544435,12.468673],[122.544435,12.468402],[122.543883,12.468491]]],[[[122.541859,12.468488],[122.541859,12.468397],[122.541951,12.468488],[122.541859,12.468488]]],[[[122.542043,12.468579],[122.541951,12.468488],[122.542043,12.468488],[122.542043,12.468579]]],[[[122.548852,12.46859],[122.548852,12.468861],[122.548576,12.46868],[122.548852,12.46859]]],[[[122.541858,12.468669],[122.542225,12.469302],[122.541948,12.470025],[122.541306,12.469029],[122.541858,12.468669]]],[[[122.540569,12.46948],[122.540661,12.4693],[122.540661,12.46948],[122.540569,12.46948]]],[[[122.540476,12.469751],[122.540292,12.469751],[122.540385,12.46948],[122.540476,12.469751]]],[[[122.545721,12.46976],[122.545537,12.46967],[122.545722,12.469579],[122.545721,12.46976]]],[[[122.543696,12.470028],[122.543789,12.469576],[122.544341,12.469577],[122.544065,12.469758],[122.545168,12.470212],[122.543696,12.470028]]],[[[122.541764,12.470115],[122.541672,12.470115],[122.541764,12.470025],[122.541764,12.470115]]],[[[122.547653,12.469944],[122.548113,12.470036],[122.547562,12.469402],[122.548666,12.469494],[122.549588,12.468953],[122.548203,12.471211],[122.546823,12.471299],[122.547559,12.47112],[122.547653,12.469944]]],[[[122.541487,12.470296],[122.540751,12.470566],[122.541212,12.469843],[122.541487,12.470296]]],[[[122.541671,12.470296],[122.541579,12.470296],[122.541672,12.470206],[122.541671,12.470296]]],[[[122.542868,12.470027],[122.542683,12.470479],[122.542039,12.470839],[122.542039,12.470297],[122.542868,12.470027]]],[[[122.541487,12.470567],[122.541579,12.470386],[122.541579,12.470567],[122.541487,12.470567]]],[[[122.539095,12.470201],[122.539279,12.470111],[122.539094,12.471015],[122.539095,12.470201]]],[[[122.544248,12.47021],[122.543695,12.470842],[122.543234,12.471022],[122.543143,12.470479],[122.544248,12.47021]]],[[[122.547008,12.470848],[122.5471,12.470757],[122.5471,12.470848],[122.547008,12.470848]]],[[[122.551059,12.469769],[122.551149,12.470402],[122.550687,12.472029],[122.550596,12.471034],[122.551059,12.469769]]],[[[122.560626,12.471141],[122.560719,12.471051],[122.560719,12.471142],[122.560626,12.471141]]],[[[122.55989,12.471321],[122.559522,12.47123],[122.55989,12.471231],[122.55989,12.471321]]],[[[122.541485,12.471652],[122.540841,12.471289],[122.541485,12.471471],[122.541485,12.471652]]],[[[122.545533,12.472111],[122.545441,12.472111],[122.545533,12.472021],[122.545533,12.472111]]],[[[122.558133,12.476201],[122.558685,12.476293],[122.559054,12.475751],[122.557305,12.47611],[122.556017,12.475836],[122.55731,12.473487],[122.557035,12.472402],[122.559153,12.471591],[122.560533,12.472136],[122.56035,12.471684],[122.561732,12.470239],[122.561641,12.469515],[122.563207,12.468704],[122.563669,12.4678],[122.567443,12.467264],[122.566336,12.468799],[122.564757,12.477659],[122.564112,12.47802],[122.563837,12.477205],[122.56218,12.477564],[122.561724,12.474941],[122.560897,12.474669],[122.561079,12.475844],[122.559972,12.47747],[122.55767,12.477828],[122.558133,12.476201]],[[122.561271,12.470871],[122.561363,12.470871],[122.561271,12.470781],[122.561271,12.470871]]],[[[122.537342,12.47273],[122.537526,12.472731],[122.537342,12.472821],[122.537342,12.47273]]],[[[122.542586,12.473372],[122.543692,12.472379],[122.542588,12.472197],[122.542406,12.471021],[122.543049,12.471926],[122.543969,12.471928],[122.544615,12.470663],[122.546087,12.471117],[122.546454,12.471661],[122.545349,12.47193],[122.545443,12.471297],[122.544706,12.471567],[122.545072,12.472834],[122.544151,12.473013],[122.544979,12.473376],[122.544978,12.473828],[122.545531,12.473196],[122.546267,12.473559],[122.545715,12.473649],[122.545252,12.475004],[122.544884,12.475094],[122.545162,12.4741],[122.544334,12.473646],[122.544149,12.474189],[122.543599,12.473283],[122.543046,12.473554],[122.54332,12.47473],[122.54286,12.474729],[122.542586,12.473372]],[[122.54452,12.472652],[122.544704,12.472833],[122.544704,12.472562],[122.544428,12.472471],[122.54452,12.472652]],[[122.544244,12.47238],[122.544428,12.472471],[122.544428,12.472381],[122.544244,12.47238]]],[[[122.538721,12.473456],[122.538537,12.473275],[122.538722,12.473004],[122.538721,12.473456]]],[[[122.542036,12.472557],[122.542217,12.473824],[122.541386,12.475631],[122.541018,12.475268],[122.541666,12.473371],[122.541391,12.472556],[122.542036,12.472557]]],[[[122.547738,12.474104],[122.546908,12.475459],[122.545802,12.476181],[122.54525,12.475999],[122.545621,12.474282],[122.545897,12.474825],[122.545527,12.475728],[122.546079,12.475458],[122.546357,12.474464],[122.547001,12.474646],[122.547465,12.472295],[122.547925,12.472658],[122.547738,12.474104]]],[[[122.544332,12.474732],[122.544608,12.474822],[122.544332,12.474912],[122.544332,12.474732]]],[[[122.542858,12.475543],[122.542766,12.475543],[122.542859,12.475452],[122.542858,12.475543]]],[[[122.544975,12.475275],[122.544975,12.475727],[122.544791,12.475365],[122.544975,12.475275]]],[[[122.544239,12.475726],[122.543685,12.476268],[122.544147,12.475364],[122.544239,12.475726]]],[[[122.542674,12.475814],[122.543225,12.476177],[122.542581,12.476266],[122.542674,12.475814]]],[[[122.561354,12.476297],[122.561537,12.476659],[122.561353,12.476659],[122.561354,12.476297]]],[[[122.538716,12.476531],[122.539268,12.476441],[122.539175,12.476803],[122.538716,12.476531]]],[[[122.542673,12.476628],[122.543593,12.476358],[122.54258,12.47717],[122.542673,12.476628]]],[[[122.545065,12.476541],[122.545065,12.476993],[122.544604,12.477354],[122.545065,12.476541]]],[[[122.561168,12.477382],[122.561168,12.477291],[122.561352,12.477382],[122.561168,12.477382]]],[[[122.540923,12.477439],[122.539266,12.477797],[122.539083,12.477164],[122.540923,12.477167],[122.540923,12.477439]]],[[[122.540092,12.478794],[122.538437,12.477977],[122.538623,12.477073],[122.538164,12.476349],[122.538899,12.476983],[122.538989,12.477978],[122.540369,12.478342],[122.540092,12.478794]]],[[[122.567332,12.478296],[122.566871,12.479109],[122.569263,12.479294],[122.569264,12.47848],[122.568345,12.478298],[122.567886,12.477393],[122.569361,12.475586],[122.569545,12.476039],[122.568991,12.476942],[122.56991,12.477938],[122.569632,12.478933],[122.570552,12.478753],[122.570369,12.478391],[122.570921,12.478573],[122.569999,12.479476],[122.567513,12.480105],[122.565305,12.47983],[122.567241,12.477934],[122.567332,12.478296]]],[[[122.560892,12.477653],[122.560614,12.478376],[122.560339,12.477833],[122.560892,12.477653]]],[[[122.552332,12.478633],[122.552976,12.478544],[122.552331,12.478814],[122.552332,12.478633]]],[[[122.565675,12.479017],[122.565951,12.478836],[122.565859,12.479017],[122.565675,12.479017]]],[[[122.552514,12.479719],[122.552882,12.47981],[122.552421,12.48008],[122.552514,12.479719]]],[[[122.557114,12.480178],[122.556008,12.481533],[122.553522,12.481891],[122.553708,12.481168],[122.555274,12.479995],[122.554262,12.479993],[122.55454,12.478999],[122.556104,12.479092],[122.555458,12.479814],[122.556195,12.479725],[122.557578,12.477828],[122.558682,12.478282],[122.559511,12.477922],[122.560429,12.47937],[122.560798,12.478376],[122.561901,12.479101],[122.562363,12.478198],[122.563007,12.478199],[122.563098,12.479194],[122.563558,12.479194],[122.56328,12.479917],[122.56374,12.480189],[122.562175,12.480729],[122.5607,12.481993],[122.55978,12.481991],[122.558953,12.481086],[122.558401,12.481175],[122.558127,12.48009],[122.557114,12.480178]]],[[[122.553433,12.480172],[122.553524,12.480896],[122.552878,12.481709],[122.552511,12.481256],[122.553433,12.480172]]],[[[122.555453,12.482889],[122.555085,12.482707],[122.555638,12.482527],[122.555453,12.482889]]],[[[122.538246,12.482046],[122.538153,12.482498],[122.537414,12.483943],[122.537416,12.483039],[122.538246,12.482046]]],[[[122.552874,12.48406],[122.552506,12.484059],[122.552783,12.483879],[122.552874,12.48406]]],[[[122.537414,12.484124],[122.53723,12.484124],[122.537414,12.484034],[122.537414,12.484124]]],[[[122.537321,12.484667],[122.536953,12.484666],[122.537321,12.484486],[122.537321,12.484667]]],[[[122.553608,12.485689],[122.553239,12.486412],[122.553148,12.485417],[122.553608,12.485689]]],[[[122.538053,12.487109],[122.537961,12.487109],[122.538053,12.487019],[122.538053,12.487109]]],[[[122.550935,12.488126],[122.550568,12.487583],[122.550569,12.486769],[122.550936,12.487674],[122.550935,12.488126]]],[[[122.55011,12.486406],[122.550381,12.489029],[122.550015,12.487672],[122.55011,12.486406]]],[[[122.538233,12.489009],[122.538233,12.48919],[122.536666,12.490453],[122.536852,12.48973],[122.538233,12.489009]]],[[[122.551208,12.490025],[122.5513,12.489754],[122.5513,12.490026],[122.551208,12.490025]]],[[[122.553785,12.489758],[122.554245,12.489759],[122.553877,12.49003],[122.553785,12.489758]]],[[[122.554337,12.489669],[122.555257,12.489851],[122.554888,12.490393],[122.554337,12.489669]]],[[[122.552217,12.491564],[122.552125,12.492016],[122.551758,12.491292],[122.552217,12.491564]]],[[[122.53786,12.492173],[122.53832,12.492083],[122.537951,12.492445],[122.53786,12.492173]]],[[[122.539607,12.49308],[122.540343,12.493082],[122.540526,12.493625],[122.539974,12.493262],[122.539421,12.494075],[122.539607,12.49308]]],[[[122.539422,12.493623],[122.538869,12.493712],[122.538962,12.493079],[122.538501,12.493892],[122.537765,12.49362],[122.537303,12.494795],[122.536476,12.49407],[122.538227,12.492716],[122.539147,12.492627],[122.539422,12.493623]]],[[[122.55341,12.494008],[122.553318,12.494008],[122.55341,12.493737],[122.55341,12.494008]]],[[[122.538684,12.494254],[122.538685,12.493893],[122.538776,12.494255],[122.538684,12.494254]]],[[[122.538868,12.494255],[122.538868,12.494345],[122.538776,12.494255],[122.538868,12.494255]]],[[[122.558102,12.494377],[122.558194,12.494377],[122.558102,12.494468],[122.558102,12.494377]]],[[[122.55801,12.494558],[122.558102,12.494468],[122.558102,12.494558],[122.55801,12.494558]]],[[[122.540247,12.495071],[122.53988,12.494799],[122.540065,12.494257],[122.540064,12.494618],[122.540247,12.495071]]],[[[122.539235,12.49525],[122.539143,12.49525],[122.539235,12.495069],[122.539235,12.49525]]],[[[122.538406,12.495339],[122.53859,12.49552],[122.538406,12.49552],[122.538406,12.495339]]],[[[122.53905,12.495521],[122.538958,12.495521],[122.53905,12.49534],[122.53905,12.495521]]],[[[122.538314,12.49561],[122.538221,12.495791],[122.538037,12.495881],[122.538314,12.49561]]],[[[122.542914,12.496251],[122.54273,12.49607],[122.542915,12.49598],[122.542914,12.496251]]],[[[122.560492,12.496552],[122.56132,12.496553],[122.562239,12.497549],[122.560031,12.496822],[122.559941,12.495556],[122.56077,12.495286],[122.560492,12.496552]]],[[[122.538215,12.499408],[122.538308,12.499046],[122.538307,12.499408],[122.538215,12.499408]]],[[[122.542173,12.499234],[122.54208,12.499415],[122.540791,12.499684],[122.542173,12.499234]]],[[[122.538215,12.499498],[122.538307,12.499499],[122.538215,12.499589],[122.538215,12.499498]]],[[[122.538122,12.499679],[122.538215,12.499589],[122.538214,12.499679],[122.538122,12.499679]]],[[[122.585806,12.318266],[122.585622,12.318265],[122.585806,12.318085],[122.585806,12.318266]]],[[[122.57348,12.319693],[122.573388,12.319693],[122.57348,12.319603],[122.57348,12.319693]]],[[[122.571168,12.327195],[122.571259,12.327829],[122.570617,12.327104],[122.571168,12.327195]]],[[[122.571075,12.328009],[122.570707,12.327918],[122.571075,12.327828],[122.571075,12.328009]]],[[[122.570967,12.338228],[122.571058,12.338228],[122.570966,12.338318],[122.570967,12.338228]]],[[[122.570874,12.338408],[122.570966,12.338318],[122.570966,12.338408],[122.570874,12.338408]]],[[[122.572712,12.339587],[122.572712,12.339496],[122.572896,12.339587],[122.572712,12.339587]]],[[[122.572527,12.340039],[122.572619,12.340039],[122.572527,12.340129],[122.572527,12.340039]]],[[[122.572987,12.340039],[122.573171,12.34022],[122.572987,12.34022],[122.572987,12.340039]]],[[[122.572527,12.340219],[122.572435,12.340219],[122.572527,12.340129],[122.572527,12.340219]]],[[[122.573537,12.340944],[122.573262,12.340944],[122.573262,12.340582],[122.573537,12.340944]]],[[[122.57114,12.344467],[122.572245,12.343746],[122.573717,12.343748],[122.573256,12.344561],[122.571783,12.345011],[122.571322,12.345643],[122.571598,12.345825],[122.572335,12.344921],[122.573163,12.344832],[122.572886,12.345555],[122.573805,12.345828],[122.572793,12.346188],[122.572148,12.347091],[122.572237,12.34881],[122.572789,12.348901],[122.57288,12.349444],[122.571499,12.349894],[122.571589,12.35125],[122.570947,12.350164],[122.571318,12.348447],[122.570768,12.347451],[122.570675,12.347722],[122.570858,12.348446],[122.568744,12.347357],[122.569205,12.346635],[122.568101,12.346814],[122.569018,12.348443],[122.568099,12.348442],[122.568373,12.349618],[122.567636,12.349978],[122.566809,12.349253],[122.566719,12.348168],[122.565985,12.347353],[122.567459,12.345637],[122.570125,12.346455],[122.571046,12.346185],[122.570679,12.345461],[122.571048,12.344648],[122.570498,12.343653],[122.568934,12.343469],[122.568662,12.34166],[122.567375,12.341206],[122.567836,12.340122],[122.568663,12.341027],[122.569583,12.340848],[122.569029,12.342203],[122.570867,12.343111],[122.571051,12.342568],[122.572432,12.342118],[122.572801,12.341305],[122.574641,12.341127],[122.575838,12.340134],[122.576942,12.340226],[122.577127,12.339322],[122.577864,12.33869],[122.577773,12.337967],[122.576945,12.338237],[122.575474,12.337602],[122.574092,12.339137],[122.572804,12.339316],[122.57161,12.338681],[122.571519,12.337957],[122.572072,12.337325],[122.570691,12.338137],[122.571338,12.335877],[122.571982,12.335788],[122.571889,12.33642],[122.572349,12.336421],[122.574101,12.333982],[122.573917,12.333892],[122.57318,12.334252],[122.572351,12.335246],[122.571527,12.333074],[122.571896,12.33217],[122.573184,12.332172],[122.57337,12.330545],[122.573922,12.330455],[122.575576,12.331814],[122.575202,12.33525],[122.578143,12.336882],[122.579609,12.340321],[122.577396,12.343844],[122.577304,12.343663],[122.577583,12.341855],[122.578045,12.34068],[122.577953,12.340409],[122.577031,12.342216],[122.576663,12.342125],[122.577033,12.340679],[122.576113,12.340587],[122.575007,12.341941],[122.571417,12.343744],[122.57114,12.344467]],[[122.574193,12.333802],[122.574101,12.333892],[122.574193,12.333892],[122.574193,12.333802]]],[[[122.572525,12.341214],[122.572341,12.341214],[122.572525,12.341124],[122.572525,12.341214]]],[[[122.57234,12.341756],[122.572248,12.341756],[122.572341,12.341666],[122.57234,12.341756]]],[[[122.574727,12.344563],[122.573714,12.345466],[122.573531,12.344742],[122.574728,12.344111],[122.574727,12.344563]]],[[[122.581253,12.347286],[122.581804,12.34783],[122.580975,12.349095],[122.580981,12.345206],[122.581253,12.347286]]],[[[122.572789,12.348811],[122.572973,12.348811],[122.572789,12.348901],[122.572789,12.348811]]],[[[122.581159,12.349004],[122.581251,12.348914],[122.581251,12.349005],[122.581159,12.349004]]],[[[122.580882,12.349637],[122.58079,12.349637],[122.580882,12.349366],[122.580882,12.349637]]],[[[122.572327,12.349895],[122.572787,12.350077],[122.572326,12.350438],[122.572327,12.349895]]],[[[122.581432,12.350633],[122.580419,12.351355],[122.580512,12.350842],[122.580512,12.350812],[122.580517,12.350812],[122.580698,12.349818],[122.581432,12.350633]]],[[[122.572968,12.351886],[122.572232,12.351884],[122.572509,12.351161],[122.572969,12.351162],[122.573061,12.351343],[122.573152,12.351524],[122.572968,12.351886]],[[122.572877,12.351433],[122.573061,12.351343],[122.572877,12.351252],[122.572877,12.351433]]],[[[122.571585,12.354054],[122.571864,12.351884],[122.572691,12.352699],[122.571585,12.354054]]],[[[122.580782,12.354339],[122.580323,12.353886],[122.580141,12.352891],[122.5806,12.353435],[122.580782,12.354339]]],[[[122.571216,12.354234],[122.571401,12.354053],[122.5714,12.354234],[122.571216,12.354234]]],[[[122.580873,12.355334],[122.580873,12.355063],[122.580965,12.355334],[122.580873,12.355334]]],[[[122.581056,12.355515],[122.580965,12.355334],[122.581057,12.355334],[122.581056,12.355515]]],[[[122.581148,12.355515],[122.58124,12.355968],[122.581056,12.355515],[122.581148,12.355515]]],[[[122.581332,12.355968],[122.581331,12.356239],[122.58124,12.355968],[122.581332,12.355968]]],[[[122.581606,12.357053],[122.581515,12.35633],[122.58179,12.357144],[122.581606,12.357053]]],[[[122.582064,12.35823],[122.582156,12.357959],[122.582156,12.35823],[122.582064,12.35823]]],[[[122.582247,12.358592],[122.582339,12.358863],[122.582247,12.358863],[122.582247,12.358592]]],[[[122.582431,12.358863],[122.58243,12.359135],[122.582339,12.358863],[122.582431,12.358863]]],[[[122.579212,12.358677],[122.579855,12.359131],[122.579027,12.359401],[122.579212,12.358677]]],[[[122.582522,12.359225],[122.58243,12.359135],[122.582522,12.359135],[122.582522,12.359225]]],[[[122.582614,12.359225],[122.582614,12.359316],[122.582522,12.359225],[122.582614,12.359225]]],[[[122.582706,12.359316],[122.582797,12.359678],[122.582614,12.359316],[122.582706,12.359316]]],[[[122.570746,12.360382],[122.569645,12.359115],[122.570748,12.359207],[122.571575,12.359932],[122.570748,12.359569],[122.570746,12.360382]]],[[[122.571667,12.360022],[122.571667,12.360203],[122.571575,12.360022],[122.571667,12.360022]]],[[[122.583346,12.361487],[122.582979,12.361125],[122.582705,12.359768],[122.583256,12.360764],[122.583346,12.361487]]],[[[122.578747,12.361932],[122.579298,12.362295],[122.576535,12.364099],[122.576814,12.362562],[122.574057,12.361021],[122.57461,12.360208],[122.575714,12.360209],[122.576359,12.359577],[122.576633,12.360934],[122.578108,12.358676],[122.578841,12.360485],[122.580129,12.360487],[122.578747,12.361932]]],[[[122.583438,12.361759],[122.58353,12.361668],[122.58353,12.361759],[122.583438,12.361759]]],[[[122.583437,12.362663],[122.583345,12.362663],[122.583437,12.362392],[122.583437,12.362663]]],[[[122.583451,12.36411],[122.583526,12.36411],[122.583462,12.364235],[122.583525,12.364924],[122.58279,12.364109],[122.583343,12.363748],[122.583344,12.362934],[122.583451,12.36411]]],[[[122.583526,12.36411],[122.583619,12.363929],[122.583618,12.36411],[122.583526,12.36411]]],[[[122.583526,12.364381],[122.583618,12.364381],[122.583526,12.364472],[122.583526,12.364381]]],[[[122.583801,12.364653],[122.58371,12.364562],[122.583802,12.364562],[122.583801,12.364653]]],[[[122.576627,12.364461],[122.577915,12.364101],[122.579293,12.365188],[122.578833,12.365278],[122.576627,12.364461]]],[[[122.583893,12.364653],[122.583893,12.364834],[122.583801,12.364653],[122.583893,12.364653]]],[[[122.583429,12.367456],[122.583521,12.367365],[122.583521,12.367456],[122.583429,12.367456]]],[[[122.583612,12.367908],[122.58352,12.367908],[122.583613,12.367727],[122.583612,12.367908]]],[[[122.583704,12.368179],[122.583612,12.368179],[122.583704,12.367999],[122.583704,12.368179]]],[[[122.583792,12.37035],[122.5837,12.37044],[122.5837,12.37035],[122.583792,12.37035]]],[[[122.5837,12.370531],[122.583608,12.37053],[122.5837,12.37044],[122.5837,12.370531]]],[[[122.582312,12.375592],[122.581393,12.375139],[122.583328,12.373062],[122.583424,12.370892],[122.583697,12.372339],[122.583419,12.373695],[122.583786,12.374238],[122.583326,12.374328],[122.583877,12.374781],[122.583416,12.375685],[122.583876,12.375776],[122.584061,12.374962],[122.584429,12.374963],[122.58369,12.37668],[122.582954,12.377131],[122.582953,12.377673],[122.582585,12.377673],[122.582312,12.375592]]],[[[122.581116,12.375862],[122.580933,12.3755],[122.581208,12.375862],[122.581116,12.375862]]],[[[122.5813,12.376043],[122.581208,12.376043],[122.5813,12.375953],[122.5813,12.376043]]],[[[122.583506,12.37686],[122.583598,12.37677],[122.583598,12.37686],[122.583506,12.37686]]],[[[122.580652,12.378665],[122.58056,12.378664],[122.580652,12.378574],[122.580652,12.378665]]],[[[122.581386,12.37957],[122.581478,12.37957],[122.581386,12.37966],[122.581386,12.37957]]],[[[122.581294,12.379751],[122.581386,12.37966],[122.581386,12.379751],[122.581294,12.379751]]],[[[122.581294,12.379841],[122.581202,12.379841],[122.581294,12.379751],[122.581294,12.379841]]],[[[122.580925,12.380293],[122.581017,12.380022],[122.581109,12.380293],[122.580925,12.380293]]],[[[122.580465,12.380111],[122.580741,12.380292],[122.580465,12.380202],[122.580465,12.380111]]],[[[122.579545,12.380381],[122.579453,12.380381],[122.579545,12.3802],[122.579545,12.380381]]],[[[122.58194,12.378576],[122.580097,12.380291],[122.580095,12.381829],[122.57945,12.381918],[122.579448,12.383546],[122.578895,12.384359],[122.578987,12.383816],[122.578435,12.384087],[122.578345,12.382911],[122.579266,12.38228],[122.579267,12.381375],[122.580282,12.37984],[122.579914,12.379387],[122.580651,12.378936],[122.580837,12.377941],[122.581483,12.376495],[122.581757,12.377491],[122.58148,12.378214],[122.58194,12.378576]],[[122.57862,12.383725],[122.57862,12.383635],[122.578528,12.383725],[122.57862,12.383725]],[[122.580929,12.377851],[122.581021,12.377851],[122.580929,12.377761],[122.580929,12.377851]],[[122.581482,12.377129],[122.581297,12.377671],[122.581481,12.377762],[122.581482,12.377129]]],[[[122.578991,12.381375],[122.579175,12.381466],[122.578991,12.381556],[122.578991,12.381375]]],[[[122.578899,12.381917],[122.578807,12.381917],[122.578991,12.381556],[122.578899,12.381917]]],[[[122.578806,12.382008],[122.578714,12.382007],[122.578807,12.381917],[122.578806,12.382008]]],[[[122.574666,12.382453],[122.574481,12.382905],[122.574299,12.382001],[122.575403,12.38155],[122.576047,12.382003],[122.576137,12.382817],[122.575401,12.383178],[122.575218,12.382454],[122.574666,12.382453]],[[122.575953,12.382727],[122.576045,12.382817],[122.576045,12.382727],[122.575953,12.382727]]],[[[122.575033,12.382816],[122.574941,12.382815],[122.575034,12.382725],[122.575033,12.382816]]],[[[122.576137,12.382998],[122.576045,12.382908],[122.576137,12.382908],[122.576137,12.382998]]],[[[122.574665,12.383086],[122.574665,12.382905],[122.574941,12.382906],[122.574665,12.383086]]],[[[122.574665,12.383177],[122.574573,12.383177],[122.574665,12.383086],[122.574665,12.383177]]],[[[122.574481,12.383267],[122.574573,12.383177],[122.574573,12.383267],[122.574481,12.383267]]],[[[122.578618,12.384539],[122.578434,12.384449],[122.578619,12.384358],[122.578618,12.384539]]],[[[122.579169,12.385625],[122.578434,12.38481],[122.57917,12.384902],[122.579169,12.385625]]],[[[122.579168,12.386258],[122.579352,12.385806],[122.579351,12.386439],[122.579168,12.386258]]],[[[122.579626,12.387254],[122.579534,12.387254],[122.579626,12.387073],[122.579626,12.387254]]],[[[122.579901,12.388068],[122.579717,12.387977],[122.579901,12.387797],[122.579901,12.388068]]],[[[122.579808,12.388701],[122.579992,12.388611],[122.579992,12.388701],[122.579808,12.388701]]],[[[122.579899,12.388972],[122.579991,12.388972],[122.579899,12.389244],[122.579899,12.388972]]],[[[122.579898,12.389424],[122.579806,12.389424],[122.579899,12.389244],[122.579898,12.389424]]],[[[122.579897,12.390057],[122.57999,12.389967],[122.579989,12.390058],[122.579897,12.390057]]],[[[122.580541,12.390149],[122.580173,12.390329],[122.57999,12.389786],[122.580541,12.390149]]],[[[122.580908,12.390782],[122.581,12.390783],[122.580908,12.390873],[122.580908,12.390782]]],[[[122.579987,12.391504],[122.580077,12.392771],[122.57971,12.391956],[122.580172,12.390872],[122.580908,12.390963],[122.579987,12.391504]]],[[[122.579893,12.392951],[122.580169,12.393042],[122.580167,12.394218],[122.579893,12.392951]]],[[[122.582459,12.399014],[122.582736,12.398653],[122.582643,12.399014],[122.582459,12.399014]]],[[[122.580157,12.400367],[122.577301,12.402894],[122.576841,12.402532],[122.581263,12.398831],[122.582552,12.398381],[122.581906,12.399556],[122.582641,12.400099],[122.581814,12.399917],[122.581813,12.40055],[122.581353,12.400549],[122.581537,12.400098],[122.580985,12.400097],[122.580708,12.400639],[122.580157,12.400367]]],[[[122.58034,12.400638],[122.580432,12.400729],[122.58034,12.400729],[122.58034,12.400638]]],[[[122.580524,12.400729],[122.580524,12.400819],[122.580432,12.400729],[122.580524,12.400729]]],[[[122.579787,12.401451],[122.580155,12.401542],[122.579787,12.401723],[122.579787,12.401451]]],[[[122.579511,12.401813],[122.579142,12.401993],[122.579051,12.401812],[122.579511,12.401813]]],[[[122.580062,12.402085],[122.580062,12.402175],[122.579694,12.401994],[122.580062,12.402085]]],[[[122.57997,12.402356],[122.579878,12.402356],[122.57997,12.402265],[122.57997,12.402356]]],[[[122.575829,12.402711],[122.575921,12.402621],[122.575921,12.402711],[122.575829,12.402711]]],[[[122.575367,12.403796],[122.575275,12.403795],[122.575368,12.403705],[122.575367,12.403796]]],[[[122.575551,12.404338],[122.575459,12.404338],[122.575551,12.404248],[122.575551,12.404338]]],[[[122.574538,12.40497],[122.574721,12.405332],[122.574353,12.405422],[122.574538,12.40497]]],[[[122.572788,12.405871],[122.572788,12.405962],[122.572696,12.405871],[122.572788,12.405871]]],[[[122.570302,12.406862],[122.569658,12.406952],[122.569657,12.407494],[122.568922,12.407222],[122.568735,12.40894],[122.569103,12.40894],[122.569102,12.409302],[122.567904,12.410566],[122.568364,12.410748],[122.567812,12.410928],[122.568731,12.411562],[122.567995,12.411651],[122.567902,12.412284],[122.568545,12.412376],[122.568545,12.412737],[122.568361,12.412918],[122.567624,12.412917],[122.567073,12.412373],[122.567353,12.410384],[122.568366,12.409662],[122.568557,12.405503],[122.569294,12.40469],[122.570213,12.405415],[122.570766,12.404964],[122.572421,12.405057],[122.573619,12.403793],[122.573805,12.402798],[122.575185,12.403072],[122.574723,12.403795],[122.575366,12.404429],[122.572696,12.405871],[122.57196,12.40578],[122.571591,12.406412],[122.57104,12.40614],[122.570211,12.4065],[122.570302,12.406862]],[[122.567812,12.410837],[122.567904,12.410747],[122.567812,12.410747],[122.567812,12.410837]],[[122.569011,12.409121],[122.568919,12.40903],[122.568919,12.409121],[122.569011,12.409121]],[[122.570119,12.406681],[122.570027,12.406771],[122.570119,12.406771],[122.570119,12.406681]],[[122.570119,12.406319],[122.570395,12.40641],[122.570395,12.40632],[122.570119,12.406319]],[[122.57058,12.40623],[122.570395,12.40632],[122.570579,12.40632],[122.57058,12.40623]],[[122.570672,12.406139],[122.570764,12.40623],[122.570764,12.406139],[122.570672,12.406139]],[[122.571869,12.405599],[122.572512,12.40569],[122.572513,12.4056],[122.571869,12.405599]],[[122.571684,12.40587],[122.571776,12.405779],[122.571684,12.405779],[122.571684,12.40587]],[[122.571592,12.40596],[122.571684,12.40587],[122.571592,12.40587],[122.571592,12.40596]],[[122.571316,12.40605],[122.571592,12.40596],[122.571316,12.40596],[122.571316,12.40605]],[[122.573065,12.405239],[122.573157,12.405329],[122.573157,12.405239],[122.573065,12.405239]],[[122.572605,12.405148],[122.574262,12.404608],[122.574724,12.403433],[122.572605,12.405148]],[[122.574816,12.403343],[122.574724,12.403433],[122.574816,12.403433],[122.574816,12.403343]],[[122.574908,12.403252],[122.574816,12.403343],[122.574908,12.403343],[122.574908,12.403252]],[[122.568554,12.407402],[122.568645,12.408035],[122.568646,12.407402],[122.568554,12.407402]],[[122.56929,12.407132],[122.569015,12.406408],[122.568739,12.406498],[122.568646,12.407312],[122.568922,12.407041],[122.56929,12.407132]],[[122.569291,12.40677],[122.569198,12.40686],[122.56929,12.406861],[122.569291,12.40677]],[[122.569382,12.406951],[122.56929,12.407041],[122.569382,12.407042],[122.569382,12.406951]],[[122.567717,12.412736],[122.567625,12.412826],[122.567717,12.412826],[122.567717,12.412736]],[[122.568361,12.412466],[122.568453,12.412737],[122.568453,12.412466],[122.568361,12.412466]]],[[[122.586568,12.418553],[122.586476,12.418553],[122.586568,12.418462],[122.586568,12.418553]]],[[[122.570651,12.418618],[122.570559,12.418618],[122.570652,12.418438],[122.570651,12.418618]]],[[[122.570651,12.418799],[122.570743,12.418709],[122.570743,12.4188],[122.570651,12.418799]]],[[[122.571018,12.419523],[122.57111,12.419343],[122.571386,12.419614],[122.571018,12.419523]]],[[[122.580033,12.420261],[122.579941,12.420261],[122.580033,12.42017],[122.580033,12.420261]]],[[[122.576905,12.420437],[122.576997,12.420347],[122.576997,12.420437],[122.576905,12.420437]]],[[[122.573297,12.432277],[122.573205,12.432277],[122.573298,12.431825],[122.573297,12.432277]]],[[[122.577708,12.43563],[122.576789,12.435086],[122.577709,12.435088],[122.579547,12.436718],[122.577708,12.43563]]],[[[122.579363,12.436175],[122.579455,12.436175],[122.579363,12.436266],[122.579363,12.436175]]],[[[122.579362,12.436718],[122.579362,12.436808],[122.57927,12.436718],[122.579362,12.436718]]],[[[122.582674,12.436994],[122.582123,12.436903],[122.582767,12.436542],[122.582674,12.436994]]],[[[122.582122,12.437446],[122.582121,12.437898],[122.58166,12.438711],[122.581109,12.437987],[122.582122,12.437446]]],[[[122.581292,12.43862],[122.5812,12.43862],[122.581292,12.438529],[122.581292,12.43862]]],[[[122.583312,12.440793],[122.582485,12.440611],[122.582117,12.440158],[122.581935,12.439073],[122.583312,12.440793]],[[122.582761,12.440521],[122.582669,12.440611],[122.582761,12.440612],[122.582761,12.440521]]],[[[122.583957,12.440523],[122.584325,12.440614],[122.583956,12.441066],[122.583404,12.440884],[122.583957,12.440523]]],[[[122.58414,12.440885],[122.584324,12.440885],[122.58414,12.441156],[122.58414,12.440885]]],[[[122.582482,12.441968],[122.582298,12.441967],[122.582483,12.441787],[122.582482,12.441968]]],[[[122.585782,12.44984],[122.585875,12.44975],[122.585874,12.44984],[122.585782,12.44984]]],[[[122.583847,12.452007],[122.583939,12.451646],[122.584767,12.452009],[122.583847,12.452007]]],[[[122.585779,12.452101],[122.585686,12.452372],[122.585595,12.45201],[122.585779,12.452101]]],[[[122.584211,12.45454],[122.58421,12.454721],[122.584026,12.454811],[122.584211,12.45454]]],[[[122.584026,12.455173],[122.583934,12.455172],[122.584026,12.454992],[122.584026,12.455173]]],[[[122.58163,12.457339],[122.581078,12.457067],[122.581907,12.456797],[122.58163,12.457339]]],[[[122.5808,12.458152],[122.580525,12.457609],[122.581078,12.457157],[122.5808,12.458152]]],[[[122.577304,12.458146],[122.577396,12.457966],[122.577672,12.458147],[122.577304,12.458146]]],[[[122.576473,12.459592],[122.575921,12.45932],[122.576566,12.459049],[122.576473,12.459592]]],[[[122.571384,12.476675],[122.571199,12.477488],[122.570186,12.477396],[122.571384,12.476675]]],[[[122.58333,12.487635],[122.581303,12.488717],[122.579735,12.490976],[122.578814,12.491336],[122.577622,12.488983],[122.578546,12.486814],[122.577903,12.485547],[122.580574,12.484647],[122.58039,12.484556],[122.579653,12.484736],[122.579563,12.483651],[122.579101,12.485006],[122.576708,12.485093],[122.577535,12.485547],[122.577303,12.488121],[122.577347,12.488078],[122.577347,12.488169],[122.577299,12.488169],[122.57716,12.489706],[122.578904,12.492964],[122.578441,12.494229],[122.577186,12.4944],[122.577153,12.494408],[122.577163,12.494403],[122.577061,12.494417],[122.577061,12.494498],[122.576784,12.494498],[122.576868,12.494443],[122.576324,12.494517],[122.576324,12.494587],[122.57614,12.494587],[122.576268,12.494525],[122.573839,12.494855],[122.572554,12.492954],[122.571814,12.494852],[122.56813,12.496654],[122.567302,12.496653],[122.566659,12.495476],[122.566565,12.496742],[122.56454,12.497101],[122.564079,12.497462],[122.564446,12.498547],[122.563709,12.498817],[122.563166,12.498817],[122.562813,12.498358],[122.562976,12.496736],[122.561872,12.496373],[122.562887,12.495109],[122.561137,12.495648],[122.562705,12.493661],[122.55985,12.495194],[122.559207,12.494379],[122.558379,12.494378],[122.558655,12.493926],[122.557829,12.49293],[122.557368,12.493472],[122.557918,12.494558],[122.557458,12.494557],[122.556632,12.493019],[122.557372,12.490849],[122.558847,12.489586],[122.561702,12.488415],[122.562347,12.487602],[122.562256,12.486969],[122.561428,12.487058],[122.560413,12.488413],[122.557834,12.490127],[122.556357,12.492295],[122.555991,12.49148],[122.557192,12.488769],[122.5559,12.490576],[122.555714,12.492113],[122.555254,12.491931],[122.555163,12.491027],[122.556087,12.488948],[122.555442,12.48949],[122.555076,12.488314],[122.554524,12.488132],[122.554154,12.488945],[122.553694,12.488944],[122.554617,12.48777],[122.55499,12.484606],[122.555728,12.483432],[122.556188,12.483432],[122.556098,12.482438],[122.557847,12.482169],[122.559502,12.482986],[122.561344,12.481994],[122.562539,12.48281],[122.564104,12.482903],[122.564564,12.482632],[122.56466,12.480462],[122.564292,12.480371],[122.567237,12.480376],[122.569907,12.479747],[122.572396,12.477129],[122.573961,12.476679],[122.575527,12.475325],[122.576544,12.472885],[122.576637,12.471981],[122.576177,12.471618],[122.574428,12.471977],[122.571847,12.474957],[122.571937,12.476043],[122.570925,12.476132],[122.570743,12.474865],[122.571572,12.474324],[122.572868,12.469895],[122.572503,12.467995],[122.571399,12.467632],[122.571767,12.467452],[122.571492,12.466818],[122.570202,12.468263],[122.569738,12.470523],[122.568355,12.472239],[122.567987,12.472058],[122.567806,12.470339],[122.568455,12.467175],[122.569377,12.466001],[122.570942,12.465732],[122.570849,12.466365],[122.571219,12.465371],[122.570852,12.464647],[122.571036,12.464286],[122.571404,12.464557],[122.571405,12.463834],[122.56966,12.461932],[122.56957,12.460847],[122.571869,12.461393],[122.571317,12.461664],[122.571685,12.461755],[122.57233,12.461213],[122.57233,12.461123],[122.57233,12.460761],[122.573527,12.460582],[122.575093,12.459228],[122.575553,12.4595],[122.573157,12.461395],[122.573063,12.462752],[122.572051,12.462931],[122.57159,12.463563],[122.572046,12.466096],[122.573056,12.467454],[122.576548,12.470353],[122.576822,12.471258],[122.578294,12.471531],[122.579304,12.472799],[122.580132,12.472981],[122.581141,12.475334],[122.583716,12.476513],[122.58482,12.476425],[122.585739,12.477149],[122.58666,12.476789],[122.58629,12.478145],[122.585461,12.478325],[122.585644,12.478777],[122.586381,12.478326],[122.587212,12.476519],[122.588681,12.478782],[122.590152,12.479598],[122.595398,12.479334],[122.597877,12.483407],[122.597229,12.485667],[122.597505,12.486029],[122.594834,12.486839],[122.593915,12.486476],[122.594008,12.485934],[122.593087,12.486294],[122.591618,12.484212],[122.588305,12.483755],[122.588396,12.484569],[122.587567,12.485019],[122.587842,12.486015],[122.591431,12.485839],[122.59189,12.486654],[122.592994,12.486927],[122.593085,12.48765],[122.594188,12.488104],[122.592897,12.490092],[122.590965,12.489727],[122.589584,12.490177],[122.587745,12.488727],[122.586733,12.488545],[122.584983,12.489627],[122.584336,12.491073],[122.583508,12.491162],[122.582402,12.492155],[122.582404,12.491161],[122.585261,12.488362],[122.58471,12.487818],[122.58333,12.487635]],[[122.572422,12.461032],[122.57233,12.461123],[122.572422,12.461123],[122.572422,12.461032]],[[122.572514,12.460942],[122.572422,12.461032],[122.572514,12.461032],[122.572514,12.460942]],[[122.572606,12.460852],[122.572514,12.460942],[122.572606,12.460942],[122.572606,12.460852]],[[122.562889,12.493571],[122.562705,12.493661],[122.562889,12.493662],[122.562889,12.493571]],[[122.569845,12.461571],[122.569937,12.461571],[122.569845,12.46148],[122.569845,12.461571]],[[122.570028,12.461662],[122.569937,12.461571],[122.569936,12.461661],[122.570028,12.461662]],[[122.570212,12.461752],[122.570028,12.461662],[122.570028,12.461752],[122.570212,12.461752]],[[122.570856,12.461844],[122.570856,12.461753],[122.570212,12.461843],[122.570856,12.461844]],[[122.576363,12.470986],[122.576087,12.470895],[122.577922,12.473972],[122.578471,12.476053],[122.578106,12.473882],[122.576363,12.470986]],[[122.57893,12.476596],[122.57893,12.476415],[122.578563,12.476053],[122.578562,12.476415],[122.57893,12.476596]],[[122.55976,12.493747],[122.559576,12.493747],[122.559207,12.494108],[122.559483,12.49438],[122.55976,12.493747]],[[122.56316,12.497098],[122.56316,12.497008],[122.563068,12.497098],[122.56316,12.497098]],[[122.563989,12.496557],[122.563436,12.496828],[122.563157,12.498545],[122.563894,12.498094],[122.563989,12.496557]]],[[[122.577903,12.485728],[122.577719,12.485728],[122.577903,12.485638],[122.577903,12.485728]]],[[[122.577347,12.487988],[122.577439,12.487988],[122.577347,12.488078],[122.577347,12.487988]]],[[[122.588022,12.312662],[122.588298,12.312301],[122.588206,12.312663],[122.588022,12.312662]]],[[[122.588849,12.313116],[122.589034,12.312483],[122.589217,12.313116],[122.588849,12.313116]]],[[[122.587928,12.313657],[122.588021,12.313476],[122.58802,12.313657],[122.587928,12.313657]]],[[[122.589584,12.31384],[122.589308,12.313659],[122.589584,12.313659],[122.589584,12.31384]]],[[[122.589399,12.314111],[122.589399,12.314292],[122.588938,12.314744],[122.588755,12.314291],[122.589399,12.314111]]],[[[122.592709,12.314568],[122.592709,12.315111],[122.592432,12.315472],[122.592709,12.314568]]],[[[122.587375,12.314922],[122.58719,12.315555],[122.58719,12.315103],[122.587375,12.314922]]],[[[122.587554,12.317997],[122.587186,12.317635],[122.587372,12.316731],[122.587554,12.317997]]],[[[122.604286,12.322001],[122.604839,12.32164],[122.60502,12.323449],[122.605479,12.32354],[122.605664,12.323088],[122.605022,12.322183],[122.604931,12.321007],[122.603184,12.320733],[122.603093,12.320371],[122.604196,12.320554],[122.605485,12.320013],[122.606131,12.318024],[122.605857,12.317391],[122.606686,12.316217],[122.606598,12.313684],[122.608163,12.312601],[122.609819,12.312423],[122.609816,12.314141],[122.609171,12.314864],[122.609447,12.315135],[122.606959,12.317935],[122.606774,12.31902],[122.605483,12.320917],[122.605758,12.32146],[122.606771,12.3211],[122.606862,12.321823],[122.6052,12.326071],[122.605202,12.324896],[122.604465,12.325437],[122.60419,12.324623],[122.604928,12.323448],[122.604286,12.322001]],[[122.606409,12.31712],[122.606317,12.31703],[122.606317,12.31712],[122.606409,12.31712]],[[122.606224,12.317482],[122.606132,12.317572],[122.606224,12.317572],[122.606224,12.317482]],[[122.604748,12.320464],[122.604932,12.320916],[122.604932,12.320464],[122.604748,12.320464]],[[122.607149,12.314137],[122.606687,12.315855],[122.607146,12.315855],[122.607885,12.314138],[122.607149,12.314137]]],[[[122.608969,12.327071],[122.608969,12.327162],[122.608877,12.327071],[122.608969,12.327071]]],[[[122.588173,12.333461],[122.588081,12.333461],[122.588174,12.333371],[122.588173,12.333461]]],[[[122.593044,12.336091],[122.593136,12.336182],[122.593044,12.336182],[122.593044,12.336091]]],[[[122.600583,12.338001],[122.600583,12.338092],[122.600491,12.338001],[122.600583,12.338001]]],[[[122.601595,12.338093],[122.601963,12.338094],[122.602146,12.338456],[122.601595,12.338093]]],[[[122.602606,12.338637],[122.602422,12.338637],[122.602514,12.338456],[122.602606,12.338637]]],[[[122.602697,12.338728],[122.602606,12.338637],[122.602698,12.338637],[122.602697,12.338728]]],[[[122.591111,12.336992],[122.588906,12.335633],[122.589182,12.335181],[122.589917,12.335906],[122.591665,12.335727],[122.59286,12.336],[122.59286,12.336362],[122.595252,12.336004],[122.596077,12.337362],[122.596167,12.338537],[122.596261,12.337633],[122.597917,12.337093],[122.597918,12.33637],[122.598563,12.336009],[122.600491,12.337911],[122.599204,12.337818],[122.600031,12.338272],[122.600581,12.339448],[122.601593,12.33954],[122.60049,12.338725],[122.600675,12.338363],[122.601778,12.338365],[122.603156,12.339361],[122.601223,12.340353],[122.600304,12.340262],[122.599846,12.338995],[122.59727,12.339534],[122.59469,12.342514],[122.594419,12.338987],[122.592488,12.338713],[122.59157,12.337536],[122.590098,12.338076],[122.588721,12.335904],[122.590743,12.337173],[122.591111,12.336992]]],[[[122.605267,12.34262],[122.605267,12.34253],[122.605359,12.34262],[122.605267,12.34262]]],[[[122.60683,12.342984],[122.60683,12.342894],[122.606922,12.342984],[122.60683,12.342984]]],[[[122.608481,12.346242],[122.608389,12.346242],[122.608481,12.346151],[122.608481,12.346242]]],[[[122.608389,12.346332],[122.608297,12.346332],[122.608389,12.346242],[122.608389,12.346332]]],[[[122.6071,12.347325],[122.607191,12.347325],[122.607099,12.347415],[122.6071,12.347325]]],[[[122.60627,12.348138],[122.606179,12.347776],[122.607099,12.347506],[122.60627,12.348138]]],[[[122.592009,12.35083],[122.592749,12.348751],[122.592751,12.347123],[122.592109,12.345856],[122.597904,12.345593],[122.596063,12.346857],[122.598456,12.345865],[122.598363,12.346589],[122.596428,12.348666],[122.595692,12.348846],[122.594682,12.347849],[122.593853,12.348119],[122.593667,12.349928],[122.594126,12.350109],[122.593573,12.351013],[122.592009,12.35083]]],[[[122.605256,12.349854],[122.604245,12.349672],[122.604245,12.349129],[122.606086,12.34877],[122.607928,12.346874],[122.607005,12.349043],[122.605717,12.349132],[122.605256,12.349854]]],[[[122.601572,12.352924],[122.603688,12.353108],[122.604146,12.354103],[122.601847,12.353919],[122.601572,12.352924]]],[[[122.601386,12.354189],[122.601571,12.354099],[122.60157,12.35419],[122.601386,12.354189]]],[[[122.601202,12.354279],[122.601386,12.35437],[122.60111,12.354731],[122.601202,12.354279]]],[[[122.599265,12.357894],[122.599357,12.357713],[122.599633,12.357894],[122.599265,12.357894]]],[[[122.600277,12.357805],[122.600921,12.357806],[122.600277,12.358076],[122.600277,12.357805]]],[[[122.598253,12.358164],[122.598437,12.357983],[122.598437,12.358164],[122.598253,12.358164]]],[[[122.603309,12.360341],[122.603217,12.360341],[122.603309,12.360251],[122.603309,12.360341]]],[[[122.600818,12.36495],[122.601002,12.364859],[122.601002,12.36504],[122.600818,12.36495]]],[[[122.604667,12.374902],[122.604575,12.374721],[122.604697,12.374802],[122.604208,12.373998],[122.606323,12.374634],[122.60678,12.376352],[122.607699,12.377077],[122.606319,12.376894],[122.605584,12.37626],[122.604759,12.374903],[122.604667,12.374902]]],[[[122.60448,12.376982],[122.604849,12.375807],[122.606778,12.377799],[122.60448,12.376982]]],[[[122.607238,12.37771],[122.607146,12.377709],[122.607238,12.377619],[122.607238,12.37771]]],[[[122.607671,12.396067],[122.607765,12.39453],[122.606571,12.393262],[122.608779,12.393266],[122.60887,12.39408],[122.609329,12.394261],[122.607856,12.395254],[122.608592,12.395255],[122.610065,12.394262],[122.609234,12.396341],[122.609176,12.396986],[122.609233,12.397155],[122.609167,12.397089],[122.609047,12.39842],[122.608129,12.397063],[122.607671,12.396067]]],[[[122.595599,12.409162],[122.597899,12.409256],[122.599189,12.408082],[122.60241,12.407182],[122.603975,12.406461],[122.603976,12.406009],[122.606827,12.406556],[122.606458,12.407098],[122.604066,12.407094],[122.60112,12.408356],[122.599372,12.408444],[122.599556,12.408716],[122.598451,12.409347],[122.595873,12.410157],[122.595506,12.409795],[122.596151,12.409343],[122.595599,12.409162]]],[[[122.608386,12.410175],[122.609489,12.410358],[122.608844,12.41099],[122.606267,12.4118],[122.605255,12.411618],[122.605716,12.411437],[122.605348,12.411075],[122.606636,12.411167],[122.607557,12.410645],[122.607557,12.410626],[122.60759,12.410626],[122.608386,12.410175]]],[[[122.594757,12.417842],[122.589974,12.417654],[122.591264,12.41639],[122.593933,12.415399],[122.594118,12.414857],[122.594945,12.415762],[122.593287,12.416664],[122.594757,12.417842]]],[[[122.587029,12.418101],[122.586937,12.418101],[122.587029,12.417921],[122.587029,12.418101]]],[[[122.5885,12.418737],[122.587213,12.41783],[122.588225,12.418103],[122.5885,12.418737]],[[122.587673,12.418102],[122.587765,12.418102],[122.587673,12.418012],[122.587673,12.418102]]],[[[122.607259,12.425094],[122.606799,12.425003],[122.607352,12.424823],[122.607259,12.425094]]],[[[122.610938,12.426366],[122.610017,12.426997],[122.610018,12.426093],[122.609649,12.426364],[122.61002,12.424737],[122.609558,12.42564],[122.609193,12.423741],[122.60947,12.423108],[122.609745,12.424013],[122.60993,12.423561],[122.610665,12.424014],[122.611398,12.425824],[122.611305,12.426638],[122.610938,12.426366]]],[[[122.610285,12.431881],[122.611207,12.430797],[122.611949,12.427091],[122.612501,12.427001],[122.61296,12.427273],[122.612774,12.42881],[122.612314,12.42899],[122.612315,12.427815],[122.611854,12.42908],[122.612037,12.429804],[122.612589,12.429624],[122.612679,12.430618],[122.612311,12.430799],[122.612036,12.430165],[122.611389,12.432154],[122.61093,12.431701],[122.610285,12.431881]]],[[[122.603846,12.430967],[122.603755,12.430515],[122.603939,12.430515],[122.603846,12.430967]]],[[[122.600807,12.433043],[122.600439,12.432952],[122.599611,12.432498],[122.600348,12.432138],[122.600807,12.433043]]],[[[122.599611,12.432679],[122.599519,12.432679],[122.599611,12.432589],[122.599611,12.432679]]],[[[122.599427,12.432769],[122.599519,12.432679],[122.599519,12.43277],[122.599427,12.432769]]],[[[122.599794,12.433313],[122.59961,12.433222],[122.599611,12.43277],[122.599794,12.433313]]],[[[122.611204,12.432606],[122.611387,12.433239],[122.610835,12.43369],[122.610744,12.432786],[122.611204,12.432606]]],[[[122.609639,12.433146],[122.609177,12.434683],[122.608627,12.433145],[122.608905,12.43215],[122.609639,12.433146]]],[[[122.59804,12.437108],[122.59712,12.437378],[122.596844,12.436835],[122.598594,12.435843],[122.599517,12.434126],[122.600436,12.434489],[122.600344,12.434941],[122.601355,12.435123],[122.601447,12.435485],[122.600711,12.435303],[122.601262,12.435937],[122.60204,12.434509],[122.601816,12.434582],[122.601817,12.434039],[122.60207,12.434454],[122.602738,12.433227],[122.602367,12.435215],[122.602919,12.435668],[122.60209,12.4363],[122.600525,12.436569],[122.598131,12.437922],[122.596475,12.437829],[122.598684,12.43729],[122.59804,12.437108]]],[[[122.599603,12.437924],[122.599879,12.438105],[122.599695,12.438105],[122.599603,12.437924]]],[[[122.595186,12.438189],[122.595553,12.438732],[122.594632,12.439545],[122.594725,12.43855],[122.595186,12.438189]]],[[[122.587366,12.437815],[122.589206,12.437909],[122.590404,12.436464],[122.590864,12.436555],[122.59086,12.439177],[122.591227,12.43972],[122.590122,12.440352],[122.59141,12.440625],[122.5915,12.442072],[122.589109,12.440712],[122.587637,12.44071],[122.586994,12.439804],[122.585797,12.440797],[122.584692,12.441067],[122.584325,12.440524],[122.585062,12.439892],[122.58635,12.440075],[122.586443,12.439623],[122.587731,12.439625],[122.588189,12.44053],[122.58865,12.44053],[122.588007,12.439535],[122.589203,12.439355],[122.589205,12.438361],[122.587733,12.438359],[122.587088,12.439081],[122.586628,12.438719],[122.588009,12.438088],[122.587181,12.438086],[122.587366,12.437815]]],[[[122.59454,12.439183],[122.594632,12.439454],[122.59454,12.439454],[122.59454,12.439183]]],[[[122.587984,12.454094],[122.589364,12.454005],[122.589548,12.454638],[122.591295,12.454912],[122.590282,12.455906],[122.591108,12.456811],[122.589819,12.457352],[122.589449,12.458708],[122.588806,12.458164],[122.588901,12.456084],[122.587799,12.454907],[122.587339,12.454454],[122.585407,12.454451],[122.586329,12.453368],[122.585779,12.452101],[122.586151,12.449388],[122.587254,12.450475],[122.586056,12.451559],[122.586422,12.453006],[122.587984,12.454094]],[[122.586972,12.453911],[122.586605,12.453368],[122.586512,12.45373],[122.586972,12.453911]]],[[[122.587431,12.454907],[122.586787,12.454815],[122.587339,12.454635],[122.587431,12.454907]]],[[[122.607851,12.45973],[122.607759,12.45973],[122.607851,12.459639],[122.607851,12.45973]]],[[[122.607667,12.45982],[122.607759,12.45973],[122.607759,12.45982],[122.607667,12.45982]]],[[[122.607667,12.45991],[122.607575,12.45991],[122.607667,12.45982],[122.607667,12.45991]]],[[[122.609308,12.470402],[122.609768,12.470222],[122.609677,12.469499],[122.610229,12.469409],[122.611237,12.472123],[122.6105,12.472846],[122.609764,12.472845],[122.610502,12.471489],[122.609308,12.470402]]],[[[122.604613,12.471481],[122.604613,12.47139],[122.604705,12.471481],[122.604613,12.471481]]],[[[122.604797,12.471571],[122.604705,12.471481],[122.604797,12.471481],[122.604797,12.471571]]],[[[122.607005,12.471936],[122.607188,12.472208],[122.60599,12.473201],[122.606084,12.472478],[122.607005,12.471936]]],[[[122.603412,12.474101],[122.603229,12.473559],[122.603504,12.474102],[122.603412,12.474101]]],[[[122.602029,12.476089],[122.602121,12.475998],[122.602121,12.476089],[122.602029,12.476089]]],[[[122.601384,12.476721],[122.602581,12.476361],[122.603411,12.475006],[122.605253,12.474194],[122.605252,12.474556],[122.603595,12.475368],[122.603226,12.476],[122.604422,12.475911],[122.605344,12.474828],[122.608475,12.473566],[122.608382,12.474109],[122.606171,12.475552],[122.60571,12.476365],[122.602855,12.477537],[122.601196,12.479343],[122.600185,12.478618],[122.600278,12.477895],[122.601384,12.476721]]],[[[122.586752,12.476699],[122.58666,12.476789],[122.58666,12.476699],[122.586752,12.476699]]],[[[122.605425,12.482152],[122.606252,12.483148],[122.60616,12.482787],[122.605609,12.482243],[122.605885,12.481972],[122.606527,12.483511],[122.605975,12.48351],[122.604964,12.482423],[122.605425,12.482152]]],[[[122.611219,12.484512],[122.611035,12.484512],[122.610759,12.48424],[122.611035,12.48415],[122.611219,12.484512]]],[[[122.599072,12.484313],[122.599256,12.484042],[122.599347,12.484495],[122.599715,12.485128],[122.599072,12.484313]]],[[[122.604406,12.486401],[122.604498,12.486311],[122.604498,12.486401],[122.604406,12.486401]]],[[[122.605786,12.486403],[122.605694,12.486403],[122.605787,12.486313],[122.605786,12.486403]]],[[[122.605785,12.487579],[122.605785,12.487488],[122.605877,12.487579],[122.605785,12.487579]]],[[[122.600908,12.4873],[122.601459,12.487482],[122.601363,12.490195],[122.600904,12.489742],[122.600908,12.4873]]],[[[122.603757,12.489294],[122.60339,12.489113],[122.603758,12.489023],[122.603757,12.489294]]],[[[122.602101,12.489201],[122.602653,12.489654],[122.602008,12.489563],[122.602101,12.489201]]],[[[122.602652,12.489835],[122.603848,12.490017],[122.602927,12.490468],[122.602098,12.4911],[122.600902,12.490827],[122.602652,12.489835]]],[[[122.616468,12.2929],[122.615732,12.293351],[122.616375,12.294256],[122.615272,12.29335],[122.616285,12.292266],[122.616929,12.292719],[122.617017,12.29489],[122.616375,12.293804],[122.616468,12.2929]]],[[[122.612418,12.295788],[122.612143,12.295064],[122.613708,12.293709],[122.614904,12.293621],[122.615914,12.294617],[122.615546,12.294888],[122.614811,12.294615],[122.614995,12.294073],[122.614159,12.294236],[122.614627,12.294434],[122.614443,12.294615],[122.614076,12.294253],[122.613616,12.294342],[122.613891,12.294976],[122.612418,12.295788]],[[122.613339,12.294613],[122.612971,12.294794],[122.613155,12.294884],[122.613339,12.294613]]],[[[122.612878,12.295969],[122.611957,12.296691],[122.610945,12.296961],[122.611314,12.296148],[122.612878,12.295969]]],[[[122.61352,12.296784],[122.61352,12.297146],[122.613059,12.297416],[122.612876,12.296964],[122.61352,12.296784]]],[[[122.616094,12.297692],[122.615726,12.297782],[122.616094,12.29742],[122.616094,12.297692]]],[[[122.617287,12.299412],[122.616549,12.300677],[122.617289,12.297784],[122.616831,12.296879],[122.616095,12.297059],[122.616003,12.296697],[122.616556,12.296246],[122.617291,12.296608],[122.617476,12.295885],[122.617016,12.295884],[122.616833,12.29507],[122.617937,12.294981],[122.618303,12.296067],[122.617287,12.299412]]],[[[122.615174,12.298052],[122.61545,12.297962],[122.615725,12.297963],[122.615174,12.298052]]],[[[122.615173,12.298504],[122.614989,12.298233],[122.615265,12.298143],[122.615173,12.298504]]],[[[122.616458,12.300043],[122.61655,12.299863],[122.61655,12.300044],[122.616458,12.300043]]],[[[122.609648,12.303018],[122.609555,12.303741],[122.610382,12.304285],[122.611671,12.303202],[122.613695,12.303205],[122.613604,12.30221],[122.614524,12.302301],[122.61535,12.303297],[122.616086,12.303118],[122.616544,12.304203],[122.616084,12.304203],[122.616085,12.303751],[122.6159,12.304112],[122.616727,12.304746],[122.616083,12.305017],[122.614429,12.30402],[122.610473,12.305099],[122.609095,12.304193],[122.608913,12.303017],[122.609467,12.3013],[122.61011,12.301753],[122.611491,12.300669],[122.610573,12.299764],[122.61131,12.299132],[122.611495,12.297957],[122.612138,12.29859],[122.613978,12.298231],[122.613792,12.299407],[122.612136,12.299766],[122.612963,12.30031],[122.612872,12.299767],[122.613332,12.299587],[122.613975,12.300221],[122.613974,12.301125],[122.613605,12.301938],[122.610662,12.302025],[122.610108,12.302928],[122.610475,12.303652],[122.609648,12.303018]]],[[[122.61618,12.301671],[122.616272,12.30149],[122.616272,12.301671],[122.61618,12.301671]]],[[[122.615627,12.302213],[122.615443,12.302212],[122.615628,12.302032],[122.615627,12.302213]]],[[[122.611948,12.30266],[122.611948,12.302479],[122.612132,12.30266],[122.611948,12.30266]]],[[[122.618169,12.325547],[122.617711,12.323919],[122.618726,12.321931],[122.617252,12.323647],[122.61771,12.324913],[122.617159,12.32428],[122.616701,12.322923],[122.618081,12.322382],[122.619095,12.320575],[122.620658,12.32121],[122.619829,12.322294],[122.619737,12.321842],[122.619093,12.322112],[122.619093,12.322564],[122.619461,12.322474],[122.618169,12.325547]]],[[[122.617801,12.325004],[122.61771,12.324913],[122.617802,12.324914],[122.617801,12.325004]]],[[[122.619267,12.329075],[122.619451,12.329076],[122.619267,12.329347],[122.619267,12.329075]]],[[[122.617081,12.377904],[122.617265,12.377814],[122.617265,12.377905],[122.617081,12.377904]]],[[[122.617816,12.378086],[122.618001,12.377996],[122.617908,12.378267],[122.617816,12.378086]]],[[[122.616982,12.382245],[122.61689,12.382245],[122.616983,12.382154],[122.616982,12.382245]]],[[[122.613939,12.387757],[122.614031,12.387757],[122.613938,12.387847],[122.613939,12.387757]]],[[[122.613661,12.38857],[122.61357,12.388208],[122.613938,12.388028],[122.613661,12.38857]]],[[[122.613384,12.389384],[122.613292,12.389474],[122.613292,12.389384],[122.613384,12.389384]]],[[[122.617139,12.400874],[122.617232,12.400602],[122.617323,12.400874],[122.617139,12.400874]]],[[[122.616955,12.401235],[122.616954,12.401597],[122.616494,12.401958],[122.616955,12.401235]]],[[[122.61603,12.404399],[122.615479,12.403675],[122.61548,12.403222],[122.616031,12.404127],[122.61603,12.404399]]],[[[122.615375,12.411632],[122.615478,12.41147],[122.614824,12.411541],[122.61464,12.410998],[122.616021,12.410367],[122.615842,12.410894],[122.616574,12.409735],[122.617126,12.409916],[122.616759,12.409554],[122.617128,12.40847],[122.617679,12.408923],[122.617497,12.408108],[122.616853,12.407927],[122.616856,12.405756],[122.615114,12.401685],[122.61585,12.401595],[122.616952,12.402863],[122.617227,12.403496],[122.616859,12.403767],[122.618147,12.403588],[122.618517,12.402232],[122.617413,12.40214],[122.617228,12.402773],[122.616953,12.40223],[122.617506,12.401959],[122.617507,12.401055],[122.618151,12.401237],[122.619072,12.400605],[122.619073,12.399791],[122.619902,12.399069],[122.61935,12.398706],[122.617694,12.399066],[122.617233,12.399517],[122.617508,12.40006],[122.616036,12.400058],[122.614658,12.398881],[122.614106,12.399151],[122.614017,12.397252],[122.614569,12.396801],[122.614019,12.395443],[122.61365,12.396076],[122.61383,12.399241],[122.61438,12.400146],[122.615392,12.400057],[122.614839,12.40078],[122.615483,12.401233],[122.615022,12.401413],[122.614288,12.400598],[122.611436,12.400685],[122.610425,12.40005],[122.610886,12.399147],[122.610428,12.397789],[122.613283,12.395623],[122.613102,12.393724],[122.612459,12.393],[122.612921,12.391463],[122.610992,12.389652],[122.612097,12.389201],[122.613292,12.389474],[122.61329,12.391011],[122.614584,12.386853],[122.614585,12.386311],[122.6144,12.386944],[122.61394,12.386581],[122.614127,12.384502],[122.616153,12.38351],[122.617812,12.381342],[122.619468,12.380801],[122.618734,12.379534],[122.619105,12.377365],[122.618557,12.375013],[122.617637,12.374831],[122.617454,12.374107],[122.616994,12.374468],[122.616627,12.373925],[122.61589,12.374105],[122.61589,12.374738],[122.61635,12.374467],[122.616625,12.37501],[122.617637,12.375283],[122.618279,12.376459],[122.618093,12.377725],[122.617726,12.377182],[122.617173,12.377633],[122.616806,12.376909],[122.616438,12.37718],[122.616896,12.378266],[122.618091,12.37881],[122.618733,12.380348],[122.61864,12.380981],[122.617812,12.381251],[122.617906,12.379895],[122.616987,12.379351],[122.615607,12.379349],[122.613585,12.377809],[122.613127,12.376814],[122.614415,12.376273],[122.612208,12.376089],[122.613405,12.375277],[122.613406,12.374282],[122.614418,12.374736],[122.615338,12.374556],[122.614696,12.373199],[122.61304,12.373106],[122.609911,12.374096],[122.608992,12.373733],[122.609727,12.374277],[122.609174,12.374638],[122.608347,12.374365],[122.608348,12.373551],[122.607797,12.373098],[122.608441,12.372738],[122.608624,12.373642],[122.609636,12.373282],[122.609545,12.37283],[122.608625,12.3731],[122.608533,12.372738],[122.609453,12.372739],[122.612031,12.371115],[122.611848,12.370482],[122.612677,12.370121],[122.612863,12.368403],[122.613691,12.368405],[122.613966,12.369309],[122.614427,12.368406],[122.611852,12.36804],[122.611575,12.368582],[122.610931,12.368581],[122.609829,12.367585],[122.60808,12.368125],[122.60799,12.36704],[122.608541,12.367312],[122.608359,12.366588],[122.60799,12.366949],[122.607715,12.366587],[122.606427,12.366676],[122.605506,12.367217],[122.604863,12.366855],[122.60523,12.367488],[122.604033,12.367758],[122.602471,12.36658],[122.601646,12.36486],[122.602385,12.362691],[122.60303,12.362511],[122.602664,12.361154],[122.603032,12.360612],[122.603675,12.361156],[122.603493,12.360161],[122.604597,12.359891],[122.605519,12.358898],[122.604324,12.358353],[122.604509,12.357449],[122.604142,12.356997],[122.602762,12.356633],[122.605431,12.355642],[122.606993,12.357272],[122.607361,12.35673],[122.606074,12.356186],[122.606351,12.355915],[122.605432,12.35519],[122.605617,12.354376],[122.605249,12.354828],[122.604974,12.354104],[122.606078,12.353925],[122.606535,12.355463],[122.607639,12.355826],[122.60801,12.353656],[122.609482,12.353478],[122.609759,12.352664],[122.610769,12.35357],[122.612609,12.353573],[122.612519,12.351945],[122.61353,12.352579],[122.614174,12.352399],[122.61436,12.351224],[122.613902,12.350048],[122.615282,12.349688],[122.616111,12.348694],[122.616021,12.347609],[122.614826,12.347246],[122.612064,12.348869],[122.611053,12.348325],[122.60912,12.349136],[122.607647,12.350581],[122.60774,12.349767],[122.60866,12.349136],[122.609767,12.347238],[122.610503,12.347149],[122.611056,12.346426],[122.610873,12.345431],[122.608481,12.346151],[122.608391,12.344704],[122.60692,12.344069],[122.604897,12.344247],[122.60462,12.344699],[122.601309,12.344785],[122.601494,12.343609],[122.603518,12.343522],[122.603612,12.342346],[122.605083,12.342348],[122.604623,12.342619],[122.60499,12.343343],[122.60545,12.343344],[122.605359,12.34262],[122.605727,12.34253],[122.606738,12.342803],[122.606278,12.342983],[122.606554,12.343255],[122.607474,12.342985],[122.607476,12.341809],[122.607936,12.341267],[122.607662,12.340001],[122.608583,12.33955],[122.6084,12.338917],[122.607848,12.338916],[122.608124,12.338555],[122.607572,12.338735],[122.607756,12.339006],[122.605916,12.339004],[122.606471,12.337106],[122.606196,12.336472],[122.606933,12.33584],[122.607116,12.336383],[122.607484,12.336293],[122.607761,12.33566],[122.607025,12.33575],[122.607026,12.334846],[122.606475,12.334483],[122.60298,12.334297],[122.603074,12.33267],[122.601053,12.331129],[122.601605,12.33113],[122.602251,12.329865],[122.603723,12.329777],[122.603263,12.329414],[122.603724,12.329053],[122.602988,12.329143],[122.603265,12.32842],[122.602804,12.329052],[122.602436,12.328961],[122.602253,12.32878],[122.602346,12.327876],[122.602714,12.327515],[122.605379,12.329146],[122.605291,12.326704],[122.606577,12.327791],[122.607773,12.327703],[122.608602,12.326709],[122.608693,12.327433],[122.610164,12.327525],[122.610714,12.329154],[122.610893,12.33241],[122.611811,12.333315],[122.612911,12.335939],[122.614749,12.337117],[122.615485,12.337118],[122.615852,12.337481],[122.615575,12.337842],[122.616404,12.337572],[122.616773,12.336758],[122.618336,12.336761],[122.61677,12.338296],[122.61539,12.338836],[122.615481,12.339831],[122.614839,12.338474],[122.613735,12.338382],[122.615111,12.340825],[122.613271,12.341456],[122.612259,12.341183],[122.611615,12.341815],[122.61189,12.342358],[122.612442,12.342359],[122.612442,12.341997],[122.614373,12.342181],[122.61511,12.34182],[122.615751,12.343268],[122.616212,12.342997],[122.615846,12.341731],[122.616307,12.340646],[122.616125,12.339109],[122.619257,12.33631],[122.618798,12.335224],[122.61742,12.334318],[122.6188,12.334139],[122.619261,12.333416],[122.619815,12.33197],[122.619449,12.330432],[122.621563,12.331339],[122.62405,12.329172],[122.625888,12.33017],[122.626167,12.327638],[122.626719,12.327639],[122.626717,12.328814],[122.627729,12.329178],[122.628374,12.327912],[122.629755,12.3271],[122.62893,12.325381],[122.629207,12.324568],[122.629942,12.32484],[122.630587,12.324027],[122.631783,12.323667],[122.632977,12.324573],[122.63316,12.325206],[122.632517,12.325024],[122.632516,12.325386],[122.633712,12.325749],[122.633524,12.3281],[122.634259,12.329186],[122.635086,12.329187],[122.63472,12.327921],[122.635367,12.325842],[122.634448,12.325117],[122.634448,12.324936],[122.634265,12.324574],[122.634449,12.324484],[122.63445,12.324032],[122.633257,12.32177],[122.63381,12.321228],[122.633259,12.320232],[122.633446,12.317972],[122.634275,12.317611],[122.634645,12.315984],[122.634557,12.31309],[122.632812,12.311098],[122.633365,12.310737],[122.631893,12.310464],[122.631159,12.309288],[122.630239,12.309467],[122.629965,12.308472],[122.628953,12.308561],[122.62978,12.309105],[122.62987,12.310371],[122.630514,12.310372],[122.630513,12.311186],[122.631709,12.310735],[122.632259,12.311912],[122.632811,12.311641],[122.634189,12.312999],[122.634184,12.316616],[122.633816,12.316526],[122.633815,12.31752],[122.632619,12.318061],[122.633262,12.318243],[122.63326,12.31969],[122.632433,12.319598],[122.632249,12.319236],[122.632893,12.318785],[122.63225,12.318694],[122.631789,12.319145],[122.631879,12.320683],[122.631696,12.319869],[122.628292,12.320678],[122.627742,12.319863],[122.629583,12.31869],[122.628202,12.319412],[122.626548,12.318596],[122.624525,12.318412],[122.624157,12.318231],[122.624526,12.317869],[122.623974,12.317597],[122.62471,12.317417],[122.625079,12.316604],[122.624621,12.315157],[122.625631,12.316334],[122.626183,12.316244],[122.626185,12.31534],[122.626828,12.315521],[122.626552,12.315973],[122.62793,12.316427],[122.629032,12.317604],[122.628756,12.317694],[122.628113,12.317513],[122.627837,12.317241],[122.627653,12.317693],[122.628848,12.318056],[122.630412,12.317697],[122.630323,12.315797],[122.630967,12.315437],[122.630968,12.314261],[122.628303,12.313353],[122.627845,12.311996],[122.62803,12.310911],[122.626834,12.311181],[122.626465,12.311813],[122.626099,12.310818],[122.626376,12.310095],[122.627295,12.310367],[122.626375,12.310547],[122.627571,12.310458],[122.627297,12.309282],[122.627757,12.308831],[122.627939,12.310187],[122.628491,12.310188],[122.628034,12.308379],[122.628861,12.30838],[122.628517,12.307837],[122.628494,12.307837],[122.628509,12.307823],[122.628403,12.307656],[122.629231,12.307295],[122.629784,12.306211],[122.629143,12.304311],[122.629603,12.304402],[122.629972,12.303679],[122.629236,12.30395],[122.629697,12.302594],[122.629146,12.302412],[122.628687,12.301507],[122.629515,12.301599],[122.631717,12.305038],[122.631718,12.304315],[122.631077,12.302596],[122.632088,12.302778],[122.63163,12.301149],[122.631817,12.299612],[122.632277,12.299161],[122.632552,12.299885],[122.633196,12.299705],[122.633933,12.298801],[122.633842,12.298078],[122.634946,12.297898],[122.635591,12.297085],[122.636692,12.298262],[122.636783,12.299438],[122.635863,12.299527],[122.635034,12.300431],[122.634756,12.302058],[122.635949,12.303778],[122.634015,12.305674],[122.634106,12.306398],[122.634934,12.30658],[122.635119,12.305766],[122.635763,12.305405],[122.637142,12.305588],[122.637046,12.308753],[122.638884,12.309931],[122.638608,12.309478],[122.639068,12.309479],[122.639069,12.308846],[122.638609,12.308936],[122.638429,12.305861],[122.637327,12.304774],[122.638155,12.304685],[122.638156,12.304233],[122.636134,12.302874],[122.635676,12.301969],[122.636322,12.300342],[122.637795,12.299168],[122.636783,12.298986],[122.636786,12.297177],[122.637705,12.297631],[122.637152,12.298263],[122.638072,12.298355],[122.637335,12.298806],[122.638714,12.29926],[122.639635,12.298628],[122.63982,12.297634],[122.640279,12.297996],[122.64074,12.297544],[122.639638,12.295915],[122.638811,12.296095],[122.639454,12.296367],[122.639086,12.296728],[122.637247,12.296455],[122.637893,12.294556],[122.637527,12.293199],[122.638355,12.292839],[122.63891,12.290941],[122.639276,12.291936],[122.638722,12.293472],[122.639919,12.29266],[122.642493,12.292844],[122.64323,12.292393],[122.643962,12.294564],[122.64387,12.295288],[122.643593,12.296011],[122.643317,12.29583],[122.643131,12.297367],[122.63908,12.301069],[122.639169,12.302697],[122.642022,12.301344],[122.643589,12.299085],[122.644143,12.296916],[122.643777,12.295921],[122.645432,12.295742],[122.644882,12.294385],[122.645159,12.293662],[122.646079,12.293572],[122.64764,12.295383],[122.648559,12.295475],[122.649202,12.296289],[122.648649,12.297283],[122.649108,12.297646],[122.648831,12.29873],[122.649198,12.299454],[122.64653,12.300446],[122.645795,12.29954],[122.645888,12.298727],[122.645428,12.298817],[122.645886,12.300445],[122.642847,12.303244],[122.641283,12.303785],[122.63944,12.306314],[122.639439,12.307309],[122.641738,12.307222],[122.642013,12.307765],[122.643117,12.307947],[122.643761,12.307315],[122.644865,12.307407],[122.645418,12.306051],[122.64827,12.305241],[122.650483,12.301355],[122.650484,12.300089],[122.649933,12.300179],[122.650486,12.299275],[122.651037,12.299276],[122.651864,12.300181],[122.651587,12.301176],[122.652874,12.301449],[122.653607,12.303349],[122.652592,12.305789],[122.651213,12.305606],[122.649924,12.30678],[122.646153,12.306956],[122.642656,12.30867],[122.641185,12.308125],[122.640541,12.308486],[122.641276,12.309301],[122.641364,12.311652],[122.640445,12.311109],[122.639617,12.311379],[122.641271,12.313009],[122.641361,12.313823],[122.642557,12.314186],[122.641083,12.315631],[122.640347,12.31563],[122.640255,12.316172],[122.638507,12.316351],[122.638781,12.317798],[122.637493,12.318249],[122.637216,12.319153],[122.634088,12.319601],[122.633902,12.320866],[122.634912,12.322043],[122.63445,12.323942],[122.635186,12.323943],[122.635184,12.324937],[122.637482,12.325754],[122.63877,12.325485],[122.638771,12.324761],[122.639599,12.324582],[122.641437,12.325669],[122.643186,12.324767],[122.645304,12.322509],[122.6465,12.32242],[122.647054,12.320793],[122.648618,12.320705],[122.651288,12.318538],[122.651931,12.3189],[122.652389,12.320167],[122.655055,12.320984],[122.657727,12.317551],[122.657361,12.316194],[122.658927,12.313755],[122.658929,12.312398],[122.660862,12.311225],[122.661874,12.311136],[122.662609,12.311589],[122.662699,12.312946],[122.663711,12.312585],[122.665181,12.313582],[122.665272,12.314667],[122.664168,12.315299],[122.665639,12.315662],[122.66444,12.317831],[122.664438,12.31964],[122.66554,12.321088],[122.666919,12.321451],[122.666641,12.323169],[122.667099,12.324707],[122.665076,12.324614],[122.664615,12.324975],[122.664891,12.325337],[122.66397,12.325969],[122.663235,12.325787],[122.661117,12.327774],[122.659737,12.328044],[122.657898,12.327137],[122.656886,12.327588],[122.656979,12.327046],[122.656242,12.327587],[122.656794,12.327678],[122.656426,12.32813],[122.656701,12.328492],[122.657621,12.327951],[122.657805,12.328493],[122.659552,12.328496],[122.660471,12.32913],[122.661295,12.331934],[122.662031,12.332297],[122.662489,12.333292],[122.664145,12.333475],[122.665431,12.334471],[122.666259,12.333839],[122.666722,12.331941],[122.664793,12.329859],[122.665437,12.329588],[122.664058,12.329134],[122.664243,12.328411],[122.666357,12.329499],[122.667278,12.328686],[122.667371,12.327691],[122.66875,12.328417],[122.670222,12.327695],[122.669673,12.325795],[122.66756,12.323351],[122.667654,12.322356],[122.668757,12.322719],[122.668941,12.322267],[122.66793,12.321814],[122.667747,12.321],[122.66738,12.320749],[122.66738,12.320819],[122.667288,12.320819],[122.667367,12.320741],[122.666553,12.320185],[122.666096,12.317652],[122.66674,12.31711],[122.667479,12.315031],[122.667847,12.315213],[122.667936,12.31684],[122.668396,12.316931],[122.668399,12.315032],[122.667663,12.31476],[122.668215,12.314399],[122.66904,12.316661],[122.669225,12.315938],[122.669593,12.3163],[122.669315,12.317385],[122.668856,12.316842],[122.668855,12.318017],[122.669682,12.318199],[122.670508,12.319376],[122.670877,12.319105],[122.671059,12.3201],[122.67152,12.319196],[122.670509,12.318923],[122.670326,12.31829],[122.671523,12.317207],[122.669866,12.318018],[122.670236,12.31621],[122.669318,12.314943],[122.670422,12.315125],[122.67134,12.316031],[122.670603,12.317205],[122.671984,12.316484],[122.674187,12.31929],[122.675107,12.319291],[122.676944,12.321282],[122.675837,12.323813],[122.674825,12.324535],[122.675653,12.324355],[122.677767,12.325353],[122.677768,12.324268],[122.67832,12.323906],[122.678594,12.325715],[122.678962,12.325806],[122.678963,12.325083],[122.680341,12.325898],[122.682176,12.329608],[122.682175,12.330874],[122.681438,12.331325],[122.682267,12.331055],[122.682726,12.331417],[122.684011,12.333499],[122.684377,12.335217],[122.684098,12.337659],[122.683545,12.338381],[122.68235,12.33838],[122.682532,12.340098],[122.680046,12.342266],[122.67931,12.342175],[122.679035,12.341632],[122.679497,12.339643],[122.677382,12.338826],[122.678021,12.342716],[122.677009,12.342986],[122.677376,12.34371],[122.676271,12.344793],[122.674524,12.344339],[122.67388,12.344971],[122.673513,12.343976],[122.671858,12.343703],[122.670844,12.344968],[122.671301,12.347229],[122.67084,12.348404],[122.669921,12.347499],[122.670148,12.346143],[122.670107,12.346143],[122.670156,12.346095],[122.67057,12.343611],[122.67002,12.342344],[122.669376,12.341982],[122.669837,12.34144],[122.669194,12.341077],[122.667905,12.34189],[122.667443,12.343245],[122.667533,12.345326],[122.668082,12.347225],[122.669276,12.348764],[122.668447,12.349667],[122.667987,12.349576],[122.667346,12.347676],[122.666794,12.347314],[122.665604,12.343334],[122.665697,12.342339],[122.665053,12.342338],[122.66533,12.341886],[122.663029,12.342788],[122.662662,12.342154],[122.663123,12.341522],[122.662571,12.34134],[122.66211,12.342063],[122.662293,12.342877],[122.662937,12.342878],[122.662751,12.344325],[122.662108,12.344053],[122.660731,12.3417],[122.660179,12.341971],[122.659996,12.340885],[122.659261,12.340613],[122.659073,12.343416],[122.659625,12.343145],[122.659897,12.346401],[122.661735,12.347579],[122.666057,12.348489],[122.667618,12.350209],[122.666789,12.351474],[122.665592,12.352196],[122.66642,12.352106],[122.666973,12.351384],[122.668077,12.351204],[122.669275,12.349668],[122.670838,12.349851],[122.672955,12.348768],[122.673506,12.349583],[122.675809,12.347054],[122.676912,12.347507],[122.676729,12.346512],[122.678109,12.346333],[122.679674,12.344888],[122.680686,12.34516],[122.681239,12.343985],[122.682526,12.344801],[122.682803,12.343626],[122.683909,12.34227],[122.685749,12.341911],[122.68618,12.342725],[122.685836,12.345347],[122.684732,12.345617],[122.685007,12.346974],[122.683902,12.348058],[122.683809,12.348962],[122.682613,12.349232],[122.683624,12.349324],[122.685281,12.348331],[122.685741,12.348603],[122.685647,12.349688],[122.684358,12.350862],[122.684449,12.351947],[122.683529,12.352127],[122.683712,12.35285],[122.68261,12.351674],[122.681598,12.351763],[122.681783,12.35104],[122.680954,12.35122],[122.680954,12.351672],[122.681689,12.352034],[122.681963,12.354295],[122.680583,12.354294],[122.679846,12.354835],[122.681226,12.355199],[122.681686,12.354838],[122.68196,12.356194],[122.68012,12.356463],[122.679843,12.357187],[122.678647,12.357456],[122.678648,12.356823],[122.678004,12.356642],[122.678187,12.357546],[122.677819,12.357727],[122.676072,12.357273],[122.675887,12.358358],[122.678185,12.359084],[122.677356,12.360168],[122.676804,12.360167],[122.67607,12.359262],[122.676989,12.359354],[122.67607,12.35881],[122.675886,12.359171],[122.67515,12.35899],[122.675426,12.358719],[122.674324,12.357904],[122.673773,12.356637],[122.674233,12.356637],[122.674876,12.357723],[122.675244,12.357724],[122.675429,12.35682],[122.675245,12.356277],[122.673682,12.356094],[122.674143,12.355462],[122.673316,12.354285],[122.671936,12.354464],[122.671109,12.35383],[122.673869,12.353291],[122.675435,12.352027],[122.676447,12.351938],[122.67792,12.350583],[122.678655,12.350855],[122.67967,12.348415],[122.68013,12.348596],[122.679301,12.349319],[122.679576,12.349861],[122.680405,12.34941],[122.680314,12.348325],[122.681419,12.347784],[122.680867,12.347602],[122.681051,12.347241],[122.681972,12.346609],[122.682523,12.346881],[122.682339,12.347152],[122.683075,12.346881],[122.683444,12.346339],[122.682524,12.346519],[122.683168,12.346248],[122.683722,12.344802],[122.685102,12.343899],[122.685287,12.343086],[122.68363,12.344621],[122.682892,12.345977],[122.681788,12.346156],[122.679947,12.347601],[122.676723,12.351486],[122.675159,12.352027],[122.674054,12.35302],[122.671294,12.353288],[122.671293,12.35365],[122.669545,12.353919],[122.669085,12.354642],[122.667245,12.354911],[122.667335,12.355815],[122.665863,12.356627],[122.666967,12.356267],[122.66715,12.356629],[122.667796,12.355544],[122.668346,12.35663],[122.669175,12.355727],[122.66899,12.357083],[122.670001,12.357717],[122.67175,12.356544],[122.671472,12.357629],[122.670276,12.35817],[122.669173,12.357445],[122.668989,12.357716],[122.669724,12.358441],[122.671103,12.358442],[122.671288,12.358081],[122.672298,12.359258],[122.671562,12.35989],[122.671468,12.360975],[122.66972,12.361515],[122.670089,12.360521],[122.669078,12.359796],[122.668897,12.357897],[122.667884,12.358077],[122.667699,12.359342],[122.667702,12.357082],[122.66669,12.35699],[122.66623,12.357351],[122.66632,12.358436],[122.665768,12.358617],[122.66641,12.360245],[122.666595,12.35907],[122.668432,12.361604],[122.66788,12.361875],[122.667238,12.360337],[122.666961,12.361331],[122.666317,12.36124],[122.665858,12.360516],[122.666043,12.359612],[122.665305,12.360786],[122.667235,12.362869],[122.667511,12.362145],[122.668154,12.363141],[122.669166,12.362961],[122.669809,12.363776],[122.670546,12.362873],[122.671005,12.363597],[122.670452,12.364681],[122.669441,12.363685],[122.669165,12.363866],[122.669531,12.365132],[122.67045,12.365766],[122.670728,12.364772],[122.671372,12.364501],[122.671646,12.365768],[122.670726,12.3664],[122.669714,12.366308],[122.66852,12.364679],[122.668886,12.366217],[122.668703,12.365855],[122.667598,12.366305],[122.667781,12.367119],[122.665846,12.369468],[122.665295,12.368744],[122.665294,12.369739],[122.66419,12.370099],[122.663177,12.371183],[122.662259,12.369645],[122.662349,12.37073],[122.661613,12.371091],[122.661796,12.371453],[122.661244,12.371452],[122.659498,12.370184],[122.65867,12.370183],[122.658212,12.369007],[122.658949,12.368194],[122.65895,12.367018],[122.659502,12.367019],[122.659503,12.366386],[122.658859,12.366295],[122.659412,12.365662],[122.65978,12.365934],[122.660061,12.362227],[122.659418,12.36105],[122.658495,12.3634],[122.657851,12.363852],[122.658591,12.360416],[122.657672,12.359873],[122.655923,12.361046],[122.656845,12.359238],[122.655742,12.358785],[122.655559,12.358152],[122.656663,12.357972],[122.656775,12.356772],[122.656664,12.356706],[122.656781,12.356706],[122.656849,12.355983],[122.65547,12.355348],[122.655655,12.354535],[122.655011,12.354805],[122.655286,12.3558],[122.654366,12.355709],[122.654735,12.354714],[122.654368,12.35399],[122.655197,12.353268],[122.65437,12.352815],[122.655291,12.351731],[122.655109,12.350284],[122.654833,12.350645],[122.655199,12.351459],[122.653176,12.351638],[122.652809,12.350823],[122.651705,12.350551],[122.651063,12.349284],[122.65162,12.345667],[122.651253,12.344853],[122.649506,12.344218],[122.649874,12.34449],[122.649044,12.345754],[122.65042,12.348469],[122.649316,12.348739],[122.648947,12.349643],[122.650417,12.350639],[122.650324,12.351544],[122.649313,12.351452],[122.649127,12.352718],[122.650506,12.353172],[122.65124,12.35471],[122.649399,12.355883],[122.649581,12.356968],[122.64912,12.358143],[122.649856,12.358054],[122.649671,12.358868],[122.64875,12.359138],[122.646816,12.360944],[122.646817,12.360673],[122.647185,12.360402],[122.64691,12.359859],[122.648291,12.358504],[122.648292,12.35769],[122.647373,12.357599],[122.648112,12.354887],[122.647561,12.354524],[122.647008,12.354976],[122.646457,12.354523],[122.645261,12.354702],[122.644708,12.355696],[122.644705,12.357595],[122.64406,12.358408],[122.643601,12.357955],[122.642681,12.358135],[122.640386,12.354605],[122.641858,12.354426],[122.640755,12.354244],[122.640939,12.353973],[122.642779,12.353927],[122.642779,12.353885],[122.642871,12.353885],[122.64283,12.353925],[122.644342,12.353887],[122.644895,12.353436],[122.644526,12.353978],[122.644066,12.354068],[122.644342,12.35443],[122.64563,12.353617],[122.64646,12.352353],[122.647563,12.352716],[122.647382,12.350907],[122.646461,12.3519],[122.646185,12.351448],[122.647291,12.349822],[122.647658,12.350365],[122.647935,12.350094],[122.647843,12.349551],[122.647383,12.349731],[122.647295,12.346837],[122.647755,12.347019],[122.647756,12.346476],[122.647112,12.346204],[122.647204,12.346566],[122.646743,12.347198],[122.647292,12.349008],[122.646833,12.348826],[122.644992,12.349728],[122.645085,12.348914],[122.643798,12.34837],[122.640668,12.350175],[122.639932,12.350083],[122.638647,12.348363],[122.637177,12.347367],[122.637642,12.34366],[122.636997,12.344382],[122.636814,12.343568],[122.63617,12.343748],[122.636355,12.343206],[122.635618,12.343567],[122.634423,12.343022],[122.633413,12.341936],[122.633598,12.341303],[122.631943,12.340668],[122.632312,12.339854],[122.631761,12.339763],[122.630292,12.337772],[122.629281,12.337047],[122.628545,12.337136],[122.628914,12.336414],[122.628177,12.337046],[122.625327,12.336589],[122.626244,12.338128],[122.627716,12.338311],[122.627713,12.339848],[122.621831,12.337308],[122.619163,12.337485],[122.619159,12.340469],[122.62026,12.341827],[122.619707,12.343183],[122.622188,12.344905],[122.62136,12.344994],[122.620713,12.346621],[122.622001,12.346532],[122.623932,12.347349],[122.622825,12.349518],[122.624296,12.3497],[122.626046,12.348346],[122.627149,12.348619],[122.627887,12.347445],[122.634233,12.347815],[122.6346,12.348268],[122.634047,12.348809],[122.63653,12.349536],[122.636897,12.35017],[122.63662,12.351074],[122.637999,12.351618],[122.637814,12.352251],[122.636342,12.35252],[122.635052,12.353694],[122.633672,12.354054],[122.633671,12.354958],[122.632383,12.354956],[122.630265,12.357124],[122.629347,12.355766],[122.628703,12.355765],[122.626406,12.353863],[122.627048,12.354949],[122.625853,12.354405],[122.62438,12.355307],[122.625575,12.355942],[122.625481,12.357117],[122.624193,12.357568],[122.622998,12.356752],[122.622906,12.357295],[122.620788,12.358467],[122.620879,12.359281],[122.620327,12.35919],[122.620419,12.359823],[122.620786,12.360366],[122.621154,12.360095],[122.621428,12.361452],[122.620599,12.362084],[122.621519,12.361814],[122.621427,12.362357],[122.623082,12.362901],[122.623449,12.363445],[122.627035,12.363992],[122.627772,12.363541],[122.62814,12.363813],[122.628322,12.364536],[122.630438,12.364358],[122.631266,12.364721],[122.630991,12.363636],[122.632923,12.363729],[122.633844,12.362826],[122.636053,12.362105],[122.638538,12.360481],[122.638355,12.359848],[122.638908,12.359215],[122.641023,12.35967],[122.642955,12.359401],[122.644885,12.36076],[122.644149,12.36076],[122.643504,12.361392],[122.644148,12.361845],[122.642949,12.363652],[122.642854,12.366184],[122.642302,12.366092],[122.641473,12.367357],[122.641563,12.368443],[122.642023,12.368443],[122.642853,12.366545],[122.644326,12.366095],[122.645613,12.36673],[122.646996,12.364471],[122.6481,12.364382],[122.649205,12.362846],[122.648838,12.362574],[122.648377,12.363568],[122.648747,12.361941],[122.65077,12.361944],[122.650954,12.362396],[122.649665,12.363027],[122.648651,12.364835],[122.646902,12.366008],[122.646809,12.36655],[122.648004,12.367185],[122.647911,12.367727],[122.647358,12.368269],[122.649199,12.368],[122.650394,12.368635],[122.650579,12.367912],[122.651958,12.368004],[122.652879,12.367463],[122.65435,12.368007],[122.656558,12.367558],[122.657478,12.36783],[122.657845,12.368464],[122.657659,12.369729],[122.659405,12.37145],[122.659312,12.372083],[122.656366,12.373616],[122.655446,12.373886],[122.655171,12.373434],[122.653789,12.374969],[122.651488,12.3756],[122.651211,12.376323],[122.65213,12.376866],[122.652874,12.37669],[122.652867,12.376686],[122.65289,12.376686],[122.653102,12.376636],[122.653143,12.376596],[122.653143,12.376626],[122.655167,12.376147],[122.654982,12.37678],[122.654154,12.376959],[122.653784,12.378587],[122.655716,12.378589],[122.656542,12.379856],[122.658014,12.379768],[122.657829,12.380581],[122.658473,12.380401],[122.657831,12.378682],[122.658016,12.377959],[122.659122,12.376966],[122.659581,12.37769],[122.659212,12.378413],[122.659947,12.378775],[122.660776,12.377782],[122.661236,12.378053],[122.66179,12.376517],[122.662893,12.377332],[122.662893,12.376789],[122.66179,12.376246],[122.6617,12.37507],[122.661174,12.374746],[122.661516,12.37525],[122.660688,12.375249],[122.660504,12.374978],[122.661126,12.374717],[122.660964,12.374617],[122.661518,12.373351],[122.66207,12.373352],[122.662435,12.375432],[122.662988,12.374981],[122.663631,12.375163],[122.664272,12.377605],[122.666755,12.378693],[122.667215,12.378061],[122.667171,12.377789],[122.667124,12.377789],[122.667165,12.377749],[122.66685,12.3758],[122.666023,12.375437],[122.665838,12.375979],[122.664827,12.375255],[122.665475,12.372542],[122.666579,12.37182],[122.666674,12.369831],[122.667318,12.369651],[122.668053,12.370014],[122.668331,12.368477],[122.669803,12.368388],[122.669158,12.369291],[122.668606,12.3692],[122.668697,12.370286],[122.668236,12.370828],[122.668696,12.371371],[122.669524,12.371191],[122.66971,12.369383],[122.670354,12.369202],[122.670907,12.368118],[122.670721,12.369836],[122.669801,12.370016],[122.670351,12.371373],[122.671367,12.36848],[122.671179,12.371283],[122.672011,12.368029],[122.673391,12.36785],[122.673669,12.366855],[122.674313,12.366494],[122.674496,12.367399],[122.674128,12.367127],[122.673666,12.369116],[122.674125,12.36975],[122.674865,12.366043],[122.67689,12.365684],[122.675416,12.366948],[122.67523,12.368485],[122.675598,12.368666],[122.674862,12.369027],[122.675505,12.36948],[122.674769,12.369479],[122.674953,12.369841],[122.674401,12.36984],[122.674584,12.370835],[122.673755,12.371015],[122.674399,12.371468],[122.674306,12.372011],[122.674767,12.371559],[122.675318,12.371921],[122.675317,12.372554],[122.67449,12.372282],[122.67412,12.373819],[122.674671,12.374724],[122.674856,12.374001],[122.675499,12.374725],[122.677247,12.373823],[122.677431,12.374546],[122.677063,12.374094],[122.676603,12.374274],[122.677246,12.37536],[122.676968,12.376535],[122.67752,12.376265],[122.677429,12.375541],[122.678626,12.375271],[122.677704,12.376265],[122.678072,12.376627],[122.677427,12.37735],[122.679728,12.376539],[122.679176,12.376267],[122.679637,12.375905],[122.679454,12.375001],[122.678166,12.374909],[122.678811,12.373915],[122.679823,12.374007],[122.680008,12.373464],[122.681387,12.373737],[122.680283,12.373917],[122.680466,12.375093],[122.681111,12.374099],[122.681754,12.374732],[122.68249,12.374371],[122.683134,12.374824],[122.681754,12.375004],[122.681845,12.375727],[122.682489,12.375276],[122.683133,12.375638],[122.680279,12.377624],[122.678715,12.377622],[122.679725,12.37889],[122.681749,12.378802],[122.682116,12.379526],[122.682944,12.379617],[122.683035,12.380702],[122.682297,12.382148],[122.683033,12.381878],[122.684504,12.382332],[122.684318,12.384411],[122.685975,12.383328],[122.685884,12.382876],[122.684688,12.382694],[122.684873,12.382151],[122.685976,12.382333],[122.686527,12.383057],[122.688366,12.383783],[122.689742,12.387311],[122.68919,12.387582],[122.687443,12.386676],[122.686799,12.387037],[122.686705,12.388122],[122.687625,12.388394],[122.688178,12.38731],[122.688638,12.387672],[122.688269,12.388485],[122.689649,12.388306],[122.690659,12.389754],[122.690934,12.391111],[122.690105,12.391291],[122.688542,12.390656],[122.688267,12.389932],[122.687164,12.389569],[122.687163,12.390293],[122.686518,12.390563],[122.686885,12.391377],[122.686148,12.393004],[122.686975,12.393186],[122.686884,12.392463],[122.68762,12.392644],[122.68877,12.394371],[122.688447,12.393097],[122.687437,12.39183],[122.689368,12.392737],[122.689641,12.395179],[122.68896,12.394657],[122.689548,12.39554],[122.687893,12.394905],[122.687159,12.393458],[122.683572,12.392549],[122.682744,12.392729],[122.682284,12.392457],[122.682653,12.392006],[122.679985,12.392093],[122.679894,12.39146],[122.680815,12.390647],[122.680355,12.390194],[122.681183,12.389924],[122.681459,12.390557],[122.682839,12.390378],[122.681642,12.39101],[122.682562,12.39083],[122.684221,12.388752],[122.684129,12.388571],[122.682933,12.388841],[122.679803,12.390103],[122.681276,12.389201],[122.679345,12.389017],[122.678978,12.387932],[122.679991,12.387119],[122.682842,12.387394],[122.683028,12.386218],[122.681005,12.385673],[122.680727,12.386758],[122.680175,12.386758],[122.679992,12.386034],[122.679441,12.385852],[122.679347,12.386757],[122.678796,12.386485],[122.678431,12.384224],[122.678984,12.383229],[122.677605,12.381962],[122.678801,12.381873],[122.677514,12.381238],[122.677883,12.380696],[122.678435,12.380787],[122.678436,12.379521],[122.679262,12.38115],[122.680549,12.382056],[122.680732,12.383322],[122.680825,12.382056],[122.679446,12.38106],[122.678437,12.378979],[122.677515,12.380334],[122.676872,12.380062],[122.677331,12.380967],[122.676686,12.381237],[122.676044,12.37979],[122.674298,12.378793],[122.67531,12.378161],[122.675035,12.377347],[122.672919,12.377616],[122.67347,12.378611],[122.673101,12.379696],[122.67071,12.378517],[122.670985,12.379693],[122.671905,12.379604],[122.673467,12.380691],[122.673098,12.381776],[122.671073,12.382677],[122.670705,12.382677],[122.670982,12.381954],[122.66997,12.382405],[122.668682,12.381861],[122.669417,12.382856],[122.668588,12.383398],[122.668128,12.383397],[122.668221,12.382674],[122.667578,12.382402],[122.668036,12.384121],[122.667299,12.384391],[122.666746,12.385475],[122.668219,12.384302],[122.668587,12.384393],[122.668494,12.385387],[122.669231,12.384393],[122.670611,12.384395],[122.670888,12.383762],[122.670244,12.383671],[122.670704,12.38322],[122.673373,12.382861],[122.674018,12.381415],[122.676134,12.381508],[122.676409,12.382774],[122.677421,12.382414],[122.677972,12.382867],[122.677971,12.384313],[122.677052,12.382956],[122.675488,12.383587],[122.675855,12.384311],[122.67751,12.384855],[122.677417,12.38576],[122.676312,12.386482],[122.6776,12.386122],[122.678428,12.386484],[122.678424,12.38974],[122.677596,12.39001],[122.675205,12.389013],[122.672905,12.38901],[122.672353,12.3891],[122.671984,12.389913],[122.672997,12.389372],[122.675572,12.389736],[122.675755,12.390189],[122.674559,12.39073],[122.674374,12.391272],[122.677595,12.390462],[122.678515,12.390735],[122.679249,12.392273],[122.678972,12.392815],[122.674463,12.393985],[122.67759,12.39426],[122.678142,12.394713],[122.678419,12.3939],[122.678878,12.394533],[122.67943,12.394353],[122.679431,12.39381],[122.680166,12.394354],[122.679892,12.393087],[122.680628,12.392907],[122.681179,12.39336],[122.682559,12.393362],[122.682191,12.393723],[122.68311,12.394357],[122.682742,12.394719],[122.683386,12.394538],[122.683017,12.395171],[122.683754,12.394539],[122.684857,12.394811],[122.686878,12.397527],[122.686602,12.397978],[122.684946,12.397796],[122.686141,12.39843],[122.686875,12.399968],[122.686139,12.400239],[122.685404,12.399514],[122.68384,12.399693],[122.683012,12.398969],[122.683563,12.399874],[122.683101,12.402225],[122.681905,12.402042],[122.682181,12.401681],[122.682043,12.401332],[122.681998,12.401319],[122.68204,12.401326],[122.681356,12.3996],[122.680986,12.401408],[122.681537,12.402223],[122.68034,12.402312],[122.679604,12.403034],[122.678316,12.402942],[122.677122,12.401132],[122.677491,12.400409],[122.677031,12.400228],[122.677035,12.397153],[122.67648,12.399413],[122.67418,12.399682],[122.675283,12.400045],[122.676385,12.401765],[122.67574,12.402306],[122.67565,12.400769],[122.675282,12.401492],[122.67473,12.401039],[122.675096,12.402577],[122.677028,12.402579],[122.677303,12.403846],[122.676843,12.403845],[122.677762,12.404117],[122.675922,12.404115],[122.673805,12.405469],[122.672149,12.404834],[122.672883,12.406463],[122.671687,12.406733],[122.671409,12.407998],[122.672329,12.40818],[122.672603,12.409537],[122.672327,12.410079],[122.671407,12.409807],[122.671958,12.41044],[122.671223,12.410259],[122.671131,12.409806],[122.670671,12.409987],[122.671314,12.41053],[122.671405,12.411344],[122.672326,12.410984],[122.671035,12.412971],[122.669287,12.412788],[122.670851,12.413242],[122.670756,12.415503],[122.666982,12.416674],[122.667076,12.415137],[122.666709,12.414775],[122.666523,12.416493],[122.66551,12.417124],[122.664866,12.416671],[122.664497,12.417575],[122.664865,12.417847],[122.663945,12.417755],[122.659901,12.414585],[122.66027,12.41332],[122.661096,12.414949],[122.662293,12.414588],[122.661649,12.414588],[122.661558,12.413774],[122.659904,12.412144],[122.660181,12.41124],[122.659261,12.4116],[122.659168,12.412233],[122.659812,12.412144],[122.659075,12.412776],[122.658615,12.412594],[122.658985,12.411057],[122.65834,12.411961],[122.659265,12.408074],[122.660368,12.408618],[122.66359,12.407265],[122.663591,12.406813],[122.663222,12.407265],[122.662762,12.407083],[122.662948,12.40627],[122.663776,12.40609],[122.663133,12.405456],[122.663317,12.404823],[122.662122,12.40446],[122.659273,12.401834],[122.657707,12.403279],[122.657801,12.402194],[122.658906,12.40102],[122.657986,12.401019],[122.656609,12.399299],[122.657161,12.398757],[122.656426,12.398575],[122.659094,12.398488],[122.658819,12.397764],[122.657348,12.396858],[122.65836,12.396407],[122.658638,12.395413],[122.657535,12.394597],[122.656983,12.394687],[122.656244,12.396547],[122.656243,12.39767],[122.656059,12.39758],[122.656207,12.396639],[122.655874,12.397479],[122.655875,12.397489],[122.655872,12.397483],[122.65569,12.397941],[122.654223,12.394593],[122.656435,12.391612],[122.658183,12.391162],[122.657816,12.390348],[122.658738,12.389173],[122.659566,12.389174],[122.659751,12.38818],[122.661867,12.387821],[122.660764,12.387096],[122.661502,12.386102],[122.660489,12.386553],[122.65957,12.385738],[122.659844,12.387547],[122.659291,12.388179],[122.658739,12.388269],[122.6592,12.387365],[122.659017,12.38628],[122.658188,12.387454],[122.656991,12.387905],[122.658005,12.386821],[122.657546,12.386097],[122.65865,12.386189],[122.65819,12.386098],[122.658007,12.384922],[122.657364,12.384379],[122.656444,12.384468],[122.656259,12.385462],[122.656076,12.384467],[122.655708,12.384648],[122.655613,12.386728],[122.655982,12.385914],[122.656534,12.386005],[122.656533,12.386548],[122.655702,12.389169],[122.656622,12.38908],[122.656623,12.388628],[122.657912,12.387816],[122.659014,12.388902],[122.658094,12.388992],[122.657449,12.389985],[122.657265,12.389804],[122.657541,12.389533],[122.655977,12.389712],[122.656343,12.39116],[122.656896,12.390618],[122.657263,12.39098],[122.656343,12.39125],[122.654039,12.394322],[122.653581,12.393236],[122.653304,12.393778],[122.65174,12.393867],[122.651279,12.394951],[122.647688,12.396846],[122.64741,12.398563],[122.646122,12.398743],[122.645477,12.399556],[122.644927,12.397565],[122.643825,12.396117],[122.643734,12.395213],[122.642173,12.393673],[122.641713,12.393582],[122.641528,12.394215],[122.641986,12.395482],[122.640057,12.393671],[122.638677,12.393759],[122.638677,12.393307],[122.638309,12.393397],[122.638215,12.394753],[122.638766,12.395839],[122.640788,12.396746],[122.641983,12.397923],[122.642627,12.397653],[122.644099,12.397836],[122.644742,12.398741],[122.644281,12.399102],[122.643546,12.398468],[122.644832,12.399826],[122.64198,12.400184],[122.641518,12.401359],[122.640505,12.402172],[122.640229,12.402081],[122.640782,12.401629],[122.641429,12.399279],[122.640877,12.399097],[122.639961,12.396655],[122.638765,12.396291],[122.63812,12.396923],[122.638306,12.395386],[122.637755,12.394662],[122.637849,12.393487],[122.636747,12.3924],[122.634906,12.39285],[122.634258,12.395743],[122.633429,12.396736],[122.632877,12.396555],[122.633428,12.397369],[122.63315,12.398364],[122.632047,12.398181],[122.631955,12.398],[122.631865,12.396463],[122.632324,12.397097],[122.63205,12.396101],[122.63251,12.396192],[122.631682,12.39592],[122.631868,12.394293],[122.631042,12.392935],[122.631319,12.392031],[122.629754,12.392752],[122.631223,12.395377],[122.631587,12.39809],[122.631035,12.39818],[122.632966,12.398725],[122.634343,12.400807],[122.636642,12.401624],[122.638114,12.401264],[122.63977,12.401809],[122.639953,12.402352],[122.641332,12.402625],[122.642894,12.404435],[122.645101,12.40489],[122.645105,12.401997],[122.646393,12.401818],[122.646304,12.399557],[122.647865,12.402181],[122.649336,12.402997],[122.650164,12.402727],[122.650531,12.403451],[122.649978,12.403993],[122.651634,12.404176],[122.650899,12.403451],[122.650992,12.402637],[122.650072,12.402636],[122.650258,12.401732],[122.64989,12.40128],[122.650259,12.400828],[122.649523,12.400646],[122.649246,12.401098],[122.648512,12.400012],[122.650997,12.399472],[122.650997,12.398749],[122.650262,12.398115],[122.651735,12.397213],[122.651921,12.396128],[122.652381,12.396128],[122.65229,12.395586],[122.652935,12.394863],[122.654037,12.395949],[122.653113,12.399385],[122.654861,12.399025],[122.654952,12.399477],[122.655229,12.398845],[122.656518,12.398123],[122.656613,12.395772],[122.656611,12.39749],[122.658542,12.398216],[122.656795,12.397219],[122.656981,12.396224],[122.657164,12.396858],[122.659002,12.398307],[122.656242,12.398484],[122.655872,12.399479],[122.656884,12.400113],[122.656699,12.400746],[122.657066,12.400927],[122.655962,12.400926],[122.655409,12.402372],[122.656696,12.402826],[122.656694,12.404001],[122.657705,12.405178],[122.659177,12.404818],[122.659085,12.40518],[122.659821,12.405361],[122.660649,12.40482],[122.661752,12.405816],[122.661842,12.407263],[122.659174,12.407531],[122.658623,12.406988],[122.65807,12.407168],[122.658069,12.408434],[122.658068,12.408886],[122.657051,12.412773],[122.656682,12.413406],[122.654656,12.41485],[122.652817,12.413943],[122.653002,12.413311],[122.651622,12.413218],[122.651071,12.412675],[122.651164,12.412042],[122.650702,12.413127],[122.65015,12.413217],[122.648955,12.412944],[122.64822,12.412129],[122.647024,12.412127],[122.646933,12.411313],[122.646013,12.41086],[122.644357,12.410677],[122.643529,12.411038],[122.643621,12.411309],[122.645645,12.41104],[122.64592,12.411493],[122.645367,12.412216],[122.646011,12.412216],[122.64601,12.41303],[122.646563,12.412579],[122.646104,12.411764],[122.646656,12.411675],[122.646931,12.412308],[122.648127,12.4124],[122.648678,12.413215],[122.650334,12.413488],[122.650885,12.414212],[122.652172,12.414666],[122.652631,12.41548],[122.652172,12.415209],[122.651987,12.415841],[122.65263,12.416204],[122.653367,12.415934],[122.65309,12.416476],[122.65125,12.416202],[122.650145,12.417015],[122.648767,12.415566],[122.648396,12.417645],[122.649039,12.41837],[122.647382,12.419362],[122.648392,12.420449],[122.647564,12.421081],[122.645448,12.420897],[122.645081,12.420173],[122.645357,12.419812],[122.644621,12.419539],[122.643889,12.417006],[122.641496,12.417546],[122.641124,12.420258],[122.640574,12.41863],[122.64076,12.417454],[122.63975,12.416006],[122.639473,12.417001],[122.63892,12.41709],[122.639009,12.419894],[122.63818,12.419983],[122.638185,12.416637],[122.637725,12.416998],[122.635426,12.415639],[122.63469,12.415638],[122.633956,12.414371],[122.634512,12.411478],[122.633039,12.412199],[122.632304,12.411384],[122.634414,12.415637],[122.635424,12.417086],[122.635606,12.418894],[122.636891,12.420886],[122.63376,12.422871],[122.633211,12.421152],[122.633672,12.420067],[122.634132,12.419887],[122.633671,12.420791],[122.633946,12.421696],[122.634501,12.419707],[122.634592,12.420521],[122.635051,12.420612],[122.635605,12.419618],[122.634777,12.419436],[122.634227,12.417807],[122.63349,12.41862],[122.632202,12.418528],[122.631926,12.41898],[122.632111,12.417714],[122.633215,12.418258],[122.633768,12.417264],[122.63221,12.413012],[122.631474,12.412921],[122.631292,12.411654],[122.630189,12.410568],[122.629916,12.408849],[122.629088,12.408486],[122.629181,12.408034],[122.62826,12.408304],[122.628722,12.407491],[122.628169,12.407942],[122.626973,12.40776],[122.627431,12.409207],[122.626969,12.410744],[122.626787,12.409026],[122.624675,12.406672],[122.623295,12.406218],[122.621274,12.404677],[122.61741,12.40431],[122.617408,12.405667],[122.61888,12.406121],[122.618326,12.407024],[122.618509,12.407658],[122.621267,12.409561],[122.621541,12.410646],[122.620804,12.411278],[122.619057,12.410643],[122.617309,12.410911],[122.617031,12.411815],[122.618317,12.413354],[122.620065,12.413628],[122.620156,12.414261],[122.621536,12.413902],[122.62273,12.41526],[122.620889,12.416071],[122.621715,12.417881],[122.620243,12.417788],[122.617578,12.415343],[122.617854,12.415253],[122.618958,12.415707],[122.619326,12.415617],[122.617947,12.414801],[122.6185,12.414169],[122.61666,12.414166],[122.616199,12.414708],[122.616659,12.41498],[122.616474,12.415522],[122.615184,12.416425],[122.615827,12.41742],[122.614906,12.418233],[122.615824,12.419319],[122.614995,12.420313],[122.615085,12.421217],[122.614165,12.421759],[122.61444,12.422121],[122.617845,12.421854],[122.618303,12.423121],[122.616277,12.424113],[122.619682,12.424027],[122.619957,12.42448],[122.619404,12.424841],[122.620507,12.425746],[122.62023,12.426289],[122.618573,12.426829],[122.618665,12.427462],[122.619584,12.427554],[122.619674,12.42891],[122.618754,12.428909],[122.618109,12.429631],[122.618846,12.429361],[122.617464,12.430173],[122.618384,12.430446],[122.619581,12.430086],[122.619947,12.431623],[122.618473,12.432345],[122.617738,12.431982],[122.616909,12.432614],[122.615253,12.432702],[122.614055,12.433966],[122.614053,12.434871],[122.615985,12.434873],[122.616997,12.435508],[122.618562,12.434967],[122.620309,12.435151],[122.620309,12.435603],[122.616904,12.435689],[122.616443,12.436502],[122.620581,12.438045],[122.621774,12.440307],[122.622418,12.44067],[122.623705,12.441124],[122.622511,12.440037],[122.624903,12.439859],[122.626282,12.440675],[122.626465,12.441761],[122.627109,12.441671],[122.627478,12.440677],[122.628213,12.441853],[122.628119,12.442848],[122.627752,12.442667],[122.627845,12.441853],[122.627108,12.442214],[122.627842,12.444114],[122.62738,12.444836],[122.626644,12.444926],[122.625724,12.444653],[122.62499,12.443296],[122.624071,12.442662],[122.623426,12.443113],[122.62352,12.442028],[122.622601,12.441122],[122.619841,12.440757],[122.618188,12.438855],[122.617176,12.438854],[122.617175,12.439396],[122.619105,12.441027],[122.61892,12.441388],[122.621588,12.441483],[122.621956,12.441935],[122.620664,12.444194],[122.62002,12.444555],[122.620017,12.446183],[122.620751,12.447721],[122.622589,12.449532],[122.623049,12.449623],[122.622774,12.44908],[122.623786,12.448991],[122.62464,12.449251],[122.62397,12.448811],[122.622866,12.4489],[122.622315,12.448085],[122.62388,12.447545],[122.625076,12.447908],[122.626457,12.446915],[122.626363,12.448271],[122.626732,12.44791],[122.627102,12.446826],[122.62793,12.446555],[122.629492,12.448276],[122.63032,12.448277],[122.629767,12.44918],[122.630595,12.449091],[122.630593,12.450448],[122.629856,12.450989],[122.63096,12.451352],[122.630958,12.45298],[122.630314,12.452798],[122.629947,12.451984],[122.629945,12.453159],[122.629394,12.452707],[122.628655,12.454514],[122.628838,12.455509],[122.626628,12.45632],[122.626811,12.456863],[122.628469,12.45587],[122.629389,12.456143],[122.628835,12.457137],[122.629295,12.45768],[122.629017,12.458674],[122.62865,12.458041],[122.627728,12.459125],[122.628554,12.460754],[122.628461,12.461567],[122.626622,12.46057],[122.626258,12.457947],[122.628099,12.457407],[122.628652,12.456684],[122.62589,12.457856],[122.625431,12.456499],[122.625618,12.454872],[122.626356,12.453697],[122.626177,12.450261],[122.62673,12.449628],[122.625625,12.449898],[122.625154,12.449589],[122.625716,12.45035],[122.626174,12.451707],[122.625895,12.453968],[122.625341,12.455685],[122.624511,12.456498],[122.624971,12.456499],[122.625706,12.457766],[122.625609,12.461202],[122.62607,12.460479],[122.626437,12.461112],[122.627265,12.461294],[122.625882,12.463463],[122.62726,12.464731],[122.624225,12.46337],[122.623858,12.462556],[122.623402,12.459933],[122.624231,12.459301],[122.625062,12.457584],[122.623131,12.456677],[122.624883,12.453966],[122.624793,12.45261],[122.624241,12.452157],[122.624428,12.450529],[122.623601,12.449805],[122.623416,12.450528],[122.623875,12.45089],[122.624331,12.453966],[122.622948,12.455772],[122.622855,12.456676],[122.622487,12.456676],[122.622672,12.455772],[122.621844,12.455952],[122.622303,12.456585],[122.622118,12.457128],[122.62028,12.455678],[122.61955,12.450975],[122.618907,12.450703],[122.617802,12.451244],[122.616514,12.45088],[122.618635,12.447718],[122.618086,12.445637],[122.617901,12.445999],[122.618175,12.447356],[122.617717,12.44627],[122.618181,12.443648],[122.617815,12.441839],[122.616896,12.441114],[122.617723,12.442201],[122.617904,12.444371],[122.617077,12.443375],[122.616433,12.443555],[122.615231,12.44708],[122.614771,12.44717],[122.613578,12.44545],[122.613672,12.443823],[122.612572,12.440837],[122.612854,12.436858],[122.612486,12.436677],[122.611565,12.43767],[122.611936,12.435862],[122.612488,12.435863],[122.612488,12.435501],[122.612028,12.43532],[122.611199,12.436133],[122.611382,12.436766],[122.610369,12.437126],[122.611197,12.43767],[122.61046,12.43803],[122.609629,12.440109],[122.609627,12.441375],[122.608706,12.441645],[122.608618,12.439203],[122.608067,12.43866],[122.608161,12.437213],[122.607338,12.433685],[122.605224,12.432597],[122.6032,12.432413],[122.603477,12.4316],[122.60495,12.430788],[122.604399,12.430516],[122.605779,12.430337],[122.605043,12.430607],[122.605503,12.430699],[122.608264,12.43007],[122.606699,12.430791],[122.606696,12.432418],[122.606235,12.43287],[122.607799,12.433505],[122.608256,12.435224],[122.608716,12.435315],[122.608806,12.436672],[122.611754,12.434144],[122.611665,12.432064],[122.612217,12.432065],[122.614612,12.430079],[122.614061,12.429626],[122.613971,12.427907],[122.613235,12.428359],[122.613512,12.427635],[122.614156,12.427546],[122.614435,12.425828],[122.613793,12.42429],[122.613241,12.424289],[122.61315,12.423114],[122.612874,12.423565],[122.61324,12.424561],[122.612281,12.425187],[122.613148,12.425103],[122.613147,12.425646],[122.612595,12.425554],[122.612246,12.42521],[122.612135,12.425282],[122.61186,12.42492],[122.612321,12.424107],[122.612325,12.421485],[122.611958,12.420942],[122.61251,12.42049],[122.612417,12.421394],[122.612877,12.421485],[122.614169,12.419046],[122.613801,12.418774],[122.61334,12.419135],[122.613986,12.418141],[122.61396,12.417508],[122.613803,12.417508],[122.613938,12.416978],[122.613897,12.415971],[122.612977,12.415879],[122.612151,12.414521],[122.612336,12.414069],[122.612796,12.414161],[122.613805,12.41579],[122.613806,12.415247],[122.613439,12.414523],[122.612428,12.413798],[122.614729,12.412988],[122.615006,12.412446],[122.616202,12.412899],[122.616664,12.411634],[122.615375,12.411632]],[[122.65615,12.398394],[122.656242,12.398484],[122.656242,12.398394],[122.65615,12.398394]],[[122.630943,12.39827],[122.631035,12.39818],[122.630943,12.39818],[122.630943,12.39827]],[[122.630851,12.398361],[122.630943,12.39827],[122.630851,12.39827],[122.630851,12.398361]],[[122.630758,12.398451],[122.630851,12.398361],[122.630759,12.39836],[122.630758,12.398451]],[[122.630666,12.398541],[122.630758,12.398451],[122.630666,12.398451],[122.630666,12.398541]],[[122.653857,12.392694],[122.653581,12.393236],[122.654133,12.392694],[122.654408,12.393508],[122.654593,12.392876],[122.653951,12.391699],[122.653123,12.391789],[122.65294,12.391065],[122.654322,12.389529],[122.653216,12.390613],[122.652757,12.389979],[122.653587,12.388443],[122.653592,12.384826],[122.654143,12.385279],[122.653409,12.38365],[122.652673,12.384192],[122.652578,12.386362],[122.651198,12.386632],[122.652483,12.388623],[122.652297,12.389979],[122.651929,12.39025],[122.651102,12.389525],[122.650549,12.390429],[122.648891,12.391512],[122.647328,12.390877],[122.648711,12.388889],[122.648986,12.389342],[122.649355,12.38889],[122.648987,12.388799],[122.649357,12.386991],[122.649726,12.386539],[122.649909,12.387082],[122.649819,12.385816],[122.650833,12.383737],[122.649635,12.385997],[122.649361,12.384368],[122.651111,12.382291],[122.651295,12.382743],[122.651572,12.381568],[122.651296,12.381929],[122.650652,12.381567],[122.649456,12.381837],[122.648259,12.383101],[122.64798,12.384638],[122.646324,12.385088],[122.646507,12.38554],[122.647059,12.385451],[122.646323,12.386083],[122.645864,12.385268],[122.644392,12.385085],[122.644578,12.383729],[122.645776,12.382103],[122.645778,12.380927],[122.645226,12.380475],[122.644394,12.383458],[122.643476,12.382552],[122.64366,12.382191],[122.643292,12.382281],[122.643109,12.381376],[122.642282,12.381013],[122.642463,12.382822],[122.643565,12.38418],[122.643013,12.384631],[122.642461,12.384359],[122.642092,12.385082],[122.640436,12.38508],[122.640254,12.384085],[122.639151,12.383541],[122.637863,12.38372],[122.637401,12.384534],[122.635654,12.38426],[122.635748,12.382723],[122.633355,12.383353],[122.633817,12.382178],[122.634369,12.381998],[122.633909,12.381906],[122.633911,12.381093],[122.634464,12.380008],[122.633176,12.380006],[122.634007,12.378109],[122.634651,12.377657],[122.635387,12.37793],[122.635572,12.377206],[122.634928,12.376753],[122.6341,12.377295],[122.633457,12.37648],[122.63355,12.375485],[122.632998,12.375485],[122.631893,12.376659],[122.631706,12.37982],[122.631797,12.379643],[122.631796,12.379824],[122.631706,12.379824],[122.63161,12.381451],[122.630874,12.38145],[122.629036,12.380091],[122.629219,12.380996],[122.630415,12.381178],[122.632252,12.38317],[122.631146,12.384344],[122.6305,12.386242],[122.6316,12.388866],[122.630312,12.388955],[122.632795,12.389049],[122.632244,12.388867],[122.632888,12.388506],[122.633716,12.388869],[122.633348,12.388417],[122.635282,12.387063],[122.637031,12.38607],[122.637859,12.386252],[122.638505,12.384806],[122.639425,12.384898],[122.639607,12.386526],[122.640896,12.385262],[122.642276,12.385625],[122.642092,12.385263],[122.642553,12.384902],[122.64384,12.385085],[122.645496,12.385358],[122.646689,12.386987],[122.646411,12.389067],[122.646962,12.389791],[122.646777,12.390514],[122.648339,12.391692],[122.64843,12.392235],[122.649351,12.391332],[122.651744,12.391063],[122.652202,12.392511],[122.651741,12.393415],[122.652753,12.393325],[122.653398,12.392512],[122.653857,12.392694]],[[122.663409,12.404733],[122.663317,12.404823],[122.663409,12.404823],[122.663409,12.404733]],[[122.682925,12.395261],[122.683017,12.395171],[122.682925,12.395171],[122.682925,12.395261]],[[122.677151,12.377711],[122.677427,12.37735],[122.677059,12.37753],[122.677151,12.377711]],[[122.674677,12.369389],[122.674769,12.369479],[122.674769,12.369389],[122.674677,12.369389]],[[122.674217,12.36984],[122.674125,12.36975],[122.674125,12.36984],[122.674217,12.36984]],[[122.665203,12.368654],[122.665295,12.368744],[122.665295,12.368654],[122.665203,12.368654]],[[122.665112,12.368563],[122.665203,12.368654],[122.665204,12.368563],[122.665112,12.368563]],[[122.66502,12.368382],[122.665112,12.368563],[122.665112,12.368382],[122.66502,12.368382]],[[122.664928,12.368201],[122.66502,12.368382],[122.66502,12.368201],[122.664928,12.368201]],[[122.664836,12.36802],[122.664928,12.368201],[122.664928,12.36802],[122.664836,12.36802]],[[122.683437,12.352036],[122.683529,12.352127],[122.683529,12.352036],[122.683437,12.352036]],[[122.683345,12.351946],[122.683437,12.352036],[122.683437,12.351946],[122.683345,12.351946]],[[122.6655,12.352286],[122.665592,12.352196],[122.6655,12.352196],[122.6655,12.352286]],[[122.619349,12.3364],[122.619257,12.33631],[122.619257,12.3364],[122.619349,12.3364]],[[122.605709,12.354286],[122.605617,12.354376],[122.605709,12.354376],[122.605709,12.354286]],[[122.605802,12.354196],[122.605709,12.354286],[122.605801,12.354286],[122.605802,12.354196]],[[122.626914,12.449538],[122.626914,12.449448],[122.626822,12.449538],[122.626914,12.449538]],[[122.627006,12.449357],[122.626914,12.449448],[122.627006,12.449448],[122.627006,12.449357]],[[122.634589,12.422058],[122.634497,12.422058],[122.634589,12.422149],[122.634589,12.422058]],[[122.631293,12.41066],[122.631937,12.411022],[122.632212,12.411384],[122.631937,12.410841],[122.631293,12.41066]],[[122.631201,12.410569],[122.631293,12.41066],[122.631293,12.410569],[122.631201,12.410569]],[[122.639483,12.409676],[122.640219,12.409315],[122.640862,12.410401],[122.642242,12.410222],[122.64316,12.411399],[122.642794,12.410223],[122.641323,12.409859],[122.638106,12.407323],[122.639484,12.408862],[122.639483,12.409676]],[[122.655948,12.411777],[122.65613,12.413405],[122.656683,12.412501],[122.655948,12.411777]],[[122.65615,12.398575],[122.656058,12.398575],[122.656149,12.398665],[122.65615,12.398575]],[[122.647402,12.404532],[122.648046,12.404533],[122.649978,12.404083],[122.648598,12.403991],[122.647402,12.404532]],[[122.64731,12.404532],[122.646205,12.404982],[122.645285,12.4048],[122.646297,12.405163],[122.64731,12.404532]],[[122.627722,12.398537],[122.630114,12.399083],[122.630666,12.398632],[122.629654,12.398901],[122.627631,12.398356],[122.627357,12.396728],[122.627726,12.396276],[122.627083,12.395552],[122.626162,12.395822],[122.626621,12.396908],[122.627265,12.396999],[122.626986,12.398807],[122.627722,12.398537]],[[122.632509,12.396373],[122.632601,12.396373],[122.632509,12.396283],[122.632509,12.396373]],[[122.632691,12.398092],[122.632415,12.39782],[122.632139,12.398091],[122.632691,12.398092]],[[122.632783,12.398182],[122.632691,12.398092],[122.632691,12.398182],[122.632783,12.398182]],[[122.640604,12.397288],[122.640604,12.397017],[122.64042,12.397198],[122.640604,12.397288]],[[122.640696,12.397379],[122.640604,12.397288],[122.640604,12.397379],[122.640696,12.397379]],[[122.643547,12.397925],[122.643639,12.397925],[122.643547,12.397835],[122.643547,12.397925]],[[122.644101,12.396298],[122.644101,12.396208],[122.644009,12.396298],[122.644101,12.396298]],[[122.651835,12.391606],[122.651743,12.391606],[122.651835,12.391696],[122.651835,12.391606]],[[122.651651,12.391696],[122.65165,12.391968],[122.651743,12.391696],[122.651651,12.391696]],[[122.647328,12.391329],[122.647327,12.391419],[122.64742,12.391329],[122.647328,12.391329]],[[122.638411,12.385891],[122.63832,12.38571],[122.638135,12.385981],[122.638411,12.385891]],[[122.635555,12.389234],[122.636382,12.390229],[122.637485,12.390321],[122.63868,12.391227],[122.638313,12.390684],[122.635463,12.389053],[122.633071,12.389049],[122.633899,12.389412],[122.635555,12.389234]],[[122.638863,12.391951],[122.639048,12.391408],[122.63868,12.391408],[122.638863,12.391951]],[[122.642558,12.380742],[122.642374,12.380833],[122.642558,12.380923],[122.642558,12.380742]],[[122.642192,12.379205],[122.64302,12.379296],[122.642558,12.380652],[122.64348,12.379116],[122.643114,12.37803],[122.642101,12.378571],[122.642192,12.379205]],[[122.654873,12.38953],[122.655611,12.388355],[122.655705,12.386999],[122.654966,12.388897],[122.654322,12.389439],[122.654873,12.38953]],[[122.65487,12.391881],[122.654594,12.391971],[122.654593,12.392695],[122.654962,12.392333],[122.65487,12.391881]],[[122.66095,12.385378],[122.660767,12.385378],[122.660306,12.386101],[122.660765,12.386192],[122.66095,12.385378]],[[122.658448,12.399663],[122.658265,12.399029],[122.657253,12.398938],[122.657988,12.399753],[122.658448,12.399663]],[[122.658357,12.398939],[122.658265,12.399029],[122.658357,12.39903],[122.658357,12.398939]],[[122.664698,12.404011],[122.664423,12.40392],[122.66341,12.404643],[122.66387,12.404643],[122.664698,12.404011]],[[122.675398,12.381869],[122.675674,12.381869],[122.67549,12.381598],[122.675398,12.381869]],[[122.667318,12.369922],[122.667317,12.370013],[122.66741,12.369922],[122.667318,12.369922]],[[122.647267,12.367727],[122.647543,12.367817],[122.647912,12.367366],[122.647267,12.367727]],[[122.628139,12.364355],[122.628139,12.364446],[122.628231,12.364355],[122.628139,12.364355]],[[122.628047,12.364536],[122.628139,12.364446],[122.628047,12.364446],[122.628047,12.364536]],[[122.627954,12.364626],[122.628047,12.364536],[122.627955,12.364536],[122.627954,12.364626]],[[122.646928,12.346566],[122.646744,12.346565],[122.646927,12.346746],[122.646928,12.346566]],[[122.647662,12.347923],[122.647662,12.347652],[122.64757,12.347923],[122.647662,12.347923]],[[122.667694,12.36314],[122.66751,12.362959],[122.667418,12.36305],[122.667694,12.36314]],[[122.665218,12.356898],[122.665678,12.356898],[122.665679,12.356627],[122.665218,12.356898]],[[122.665218,12.356988],[122.662642,12.357437],[122.663101,12.35798],[122.664298,12.35753],[122.664848,12.358525],[122.665493,12.357983],[122.664758,12.35753],[122.665218,12.356988]],[[122.675426,12.3589],[122.675518,12.3589],[122.675426,12.358809],[122.675426,12.3589]],[[122.685648,12.348783],[122.685372,12.349506],[122.685648,12.349236],[122.685648,12.348783]],[[122.685748,12.342725],[122.685654,12.344443],[122.686023,12.342815],[122.685748,12.342725]],[[122.658513,12.349655],[122.658143,12.351011],[122.656672,12.3511],[122.656302,12.352003],[122.656945,12.352909],[122.65906,12.353363],[122.658965,12.355714],[122.66062,12.355988],[122.660714,12.354541],[122.662371,12.354],[122.661452,12.353366],[122.662648,12.353006],[122.664947,12.353551],[122.665868,12.352287],[122.664763,12.353009],[122.663844,12.352465],[122.66118,12.35011],[122.661364,12.349659],[122.660904,12.349839],[122.660263,12.347849],[122.658976,12.347124],[122.656861,12.347211],[122.658513,12.349655]],[[122.65815,12.345947],[122.658337,12.343506],[122.658061,12.343957],[122.657879,12.342329],[122.656316,12.341875],[122.655945,12.343864],[122.654841,12.344044],[122.655208,12.344768],[122.654472,12.344857],[122.654013,12.344314],[122.652726,12.344131],[122.654012,12.345218],[122.656218,12.346035],[122.655848,12.347572],[122.656677,12.347211],[122.657876,12.344409],[122.658059,12.345495],[122.657691,12.345585],[122.657782,12.346218],[122.65815,12.345947]],[[122.654748,12.344767],[122.654657,12.344586],[122.654472,12.344767],[122.654748,12.344767]],[[122.66624,12.349574],[122.666331,12.349936],[122.666883,12.349846],[122.666608,12.349484],[122.66624,12.349574]],[[122.677951,12.325082],[122.678043,12.325082],[122.677951,12.324901],[122.677951,12.325082]],[[122.67289,12.326794],[122.6728,12.325889],[122.673168,12.325257],[122.674825,12.324626],[122.672892,12.325166],[122.672616,12.325708],[122.672615,12.326793],[122.673625,12.327609],[122.674175,12.328966],[122.674543,12.328876],[122.674453,12.327881],[122.67289,12.326794]],[[122.671505,12.331585],[122.672241,12.331315],[122.673899,12.328965],[122.672703,12.329687],[122.672241,12.331134],[122.669941,12.331673],[122.671505,12.331585]],[[122.673533,12.32788],[122.672613,12.327698],[122.673348,12.328512],[122.673071,12.329236],[122.673716,12.328603],[122.673533,12.32788]],[[122.672979,12.329326],[122.673071,12.329236],[122.672979,12.329235],[122.672979,12.329326]],[[122.674825,12.324264],[122.675377,12.324084],[122.67593,12.32318],[122.675471,12.322456],[122.675746,12.32318],[122.675102,12.32345],[122.674825,12.324264]],[[122.672257,12.318383],[122.672625,12.318112],[122.672349,12.318021],[122.672257,12.318383]],[[122.669854,12.328147],[122.669946,12.328147],[122.669854,12.328056],[122.669854,12.328147]],[[122.634543,12.323218],[122.634451,12.323218],[122.634543,12.323309],[122.634543,12.323218]],[[122.640168,12.312465],[122.640259,12.312646],[122.640352,12.312465],[122.640168,12.312465]],[[122.64091,12.307673],[122.64091,12.307854],[122.64137,12.307854],[122.64091,12.307673]],[[122.644418,12.29782],[122.644234,12.297911],[122.643588,12.299447],[122.64414,12.299629],[122.644418,12.29782]],[[122.643778,12.295197],[122.643594,12.295197],[122.643778,12.295288],[122.643778,12.295197]],[[122.637707,12.296094],[122.637615,12.296093],[122.637707,12.296274],[122.637707,12.296094]],[[122.638622,12.299712],[122.638714,12.299712],[122.63853,12.29926],[122.638622,12.299712]],[[122.638805,12.299803],[122.638714,12.299712],[122.638714,12.299802],[122.638805,12.299803]],[[122.638069,12.300163],[122.638437,12.300345],[122.638713,12.299893],[122.63807,12.299982],[122.638069,12.300163]],[[122.629238,12.30196],[122.629055,12.301869],[122.629238,12.302141],[122.629238,12.30196]],[[122.628963,12.301779],[122.629055,12.301869],[122.629055,12.301779],[122.628963,12.301779]],[[122.627939,12.310278],[122.627939,12.310459],[122.628031,12.310278],[122.627939,12.310278]],[[122.621098,12.335227],[122.619902,12.335135],[122.619349,12.336219],[122.619902,12.335587],[122.621098,12.335227]],[[122.603081,12.328058],[122.602714,12.327876],[122.60262,12.328871],[122.603081,12.328058]],[[122.608832,12.357275],[122.608097,12.356822],[122.607361,12.356911],[122.608832,12.357275]],[[122.614242,12.3694],[122.614334,12.3694],[122.614242,12.36931],[122.614242,12.3694]],[[122.617313,12.407566],[122.617314,12.407385],[122.61713,12.407023],[122.617129,12.407565],[122.617313,12.407566]],[[122.613801,12.418593],[122.613893,12.418593],[122.613801,12.418503],[122.613801,12.418593]],[[122.617436,12.449615],[122.617436,12.449796],[122.617528,12.449615],[122.617436,12.449615]],[[122.613955,12.43903],[122.614231,12.43894],[122.614418,12.437222],[122.614052,12.435956],[122.614973,12.435414],[122.613225,12.43505],[122.613775,12.436317],[122.613406,12.437311],[122.613957,12.437674],[122.613955,12.43903]]],[[[122.617578,12.415252],[122.616935,12.415071],[122.616659,12.414889],[122.617303,12.41489],[122.617578,12.415252]]],[[[122.61334,12.419225],[122.613248,12.419225],[122.61334,12.419135],[122.61334,12.419225]]],[[[122.613248,12.419316],[122.613156,12.419315],[122.613248,12.419225],[122.613248,12.419316]]],[[[122.612695,12.420038],[122.613156,12.419406],[122.61251,12.4204],[122.612695,12.420038]]],[[[122.614441,12.421759],[122.614257,12.421759],[122.614441,12.421668],[122.614441,12.421759]]],[[[122.619398,12.429091],[122.619306,12.429091],[122.619398,12.429],[122.619398,12.429091]]],[[[122.619214,12.429181],[122.619122,12.429181],[122.619214,12.42909],[122.619214,12.429181]]],[[[122.61903,12.429181],[122.618846,12.429271],[122.618846,12.42918],[122.61903,12.429181]]],[[[122.618082,12.448169],[122.61799,12.448169],[122.618082,12.448079],[122.618082,12.448169]]],[[[122.617529,12.449163],[122.617621,12.449163],[122.617529,12.449254],[122.617529,12.449163]]],[[[122.617985,12.451786],[122.618261,12.451606],[122.618261,12.451877],[122.617985,12.451786]]],[[[122.618877,12.470959],[122.618785,12.470958],[122.618877,12.470868],[122.618877,12.470959]]],[[[122.610856,12.480985],[122.610855,12.481708],[122.610303,12.481798],[122.610946,12.482251],[122.609381,12.482882],[122.610854,12.482432],[122.611682,12.482885],[122.611772,12.483699],[122.611037,12.483065],[122.610944,12.483426],[122.61168,12.48397],[122.610023,12.483968],[122.610299,12.48442],[122.609746,12.485052],[122.610575,12.48433],[122.610574,12.484782],[122.612047,12.484875],[122.611954,12.485327],[122.612506,12.485509],[122.613332,12.486957],[122.61195,12.487678],[122.611124,12.486501],[122.610111,12.486771],[122.611398,12.487677],[122.611397,12.488762],[122.610844,12.489304],[122.609555,12.489212],[122.607902,12.487401],[122.608268,12.488396],[122.60882,12.488668],[122.608727,12.489301],[122.607897,12.490385],[122.607161,12.490294],[122.606516,12.490835],[122.605965,12.489749],[122.606246,12.486766],[122.605787,12.486132],[122.606616,12.485319],[122.606711,12.483692],[122.607911,12.481342],[122.608463,12.481253],[122.608092,12.48288],[122.609752,12.480531],[122.608282,12.479534],[122.608924,12.480801],[122.607636,12.480438],[122.606991,12.48125],[122.607265,12.482246],[122.606712,12.482697],[122.605885,12.481791],[122.60552,12.480344],[122.60478,12.482332],[122.603493,12.481426],[122.603768,12.48215],[122.605882,12.483781],[122.605514,12.484232],[122.605974,12.484324],[122.605972,12.485137],[122.605143,12.486131],[122.604223,12.485949],[122.604316,12.485135],[122.603947,12.485496],[122.604039,12.485948],[122.603579,12.485496],[122.603119,12.485676],[122.604771,12.488482],[122.604127,12.488119],[122.602567,12.485494],[122.602938,12.483777],[122.602477,12.483866],[122.602478,12.483505],[122.602939,12.482601],[122.603767,12.483235],[122.603857,12.484501],[122.604043,12.483236],[122.601838,12.480791],[122.600733,12.48088],[122.600919,12.479795],[122.602025,12.478802],[122.606077,12.476818],[122.60921,12.473839],[122.612802,12.472306],[122.610872,12.470495],[122.610507,12.468505],[122.609678,12.468685],[122.609585,12.469318],[122.608296,12.470039],[122.607927,12.470762],[122.606638,12.47076],[122.6059,12.471935],[122.604797,12.471662],[122.605165,12.471391],[122.604521,12.4713],[122.604799,12.469853],[122.604247,12.469762],[122.603329,12.468314],[122.603424,12.466777],[122.603608,12.466506],[122.603975,12.46741],[122.604528,12.466688],[122.605356,12.466779],[122.604069,12.466235],[122.603702,12.465421],[122.602231,12.464333],[122.601498,12.462524],[122.601687,12.458997],[122.600769,12.457368],[122.601322,12.456736],[122.603164,12.456196],[122.608778,12.455571],[122.6085,12.456837],[122.605093,12.457917],[122.60454,12.458549],[122.605184,12.458821],[122.604907,12.459364],[122.605826,12.460088],[122.607575,12.45991],[122.608402,12.460906],[122.609598,12.460998],[122.609139,12.460184],[122.608311,12.460182],[122.608404,12.459278],[122.607852,12.459458],[122.610247,12.457382],[122.610615,12.457292],[122.61043,12.458377],[122.610798,12.458377],[122.612088,12.457023],[122.612916,12.456934],[122.614024,12.454675],[122.615956,12.454587],[122.61752,12.455132],[122.617519,12.455584],[122.619635,12.455858],[122.621382,12.456674],[122.622667,12.459389],[122.621564,12.458031],[122.62129,12.457126],[122.619451,12.456039],[122.621103,12.458663],[122.620825,12.46011],[122.621468,12.460834],[122.621283,12.46201],[122.622297,12.460835],[122.623121,12.463097],[122.623857,12.463641],[122.62358,12.464454],[122.624132,12.464184],[122.624408,12.464455],[122.623947,12.464726],[122.625879,12.465],[122.626155,12.465453],[122.624774,12.466084],[122.624773,12.466536],[122.624037,12.466444],[122.624773,12.466717],[122.62468,12.467259],[122.62284,12.466985],[122.622747,12.467437],[122.622103,12.467527],[122.622104,12.467075],[122.621643,12.467345],[122.620818,12.465355],[122.62109,12.467797],[122.620722,12.467796],[122.620539,12.466982],[122.619527,12.4668],[122.618144,12.468516],[122.617133,12.468153],[122.615296,12.46598],[122.615018,12.466703],[122.616673,12.467881],[122.616948,12.468786],[122.618419,12.469602],[122.618233,12.471139],[122.618692,12.471591],[122.617679,12.472042],[122.619335,12.472497],[122.619794,12.473221],[122.619333,12.473672],[122.617401,12.473489],[122.618413,12.473942],[122.61832,12.474304],[122.617584,12.474484],[122.618872,12.474576],[122.617767,12.474936],[122.617032,12.474392],[122.616754,12.475296],[122.615281,12.475565],[122.615372,12.47656],[122.616843,12.477286],[122.617212,12.477105],[122.616752,12.476562],[122.618041,12.476564],[122.617212,12.476925],[122.617487,12.477377],[122.616382,12.477828],[122.615827,12.479907],[122.61454,12.47891],[122.616106,12.477737],[122.616015,12.477375],[122.614081,12.478638],[122.613527,12.479813],[122.613159,12.479722],[122.613712,12.478638],[122.612701,12.478094],[122.612975,12.479451],[122.612053,12.480625],[122.610857,12.480442],[122.610584,12.478181],[122.609018,12.479083],[122.60911,12.479626],[122.61049,12.47999],[122.610856,12.480985]],[[122.613989,12.478548],[122.614081,12.478638],[122.614081,12.478548],[122.613989,12.478548]],[[122.60303,12.483686],[122.602938,12.483777],[122.60303,12.483777],[122.60303,12.483686]],[[122.612148,12.478816],[122.611965,12.477912],[122.612609,12.478094],[122.612426,12.477551],[122.611321,12.47782],[122.611134,12.47981],[122.612148,12.478816]],[[122.61694,12.474121],[122.6174,12.474212],[122.61832,12.474032],[122.617033,12.473759],[122.61694,12.474121]],[[122.617679,12.472133],[122.617127,12.472222],[122.617125,12.473217],[122.619242,12.47331],[122.619242,12.472858],[122.618231,12.472314],[122.61777,12.472766],[122.617679,12.472133]],[[122.614098,12.466973],[122.614466,12.466973],[122.614742,12.466703],[122.614098,12.466973]],[[122.608369,12.48279],[122.608645,12.482971],[122.608369,12.482699],[122.608369,12.48279]],[[122.607906,12.484236],[122.60892,12.483424],[122.607447,12.484054],[122.607171,12.483602],[122.606802,12.484144],[122.607906,12.484236]],[[122.60938,12.483696],[122.610024,12.483335],[122.60892,12.483333],[122.609195,12.483786],[122.608826,12.484509],[122.609194,12.48469],[122.60938,12.483696]],[[122.610761,12.483065],[122.610301,12.483064],[122.610208,12.483335],[122.610761,12.483065]]],[[[122.61703,12.475206],[122.618042,12.475479],[122.61924,12.474667],[122.618777,12.476294],[122.617581,12.476202],[122.617582,12.475478],[122.61703,12.475206]],[[122.61841,12.475751],[122.618134,12.475569],[122.618042,12.47575],[122.61841,12.475751]]],[[[122.618591,12.477469],[122.618407,12.47765],[122.618131,12.477649],[122.618591,12.477469]]],[[[122.617486,12.478101],[122.617579,12.47792],[122.617854,12.478101],[122.617486,12.478101]]],[[[122.61454,12.479091],[122.614448,12.479091],[122.61454,12.479001],[122.61454,12.479091]]],[[[122.614079,12.479543],[122.614171,12.479543],[122.614079,12.479633],[122.614079,12.479543]]],[[[122.613987,12.479723],[122.614079,12.479633],[122.614079,12.479723],[122.613987,12.479723]]],[[[122.619416,12.479821],[122.619324,12.479821],[122.619416,12.479731],[122.619416,12.479821]]],[[[122.619324,12.480002],[122.619232,12.480002],[122.619324,12.479912],[122.619324,12.480002]]],[[[122.618035,12.480724],[122.618771,12.480544],[122.61831,12.480905],[122.61923,12.481358],[122.619228,12.482715],[122.617479,12.482712],[122.615825,12.481534],[122.617387,12.482984],[122.618399,12.483256],[122.617662,12.483617],[122.616006,12.483343],[122.616374,12.483706],[122.617294,12.483707],[122.617844,12.484974],[122.617017,12.484159],[122.617015,12.485425],[122.615911,12.485694],[122.616279,12.485785],[122.617015,12.485696],[122.617106,12.486058],[122.61499,12.485783],[122.615452,12.484337],[122.614438,12.485511],[122.61361,12.485601],[122.613427,12.484606],[122.614165,12.483793],[122.613707,12.482617],[122.613705,12.483792],[122.612692,12.484243],[122.613061,12.483339],[122.61251,12.482524],[122.613063,12.481892],[122.612881,12.480807],[122.613895,12.479814],[122.613986,12.480266],[122.61509,12.480448],[122.614905,12.481081],[122.615549,12.481082],[122.615734,12.480449],[122.616378,12.480721],[122.616289,12.479003],[122.617486,12.478191],[122.61859,12.478464],[122.61896,12.477379],[122.618316,12.476745],[122.618961,12.476294],[122.619882,12.476295],[122.619605,12.476838],[122.620064,12.477471],[122.6208,12.477563],[122.620157,12.476567],[122.621264,12.474579],[122.621908,12.475123],[122.621078,12.476387],[122.621443,12.478016],[122.620523,12.477924],[122.620889,12.479281],[122.620428,12.480094],[122.621344,12.482899],[122.620976,12.483079],[122.620793,12.481994],[122.620333,12.482445],[122.619965,12.482083],[122.619964,12.482987],[122.619412,12.482444],[122.619803,12.480917],[122.619783,12.480907],[122.619807,12.480904],[122.620245,12.47919],[122.620063,12.478375],[122.620061,12.479189],[122.619693,12.479189],[122.619234,12.478374],[122.619048,12.479821],[122.61776,12.479457],[122.617485,12.478734],[122.6173,12.479728],[122.618403,12.480272],[122.618035,12.480724]],[[122.616466,12.483796],[122.616373,12.484339],[122.615544,12.484518],[122.616372,12.4847],[122.616466,12.483796]],[[122.616188,12.485062],[122.61628,12.485062],[122.616188,12.4847],[122.616188,12.485062]],[[122.61591,12.485875],[122.61591,12.485785],[122.615818,12.485875],[122.61591,12.485875]],[[122.616833,12.484068],[122.616741,12.484068],[122.616833,12.484158],[122.616833,12.484068]],[[122.616557,12.483977],[122.616741,12.484068],[122.616741,12.483977],[122.616557,12.483977]]],[[[122.612881,12.480988],[122.612789,12.480988],[122.612881,12.480897],[122.612881,12.480988]]],[[[122.611959,12.482252],[122.612051,12.482162],[122.612051,12.482253],[122.611959,12.482252]]],[[[122.62669,12.282966],[122.625862,12.283056],[122.626231,12.282423],[122.627242,12.282877],[122.627056,12.284323],[122.62669,12.282966]]],[[[122.625862,12.283327],[122.626597,12.28387],[122.626318,12.285679],[122.62632,12.284865],[122.625308,12.284683],[122.625953,12.284231],[122.625862,12.283327]]],[[[122.6231,12.285584],[122.620246,12.288112],[122.620155,12.287479],[122.622089,12.28513],[122.623009,12.28486],[122.623928,12.285223],[122.624664,12.284953],[122.624665,12.28441],[122.625124,12.284773],[122.624571,12.285948],[122.623836,12.285494],[122.623559,12.286489],[122.6231,12.285584]]],[[[122.622363,12.286849],[122.622454,12.287301],[122.622178,12.287482],[122.622179,12.286849],[122.622363,12.286849]]],[[[122.62135,12.287842],[122.621349,12.288294],[122.621073,12.288475],[122.62135,12.287842]]],[[[122.620797,12.288203],[122.620981,12.288113],[122.620981,12.288294],[122.620797,12.288203]]],[[[122.619877,12.288925],[122.620153,12.288654],[122.620061,12.288926],[122.619877,12.288925]]],[[[122.619784,12.289287],[122.620428,12.289288],[122.620151,12.290011],[122.62061,12.290373],[122.619783,12.290191],[122.619784,12.289287]]],[[[122.622909,12.290829],[122.622632,12.29119],[122.622541,12.290918],[122.622909,12.290829]]],[[[122.620517,12.291458],[122.620702,12.290916],[122.62116,12.291911],[122.620517,12.291458]]],[[[122.620608,12.292001],[122.620516,12.292001],[122.620608,12.291911],[122.620608,12.292001]]],[[[122.622167,12.295259],[122.622625,12.296073],[122.621796,12.297338],[122.62189,12.295891],[122.62106,12.297247],[122.62005,12.29607],[122.618488,12.295344],[122.618859,12.293445],[122.620883,12.292725],[122.621709,12.293449],[122.621709,12.294082],[122.622353,12.293722],[122.622167,12.295259]]],[[[122.623435,12.308554],[122.623527,12.308554],[122.623435,12.308644],[122.623435,12.308554]]],[[[122.623343,12.308463],[122.623343,12.308915],[122.623159,12.308463],[122.623343,12.308463]]],[[[122.623619,12.308644],[122.623619,12.308735],[122.623527,12.308644],[122.623619,12.308644]]],[[[122.623711,12.308735],[122.623711,12.308825],[122.623619,12.308735],[122.623711,12.308735]]],[[[122.623803,12.308916],[122.623711,12.308825],[122.623803,12.308825],[122.623803,12.308916]]],[[[122.624065,12.31805],[122.624066,12.317959],[122.624157,12.31805],[122.624065,12.31805]]],[[[122.625994,12.319861],[122.62581,12.31977],[122.625994,12.31968],[122.625994,12.319861]]],[[[122.619645,12.322384],[122.619737,12.322294],[122.619737,12.322384],[122.619645,12.322384]]],[[[122.619645,12.322475],[122.619553,12.322474],[122.619645,12.322384],[122.619645,12.322475]]],[[[122.620971,12.359553],[122.620879,12.359553],[122.620971,12.359372],[122.620971,12.359553]]],[[[122.621063,12.359734],[122.620971,12.359733],[122.621063,12.359643],[122.621063,12.359734]]],[[[122.624479,12.415081],[122.624479,12.414991],[122.624571,12.415081],[122.624479,12.415081]]],[[[122.625674,12.415806],[122.624937,12.416077],[122.624663,12.414901],[122.625123,12.414992],[122.625674,12.415806]]],[[[122.625942,12.421052],[122.625023,12.420236],[122.626312,12.420057],[122.626863,12.420872],[122.625942,12.421052]],[[122.625391,12.420327],[122.625299,12.420237],[122.625299,12.420327],[122.625391,12.420327]]],[[[122.626217,12.421866],[122.627045,12.421777],[122.6264,12.422318],[122.626217,12.421866]]],[[[122.622351,12.423488],[122.622259,12.423488],[122.622351,12.423398],[122.622351,12.423488]]],[[[122.625844,12.425211],[122.622257,12.424845],[122.622717,12.424755],[122.622627,12.423036],[122.624375,12.423129],[122.624376,12.422677],[122.625388,12.422407],[122.626492,12.422771],[122.626767,12.423404],[122.625939,12.423403],[122.626214,12.424398],[122.62741,12.424219],[122.627501,12.424942],[122.627225,12.424671],[122.625844,12.425211]]],[[[122.62851,12.426662],[122.628416,12.42838],[122.627681,12.427474],[122.627588,12.428288],[122.628139,12.428741],[122.62832,12.431183],[122.629055,12.431817],[122.629972,12.434079],[122.628591,12.43462],[122.627944,12.436789],[122.627207,12.437331],[122.627942,12.437874],[122.627757,12.43923],[122.625088,12.439679],[122.624446,12.438231],[122.624539,12.437327],[122.625549,12.438504],[122.624907,12.437418],[122.625459,12.437057],[122.625277,12.436152],[122.624264,12.436422],[122.624447,12.437146],[122.623896,12.436693],[122.623987,12.437417],[122.623618,12.437507],[122.623069,12.435968],[122.623622,12.435155],[122.623162,12.435064],[122.623071,12.433979],[122.621785,12.432982],[122.62344,12.433618],[122.624361,12.432986],[122.627305,12.433261],[122.626937,12.432899],[122.624913,12.432806],[122.623257,12.433165],[122.622245,12.432712],[122.623441,12.432623],[122.623903,12.43181],[122.624547,12.431811],[122.624364,12.430725],[122.62621,12.427111],[122.626578,12.42684],[122.627221,12.427474],[122.626579,12.426207],[122.627225,12.425123],[122.627683,12.426208],[122.62851,12.426662]]],[[[122.622508,12.441755],[122.622324,12.441936],[122.622048,12.441935],[122.622508,12.441755]]],[[[122.622047,12.442568],[122.6226,12.442207],[122.622507,12.44284],[122.622047,12.442568]]],[[[122.62361,12.443475],[122.624162,12.443295],[122.623702,12.443656],[122.62361,12.443475]]],[[[122.624988,12.445195],[122.626,12.445106],[122.626919,12.44565],[122.62701,12.446554],[122.625169,12.447365],[122.623881,12.447002],[122.623696,12.447363],[122.622594,12.446186],[122.623422,12.446459],[122.624066,12.445917],[122.623239,12.445735],[122.624344,12.444923],[122.62324,12.444559],[122.624069,12.444289],[122.62407,12.443747],[122.624898,12.443838],[122.624988,12.445195]]],[[[122.61936,12.455406],[122.619636,12.455496],[122.61936,12.455586],[122.61936,12.455406]]],[[[122.623221,12.457581],[122.623773,12.458125],[122.624326,12.457673],[122.624601,12.458126],[122.623496,12.458395],[122.623221,12.457581]]],[[[122.622759,12.459389],[122.622759,12.45948],[122.622667,12.459389],[122.622759,12.459389]]],[[[122.62285,12.459751],[122.622942,12.460113],[122.622481,12.460383],[122.62285,12.459751]]],[[[122.626797,12.466629],[122.626708,12.46482],[122.626889,12.466629],[122.626797,12.466629]]],[[[122.622194,12.467798],[122.62201,12.467798],[122.622195,12.467617],[122.622194,12.467798]]],[[[122.626795,12.467986],[122.626703,12.467985],[122.626796,12.467805],[122.626795,12.467986]]],[[[122.621089,12.46852],[122.621181,12.46843],[122.621181,12.46852],[122.621089,12.46852]]],[[[122.619432,12.46888],[122.619249,12.468608],[122.619709,12.468157],[122.619892,12.46879],[122.619432,12.46888]]],[[[122.620812,12.469424],[122.62026,12.469062],[122.619985,12.468157],[122.620353,12.468338],[122.620812,12.469424]]],[[[122.625138,12.468797],[122.625873,12.46916],[122.625228,12.470244],[122.623663,12.470242],[122.623941,12.469157],[122.625138,12.468797]]],[[[122.622376,12.469788],[122.621916,12.469787],[122.62164,12.469335],[122.622008,12.469335],[122.622376,12.469788]]],[[[122.621546,12.470872],[122.622099,12.469968],[122.622097,12.471234],[122.620901,12.471052],[122.620812,12.469605],[122.621455,12.469877],[122.621546,12.470872]]],[[[122.61998,12.471684],[122.619704,12.471502],[122.619889,12.471231],[122.61998,12.471684]]],[[[122.619888,12.471955],[122.619243,12.472135],[122.619244,12.471863],[122.619888,12.471955]]],[[[122.6232,12.472321],[122.623384,12.472412],[122.623108,12.472773],[122.6232,12.472321]]],[[[122.626788,12.473321],[122.626696,12.473321],[122.626788,12.47305],[122.626788,12.473321]]],[[[122.623382,12.473859],[122.623198,12.473587],[122.623566,12.473769],[122.623566,12.473949],[122.623382,12.473859]]],[[[122.62007,12.473492],[122.620991,12.472951],[122.621819,12.473223],[122.622185,12.474128],[122.621449,12.474399],[122.620621,12.473945],[122.620343,12.47512],[122.619883,12.47521],[122.62007,12.473492]]],[[[122.623933,12.474945],[122.623932,12.475125],[122.623656,12.475125],[122.623933,12.474945]]],[[[122.623563,12.475668],[122.623656,12.475306],[122.623655,12.475668],[122.623563,12.475668]]],[[[122.619515,12.475391],[122.619975,12.475572],[122.619698,12.475933],[122.619515,12.475391]]],[[[122.623747,12.475939],[122.623655,12.475939],[122.623747,12.475849],[122.623747,12.475939]]],[[[122.626507,12.476666],[122.626599,12.476847],[122.626507,12.476847],[122.626507,12.476666]]],[[[122.626691,12.476847],[122.62669,12.476938],[122.626599,12.476847],[122.626691,12.476847]]],[[[122.619601,12.47946],[122.619509,12.47946],[122.619601,12.47937],[122.619601,12.47946]]],[[[122.619509,12.47955],[122.619416,12.479731],[122.619417,12.47955],[122.619509,12.47955]]],[[[122.627887,12.282154],[122.628531,12.281974],[122.628162,12.282426],[122.627887,12.282154]]],[[[122.627702,12.282606],[122.627794,12.282425],[122.627794,12.282606],[122.627702,12.282606]]],[[[122.62807,12.282787],[122.628253,12.283511],[122.627516,12.284324],[122.627794,12.282877],[122.62807,12.282787]]],[[[122.628804,12.283693],[122.629356,12.283874],[122.629172,12.283964],[122.628988,12.283874],[122.62862,12.284145],[122.628804,12.283693]]],[[[122.628436,12.284235],[122.628344,12.284235],[122.628436,12.284144],[122.628436,12.284235]]],[[[122.629447,12.284327],[122.629355,12.284507],[122.628618,12.285139],[122.628527,12.284687],[122.629447,12.284327]]],[[[122.630457,12.285413],[122.630181,12.285141],[122.630457,12.285051],[122.630457,12.285413]]],[[[122.632114,12.284149],[122.631836,12.285777],[122.629165,12.288486],[122.629258,12.287582],[122.631468,12.285505],[122.631563,12.283244],[122.632114,12.284149]]],[[[122.627231,12.290744],[122.626955,12.290744],[122.627139,12.290473],[122.627231,12.290744]]],[[[122.63689,12.288496],[122.634959,12.288403],[122.635328,12.28768],[122.63735,12.288226],[122.636981,12.288949],[122.635049,12.289308],[122.635048,12.290302],[122.633393,12.289939],[122.633485,12.290391],[122.632841,12.29048],[122.632472,12.291475],[122.629896,12.292104],[122.627225,12.294813],[122.626398,12.294179],[122.625845,12.295264],[122.624098,12.29499],[122.620883,12.292273],[122.622263,12.292455],[122.622999,12.291643],[122.623643,12.292005],[122.623368,12.291191],[122.62392,12.291101],[122.624105,12.290378],[122.624841,12.290289],[122.625299,12.291555],[122.625943,12.291285],[122.626861,12.29201],[122.626955,12.291015],[122.627783,12.290654],[122.62815,12.291107],[122.628703,12.290475],[122.629533,12.288396],[122.632201,12.287495],[122.633122,12.286592],[122.634777,12.286956],[122.634774,12.288765],[122.63689,12.288496]]],[[[122.628595,12.301326],[122.628503,12.301507],[122.628412,12.301326],[122.628595,12.301326]]],[[[122.629329,12.302684],[122.629421,12.302774],[122.629329,12.302774],[122.629329,12.302684]]],[[[122.63272,12.310917],[122.632721,12.310827],[122.632812,12.310918],[122.63272,12.310917]]],[[[122.63399,12.323941],[122.633439,12.323398],[122.631416,12.323214],[122.629119,12.321312],[122.629672,12.320861],[122.631695,12.320682],[122.63197,12.321497],[122.63243,12.321136],[122.633532,12.322313],[122.63399,12.323941]]],[[[122.629208,12.323573],[122.628565,12.323029],[122.628749,12.322668],[122.629208,12.323302],[122.629208,12.323573]]],[[[122.631498,12.39601],[122.631406,12.39601],[122.631498,12.39592],[122.631498,12.39601]]],[[[122.628902,12.410023],[122.628625,12.410565],[122.628258,12.409932],[122.628902,12.410023]]],[[[122.626969,12.410925],[122.627702,12.413096],[122.627886,12.413006],[122.627703,12.411921],[122.628623,12.412103],[122.62844,12.411289],[122.627521,12.410654],[122.627798,12.410203],[122.628991,12.411922],[122.628807,12.412465],[122.628071,12.412283],[122.627977,12.413277],[122.627426,12.413186],[122.626875,12.412191],[122.627424,12.414362],[122.626781,12.413909],[122.626507,12.411829],[122.626969,12.410925]]],[[[122.630461,12.413733],[122.631749,12.413916],[122.629631,12.414727],[122.628989,12.413731],[122.62936,12.411199],[122.629632,12.414274],[122.630461,12.413733]]],[[[122.628895,12.414726],[122.629722,12.415631],[122.628619,12.414725],[122.62853,12.413097],[122.628895,12.414726]]],[[[122.627516,12.414452],[122.627516,12.414543],[122.627424,12.414452],[122.627516,12.414452]]],[[[122.631742,12.418528],[122.631742,12.418618],[122.63165,12.418527],[122.631742,12.418528]]],[[[122.631834,12.418618],[122.631834,12.418709],[122.631742,12.418618],[122.631834,12.418618]]],[[[122.631373,12.419431],[122.631373,12.419341],[122.631465,12.419431],[122.631373,12.419431]]],[[[122.631925,12.419703],[122.631465,12.419522],[122.631925,12.419161],[122.632109,12.419342],[122.631925,12.419703]]],[[[122.631648,12.420246],[122.63128,12.420064],[122.631188,12.419702],[122.631556,12.419793],[122.631648,12.420246]]],[[[122.62732,12.422772],[122.627783,12.420873],[122.627601,12.418884],[122.626407,12.417706],[122.626684,12.416893],[122.627513,12.416713],[122.627235,12.417979],[122.627603,12.417708],[122.627791,12.414724],[122.628343,12.414725],[122.629721,12.416354],[122.629906,12.415722],[122.630271,12.417802],[122.631558,12.418437],[122.630914,12.418798],[122.630362,12.418254],[122.630452,12.420244],[122.63082,12.420335],[122.63082,12.419792],[122.631279,12.420697],[122.62999,12.4216],[122.629897,12.422142],[122.630356,12.422505],[122.630447,12.42359],[122.631551,12.423591],[122.629802,12.424041],[122.628972,12.425577],[122.628146,12.424174],[122.628145,12.424762],[122.627593,12.424942],[122.627962,12.4244],[122.627319,12.423133],[122.627828,12.423635],[122.62732,12.422772]],[[122.629905,12.416536],[122.629813,12.416355],[122.629813,12.416535],[122.629905,12.416536]]],[[[122.627138,12.421505],[122.62723,12.421325],[122.62723,12.421506],[122.627138,12.421505]]],[[[122.633117,12.422327],[122.632013,12.422235],[122.632749,12.422236],[122.633118,12.421514],[122.633117,12.422327]]],[[[122.630078,12.424584],[122.629893,12.424855],[122.630354,12.424132],[122.630998,12.423952],[122.630078,12.424584]]],[[[122.629801,12.425036],[122.629709,12.425036],[122.629801,12.424855],[122.629801,12.425036]]],[[[122.629524,12.425307],[122.629617,12.425216],[122.629616,12.425307],[122.629524,12.425307]]],[[[122.630721,12.424947],[122.630627,12.426213],[122.630353,12.425217],[122.629984,12.42585],[122.629893,12.425036],[122.630721,12.424947]]],[[[122.628972,12.425668],[122.62888,12.425668],[122.628972,12.425577],[122.628972,12.425668]]],[[[122.630351,12.426664],[122.629797,12.427839],[122.629614,12.427296],[122.629983,12.426121],[122.630351,12.426664]]],[[[122.629521,12.427658],[122.629429,12.427658],[122.629521,12.427567],[122.629521,12.427658]]],[[[122.627847,12.440044],[122.627387,12.440044],[122.627756,12.439411],[122.627847,12.440044]]],[[[122.631056,12.448278],[122.631791,12.448912],[122.631331,12.449092],[122.630964,12.448639],[122.631056,12.448278]]],[[[122.632434,12.449907],[122.632342,12.449907],[122.632434,12.449727],[122.632434,12.449907]]],[[[122.632065,12.45045],[122.631881,12.45063],[122.632066,12.449907],[122.632065,12.45045]]],[[[122.629853,12.45325],[122.630129,12.453521],[122.629943,12.454335],[122.629483,12.454334],[122.629853,12.45325]]],[[[122.63114,12.454065],[122.630495,12.454517],[122.630589,12.453251],[122.630957,12.453251],[122.63114,12.454065]]],[[[122.629942,12.455601],[122.629574,12.45542],[122.629758,12.455149],[122.629942,12.455601]]],[[[122.630215,12.457591],[122.630031,12.457681],[122.630215,12.45732],[122.630215,12.457591]]],[[[122.628464,12.459397],[122.628648,12.459216],[122.628556,12.459397],[122.628464,12.459397]]],[[[122.628644,12.46211],[122.628828,12.46193],[122.628736,12.46211],[122.628644,12.46211]]],[[[122.62892,12.462382],[122.628827,12.462924],[122.627999,12.462471],[122.627541,12.461566],[122.62892,12.462382]]],[[[122.628826,12.463738],[122.629289,12.461297],[122.628922,12.460845],[122.629566,12.460755],[122.630209,12.46166],[122.629656,12.462564],[122.629839,12.463378],[122.628826,12.463738]]],[[[122.627539,12.462561],[122.627539,12.462923],[122.626802,12.463193],[122.627539,12.462561]]],[[[122.630291,12.468533],[122.630016,12.468261],[122.630384,12.468171],[122.630291,12.468533]]],[[[122.627253,12.469614],[122.626977,12.469342],[122.626703,12.468076],[122.627162,12.468981],[122.627253,12.469614]]],[[[122.630196,12.471065],[122.630564,12.471156],[122.630379,12.471969],[122.629734,12.471878],[122.630196,12.471065]]],[[[122.630006,12.474863],[122.629914,12.474862],[122.630006,12.474772],[122.630006,12.474863]]],[[[122.628071,12.477121],[122.627518,12.477572],[122.62715,12.477119],[122.627058,12.477481],[122.62669,12.476938],[122.627335,12.476848],[122.628072,12.475855],[122.628071,12.477121]]],[[[122.628252,12.478749],[122.6277,12.478838],[122.628253,12.478477],[122.628252,12.478749]]],[[[122.630826,12.480742],[122.631286,12.480652],[122.630918,12.480923],[122.630826,12.480742]]],[[[122.636691,12.299619],[122.636599,12.299619],[122.636691,12.299529],[122.636691,12.299619]]],[[[122.636047,12.299709],[122.636139,12.299618],[122.636139,12.299709],[122.636047,12.299709]]],[[[122.635399,12.302782],[122.635399,12.302873],[122.635307,12.302782],[122.635399,12.302782]]],[[[122.633259,12.320323],[122.633167,12.320323],[122.633259,12.320232],[122.633259,12.320323]]],[[[122.633074,12.321136],[122.632798,12.321317],[122.632706,12.321136],[122.633074,12.321136]]],[[[122.633252,12.325297],[122.63316,12.325206],[122.633252,12.325206],[122.633252,12.325297]]],[[[122.633344,12.325297],[122.633344,12.325387],[122.633252,12.325297],[122.633344,12.325297]]],[[[122.635091,12.325932],[122.635183,12.325751],[122.635183,12.325932],[122.635091,12.325932]]],[[[122.634223,12.354507],[122.634316,12.354416],[122.634315,12.354507],[122.634223,12.354507]]],[[[122.634743,12.377477],[122.634835,12.377477],[122.634743,12.377657],[122.634743,12.377477]]],[[[122.635449,12.399181],[122.63499,12.398637],[122.635081,12.399271],[122.635908,12.399724],[122.635448,12.400356],[122.634805,12.399361],[122.634068,12.399812],[122.633978,12.398726],[122.634807,12.398095],[122.634993,12.396377],[122.636282,12.395565],[122.636189,12.39674],[122.635267,12.397824],[122.635449,12.399181]],[[122.634715,12.398275],[122.634807,12.398275],[122.634715,12.398185],[122.634715,12.398275]],[[122.634898,12.398366],[122.634806,12.398366],[122.634898,12.398456],[122.634898,12.398366]]],[[[122.633212,12.419796],[122.632937,12.419705],[122.633213,12.419615],[122.633212,12.419796]]],[[[122.633396,12.419886],[122.633304,12.419886],[122.633396,12.419796],[122.633396,12.419886]]],[[[122.636062,12.421608],[122.636154,12.421518],[122.636154,12.421608],[122.636062,12.421608]]],[[[122.635878,12.421608],[122.63597,12.421608],[122.635878,12.421698],[122.635878,12.421608]]],[[[122.635878,12.421789],[122.635786,12.421788],[122.635878,12.421698],[122.635878,12.421789]]],[[[122.635602,12.421788],[122.635786,12.421879],[122.635602,12.421879],[122.635602,12.421788]]],[[[122.635602,12.421969],[122.63551,12.421969],[122.635602,12.421879],[122.635602,12.421969]]],[[[122.635509,12.422059],[122.635417,12.422059],[122.63551,12.421969],[122.635509,12.422059]]],[[[122.635325,12.42215],[122.635417,12.422059],[122.635417,12.42215],[122.635325,12.42215]]],[[[122.635049,12.42242],[122.635049,12.42224],[122.635325,12.42224],[122.635049,12.42242]]],[[[122.634404,12.422691],[122.634589,12.42242],[122.635049,12.422692],[122.634404,12.422691]]],[[[122.634312,12.422781],[122.634404,12.422691],[122.634404,12.422781],[122.634312,12.422781]]],[[[122.634312,12.422872],[122.63422,12.422871],[122.634312,12.422781],[122.634312,12.422872]]],[[[122.633375,12.434807],[122.633376,12.434717],[122.633467,12.434807],[122.633375,12.434807]]],[[[122.63411,12.436074],[122.634202,12.435984],[122.634202,12.436074],[122.63411,12.436074]]],[[[122.633994,12.452984],[122.633902,12.452984],[122.633994,12.452894],[122.633994,12.452984]]],[[[122.633073,12.453797],[122.633165,12.453797],[122.633073,12.453887],[122.633073,12.453797]]],[[[122.635094,12.45597],[122.63491,12.45597],[122.635094,12.455879],[122.635094,12.45597]]],[[[122.636197,12.457056],[122.636289,12.456876],[122.636289,12.457057],[122.636197,12.457056]]],[[[122.635277,12.456784],[122.635091,12.457869],[122.635459,12.458321],[122.634723,12.457868],[122.634171,12.458229],[122.634817,12.456422],[122.635277,12.456784]]],[[[122.63546,12.457688],[122.635369,12.456784],[122.636839,12.458595],[122.63546,12.457688]]],[[[122.635915,12.460854],[122.635639,12.460854],[122.635916,12.460764],[122.635915,12.460854]]],[[[122.633615,12.460761],[122.634259,12.460671],[122.634627,12.461124],[122.633707,12.460942],[122.633615,12.460761]]],[[[122.635803,12.475142],[122.635527,12.475141],[122.635436,12.47478],[122.635804,12.474961],[122.635803,12.475142]]],[[[122.636448,12.475143],[122.63654,12.475052],[122.63654,12.475143],[122.636448,12.475143]]],[[[122.635985,12.47686],[122.636077,12.47677],[122.636077,12.47686],[122.635985,12.47686]]],[[[122.633868,12.477581],[122.633683,12.477671],[122.633868,12.47749],[122.633868,12.477581]]],[[[122.636905,12.477314],[122.636812,12.477585],[122.635155,12.478306],[122.635524,12.477493],[122.636905,12.477314]]],[[[122.637179,12.478309],[122.635982,12.47885],[122.635154,12.478668],[122.636167,12.478579],[122.636167,12.478126],[122.637917,12.477496],[122.637179,12.478309]]],[[[122.637269,12.479846],[122.637177,12.480027],[122.63598,12.480296],[122.637269,12.479846]]],[[[122.639821,12.296639],[122.639454,12.296458],[122.639822,12.296458],[122.639821,12.296639]]],[[[122.639636,12.297453],[122.637706,12.297088],[122.637062,12.297178],[122.637522,12.296636],[122.639636,12.297453]]],[[[122.638609,12.309117],[122.638517,12.309207],[122.638517,12.309117],[122.638609,12.309117]]],[[[122.638517,12.309297],[122.638333,12.309297],[122.638517,12.309207],[122.638517,12.309297]]],[[[122.638676,12.39394],[122.638584,12.39394],[122.638677,12.393759],[122.638676,12.39394]]],[[[122.638584,12.39403],[122.638492,12.394121],[122.638492,12.39403],[122.638584,12.39403]]],[[[122.637325,12.439967],[122.637417,12.440057],[122.637325,12.440057],[122.637325,12.439967]]],[[[122.640628,12.446301],[122.640721,12.446121],[122.640997,12.446302],[122.640628,12.446301]]],[[[122.640536,12.446392],[122.640444,12.446391],[122.640536,12.446301],[122.640536,12.446392]]],[[[122.64026,12.446572],[122.640076,12.446843],[122.639892,12.446572],[122.64026,12.446572]]],[[[122.640443,12.447205],[122.640351,12.447024],[122.640535,12.447205],[122.640443,12.447205]]],[[[122.638501,12.454075],[122.638317,12.454437],[122.637949,12.454255],[122.638501,12.454075]]],[[[122.636657,12.457238],[122.636933,12.457057],[122.636841,12.457238],[122.636657,12.457238]]],[[[122.639687,12.461673],[122.639595,12.461673],[122.639687,12.461583],[122.639687,12.461673]]],[[[122.637562,12.467819],[122.637562,12.467729],[122.637654,12.467819],[122.637562,12.467819]]],[[[122.638937,12.47171],[122.639673,12.471982],[122.639119,12.473247],[122.639394,12.474152],[122.638383,12.473427],[122.638292,12.472523],[122.638937,12.47171]]],[[[122.638291,12.473336],[122.63829,12.473608],[122.637645,12.474421],[122.636449,12.474238],[122.637185,12.474058],[122.63737,12.473335],[122.638291,12.473336]]],[[[122.637,12.474691],[122.636816,12.474691],[122.637001,12.474601],[122.637,12.474691]]],[[[122.637276,12.474692],[122.638105,12.474512],[122.638196,12.474964],[122.637276,12.474782],[122.637276,12.474692]]],[[[122.638933,12.474875],[122.639945,12.474695],[122.639024,12.475056],[122.638933,12.474875]]],[[[122.637091,12.475415],[122.638656,12.475146],[122.63976,12.475418],[122.639759,12.476232],[122.635986,12.475956],[122.635709,12.476679],[122.63571,12.475955],[122.636171,12.475594],[122.639115,12.47605],[122.639115,12.47587],[122.637367,12.475686],[122.637091,12.475415]]],[[[122.637182,12.4765],[122.636813,12.476771],[122.636722,12.476409],[122.637182,12.4765]]],[[[122.63801,12.476501],[122.63801,12.476953],[122.637366,12.476591],[122.63801,12.476501]]],[[[122.63893,12.476774],[122.638469,12.477225],[122.63847,12.476683],[122.63893,12.476774]]],[[[122.639573,12.47786],[122.638928,12.47813],[122.639757,12.477589],[122.639573,12.47786]]],[[[122.638191,12.478491],[122.637823,12.47849],[122.637824,12.478038],[122.638191,12.478491]]],[[[122.640216,12.478584],[122.639296,12.478583],[122.639479,12.479126],[122.63902,12.478401],[122.640033,12.477499],[122.640861,12.477771],[122.640216,12.478584]]],[[[122.636903,12.478489],[122.637179,12.478399],[122.636995,12.47867],[122.636903,12.478489]]],[[[122.640584,12.478494],[122.641872,12.478677],[122.641779,12.479219],[122.641136,12.479037],[122.640029,12.480664],[122.638925,12.480753],[122.637361,12.479846],[122.638466,12.479757],[122.639569,12.480301],[122.640583,12.479579],[122.640584,12.478494]]],[[[122.641944,12.291125],[122.643323,12.291127],[122.643966,12.29158],[122.643874,12.292032],[122.642403,12.291759],[122.641944,12.291125]]],[[[122.641642,12.310206],[122.641367,12.310025],[122.641551,12.310025],[122.641642,12.310206]]],[[[122.644425,12.361122],[122.644517,12.361031],[122.644517,12.361122],[122.644425,12.361122]]],[[[122.64424,12.361573],[122.644148,12.361573],[122.64424,12.361483],[122.64424,12.361573]]],[[[122.642737,12.384722],[122.642553,12.384721],[122.642737,12.384631],[122.642737,12.384722]]],[[[122.642369,12.384721],[122.642461,12.384721],[122.642369,12.384811],[122.642369,12.384721]]],[[[122.642737,12.384812],[122.642645,12.384902],[122.642645,12.384812],[122.642737,12.384812]]],[[[122.644466,12.398288],[122.644558,12.398108],[122.644558,12.398288],[122.644466,12.398288]]],[[[122.641189,12.439791],[122.64119,12.439701],[122.641281,12.439791],[122.641189,12.439791]]],[[[122.643025,12.443592],[122.64284,12.443591],[122.643025,12.443411],[122.643025,12.443592]]],[[[122.643208,12.443773],[122.6433,12.443773],[122.643208,12.443863],[122.643208,12.443773]]],[[[122.645042,12.448387],[122.64495,12.448387],[122.645042,12.448297],[122.645042,12.448387]]],[[[122.644581,12.449291],[122.644673,12.449291],[122.644581,12.449381],[122.644581,12.449291]]],[[[122.649563,12.301625],[122.649471,12.301625],[122.649563,12.301535],[122.649563,12.301625]]],[[[122.649562,12.301896],[122.649378,12.302077],[122.649379,12.301806],[122.649562,12.301896]]],[[[122.657004,12.307874],[122.658383,12.308238],[122.658105,12.309413],[122.658563,12.311313],[122.65755,12.312487],[122.654513,12.313478],[122.65396,12.314291],[122.652489,12.31438],[122.652119,12.315916],[122.650832,12.315372],[122.650188,12.315643],[122.650097,12.314738],[122.649638,12.314466],[122.649728,12.316094],[122.648808,12.315822],[122.648348,12.316273],[122.647061,12.315729],[122.646417,12.31618],[122.646417,12.315457],[122.646047,12.317265],[122.646414,12.317989],[122.645218,12.31862],[122.644849,12.319434],[122.644573,12.319162],[122.644019,12.320518],[122.639508,12.32422],[122.639877,12.322954],[122.639234,12.323044],[122.639419,12.322321],[122.640246,12.322593],[122.641352,12.321057],[122.641168,12.320966],[122.640984,12.321147],[122.640338,12.322141],[122.639603,12.32214],[122.639605,12.320783],[122.640984,12.320785],[122.64117,12.319429],[122.642643,12.317984],[122.642921,12.316357],[122.643566,12.315544],[122.644853,12.31645],[122.64559,12.315546],[122.645226,12.312652],[122.648076,12.312837],[122.648262,12.311661],[122.650195,12.310579],[122.650656,12.309675],[122.653507,12.309046],[122.655625,12.30724],[122.6559,12.308054],[122.655994,12.306607],[122.656729,12.307331],[122.65636,12.307693],[122.656543,12.308416],[122.657003,12.308417],[122.657004,12.307874]],[[122.658015,12.308509],[122.657739,12.308237],[122.65737,12.308779],[122.655806,12.309229],[122.655716,12.308325],[122.65498,12.308234],[122.655347,12.309229],[122.656266,12.309592],[122.658015,12.308509]],[[122.641444,12.320876],[122.641352,12.320967],[122.641444,12.320967],[122.641444,12.320876]]],[[[122.649083,12.316274],[122.648992,12.316274],[122.649084,12.316184],[122.649083,12.316274]]],[[[122.648807,12.316364],[122.648624,12.316364],[122.648808,12.316274],[122.648807,12.316364]]],[[[122.647107,12.349912],[122.647107,12.349731],[122.647199,12.349912],[122.647107,12.349912]]],[[[122.646817,12.360401],[122.646725,12.360401],[122.646817,12.36022],[122.646817,12.360401]]],[[[122.645988,12.361124],[122.646633,12.360401],[122.646633,12.360853],[122.64608,12.361395],[122.645988,12.361124]]],[[[122.64635,12.365465],[122.646258,12.365465],[122.646351,12.365374],[122.64635,12.365465]]],[[[122.647881,12.389883],[122.647973,12.389883],[122.647881,12.389973],[122.647881,12.389883]]],[[[122.647145,12.390605],[122.647053,12.390605],[122.647145,12.390334],[122.647145,12.390605]]],[[[122.645937,12.399375],[122.646029,12.399195],[122.646213,12.399376],[122.645937,12.399375]]],[[[122.649522,12.401189],[122.64943,12.401098],[122.649522,12.401098],[122.649522,12.401189]]],[[[122.645829,12.411131],[122.645921,12.411131],[122.645829,12.411221],[122.645829,12.411131]]],[[[122.646013,12.411312],[122.645921,12.411222],[122.646013,12.411222],[122.646013,12.411312]]],[[[122.649037,12.420178],[122.648668,12.420539],[122.648577,12.420358],[122.649037,12.420178]]],[[[122.645354,12.421892],[122.645262,12.421891],[122.645354,12.421801],[122.645354,12.421892]]],[[[122.648278,12.437359],[122.64837,12.437178],[122.648554,12.437359],[122.648278,12.437359]]],[[[122.648,12.438353],[122.648,12.438444],[122.647816,12.438353],[122.648,12.438353]]],[[[122.649374,12.443148],[122.649467,12.442605],[122.64965,12.443148],[122.649374,12.443148]]],[[[122.6467,12.447214],[122.646424,12.447213],[122.646608,12.447033],[122.6467,12.447214]]],[[[122.635436,12.474508],[122.633871,12.475139],[122.633596,12.474596],[122.633594,12.475953],[122.634146,12.476134],[122.633962,12.475682],[122.634791,12.475502],[122.634331,12.474959],[122.635803,12.475413],[122.634881,12.476678],[122.633777,12.476586],[122.634052,12.47731],[122.633223,12.477489],[122.633222,12.478755],[122.632764,12.476946],[122.632669,12.478845],[122.631938,12.475679],[122.631476,12.476583],[122.632028,12.477216],[122.631934,12.47803],[122.630922,12.478119],[122.631841,12.479115],[122.63138,12.479657],[122.630643,12.479837],[122.630092,12.479022],[122.62954,12.479022],[122.628711,12.479744],[122.628435,12.479382],[122.628896,12.478749],[122.628437,12.478116],[122.627056,12.478837],[122.627978,12.477573],[122.628621,12.478026],[122.62991,12.477847],[122.629082,12.477484],[122.628991,12.47676],[122.628255,12.47703],[122.628257,12.475674],[122.628902,12.474861],[122.629914,12.474862],[122.629361,12.475495],[122.630097,12.476129],[122.630191,12.474682],[122.631848,12.47387],[122.632128,12.47152],[122.631482,12.472604],[122.631665,12.473328],[122.629457,12.472601],[122.630929,12.472784],[122.631855,12.469349],[122.632958,12.469712],[122.633512,12.468356],[122.634617,12.468448],[122.63471,12.467273],[122.635446,12.467274],[122.633239,12.466638],[122.63379,12.467272],[122.630753,12.467629],[122.63103,12.466635],[122.631397,12.467268],[122.633884,12.465825],[122.63324,12.465824],[122.632595,12.466275],[122.632965,12.4651],[122.632229,12.464738],[122.633889,12.462569],[122.633522,12.461574],[122.635453,12.462662],[122.636097,12.462482],[122.63481,12.461938],[122.634626,12.461395],[122.635639,12.461215],[122.636098,12.461849],[122.636375,12.461488],[122.638583,12.461672],[122.638583,12.461219],[122.637848,12.460857],[122.636191,12.460945],[122.637388,12.460313],[122.637021,12.460132],[122.635916,12.460492],[122.636376,12.460222],[122.635917,12.459769],[122.636746,12.459408],[122.634445,12.459767],[122.633894,12.458952],[122.634537,12.459315],[122.63417,12.458772],[122.634631,12.458411],[122.635275,12.458502],[122.634814,12.459134],[122.635919,12.458593],[122.63693,12.459228],[122.63785,12.459139],[122.636656,12.45769],[122.637208,12.45751],[122.636932,12.457871],[122.637759,12.458325],[122.638221,12.457059],[122.639508,12.458146],[122.638866,12.456789],[122.637485,12.456877],[122.638222,12.456155],[122.639234,12.456699],[122.639695,12.456247],[122.637395,12.455882],[122.63721,12.456244],[122.63767,12.456516],[122.636381,12.456876],[122.636474,12.455881],[122.636843,12.455249],[122.638408,12.454889],[122.639511,12.456066],[122.640983,12.455797],[122.641168,12.455435],[122.640524,12.455254],[122.640709,12.454621],[122.639512,12.455071],[122.638685,12.454347],[122.640804,12.452722],[122.642092,12.452724],[122.643102,12.453991],[122.644574,12.454445],[122.643837,12.454806],[122.644665,12.455169],[122.645127,12.453903],[122.646139,12.453814],[122.64614,12.453452],[122.645219,12.453542],[122.645404,12.45309],[122.646508,12.453272],[122.646417,12.452368],[122.64559,12.451914],[122.642184,12.452543],[122.642186,12.451096],[122.641724,12.452452],[122.640804,12.452541],[122.639422,12.453444],[122.638779,12.453262],[122.638871,12.452719],[122.639608,12.45263],[122.639147,12.452629],[122.63924,12.451906],[122.638688,12.452538],[122.638044,12.451995],[122.63749,12.45326],[122.638502,12.453261],[122.63795,12.453622],[122.63758,12.454888],[122.636936,12.454978],[122.636201,12.453982],[122.635741,12.454253],[122.635739,12.455519],[122.634451,12.454974],[122.634172,12.457325],[122.633526,12.4585],[122.632974,12.458409],[122.633341,12.459042],[122.632789,12.459041],[122.632971,12.460398],[122.632695,12.460578],[122.632237,12.45895],[122.632422,12.458227],[122.632053,12.459221],[122.632419,12.460397],[122.632143,12.460397],[122.631501,12.459401],[122.631872,12.457231],[122.632516,12.457323],[122.632885,12.456329],[122.632611,12.454881],[122.633071,12.455063],[122.632981,12.453887],[122.6339,12.45425],[122.633715,12.454792],[122.636387,12.452897],[122.637122,12.453712],[122.636755,12.452988],[122.637308,12.451813],[122.639519,12.450369],[122.639151,12.450188],[122.637401,12.451361],[122.636387,12.452716],[122.634269,12.45407],[122.634086,12.452803],[122.635283,12.452534],[122.636849,12.451089],[122.633718,12.452712],[122.632432,12.451445],[122.632618,12.449998],[122.632803,12.449365],[122.635472,12.449098],[122.636026,12.447832],[122.636946,12.447924],[122.636211,12.446657],[122.636214,12.444758],[122.635386,12.444938],[122.635937,12.445481],[122.636027,12.446566],[122.634279,12.446745],[122.633728,12.446111],[122.633821,12.445117],[122.633362,12.444573],[122.632901,12.444754],[122.632992,12.445929],[122.632532,12.445567],[122.631887,12.44638],[122.633175,12.446472],[122.633082,12.447195],[122.63391,12.447377],[122.632713,12.448009],[122.629033,12.44728],[122.628116,12.445018],[122.628486,12.444205],[122.629312,12.44511],[122.629864,12.445111],[122.62913,12.444206],[122.631062,12.443937],[122.631433,12.4424],[122.633089,12.442041],[122.63309,12.441227],[122.632355,12.440955],[122.632909,12.439599],[122.633275,12.440775],[122.633005,12.436706],[122.632636,12.437248],[122.633094,12.438333],[122.632267,12.437699],[122.632821,12.436434],[122.633466,12.436073],[122.633745,12.433542],[122.632917,12.43336],[122.633376,12.434445],[122.631536,12.434172],[122.631261,12.433719],[122.632182,12.432906],[122.633199,12.429652],[122.633657,12.430829],[122.634209,12.43092],[122.63421,12.429925],[122.633107,12.42911],[122.633941,12.424951],[122.634953,12.425495],[122.634308,12.426127],[122.634583,12.42658],[122.635412,12.425948],[122.634954,12.42441],[122.635049,12.422692],[122.636613,12.422242],[122.635504,12.425767],[122.635686,12.427485],[122.637525,12.42803],[122.639091,12.426676],[122.638261,12.428212],[122.638629,12.428484],[122.639368,12.425953],[122.64029,12.424869],[122.641022,12.427673],[122.642308,12.429303],[122.643413,12.4284],[122.644244,12.426231],[122.643971,12.42406],[122.646642,12.422255],[122.645997,12.423068],[122.646363,12.424515],[122.645165,12.425508],[122.646822,12.425239],[122.648016,12.42705],[122.64682,12.426777],[122.646729,12.426053],[122.646361,12.426053],[122.646544,12.426867],[122.646175,12.427138],[122.644981,12.42596],[122.644796,12.426684],[122.645255,12.427317],[122.644518,12.427678],[122.64645,12.427771],[122.646727,12.427229],[122.647647,12.427049],[122.647094,12.428043],[122.645713,12.428493],[122.645621,12.429126],[122.647462,12.428315],[122.64875,12.428316],[122.648934,12.427865],[122.649484,12.429493],[122.649119,12.427322],[122.647924,12.426416],[122.64664,12.423883],[122.648113,12.42289],[122.648849,12.423343],[122.649035,12.421625],[122.650139,12.421355],[122.650692,12.420542],[122.65106,12.420633],[122.650783,12.421899],[122.651977,12.422985],[122.650689,12.422803],[122.650506,12.42226],[122.650137,12.422802],[122.649586,12.422621],[122.649401,12.423163],[122.650045,12.423254],[122.649676,12.423615],[122.650689,12.423255],[122.650779,12.424521],[122.652159,12.424975],[122.652248,12.426965],[122.652893,12.426423],[122.652618,12.425156],[122.653172,12.424253],[122.654458,12.425521],[122.654,12.424254],[122.654644,12.423893],[122.654093,12.42344],[122.654553,12.423079],[122.654002,12.422717],[122.654187,12.421632],[122.653359,12.421992],[122.65391,12.422626],[122.653449,12.422897],[122.651979,12.421538],[122.652074,12.419187],[122.652535,12.418917],[122.652997,12.417199],[122.654193,12.41702],[122.654746,12.416297],[122.656218,12.416208],[122.654838,12.416478],[122.654193,12.417382],[122.653733,12.417381],[122.654651,12.418467],[122.654559,12.4191],[122.655939,12.418921],[122.655478,12.419734],[122.654466,12.419733],[122.654557,12.420185],[122.655385,12.420186],[122.65649,12.419916],[122.656399,12.418922],[122.65778,12.418381],[122.657965,12.417658],[122.658609,12.417387],[122.657783,12.41612],[122.659162,12.416936],[122.660082,12.416394],[122.661369,12.41721],[122.660356,12.418565],[122.660538,12.41956],[122.658051,12.421727],[122.658049,12.423174],[122.658418,12.422903],[122.658696,12.421366],[122.660262,12.420012],[122.66109,12.420013],[122.660816,12.418294],[122.661553,12.417843],[122.663482,12.419925],[122.664678,12.419655],[122.664586,12.420198],[122.665782,12.419747],[122.665875,12.419295],[122.666887,12.419568],[122.6679,12.418846],[122.668267,12.419389],[122.66753,12.41993],[122.66753,12.420473],[122.668634,12.419841],[122.668727,12.419299],[122.66891,12.419841],[122.668357,12.420745],[122.667713,12.420744],[122.667804,12.421377],[122.664583,12.422639],[122.662096,12.424264],[122.662372,12.424536],[122.6632,12.424266],[122.664214,12.423182],[122.665502,12.423093],[122.666053,12.423636],[122.66679,12.422913],[122.666237,12.424179],[122.666604,12.425084],[122.665775,12.425625],[122.666144,12.425083],[122.6655,12.424901],[122.665591,12.425715],[122.663841,12.42707],[122.664025,12.427251],[122.664853,12.42689],[122.665037,12.427252],[122.663748,12.427522],[122.664391,12.428246],[122.664023,12.428878],[122.665127,12.428789],[122.665862,12.429423],[122.666415,12.428881],[122.66623,12.429695],[122.66531,12.429151],[122.664114,12.429331],[122.663103,12.428606],[122.662642,12.429058],[122.662643,12.428334],[122.662091,12.428062],[122.662274,12.428967],[122.663469,12.429692],[122.662457,12.429962],[122.660987,12.428061],[122.660985,12.429598],[122.661537,12.430051],[122.660249,12.429597],[122.661259,12.431317],[122.659329,12.430048],[122.65841,12.428781],[122.658595,12.428148],[122.657951,12.428238],[122.658228,12.427605],[122.657584,12.427604],[122.657122,12.42896],[122.658686,12.429233],[122.658869,12.429957],[122.658408,12.430409],[122.656475,12.431039],[122.654909,12.432394],[122.65215,12.431576],[122.652333,12.432481],[122.654264,12.432845],[122.655277,12.432756],[122.656659,12.431401],[122.657855,12.431493],[122.658867,12.430861],[122.660339,12.431225],[122.659693,12.432581],[122.662914,12.432313],[122.663098,12.431952],[122.664202,12.432225],[122.663465,12.433038],[122.662729,12.432856],[122.663834,12.432224],[122.662361,12.432765],[122.663588,12.433902],[122.66374,12.433942],[122.66362,12.433932],[122.663924,12.434214],[122.66236,12.434031],[122.661714,12.434934],[122.659229,12.435564],[122.659228,12.436469],[122.658677,12.435654],[122.657665,12.435653],[122.658584,12.436558],[122.658491,12.437462],[122.657111,12.436828],[122.656653,12.435742],[122.655641,12.43565],[122.656284,12.436103],[122.655916,12.436645],[122.654168,12.436372],[122.655731,12.437007],[122.656835,12.436827],[122.657571,12.43728],[122.657386,12.437642],[122.655362,12.43773],[122.656651,12.437279],[122.654811,12.436915],[122.654902,12.437458],[122.653338,12.437637],[122.653705,12.438089],[122.657294,12.437823],[122.657109,12.438455],[122.657477,12.438456],[122.657846,12.437914],[122.659319,12.437554],[122.659594,12.438097],[122.658489,12.438728],[122.65803,12.438366],[122.656832,12.439631],[122.657937,12.439089],[122.657659,12.440445],[122.661064,12.439998],[122.661799,12.44036],[122.660327,12.44072],[122.660603,12.440901],[122.661799,12.440722],[122.660786,12.441173],[122.660601,12.441806],[122.660234,12.441443],[122.659129,12.441985],[122.657381,12.441711],[122.658117,12.442164],[122.657931,12.443611],[122.658944,12.44307],[122.658761,12.442165],[122.659128,12.442618],[122.660141,12.442438],[122.662811,12.440633],[122.663455,12.440995],[122.663271,12.441176],[122.662627,12.440994],[122.662073,12.441988],[122.664557,12.442715],[122.664555,12.4438],[122.662898,12.444702],[122.660506,12.44479],[122.659585,12.445422],[122.660689,12.444971],[122.663081,12.445245],[122.663542,12.444703],[122.66437,12.445066],[122.665383,12.444163],[122.667039,12.444798],[122.666761,12.446063],[122.66409,12.44814],[122.664825,12.449045],[122.665562,12.448323],[122.666481,12.448686],[122.667124,12.450314],[122.666846,12.451489],[122.664545,12.451848],[122.663626,12.451304],[122.662337,12.451303],[122.662155,12.449946],[122.661693,12.451212],[122.66105,12.450849],[122.660959,12.450035],[122.660591,12.450125],[122.661141,12.451121],[122.660865,12.451482],[122.660498,12.450939],[122.659394,12.450757],[122.659211,12.449671],[122.658568,12.448585],[122.658476,12.448766],[122.658935,12.44949],[122.658843,12.449942],[122.658383,12.449308],[122.658106,12.449941],[122.657002,12.450482],[122.655806,12.449938],[122.655345,12.450299],[122.655346,12.449666],[122.65461,12.449485],[122.6559,12.448582],[122.656362,12.447136],[122.656729,12.447859],[122.656915,12.446232],[122.656547,12.446593],[122.656271,12.445869],[122.655076,12.445597],[122.653787,12.445866],[122.653788,12.444872],[122.653144,12.445323],[122.653145,12.44469],[122.653974,12.443877],[122.654068,12.441978],[122.653884,12.44243],[122.653424,12.442249],[122.653607,12.442882],[122.652871,12.443152],[122.652961,12.444238],[122.6525,12.44496],[122.650752,12.444777],[122.649834,12.4436],[122.649834,12.442877],[122.650295,12.442787],[122.649927,12.442787],[122.649653,12.441249],[122.65131,12.440347],[122.650851,12.439623],[122.650298,12.439984],[122.650207,12.439622],[122.649011,12.43953],[122.650117,12.438175],[122.649749,12.437994],[122.649473,12.438265],[122.649658,12.43718],[122.649014,12.436908],[122.65012,12.435553],[122.65058,12.435824],[122.650581,12.434739],[122.647728,12.435278],[122.647175,12.436272],[122.645979,12.435999],[122.645245,12.434371],[122.64506,12.435365],[122.642668,12.435091],[122.642668,12.435362],[122.645611,12.435908],[122.644506,12.436902],[122.644873,12.437264],[122.645518,12.436903],[122.645333,12.437536],[122.646438,12.436995],[122.646439,12.436543],[122.645702,12.436722],[122.645795,12.436361],[122.646899,12.436543],[122.646989,12.437809],[122.647816,12.438263],[122.647172,12.438623],[122.648368,12.438625],[122.647539,12.439257],[122.648459,12.439258],[122.64993,12.440436],[122.648178,12.443327],[122.645878,12.442601],[122.646798,12.443235],[122.645968,12.444048],[122.647441,12.443597],[122.648083,12.445045],[122.646886,12.445948],[122.646609,12.446761],[122.646057,12.446308],[122.64532,12.44685],[122.644032,12.446848],[122.645044,12.447392],[122.644674,12.448929],[122.643752,12.450103],[122.644489,12.449381],[122.644856,12.449834],[122.645961,12.449564],[122.645411,12.448116],[122.645042,12.448297],[122.64532,12.447302],[122.646792,12.447485],[122.647254,12.445948],[122.649556,12.445047],[122.650567,12.445591],[122.649738,12.446132],[122.651025,12.447219],[122.650289,12.446857],[122.648723,12.448663],[122.648721,12.449567],[122.649182,12.448754],[122.650656,12.447852],[122.650747,12.448304],[122.649826,12.449026],[122.650102,12.449388],[122.651116,12.447762],[122.651483,12.448848],[122.651114,12.449299],[122.651574,12.449571],[122.650653,12.449932],[122.649917,12.449659],[122.649916,12.450473],[122.651481,12.450114],[122.652401,12.450476],[122.653414,12.449935],[122.65378,12.451021],[122.655437,12.450571],[122.656081,12.450843],[122.656171,12.452109],[122.658473,12.451298],[122.659116,12.452203],[122.658839,12.452655],[122.659667,12.452746],[122.659298,12.453379],[122.660127,12.453109],[122.660401,12.454375],[122.65948,12.454826],[122.657549,12.454281],[122.656535,12.455184],[122.654788,12.45473],[122.652669,12.456626],[122.650828,12.456443],[122.651196,12.456895],[122.6523,12.456987],[122.654234,12.455995],[122.656811,12.455637],[122.658008,12.455005],[122.659203,12.456092],[122.657639,12.455818],[122.654232,12.457261],[122.65773,12.45618],[122.65957,12.456725],[122.65819,12.456723],[122.6569,12.457807],[122.655059,12.458257],[122.654505,12.459432],[122.653585,12.45925],[122.652848,12.460243],[122.651009,12.458885],[122.651008,12.459789],[122.651284,12.46006],[122.651561,12.459518],[122.651927,12.460423],[122.651375,12.460874],[122.650547,12.460602],[122.650822,12.461235],[122.650454,12.461416],[122.649626,12.461143],[122.648984,12.459877],[122.647788,12.459242],[122.646686,12.457884],[122.644662,12.457429],[122.64834,12.459695],[122.649258,12.460962],[122.648981,12.461504],[122.649441,12.461686],[122.647416,12.462045],[122.646497,12.461501],[122.645024,12.462042],[122.643185,12.461045],[122.643184,12.461587],[122.645023,12.462313],[122.644931,12.462765],[122.646128,12.461772],[122.646864,12.462044],[122.646403,12.462948],[122.647416,12.462316],[122.649072,12.462318],[122.6499,12.462862],[122.651097,12.461959],[122.652201,12.461961],[122.652569,12.462504],[122.654136,12.460245],[122.655148,12.460518],[122.655333,12.459885],[122.65699,12.458983],[122.655147,12.46106],[122.654227,12.461059],[122.653765,12.462596],[122.651096,12.462864],[122.648793,12.464669],[122.647414,12.464034],[122.643917,12.463939],[122.64125,12.463032],[122.641342,12.462579],[122.640606,12.462398],[122.639412,12.460949],[122.639321,12.460135],[122.639966,12.459865],[122.640793,12.460228],[122.640886,12.459414],[122.641715,12.459325],[122.641163,12.458962],[122.641717,12.457426],[122.642454,12.457065],[122.64273,12.457427],[122.64402,12.45571],[122.642823,12.456704],[122.641811,12.45634],[122.641442,12.456792],[122.642086,12.456793],[122.641718,12.457154],[122.640521,12.457243],[122.640612,12.458057],[122.641073,12.457606],[122.641256,12.458239],[122.640519,12.459233],[122.639045,12.459954],[122.639043,12.461491],[122.637292,12.463207],[122.637291,12.464473],[122.63683,12.464653],[122.63775,12.465016],[122.637383,12.464564],[122.63766,12.463388],[122.639503,12.461763],[122.640697,12.463121],[122.64364,12.46421],[122.644561,12.464121],[122.64502,12.465026],[122.647505,12.464396],[122.64971,12.466841],[122.648793,12.465031],[122.650635,12.463496],[122.654869,12.463049],[122.654959,12.463863],[122.655695,12.464497],[122.655786,12.465492],[122.655325,12.466034],[122.655967,12.467301],[122.657163,12.467302],[122.65753,12.468478],[122.659645,12.469838],[122.657529,12.468931],[122.65707,12.468116],[122.655138,12.467842],[122.655599,12.467481],[122.655508,12.466848],[122.654036,12.466575],[122.654772,12.466485],[122.654037,12.465671],[122.654957,12.465672],[122.65413,12.464766],[122.654683,12.464405],[122.654499,12.464044],[122.652843,12.464222],[122.653117,12.465217],[122.651739,12.463859],[122.651553,12.464944],[122.652198,12.464764],[122.652289,12.465126],[122.651,12.465667],[122.651367,12.466481],[122.652563,12.466754],[122.652562,12.467387],[122.65155,12.467566],[122.652287,12.466844],[122.650078,12.466932],[122.650538,12.467475],[122.649341,12.468016],[122.649247,12.469462],[122.648697,12.467653],[122.648236,12.468195],[122.647961,12.467562],[122.647684,12.467833],[122.647595,12.466295],[122.647226,12.466476],[122.647224,12.467923],[122.645569,12.467016],[122.644373,12.467015],[122.643822,12.46611],[122.643453,12.46638],[122.644189,12.467105],[122.642992,12.467465],[122.639593,12.463481],[122.639684,12.464115],[122.64244,12.467374],[122.641427,12.467734],[122.641704,12.467282],[122.64106,12.46692],[122.641335,12.468096],[122.6452,12.467468],[122.647959,12.46919],[122.64759,12.469641],[122.646854,12.46964],[122.646486,12.469097],[122.645842,12.469548],[122.64391,12.468732],[122.640598,12.468637],[122.640046,12.468004],[122.640043,12.470174],[122.640413,12.46927],[122.640872,12.469723],[122.642254,12.46873],[122.64575,12.469639],[122.646025,12.470182],[122.645104,12.470542],[122.645932,12.470995],[122.64759,12.469732],[122.648233,12.470727],[122.648023,12.470795],[122.648049,12.470817],[122.647957,12.470817],[122.647404,12.470997],[122.647219,12.471721],[122.64446,12.470632],[122.645378,12.471989],[122.646115,12.471629],[122.647587,12.472173],[122.648784,12.471542],[122.648875,12.472175],[122.649152,12.471542],[122.649151,12.472356],[122.649611,12.471905],[122.650346,12.47281],[122.648414,12.472898],[122.648231,12.472264],[122.648046,12.472897],[122.647493,12.472987],[122.645378,12.472532],[122.643725,12.469727],[122.64409,12.471716],[122.644918,12.47217],[122.644273,12.472621],[122.645101,12.472622],[122.644824,12.473616],[122.645192,12.473617],[122.645377,12.472803],[122.646941,12.472986],[122.647493,12.47353],[122.647582,12.475338],[122.647031,12.475066],[122.646848,12.4738],[122.646296,12.473528],[122.646111,12.474522],[122.645007,12.47425],[122.64427,12.474882],[122.644087,12.473977],[122.643535,12.474338],[122.643259,12.474067],[122.64326,12.473434],[122.643443,12.474067],[122.643996,12.473706],[122.643721,12.472892],[122.644181,12.472983],[122.644182,12.472259],[122.643629,12.47262],[122.643077,12.472348],[122.643722,12.471535],[122.642986,12.471534],[122.642896,12.469997],[122.642802,12.471805],[122.642435,12.4709],[122.64179,12.471533],[122.642249,12.472528],[122.642064,12.473251],[122.641419,12.473341],[122.641971,12.473974],[122.641326,12.474064],[122.641325,12.475059],[122.642338,12.474879],[122.643717,12.475695],[122.644084,12.476509],[122.643073,12.475694],[122.642612,12.475784],[122.642796,12.476146],[122.641048,12.475601],[122.640772,12.475872],[122.643347,12.476599],[122.642703,12.47705],[122.641599,12.476687],[122.641598,12.477048],[122.642241,12.477863],[122.643989,12.478499],[122.643988,12.479132],[122.641871,12.479671],[122.643437,12.478679],[122.641137,12.477862],[122.640679,12.476414],[122.640493,12.47759],[122.640218,12.477047],[122.638837,12.477497],[122.639114,12.476683],[122.640403,12.476052],[122.639856,12.472706],[122.640777,12.472074],[122.641148,12.470175],[122.639858,12.47153],[122.638754,12.471167],[122.638296,12.469267],[122.638942,12.468454],[122.638574,12.468273],[122.638021,12.468815],[122.637654,12.46791],[122.637931,12.467096],[122.637011,12.466733],[122.637286,12.467819],[122.636917,12.46818],[122.637286,12.46809],[122.63802,12.469176],[122.637191,12.469627],[122.638203,12.46999],[122.638386,12.471257],[122.637925,12.471256],[122.637832,12.472522],[122.635897,12.474328],[122.634242,12.472969],[122.632953,12.473148],[122.634518,12.473331],[122.635436,12.474508]],[[122.636738,12.464563],[122.63683,12.464653],[122.63683,12.464563],[122.636738,12.464563]],[[122.650737,12.456352],[122.650828,12.456443],[122.650829,12.456352],[122.650737,12.456352]],[[122.657007,12.446142],[122.656915,12.446232],[122.657007,12.446232],[122.657007,12.446142]],[[122.637033,12.450999],[122.636849,12.451089],[122.637033,12.451089],[122.637033,12.450999]],[[122.634813,12.459406],[122.634537,12.459315],[122.634537,12.459405],[122.634813,12.459406]],[[122.629084,12.476579],[122.628991,12.47676],[122.629083,12.47676],[122.629084,12.476579]],[[122.634238,12.476225],[122.634146,12.476134],[122.634145,12.476225],[122.634238,12.476225]],[[122.633783,12.472517],[122.632863,12.472154],[122.632954,12.473058],[122.633138,12.472787],[122.633783,12.472517]],[[122.643537,12.472349],[122.643538,12.472168],[122.643353,12.472349],[122.643537,12.472349]],[[122.643814,12.471897],[122.643998,12.471897],[122.643814,12.471716],[122.643814,12.471897]],[[122.643722,12.471987],[122.643814,12.471897],[122.643722,12.471897],[122.643722,12.471987]],[[122.64363,12.472078],[122.643722,12.471987],[122.64363,12.471987],[122.64363,12.472078]],[[122.648599,12.471722],[122.648323,12.471993],[122.648507,12.472174],[122.648599,12.471722]],[[122.648691,12.472175],[122.648691,12.472265],[122.648783,12.472175],[122.648691,12.472175]],[[122.646392,12.470815],[122.646668,12.470906],[122.646392,12.470725],[122.646392,12.470815]],[[122.646944,12.471268],[122.646944,12.471087],[122.646668,12.471177],[122.646944,12.471268]],[[122.64622,12.461953],[122.646128,12.462043],[122.64622,12.462134],[122.64622,12.461953]],[[122.646035,12.462857],[122.646588,12.462225],[122.646035,12.462405],[122.646035,12.462857]],[[122.643092,12.461587],[122.641896,12.461586],[122.642449,12.460953],[122.641805,12.460681],[122.641344,12.461133],[122.64024,12.460769],[122.641527,12.462037],[122.643092,12.461587]],[[122.640149,12.460679],[122.64024,12.460769],[122.640241,12.460679],[122.640149,12.460679]],[[122.643001,12.460592],[122.641989,12.46032],[122.642265,12.460682],[122.642817,12.460682],[122.643001,12.461044],[122.643001,12.460592]],[[122.656624,12.457716],[122.656532,12.457716],[122.656624,12.457807],[122.656624,12.457716]],[[122.650369,12.45608],[122.650461,12.456261],[122.650737,12.456171],[122.650369,12.45608]],[[122.645229,12.446488],[122.645045,12.446398],[122.645229,12.446579],[122.645229,12.446488]],[[122.642839,12.444496],[122.642286,12.44549],[122.643483,12.444677],[122.644219,12.44513],[122.64256,12.446485],[122.642375,12.447389],[122.642927,12.447299],[122.642928,12.446666],[122.644494,12.445402],[122.644403,12.444769],[122.645691,12.444771],[122.646061,12.443324],[122.645325,12.443504],[122.645234,12.443052],[122.645878,12.442781],[122.643301,12.44314],[122.642842,12.442506],[122.642845,12.440336],[122.642202,12.439792],[122.642296,12.438346],[122.641007,12.438615],[122.639536,12.437799],[122.639078,12.436171],[122.638066,12.435989],[122.638157,12.436712],[122.636778,12.436349],[122.635307,12.435171],[122.634019,12.43535],[122.633834,12.436164],[122.635489,12.43698],[122.634935,12.437793],[122.636039,12.438337],[122.636222,12.439061],[122.636129,12.439513],[122.634565,12.43924],[122.634656,12.440325],[122.635944,12.440688],[122.635117,12.439873],[122.636405,12.439785],[122.636864,12.440418],[122.638612,12.440692],[122.638428,12.44024],[122.637416,12.440148],[122.638245,12.439697],[122.637233,12.439786],[122.637326,12.439334],[122.63797,12.439244],[122.637327,12.438249],[122.637696,12.437978],[122.639074,12.438974],[122.640823,12.438705],[122.641096,12.440605],[122.641281,12.439791],[122.6422,12.440968],[122.642293,12.440606],[122.642017,12.440154],[122.642569,12.440516],[122.642659,12.441782],[122.641464,12.440877],[122.64036,12.440875],[122.642382,12.442234],[122.642565,12.443048],[122.641092,12.443679],[122.642472,12.443862],[122.641458,12.445398],[122.63934,12.446571],[122.640074,12.448109],[122.64284,12.443953],[122.643483,12.444406],[122.642839,12.444496]],[[122.641914,12.448021],[122.642007,12.44775],[122.642375,12.447479],[122.641915,12.447659],[122.641914,12.448021]],[[122.641822,12.448111],[122.641914,12.448021],[122.641822,12.448021],[122.641822,12.448111]],[[122.641459,12.444313],[122.641735,12.444313],[122.642012,12.443862],[122.641459,12.444313]],[[122.65665,12.437641],[122.65665,12.43755],[122.656466,12.437641],[122.65665,12.437641]],[[122.660066,12.428874],[122.65979,12.428964],[122.660249,12.429416],[122.660066,12.428874]],[[122.666149,12.421014],[122.666517,12.421014],[122.667437,12.420563],[122.666241,12.420562],[122.666149,12.421014]],[[122.657865,12.423445],[122.658141,12.423355],[122.657865,12.423174],[122.657865,12.423445]],[[122.635599,12.423778],[122.63523,12.424229],[122.635506,12.424411],[122.635599,12.423778]],[[122.635691,12.423506],[122.635599,12.423778],[122.635691,12.423778],[122.635691,12.423506]],[[122.636061,12.422693],[122.635692,12.422964],[122.635783,12.423507],[122.636061,12.422693]],[[122.636153,12.422603],[122.636061,12.422693],[122.636153,12.422693],[122.636153,12.422603]],[[122.632458,12.432997],[122.632458,12.433088],[122.632826,12.433088],[122.632458,12.432997]],[[122.632622,12.447014],[122.632715,12.446743],[122.632254,12.446833],[122.632622,12.447014]],[[122.633364,12.443036],[122.63465,12.444485],[122.635294,12.444938],[122.633732,12.443127],[122.633364,12.443036]],[[122.637033,12.450908],[122.639151,12.449736],[122.639153,12.44865],[122.639796,12.449103],[122.639338,12.448108],[122.638601,12.44865],[122.638599,12.449735],[122.637033,12.450908]],[[122.632976,12.457414],[122.632423,12.457956],[122.632975,12.457685],[122.632976,12.457414]],[[122.633068,12.457233],[122.632976,12.457414],[122.633068,12.457414],[122.633068,12.457233]],[[122.633438,12.456058],[122.632977,12.4566],[122.63316,12.457233],[122.633438,12.456058]],[[122.632948,12.476946],[122.632948,12.476856],[122.632856,12.476946],[122.632948,12.476946]],[[122.63304,12.476766],[122.632948,12.476856],[122.63304,12.476856],[122.63304,12.476766]]],[[[122.62964,12.473325],[122.631665,12.473328],[122.631756,12.473689],[122.630467,12.47414],[122.630098,12.474772],[122.62964,12.473325]]],[[[122.64851,12.469552],[122.64851,12.469823],[122.648142,12.469732],[122.64851,12.469552]]],[[[122.645742,12.475426],[122.645466,12.475426],[122.64565,12.475245],[122.645742,12.475426]]],[[[122.650578,12.298823],[122.650302,12.298642],[122.650579,12.298461],[122.650578,12.298823]]],[[[122.649566,12.299274],[122.64975,12.299003],[122.64975,12.299365],[122.649566,12.299274]]],[[[122.650116,12.300269],[122.650208,12.300812],[122.649747,12.301535],[122.64984,12.300269],[122.650116,12.300269]]],[[[122.651397,12.305787],[122.651489,12.305697],[122.651489,12.305787],[122.651397,12.305787]]],[[[122.650133,12.35724],[122.65004,12.357602],[122.649856,12.357964],[122.649765,12.357421],[122.650133,12.35724]]],[[[122.653902,12.358692],[122.652522,12.359052],[122.652799,12.358419],[122.653995,12.35824],[122.653902,12.358692]]],[[[122.650865,12.360135],[122.650497,12.360135],[122.650773,12.359954],[122.650865,12.360135]]],[[[122.652515,12.364568],[122.652699,12.364026],[122.652882,12.364659],[122.652515,12.364568]]],[[[122.652499,12.376415],[122.652223,12.376414],[122.652499,12.376324],[122.652499,12.376415]]],[[[122.652573,12.389798],[122.652481,12.389798],[122.652573,12.389708],[122.652573,12.389798]]],[[[122.652481,12.39007],[122.652389,12.390069],[122.652481,12.389889],[122.652481,12.39007]]],[[[122.652569,12.392692],[122.652385,12.393144],[122.652201,12.392963],[122.652569,12.392692]]],[[[122.651802,12.416655],[122.651618,12.416655],[122.651802,12.416565],[122.651802,12.416655]]],[[[122.651337,12.420452],[122.651796,12.420815],[122.651427,12.421447],[122.651337,12.420452]]],[[[122.651034,12.440347],[122.650298,12.440526],[122.650298,12.440165],[122.651034,12.440347]]],[[[122.653699,12.442611],[122.653791,12.442701],[122.653607,12.442701],[122.653699,12.442611]]],[[[122.651026,12.446586],[122.650659,12.445862],[122.651119,12.445682],[122.65121,12.446586],[122.651026,12.446586]]],[[[122.653602,12.44677],[122.653418,12.44677],[122.65351,12.446499],[122.653602,12.44677]]],[[[122.652957,12.447674],[122.652958,12.44677],[122.653049,12.447222],[122.653416,12.447855],[122.652957,12.447674]]],[[[122.653601,12.447584],[122.654061,12.447585],[122.653784,12.447856],[122.653601,12.447584]]],[[[122.650353,12.467746],[122.651365,12.46829],[122.652194,12.467839],[122.651917,12.468471],[122.65072,12.468379],[122.650444,12.468831],[122.649892,12.468378],[122.650445,12.468198],[122.650353,12.467746]]],[[[122.650167,12.469102],[122.650167,12.469283],[122.649983,12.469373],[122.650167,12.469102]]],[[[122.649983,12.469463],[122.649891,12.469644],[122.649614,12.469734],[122.649983,12.469463]]],[[[122.650901,12.471183],[122.651177,12.471274],[122.650901,12.471273],[122.650901,12.471183]]],[[[122.6532,12.472271],[122.650531,12.472358],[122.64998,12.471905],[122.64998,12.471543],[122.651177,12.471364],[122.6532,12.472271]]],[[[122.65366,12.472543],[122.653383,12.472814],[122.653016,12.472452],[122.65366,12.472543]]],[[[122.651633,12.474349],[122.650713,12.473715],[122.650715,12.472629],[122.654027,12.473176],[122.654947,12.473087],[122.654027,12.472815],[122.654212,12.472453],[122.655224,12.472816],[122.655131,12.473359],[122.654487,12.473539],[122.651451,12.472902],[122.651081,12.473805],[122.652001,12.474168],[122.652,12.474711],[122.650619,12.475433],[122.649793,12.474075],[122.648597,12.473893],[122.648688,12.474435],[122.648136,12.474254],[122.647951,12.474615],[122.647584,12.473982],[122.648413,12.473259],[122.650162,12.473352],[122.650712,12.475071],[122.651264,12.475072],[122.651633,12.474349]]],[[[122.656794,12.327678],[122.656886,12.327588],[122.656886,12.327678],[122.656794,12.327678]]],[[[122.657162,12.327679],[122.65707,12.327679],[122.657162,12.327588],[122.657162,12.327679]]],[[[122.658265,12.328223],[122.658081,12.328223],[122.658173,12.328042],[122.658265,12.328223]]],[[[122.65806,12.344319],[122.657968,12.344319],[122.65806,12.344229],[122.65806,12.344319]]],[[[122.658604,12.350107],[122.658512,12.350107],[122.658605,12.350017],[122.658604,12.350107]]],[[[122.658314,12.361139],[122.658406,12.361049],[122.658406,12.361139],[122.658314,12.361139]]],[[[122.655922,12.361317],[122.65583,12.361317],[122.655923,12.361136],[122.655922,12.361317]]],[[[122.658037,12.361953],[122.657945,12.361953],[122.658037,12.361862],[122.658037,12.361953]]],[[[122.658851,12.372625],[122.660048,12.371993],[122.660783,12.372989],[122.659954,12.373621],[122.659953,12.374435],[122.659493,12.374434],[122.65931,12.373349],[122.659309,12.374072],[122.658758,12.373529],[122.658851,12.372625]]],[[[122.658939,12.375519],[122.659307,12.375609],[122.658939,12.375971],[122.658939,12.375519]]],[[[122.658106,12.379677],[122.658014,12.379768],[122.658014,12.379677],[122.658106,12.379677]]],[[[122.657087,12.385373],[122.657179,12.385102],[122.657547,12.385374],[122.657087,12.385373]]],[[[122.656627,12.385372],[122.656719,12.385282],[122.656719,12.385373],[122.656627,12.385372]]],[[[122.654589,12.395769],[122.654681,12.395679],[122.654681,12.395769],[122.654589,12.395769]]],[[[122.657256,12.396587],[122.657348,12.396315],[122.657348,12.396587],[122.657256,12.396587]]],[[[122.656059,12.397851],[122.655875,12.397851],[122.656059,12.397761],[122.656059,12.397851]]],[[[122.655874,12.398122],[122.655966,12.398032],[122.655966,12.398122],[122.655874,12.398122]]],[[[122.656425,12.398756],[122.656333,12.398756],[122.656425,12.398665],[122.656425,12.398756]]],[[[122.656241,12.398846],[122.656333,12.398756],[122.656333,12.398846],[122.656241,12.398846]]],[[[122.656422,12.401107],[122.656238,12.401107],[122.656422,12.401017],[122.656422,12.401107]]],[[[122.656146,12.401288],[122.656054,12.401287],[122.656146,12.401107],[122.656146,12.401288]]],[[[122.657434,12.401108],[122.657802,12.401561],[122.65679,12.401469],[122.656606,12.401107],[122.657434,12.401108]]],[[[122.657155,12.40364],[122.656698,12.40165],[122.657709,12.402284],[122.65734,12.402736],[122.657155,12.40364]]],[[[122.658167,12.403732],[122.65964,12.402558],[122.660282,12.404006],[122.659914,12.404457],[122.659085,12.404728],[122.658167,12.403732]],[[122.659363,12.403643],[122.659087,12.403733],[122.659086,12.404275],[122.659362,12.404095],[122.659363,12.403643]]],[[[122.657063,12.403821],[122.657155,12.40364],[122.657155,12.403821],[122.657063,12.403821]]],[[[122.658621,12.407982],[122.658713,12.407983],[122.658621,12.408073],[122.658621,12.407982]]],[[[122.658621,12.408163],[122.658253,12.408163],[122.658621,12.408073],[122.658621,12.408163]]],[[[122.658161,12.408434],[122.658069,12.408434],[122.658161,12.408253],[122.658161,12.408434]]],[[[122.658341,12.410966],[122.658433,12.410966],[122.658341,12.411057],[122.658341,12.410966]]],[[[122.658249,12.411237],[122.658341,12.411057],[122.658341,12.411238],[122.658249,12.411237]]],[[[122.65834,12.412051],[122.658248,12.412051],[122.65834,12.411961],[122.65834,12.412051]]],[[[122.658156,12.412142],[122.658248,12.412051],[122.658248,12.412142],[122.658156,12.412142]]],[[[122.659904,12.412415],[122.659811,12.412867],[122.659166,12.41368],[122.659904,12.412415]]],[[[122.659902,12.413591],[122.659626,12.413409],[122.659994,12.41332],[122.659902,12.413591]]],[[[122.659165,12.414042],[122.659166,12.413861],[122.659257,12.414042],[122.659165,12.414042]]],[[[122.659533,12.414133],[122.659257,12.414042],[122.659534,12.413952],[122.659533,12.414133]]],[[[122.657322,12.416843],[122.65723,12.4163],[122.657506,12.416843],[122.657322,12.416843]]],[[[122.657874,12.416844],[122.657689,12.417205],[122.657598,12.416843],[122.657874,12.416844]]],[[[122.657689,12.417386],[122.657597,12.417386],[122.657689,12.417205],[122.657689,12.417386]]],[[[122.657228,12.417838],[122.657505,12.417567],[122.657412,12.417838],[122.657228,12.417838]]],[[[122.659594,12.438278],[122.660145,12.43864],[122.659409,12.438549],[122.659594,12.438278]]],[[[122.658029,12.439089],[122.658213,12.438818],[122.660237,12.439273],[122.658029,12.439089]]],[[[122.659224,12.439453],[122.658856,12.439724],[122.658672,12.439362],[122.659224,12.439453]]],[[[122.659499,12.440176],[122.658855,12.440266],[122.659592,12.439996],[122.659499,12.440176]]],[[[122.6592,12.4579],[122.659292,12.45781],[122.659292,12.4579],[122.6592,12.4579]]],[[[122.662237,12.457633],[122.661684,12.458084],[122.661225,12.457451],[122.660948,12.458716],[122.659291,12.458805],[122.656067,12.461513],[122.65874,12.458261],[122.660488,12.458354],[122.661133,12.45727],[122.662237,12.457633]]],[[[122.656066,12.461966],[122.658276,12.460702],[122.659291,12.459076],[122.660579,12.459168],[122.662329,12.458085],[122.66279,12.45691],[122.662237,12.457633],[122.662147,12.456367],[122.662975,12.456458],[122.663157,12.457996],[122.660946,12.45953],[122.659842,12.459529],[122.660486,12.459801],[122.660024,12.460976],[122.659012,12.460794],[122.658367,12.461697],[122.656342,12.461876],[122.656434,12.462509],[122.656894,12.462148],[122.656894,12.462509],[122.655789,12.46305],[122.655788,12.463774],[122.655328,12.463412],[122.655329,12.462959],[122.656157,12.462599],[122.656066,12.461966]],[[122.659657,12.460252],[122.659657,12.460071],[122.659105,12.460161],[122.659657,12.460252]],[[122.658921,12.460613],[122.658829,12.460613],[122.658921,12.460703],[122.658921,12.460613]]],[[[122.654226,12.461963],[122.65745,12.459164],[122.656989,12.460339],[122.65487,12.461964],[122.655146,12.462145],[122.655883,12.461694],[122.655145,12.462778],[122.654501,12.462777],[122.654226,12.461963]]],[[[122.658274,12.462149],[122.65809,12.462511],[122.656524,12.463684],[122.657354,12.462329],[122.658274,12.462149]]],[[[122.660288,12.470471],[122.660382,12.469025],[122.659462,12.468752],[122.659463,12.468119],[122.659554,12.468571],[122.660107,12.46821],[122.661026,12.468845],[122.660288,12.470471]]],[[[122.65992,12.470561],[122.659736,12.470471],[122.65992,12.4702],[122.65992,12.470561]]],[[[122.663029,12.342878],[122.662937,12.342878],[122.663029,12.342788],[122.663029,12.342878]]],[[[122.661267,12.353547],[122.66136,12.353457],[122.661359,12.353547],[122.661267,12.353547]]],[[[122.66198,12.371543],[122.662256,12.371453],[122.662256,12.371544],[122.66198,12.371543]]],[[[122.662529,12.374167],[122.662345,12.374076],[122.662529,12.373986],[122.662529,12.374167]]],[[[122.66267,12.407174],[122.662762,12.407083],[122.662762,12.407174],[122.66267,12.407174]]],[[[122.66347,12.42942],[122.663286,12.42933],[122.66347,12.429239],[122.66347,12.42942]]],[[[122.663093,12.435931],[122.663554,12.435208],[122.66337,12.43566],[122.664105,12.436475],[122.663093,12.435931]]],[[[122.662081,12.435749],[122.660793,12.436109],[122.662266,12.435387],[122.662725,12.436111],[122.661989,12.436382],[122.662081,12.435749]]],[[[122.660333,12.436108],[122.660425,12.435927],[122.660425,12.436108],[122.660333,12.436108]]],[[[122.661896,12.436562],[122.662816,12.436654],[122.661896,12.436834],[122.661896,12.436562]]],[[[122.662079,12.437376],[122.662264,12.437196],[122.662171,12.437377],[122.662079,12.437376]]],[[[122.659872,12.436379],[122.660884,12.436742],[122.660975,12.437737],[122.662262,12.438462],[122.661894,12.438733],[122.662812,12.44],[122.660698,12.438189],[122.660423,12.437193],[122.659228,12.436649],[122.659872,12.436379]]],[[[122.664099,12.440815],[122.664099,12.440906],[122.664007,12.440815],[122.664099,12.440815]]],[[[122.663086,12.441718],[122.663362,12.441538],[122.66327,12.441719],[122.663086,12.441718]]],[[[122.663086,12.441899],[122.663178,12.441809],[122.663178,12.441899],[122.663086,12.441899]]],[[[122.660391,12.462062],[122.660299,12.462061],[122.660391,12.461971],[122.660391,12.462062]]],[[[122.661678,12.463058],[122.660573,12.463328],[122.660114,12.462513],[122.660667,12.462062],[122.660942,12.462695],[122.661404,12.461701],[122.661678,12.463058]]],[[[122.663333,12.464055],[122.663057,12.464054],[122.663333,12.463964],[122.663333,12.464055]]],[[[122.661492,12.464505],[122.661308,12.464414],[122.661492,12.464414],[122.661492,12.464505]]],[[[122.661308,12.464595],[122.661216,12.464595],[122.661308,12.464504],[122.661308,12.464595]]],[[[122.655971,12.464678],[122.65855,12.462692],[122.657259,12.46477],[122.656891,12.464589],[122.656522,12.465131],[122.656705,12.466307],[122.65818,12.463867],[122.6591,12.463959],[122.658825,12.463235],[122.659286,12.462331],[122.660023,12.462242],[122.659837,12.463327],[122.659101,12.463416],[122.659561,12.463779],[122.659376,12.464411],[122.66269,12.462969],[122.665634,12.463877],[122.666647,12.462883],[122.668396,12.462524],[122.665633,12.46451],[122.662782,12.463331],[122.662229,12.464325],[122.661033,12.464052],[122.659743,12.464774],[122.659835,12.465135],[122.659191,12.464954],[122.659558,12.465678],[122.658638,12.465857],[122.658268,12.466761],[122.659004,12.467214],[122.658543,12.467756],[122.659371,12.468029],[122.658543,12.468118],[122.658175,12.467665],[122.658544,12.467214],[122.657808,12.466941],[122.657809,12.466308],[122.659007,12.464592],[122.658547,12.464591],[122.657072,12.466579],[122.656153,12.466306],[122.655971,12.464678]],[[122.6591,12.464501],[122.659099,12.464592],[122.659284,12.464502],[122.6591,12.464501]]],[[[122.669409,12.315847],[122.669409,12.315757],[122.669593,12.315938],[122.669409,12.315847]]],[[[122.669133,12.315938],[122.669133,12.315847],[122.669225,12.315938],[122.669133,12.315938]]],[[[122.669685,12.316029],[122.669593,12.315938],[122.669685,12.315938],[122.669685,12.316029]]],[[[122.667379,12.320909],[122.667472,12.320819],[122.667471,12.320909],[122.667379,12.320909]]],[[[122.664983,12.325247],[122.665075,12.325157],[122.665075,12.325247],[122.664983,12.325247]]],[[[122.664793,12.329587],[122.664793,12.329768],[122.664701,12.329587],[122.664793,12.329587]]],[[[122.670281,12.35401],[122.670833,12.35392],[122.669912,12.354914],[122.670281,12.35401]]],[[[122.669544,12.354733],[122.669452,12.355094],[122.6689,12.355003],[122.669544,12.354733]]],[[[122.667057,12.357895],[122.666965,12.357895],[122.667057,12.357623],[122.667057,12.357895]]],[[[122.668803,12.359163],[122.668618,12.359886],[122.667514,12.360156],[122.667239,12.359523],[122.668803,12.359163]]],[[[122.6688,12.361514],[122.668432,12.361242],[122.668341,12.36088],[122.6688,12.361243],[122.6688,12.361514]]],[[[122.66742,12.362055],[122.667328,12.362055],[122.66742,12.361874],[122.66742,12.362055]]],[[[122.669627,12.361967],[122.669259,12.362057],[122.669259,12.361876],[122.669627,12.361877],[122.669627,12.361967]]],[[[122.671099,12.362331],[122.670454,12.362601],[122.670824,12.361516],[122.671651,12.362151],[122.671466,12.362874],[122.671099,12.362331]]],[[[122.669258,12.362871],[122.669074,12.362871],[122.669258,12.36269],[122.669258,12.362871]]],[[[122.669249,12.370015],[122.668881,12.370195],[122.668973,12.369834],[122.669249,12.370015]]],[[[122.666847,12.378332],[122.666847,12.37806],[122.667031,12.378241],[122.666847,12.378332]]],[[[122.669325,12.383218],[122.669601,12.383218],[122.669784,12.384032],[122.669048,12.383851],[122.669325,12.383218]]],[[[122.669337,12.42514],[122.669363,12.425539],[122.66872,12.425267],[122.668077,12.424091],[122.66817,12.423458],[122.667433,12.424271],[122.66826,12.424905],[122.668167,12.425538],[122.667707,12.425356],[122.666973,12.424361],[122.667526,12.423276],[122.668446,12.423187],[122.668353,12.424091],[122.669273,12.424183],[122.669333,12.425087],[122.669364,12.425087],[122.669337,12.42514]]],[[[122.669178,12.426172],[122.668902,12.426172],[122.669179,12.425901],[122.669178,12.426172]]],[[[122.668074,12.426171],[122.665774,12.426529],[122.666142,12.426078],[122.668167,12.425809],[122.668074,12.426171]]],[[[122.668533,12.426895],[122.668349,12.426894],[122.668534,12.426714],[122.668533,12.426895]]],[[[122.667061,12.427254],[122.666141,12.426982],[122.668257,12.426894],[122.66798,12.427798],[122.667428,12.427888],[122.667061,12.427254]]],[[[122.665864,12.427524],[122.666232,12.427615],[122.666047,12.428338],[122.665311,12.428247],[122.665956,12.427977],[122.665864,12.427524]]],[[[122.664484,12.427884],[122.665128,12.427795],[122.664852,12.428156],[122.664484,12.427884]]],[[[122.666967,12.42843],[122.666691,12.428339],[122.666968,12.428159],[122.666967,12.42843]]],[[[122.665125,12.430417],[122.665952,12.430689],[122.665952,12.431322],[122.664572,12.43123],[122.664113,12.430235],[122.66494,12.43105],[122.665584,12.431141],[122.665676,12.43078],[122.66494,12.430598],[122.664941,12.429784],[122.664206,12.429602],[122.665218,12.429513],[122.665125,12.430417]]],[[[122.667056,12.431233],[122.666503,12.431775],[122.666781,12.430148],[122.667426,12.429697],[122.667056,12.431233]]],[[[122.665949,12.433041],[122.666224,12.433945],[122.665305,12.43313],[122.664661,12.433491],[122.663741,12.43349],[122.663649,12.433128],[122.66503,12.432587],[122.665949,12.433041]]],[[[122.664292,12.433672],[122.666316,12.434126],[122.66604,12.434488],[122.664476,12.434305],[122.664292,12.433672]]],[[[122.665118,12.435481],[122.665761,12.436115],[122.665117,12.436385],[122.663922,12.435751],[122.664106,12.435299],[122.66475,12.435481],[122.664107,12.435118],[122.664199,12.434395],[122.665211,12.434667],[122.665946,12.435482],[122.665762,12.435663],[122.665118,12.435481]]],[[[122.664102,12.438374],[122.663182,12.438373],[122.662815,12.43792],[122.663643,12.438011],[122.665669,12.436748],[122.66668,12.43693],[122.666772,12.437563],[122.666495,12.438015],[122.665483,12.438104],[122.665575,12.437652],[122.666588,12.437563],[122.666588,12.437201],[122.665852,12.43711],[122.664102,12.438374]]],[[[122.666771,12.438377],[122.66447,12.438736],[122.664378,12.438464],[122.666771,12.438377]]],[[[122.667046,12.438829],[122.666954,12.439191],[122.665849,12.439642],[122.665205,12.439189],[122.667046,12.438829]]],[[[122.666216,12.440547],[122.666216,12.440366],[122.666308,12.440547],[122.666216,12.440547]]],[[[122.664006,12.441629],[122.664374,12.44172],[122.664467,12.440997],[122.663364,12.440181],[122.663825,12.439187],[122.663273,12.439186],[122.662996,12.43991],[122.662998,12.438824],[122.664102,12.438826],[122.664192,12.440092],[122.665111,12.441449],[122.665479,12.44136],[122.664468,12.440002],[122.664653,12.439279],[122.666307,12.440999],[122.6664,12.440547],[122.666674,12.442265],[122.666305,12.442898],[122.664373,12.442353],[122.664006,12.441629]]],[[[122.665543,12.463334],[122.66407,12.463151],[122.663795,12.462337],[122.662506,12.462878],[122.661864,12.461611],[122.662599,12.462426],[122.663244,12.461703],[122.66398,12.461704],[122.664532,12.462067],[122.664347,12.462699],[122.664991,12.462972],[122.665728,12.462339],[122.668213,12.462071],[122.665543,12.463334]]],[[[122.673314,12.356003],[122.672118,12.356454],[122.671934,12.355911],[122.673315,12.35528],[122.673314,12.356003]]],[[[122.673589,12.356456],[122.673497,12.356456],[122.67359,12.356275],[122.673589,12.356456]]],[[[122.672575,12.358444],[122.672391,12.358444],[122.672575,12.358354],[122.672575,12.358444]]],[[[122.673771,12.358174],[122.674691,12.358447],[122.674047,12.358627],[122.673771,12.358174]]],[[[122.675334,12.359171],[122.675426,12.359261],[122.675334,12.359261],[122.675334,12.359171]]],[[[122.675978,12.359262],[122.675978,12.359171],[122.67607,12.359262],[122.675978,12.359262]]],[[[122.67561,12.359261],[122.67561,12.359352],[122.675426,12.359261],[122.67561,12.359261]]],[[[122.675333,12.359532],[122.675425,12.359442],[122.675425,12.359533],[122.675333,12.359532]]],[[[122.672573,12.360162],[122.672298,12.359348],[122.672665,12.360162],[122.672573,12.360162]]],[[[122.67561,12.359352],[122.675885,12.359352],[122.67662,12.360167],[122.675885,12.359895],[122.67561,12.359352]],[[122.676069,12.359714],[122.675977,12.359714],[122.676069,12.359805],[122.676069,12.359714]]],[[[122.674505,12.359803],[122.673677,12.360435],[122.673309,12.359982],[122.674505,12.359803]]],[[[122.677724,12.360349],[122.677724,12.36062],[122.67754,12.360439],[122.677724,12.360349]]],[[[122.676895,12.360981],[122.676528,12.3608],[122.676436,12.360438],[122.676804,12.360529],[122.676895,12.360981]]],[[[122.677171,12.361343],[122.676251,12.361342],[122.675792,12.360618],[122.677171,12.361343]]],[[[122.673492,12.361248],[122.673308,12.361248],[122.673492,12.361158],[122.673492,12.361248]]],[[[122.674686,12.362064],[122.674686,12.361973],[122.674778,12.362064],[122.674686,12.362064]]],[[[122.674778,12.362335],[122.67487,12.362064],[122.674962,12.362426],[122.674778,12.362335]]],[[[122.672754,12.362785],[122.674226,12.362787],[122.674594,12.361973],[122.674408,12.363691],[122.673488,12.363871],[122.672754,12.362785]]],[[[122.675788,12.363512],[122.674776,12.363601],[122.676525,12.36297],[122.675788,12.363512]]],[[[122.671373,12.363778],[122.672569,12.363598],[122.67266,12.36396],[122.671373,12.363959],[122.671373,12.363778]]],[[[122.677165,12.365865],[122.677901,12.365866],[122.6779,12.366499],[122.677165,12.365865]]],[[[122.678912,12.3665],[122.67836,12.36677],[122.679005,12.366048],[122.678912,12.3665]]],[[[122.675784,12.366858],[122.676152,12.366768],[122.676519,12.367401],[122.675967,12.367581],[122.67569,12.368576],[122.675784,12.366858]]],[[[122.67661,12.368758],[122.67661,12.368306],[122.677071,12.368035],[122.67707,12.368487],[122.67661,12.368758]]],[[[122.676608,12.370114],[122.676148,12.369933],[122.676517,12.369752],[122.676608,12.370114]]],[[[122.675041,12.372916],[122.675684,12.373188],[122.676422,12.372013],[122.677617,12.372286],[122.676515,12.370928],[122.677804,12.370116],[122.678816,12.370207],[122.679091,12.37075],[122.680011,12.37048],[122.679734,12.371294],[122.677527,12.37111],[122.678354,12.371654],[122.678353,12.372558],[122.679457,12.37265],[122.67642,12.37337],[122.676143,12.374002],[122.67458,12.373729],[122.675041,12.372916]]],[[[122.674297,12.379335],[122.674664,12.379878],[122.673468,12.380058],[122.673285,12.379696],[122.674297,12.379335]]],[[[122.675859,12.380694],[122.675215,12.380693],[122.674664,12.38024],[122.675584,12.380332],[122.675859,12.380694]]],[[[122.67861,12.388384],[122.678702,12.388293],[122.678702,12.388384],[122.67861,12.388384]]],[[[122.678607,12.390735],[122.678699,12.390644],[122.678699,12.390735],[122.678607,12.390735]]],[[[122.67518,12.409088],[122.675088,12.409088],[122.67518,12.408907],[122.67518,12.409088]]],[[[122.674996,12.409178],[122.675088,12.409088],[122.675088,12.409178],[122.674996,12.409178]]],[[[122.674996,12.409269],[122.674904,12.409268],[122.674996,12.409178],[122.674996,12.409269]]],[[[122.678397,12.411443],[122.678489,12.411353],[122.678489,12.411443],[122.678397,12.411443]]],[[[122.676373,12.411802],[122.677385,12.411442],[122.67628,12.412254],[122.676648,12.412707],[122.678121,12.411623],[122.678121,12.411804],[122.676923,12.412888],[122.676096,12.412797],[122.676373,12.411802]]],[[[122.676738,12.414244],[122.676278,12.414425],[122.675726,12.414153],[122.674899,12.413066],[122.675358,12.414152],[122.676645,12.414968],[122.674438,12.414151],[122.674992,12.412524],[122.676738,12.414244]]],[[[122.675724,12.415961],[122.675816,12.415871],[122.675816,12.415961],[122.675724,12.415961]]],[[[122.675078,12.417136],[122.67517,12.417407],[122.674433,12.417678],[122.675078,12.417136]]],[[[122.677838,12.41723],[122.678022,12.41732],[122.677837,12.417863],[122.677838,12.41723]]],[[[122.674341,12.417949],[122.674433,12.417859],[122.674433,12.417949],[122.674341,12.417949]]],[[[122.673786,12.420119],[122.673786,12.420209],[122.673694,12.420119],[122.673786,12.420119]]],[[[122.673878,12.420481],[122.673878,12.42039],[122.67397,12.420481],[122.673878,12.420481]]],[[[122.674062,12.420571],[122.67397,12.420481],[122.674062,12.420481],[122.674062,12.420571]]],[[[122.677175,12.432783],[122.677175,12.432692],[122.677451,12.432783],[122.677175,12.432783]]],[[[122.676437,12.434229],[122.675609,12.434137],[122.675426,12.433504],[122.676071,12.432782],[122.676623,12.432511],[122.676899,12.433054],[122.678187,12.432694],[122.676437,12.434229]],[[122.676714,12.433144],[122.676899,12.433054],[122.676715,12.433054],[122.676714,12.433144]],[[122.676346,12.433505],[122.67653,12.433144],[122.676162,12.433505],[122.676346,12.433505]]],[[[122.677723,12.43631],[122.677815,12.43622],[122.677815,12.43631],[122.677723,12.43631]]],[[[122.682634,12.331327],[122.682634,12.331236],[122.682726,12.331327],[122.682634,12.331327]]],[[[122.682818,12.331417],[122.682726,12.331327],[122.682818,12.331327],[122.682818,12.331417]]],[[[122.68408,12.353032],[122.684079,12.353213],[122.683712,12.35285],[122.68408,12.353032]]],[[[122.684263,12.353755],[122.683527,12.353935],[122.684355,12.353394],[122.684263,12.353755]]],[[[122.680204,12.363155],[122.680941,12.362704],[122.681492,12.363247],[122.680204,12.363155]]],[[[122.683423,12.36334],[122.683516,12.363069],[122.683515,12.36334],[122.683423,12.36334]]],[[[122.680572,12.363518],[122.682135,12.364062],[122.680663,12.36406],[122.680572,12.363518]]],[[[122.682871,12.364153],[122.682687,12.364063],[122.682871,12.363611],[122.682871,12.364153]]],[[[122.680846,12.364513],[122.681766,12.364604],[122.681214,12.365146],[122.680846,12.364513]]],[[[122.682225,12.365509],[122.682409,12.365419],[122.682777,12.365781],[122.682408,12.365871],[122.682225,12.365509]]],[[[122.684708,12.366326],[122.684156,12.366054],[122.683878,12.367591],[122.683695,12.367138],[122.682775,12.367409],[122.68296,12.366505],[122.683511,12.366686],[122.684065,12.365511],[122.685168,12.365784],[122.684619,12.363703],[122.685263,12.363704],[122.685628,12.365965],[122.684708,12.366326]]],[[[122.681856,12.365961],[122.681121,12.365779],[122.680846,12.365146],[122.682225,12.365871],[122.681856,12.366413],[122.681856,12.365961]]],[[[122.680936,12.366412],[122.681212,12.366683],[122.681028,12.366683],[122.680936,12.366412]]],[[[122.679464,12.367043],[122.679463,12.367314],[122.679095,12.367223],[122.679464,12.367043]]],[[[122.67983,12.367948],[122.679738,12.367948],[122.679831,12.367767],[122.67983,12.367948]]],[[[122.683325,12.368404],[122.683143,12.367409],[122.683602,12.368133],[122.683601,12.368585],[122.683325,12.368404]]],[[[122.677345,12.369482],[122.67707,12.368758],[122.677532,12.367131],[122.677806,12.36885],[122.678358,12.368036],[122.680014,12.368129],[122.680843,12.367226],[122.68075,12.368401],[122.679645,12.368671],[122.679276,12.369575],[122.678817,12.369574],[122.679277,12.368851],[122.677897,12.369573],[122.677345,12.369482]]],[[[122.680933,12.368582],[122.680841,12.368582],[122.680934,12.368492],[122.680933,12.368582]]],[[[122.681576,12.37003],[122.680472,12.369576],[122.679368,12.370208],[122.679184,12.369756],[122.680289,12.369033],[122.681024,12.369577],[122.681761,12.369216],[122.682038,12.368041],[122.682312,12.369307],[122.683325,12.368947],[122.683048,12.369851],[122.681576,12.37003]]],[[[122.682495,12.370393],[122.682494,12.371116],[122.682126,12.371387],[122.681851,12.370663],[122.682495,12.370393]]],[[[122.679365,12.372107],[122.678538,12.371835],[122.679274,12.371745],[122.679365,12.372107]]],[[[122.681481,12.37211],[122.681573,12.372019],[122.681573,12.37211],[122.681481,12.37211]]],[[[122.680008,12.372831],[122.679916,12.373193],[122.679456,12.373192],[122.679457,12.37274],[122.680008,12.372831]]],[[[122.683408,12.376452],[122.68405,12.377448],[122.683037,12.378351],[122.681934,12.378169],[122.682027,12.377174],[122.68258,12.376542],[122.683408,12.376452]]],[[[122.680922,12.377987],[122.681106,12.378077],[122.680922,12.378077],[122.680922,12.377987]]],[[[122.683678,12.380884],[122.684138,12.381065],[122.68377,12.381426],[122.683678,12.380884]]],[[[122.679528,12.38947],[122.679528,12.389289],[122.680632,12.38929],[122.679528,12.38947]]],[[[122.68146,12.389743],[122.681552,12.389653],[122.681552,12.389743],[122.68146,12.389743]]],[[[122.681184,12.389833],[122.681276,12.389834],[122.681183,12.389924],[122.681184,12.389833]]],[[[122.682931,12.390288],[122.682839,12.390378],[122.682839,12.390288],[122.682931,12.390288]]],[[[122.690197,12.392014],[122.689552,12.392285],[122.687805,12.391378],[122.689369,12.391742],[122.688818,12.391108],[122.689738,12.3912],[122.690197,12.392014]]],[[[122.697274,12.39781],[122.697549,12.3979],[122.697273,12.3979],[122.697274,12.39781]]],[[[122.681537,12.401499],[122.681261,12.401499],[122.681538,12.401409],[122.681537,12.401499]]],[[[122.680424,12.408913],[122.681528,12.408915],[122.681804,12.409548],[122.680699,12.41027],[122.68079,12.410903],[122.68254,12.409368],[122.682834,12.409621],[122.682908,12.409549],[122.68289,12.40967],[122.683275,12.410002],[122.682537,12.411448],[122.682813,12.411358],[122.683275,12.410273],[122.683642,12.410726],[122.684931,12.410546],[122.684932,12.409642],[122.684104,12.40937],[122.685576,12.409462],[122.685944,12.409101],[122.685669,12.408377],[122.685025,12.408195],[122.685302,12.407382],[122.686131,12.407111],[122.687694,12.407927],[122.687418,12.407384],[122.688523,12.407024],[122.6888,12.405939],[122.690548,12.40585],[122.690457,12.404946],[122.691286,12.404314],[122.691746,12.404676],[122.691747,12.40341],[122.693036,12.402688],[122.692945,12.401784],[122.694878,12.400972],[122.695246,12.401244],[122.696166,12.400521],[122.695891,12.399888],[122.69626,12.399075],[122.696627,12.399618],[122.697272,12.399076],[122.697455,12.399619],[122.697272,12.398714],[122.697825,12.39792],[122.698559,12.39962],[122.698466,12.400705],[122.697822,12.400885],[122.698281,12.401609],[122.696163,12.403867],[122.694966,12.403956],[122.695702,12.4045],[122.695609,12.405133],[122.694872,12.405946],[122.693768,12.406216],[122.694872,12.406307],[122.695054,12.407755],[122.693213,12.408566],[122.692936,12.40947],[122.691556,12.40983],[122.691002,12.410825],[122.689807,12.410281],[122.690268,12.409739],[122.689255,12.41019],[122.688151,12.410007],[122.688702,12.411274],[122.687688,12.412629],[122.685756,12.412808],[122.684375,12.413711],[122.684743,12.413802],[122.685939,12.413441],[122.686306,12.414075],[122.685753,12.414797],[122.685937,12.41534],[122.686581,12.414889],[122.686672,12.415612],[122.688329,12.415614],[122.688695,12.416609],[122.688326,12.417513],[122.687313,12.418236],[122.686209,12.418234],[122.684923,12.416876],[122.684922,12.417781],[122.683174,12.41796],[122.682164,12.41624],[122.682348,12.415607],[122.682072,12.415969],[122.682254,12.417145],[122.681978,12.417506],[122.679863,12.416961],[122.681057,12.417957],[122.678848,12.418678],[122.679492,12.418769],[122.681333,12.4185],[122.681608,12.419224],[122.682344,12.418863],[122.681885,12.41841],[122.682345,12.418139],[122.684736,12.418956],[122.684828,12.41968],[122.68409,12.420673],[122.681882,12.420852],[122.683078,12.421124],[122.684182,12.420854],[122.683998,12.421306],[122.684458,12.421036],[122.683996,12.422392],[122.6828,12.422752],[122.681049,12.424468],[122.679946,12.424286],[122.680958,12.424016],[122.681051,12.423383],[122.680774,12.423925],[122.68013,12.423924],[122.67967,12.423562],[122.679763,12.422929],[122.678751,12.422747],[122.679302,12.424104],[122.678106,12.424103],[122.678197,12.424826],[122.677552,12.425368],[122.676356,12.425276],[122.675989,12.424824],[122.675712,12.425275],[122.673687,12.425816],[122.672401,12.424458],[122.672033,12.424638],[122.672675,12.425724],[122.672215,12.425814],[122.672124,12.425181],[122.671204,12.42527],[122.671662,12.426808],[122.671755,12.425994],[122.672306,12.426628],[122.673043,12.425815],[122.673779,12.425997],[122.672488,12.428527],[122.674239,12.425907],[122.674976,12.425546],[122.67746,12.42582],[122.678288,12.425459],[122.678748,12.425822],[122.678286,12.426906],[122.676998,12.427357],[122.676906,12.426995],[122.677919,12.426273],[122.676539,12.426181],[122.676721,12.427628],[122.675893,12.427536],[122.676171,12.426452],[122.675342,12.427084],[122.674791,12.42636],[122.67479,12.426812],[122.67433,12.42663],[122.67433,12.427173],[122.673962,12.427172],[122.676629,12.427989],[122.677274,12.427267],[122.678746,12.426997],[122.680313,12.425191],[122.681233,12.425192],[122.681968,12.426097],[122.68123,12.427271],[122.681321,12.428176],[122.682519,12.42664],[122.682889,12.425103],[122.683718,12.424562],[122.684913,12.425015],[122.68482,12.426281],[122.682792,12.429263],[122.683528,12.429354],[122.682883,12.429805],[122.682882,12.4308],[122.681777,12.43107],[122.680398,12.430616],[122.681409,12.43116],[122.68104,12.431883],[122.681776,12.432607],[122.681222,12.433692],[122.68021,12.433691],[122.681038,12.433963],[122.680484,12.435681],[122.680758,12.437399],[122.678915,12.439115],[122.678364,12.438753],[122.678917,12.43812],[122.678456,12.438391],[122.678089,12.438029],[122.678825,12.437487],[122.679837,12.43785],[122.680298,12.436856],[122.67938,12.435679],[122.67993,12.437127],[122.679194,12.436583],[122.677905,12.437757],[122.677077,12.437576],[122.676618,12.436942],[122.677631,12.43631],[122.677906,12.436672],[122.67763,12.436853],[122.677998,12.436763],[122.678459,12.43604],[122.676434,12.436399],[122.676251,12.435585],[122.677172,12.434953],[122.676436,12.435043],[122.677081,12.434591],[122.676345,12.4345],[122.67837,12.433598],[122.678371,12.432875],[122.679476,12.431791],[122.679202,12.430525],[122.679201,12.431067],[122.676993,12.431426],[122.675611,12.432419],[122.674692,12.431423],[122.674691,12.432237],[122.673586,12.433321],[122.673861,12.433774],[122.674414,12.433503],[122.674045,12.434045],[122.672758,12.433501],[122.672484,12.431692],[122.67239,12.433139],[122.671194,12.433137],[122.671009,12.43368],[122.671745,12.433771],[122.6711,12.434222],[122.672757,12.434044],[122.674135,12.435673],[122.67349,12.436215],[122.670546,12.436302],[122.671282,12.436303],[122.671925,12.436936],[122.67395,12.436668],[122.673028,12.437571],[122.671648,12.43775],[122.673304,12.438023],[122.673397,12.4373],[122.673765,12.437481],[122.673488,12.438385],[122.671831,12.438383],[122.672198,12.43974],[122.671644,12.441096],[122.673117,12.440103],[122.672932,12.441188],[122.672195,12.44191],[122.672103,12.441548],[122.671735,12.442],[122.671275,12.441728],[122.671273,12.443085],[122.671919,12.442181],[122.671548,12.444261],[122.670443,12.444621],[122.669616,12.443987],[122.669156,12.444258],[122.668697,12.442901],[122.668974,12.442268],[122.668606,12.442358],[122.668423,12.441454],[122.669897,12.440009],[122.667963,12.441182],[122.667228,12.440819],[122.667321,12.439734],[122.66861,12.439374],[122.667692,12.437745],[122.668429,12.43648],[122.667601,12.436569],[122.666866,12.435755],[122.668061,12.436299],[122.667695,12.435032],[122.66834,12.434671],[122.668065,12.433586],[122.668525,12.433315],[122.667974,12.4325],[122.669723,12.431779],[122.670554,12.430062],[122.66908,12.431507],[122.668067,12.431777],[122.668069,12.430692],[122.669081,12.430241],[122.668804,12.431055],[122.669725,12.430151],[122.66853,12.429969],[122.667331,12.431686],[122.667054,12.432861],[122.667055,12.431505],[122.668346,12.429788],[122.667978,12.429245],[122.66715,12.429244],[122.667151,12.428701],[122.668072,12.42816],[122.669911,12.428886],[122.669636,12.428343],[122.670097,12.42771],[122.669637,12.427258],[122.670742,12.426988],[122.669362,12.426534],[122.669546,12.426172],[122.67065,12.426355],[122.669641,12.424364],[122.671573,12.424366],[122.670194,12.423551],[122.670194,12.423099],[122.671207,12.422376],[122.670562,12.423461],[122.672217,12.424005],[122.671942,12.423462],[122.672311,12.422649],[122.671575,12.422558],[122.671761,12.421473],[122.672863,12.42283],[122.672772,12.422107],[122.671669,12.421111],[122.671301,12.421291],[122.671577,12.420839],[122.673692,12.421837],[122.673048,12.422288],[122.67498,12.42211],[122.674613,12.421295],[122.673141,12.421113],[122.672682,12.420298],[122.673051,12.419666],[122.673694,12.420028],[122.673142,12.420118],[122.673602,12.420661],[122.676361,12.421478],[122.6759,12.422201],[122.676544,12.42175],[122.67719,12.420213],[122.678294,12.420305],[122.67903,12.420939],[122.678203,12.420124],[122.676914,12.420213],[122.676916,12.418676],[122.677468,12.418586],[122.677375,12.41958],[122.678297,12.417773],[122.678483,12.416145],[122.679494,12.415662],[122.678392,12.416055],[122.679037,12.41497],[122.680601,12.414791],[122.680694,12.413978],[122.681706,12.414069],[122.68064,12.415114],[122.682258,12.414341],[122.683269,12.414885],[122.682719,12.413799],[122.680695,12.413706],[122.680239,12.41045],[122.678582,12.41072],[122.678859,12.410087],[122.676741,12.411441],[122.674809,12.4118],[122.674442,12.410534],[122.675547,12.409993],[122.675641,12.408455],[122.67518,12.408907],[122.675458,12.407551],[122.677022,12.407553],[122.67822,12.406288],[122.679231,12.407013],[122.679507,12.40638],[122.679875,12.406652],[122.679692,12.405928],[122.680335,12.406381],[122.680705,12.405206],[122.683005,12.404847],[122.682637,12.405299],[122.68328,12.406113],[122.682176,12.406293],[122.682175,12.406655],[122.682911,12.406836],[122.683002,12.407289],[122.681622,12.407377],[122.683002,12.407741],[122.683647,12.407108],[122.683738,12.407651],[122.682633,12.408554],[122.680978,12.40801],[122.681069,12.408462],[122.680424,12.408913]],[[122.683361,12.415066],[122.683269,12.414885],[122.683269,12.415066],[122.683361,12.415066]],[[122.670646,12.429972],[122.670554,12.430062],[122.670646,12.430062],[122.670646,12.429972]],[[122.67866,12.422657],[122.678751,12.422747],[122.678752,12.422657],[122.67866,12.422657]],[[122.69064,12.405941],[122.690548,12.40585],[122.690548,12.405941],[122.69064,12.405941]],[[122.678739,12.433056],[122.678644,12.434955],[122.678276,12.435226],[122.678459,12.435949],[122.679105,12.434865],[122.678739,12.433056]],[[122.677446,12.437124],[122.677446,12.436853],[122.677262,12.437124],[122.677446,12.437124]],[[122.679101,12.437849],[122.679101,12.438121],[122.679285,12.437849],[122.679101,12.437849]],[[122.678011,12.426183],[122.678103,12.426273],[122.678103,12.426092],[122.678011,12.426183]],[[122.680045,12.417956],[122.68069,12.417685],[122.679678,12.417684],[122.680045,12.417956]],[[122.685751,12.417149],[122.685843,12.417239],[122.685935,12.417149],[122.685935,12.416878],[122.685751,12.417149]],[[122.682169,12.4119],[122.682537,12.411538],[122.681709,12.411447],[122.681157,12.411898],[122.682169,12.4119]],[[122.681615,12.413527],[122.681707,12.413617],[122.681707,12.413527],[122.681615,12.413527]],[[122.681523,12.413436],[122.681615,12.413527],[122.681615,12.413436],[122.681523,12.413436]],[[122.681431,12.413346],[122.681523,12.413436],[122.681523,12.413346],[122.681431,12.413346]],[[122.681063,12.413074],[122.681339,12.413345],[122.681248,12.412893],[122.680972,12.412802],[122.681063,12.413074]],[[122.683637,12.415338],[122.683453,12.415066],[122.683452,12.415518],[122.684648,12.415791],[122.683637,12.415338]],[[122.686304,12.416155],[122.684648,12.415881],[122.686396,12.416336],[122.686304,12.416155]],[[122.686488,12.416426],[122.686396,12.416336],[122.686396,12.416426],[122.686488,12.416426]],[[122.686579,12.416517],[122.686488,12.416426],[122.686487,12.416516],[122.686579,12.416517]],[[122.687499,12.416608],[122.686671,12.416517],[122.686947,12.416969],[122.687499,12.416789],[122.687499,12.416608]]],[[[122.678673,12.411262],[122.678766,12.411172],[122.678765,12.411263],[122.678673,12.411262]]],[[[122.680144,12.412259],[122.680144,12.412168],[122.680236,12.412259],[122.680144,12.412259]]],[[[122.679775,12.413072],[122.680328,12.412621],[122.679959,12.413253],[122.68051,12.413797],[122.679866,12.414338],[122.679775,12.413072]]],[[[122.686565,12.428453],[122.686289,12.428453],[122.686013,12.428272],[122.686473,12.428272],[122.686565,12.428453]]],[[[122.686105,12.428724],[122.686289,12.428543],[122.686473,12.428724],[122.686105,12.428724]]],[[[122.68362,12.429535],[122.683712,12.429354],[122.683712,12.429535],[122.68362,12.429535]]],[[[122.681501,12.431432],[122.681593,12.431432],[122.681501,12.431522],[122.681501,12.431432]]],[[[122.679293,12.431429],[122.679292,12.431881],[122.678648,12.431971],[122.679293,12.431429]]]]}},{"type":"Feature","properties":{"haz":3},"geometry":{"type":"MultiPolygon","coordinates":[[[[122.464876,12.404414],[122.465982,12.403602],[122.465704,12.404687],[122.464876,12.404866],[122.464876,12.404414]]],[[[122.465058,12.405409],[122.464874,12.405409],[122.465059,12.405319],[122.465058,12.405409]]],[[[122.46754,12.40668],[122.466897,12.406317],[122.467541,12.406228],[122.46754,12.40668]]],[[[122.463673,12.407938],[122.464317,12.408211],[122.463856,12.408572],[122.463673,12.407938]]],[[[122.442324,12.410699],[122.442509,12.409976],[122.443795,12.410792],[122.442324,12.410699]]],[[[122.441122,12.413409],[122.439926,12.413316],[122.440019,12.413045],[122.441123,12.413047],[122.441122,12.413409]]],[[[122.446086,12.415137],[122.446271,12.414866],[122.447098,12.415139],[122.446086,12.415137]]],[[[122.443783,12.41667],[122.44268,12.416215],[122.441581,12.413952],[122.444431,12.414591],[122.444428,12.416219],[122.443783,12.41667]]],[[[122.438622,12.420909],[122.437885,12.421179],[122.436599,12.420182],[122.440556,12.420009],[122.441198,12.421095],[122.440369,12.421365],[122.438622,12.420909]]],[[[122.440456,12.423626],[122.439997,12.423354],[122.441193,12.422994],[122.441284,12.423537],[122.440456,12.423626]]],[[[122.465663,12.424581],[122.466582,12.425216],[122.466397,12.425577],[122.465201,12.425484],[122.464651,12.42485],[122.462903,12.424847],[122.463089,12.423581],[122.463826,12.423311],[122.465573,12.423857],[122.465663,12.424581]]],[[[122.440362,12.42462],[122.440363,12.424168],[122.441283,12.424351],[122.441097,12.424893],[122.440362,12.42462]]],[[[122.443948,12.425803],[122.443028,12.42562],[122.442202,12.424443],[122.443306,12.424446],[122.444133,12.425261],[122.443948,12.425803]]],[[[122.48334,12.418828],[122.483711,12.41711],[122.48279,12.41738],[122.480861,12.415839],[122.481139,12.414845],[122.480587,12.414844],[122.480773,12.414211],[122.480314,12.413487],[122.481497,12.412775],[122.481512,12.41272],[122.481514,12.411681],[122.480502,12.411317],[122.481341,12.405802],[122.475821,12.405882],[122.47526,12.410403],[122.477101,12.410225],[122.476731,12.411219],[122.477834,12.411583],[122.478107,12.413121],[122.477552,12.414748],[122.474971,12.417184],[122.472304,12.416636],[122.472582,12.415642],[122.471572,12.414645],[122.468811,12.414731],[122.468445,12.413826],[122.468817,12.412018],[122.47084,12.412564],[122.471121,12.410033],[122.472318,12.409583],[122.472412,12.408408],[122.47223,12.407684],[122.471401,12.407954],[122.471402,12.407321],[122.470298,12.407318],[122.470755,12.409218],[122.468824,12.408401],[122.468178,12.409484],[122.467727,12.405234],[122.46745,12.405414],[122.467361,12.404329],[122.466444,12.40288],[122.464972,12.402696],[122.464419,12.403328],[122.464784,12.404504],[122.462483,12.405223],[122.463218,12.405858],[122.463122,12.407666],[122.462571,12.407303],[122.461931,12.405312],[122.460643,12.40522],[122.459906,12.40567],[122.460823,12.407209],[122.460268,12.408655],[122.461371,12.40929],[122.460447,12.410826],[122.461273,12.411822],[122.460077,12.412181],[122.462006,12.41327],[122.463014,12.415352],[122.462,12.416164],[122.462183,12.416978],[122.460159,12.416793],[122.460059,12.420591],[122.458033,12.421763],[122.457848,12.422305],[122.4607,12.422039],[122.461804,12.422403],[122.462354,12.422947],[122.462166,12.425117],[122.46152,12.42611],[122.460784,12.426289],[122.461242,12.427104],[122.460689,12.427465],[122.457108,12.424202],[122.456095,12.424291],[122.455544,12.423837],[122.456095,12.424562],[122.456092,12.425828],[122.456918,12.426734],[122.456547,12.428451],[122.457004,12.429809],[122.455621,12.431072],[122.454703,12.430346],[122.455259,12.428268],[122.452407,12.427991],[122.452496,12.429528],[122.453415,12.430344],[122.453871,12.432063],[122.45341,12.432514],[122.452666,12.43613],[122.45156,12.437032],[122.452018,12.438027],[122.452847,12.438029],[122.453581,12.438844],[122.454318,12.438575],[122.454502,12.438123],[122.45349,12.438482],[122.454227,12.437761],[122.455975,12.438035],[122.457442,12.440209],[122.459651,12.439851],[122.459463,12.442021],[122.460197,12.443108],[122.459639,12.445729],[122.459913,12.446905],[122.459358,12.44808],[122.459448,12.449436],[122.458526,12.449977],[122.458614,12.451966],[122.457138,12.453953],[122.457505,12.454225],[122.458702,12.453775],[122.458797,12.452509],[122.459441,12.452601],[122.460267,12.453778],[122.461834,12.452335],[122.461829,12.454686],[122.460998,12.45595],[122.461181,12.456674],[122.460352,12.456853],[122.459982,12.457757],[122.458324,12.458748],[122.457588,12.458746],[122.456302,12.457568],[122.453544,12.456568],[122.451977,12.457921],[122.450322,12.457375],[122.449864,12.456108],[122.452074,12.45557],[122.454379,12.452953],[122.451436,12.452675],[122.45079,12.453578],[122.448581,12.453483],[122.448767,12.45276],[122.449781,12.452129],[122.448953,12.451947],[122.447202,12.453028],[122.447109,12.453661],[122.44545,12.455105],[122.444992,12.454109],[122.44527,12.452844],[122.447111,12.452847],[122.446655,12.450495],[122.443715,12.448862],[122.443991,12.448501],[122.44298,12.447956],[122.443167,12.446781],[122.442708,12.446418],[122.441144,12.446324],[122.440593,12.4456],[122.438663,12.444782],[122.439492,12.44406],[122.439678,12.443156],[122.441061,12.442074],[122.442262,12.439454],[122.436028,12.429314],[122.438328,12.429318],[122.439799,12.429864],[122.442101,12.428964],[122.444038,12.426617],[122.446524,12.425718],[122.445516,12.423636],[122.444597,12.423363],[122.4446,12.421916],[122.445334,12.422912],[122.44938,12.423734],[122.450389,12.425274],[122.451125,12.425185],[122.451405,12.423286],[122.450486,12.422742],[122.449937,12.421565],[122.444149,12.417665],[122.443966,12.416941],[122.444796,12.416129],[122.447466,12.415502],[122.446728,12.416224],[122.444703,12.416672],[122.446174,12.417217],[122.448201,12.415955],[122.450594,12.415237],[122.455747,12.415066],[122.456205,12.41561],[122.45602,12.416242],[122.457583,12.416969],[122.456943,12.415069],[122.455291,12.412805],[122.455203,12.411177],[122.453365,12.409998],[122.451077,12.404206],[122.450433,12.404204],[122.450251,12.4033],[122.449608,12.402937],[122.449794,12.401761],[122.449336,12.400947],[122.449055,12.403297],[122.449513,12.404474],[122.446847,12.403474],[122.446568,12.40492],[122.446935,12.405373],[122.446197,12.406366],[122.448954,12.407728],[122.450607,12.409178],[122.450789,12.409902],[122.451892,12.410718],[122.452074,12.411623],[122.453361,12.412077],[122.454187,12.412983],[122.453908,12.414339],[122.452527,12.414698],[122.452068,12.414245],[122.449768,12.414331],[122.447747,12.412789],[122.446466,12.409441],[122.445361,12.410072],[122.444719,12.409076],[122.444259,12.409075],[122.444533,12.40998],[122.443153,12.409886],[122.439478,12.407799],[122.438926,12.407798],[122.438831,12.409064],[122.438002,12.409424],[122.436619,12.411139],[122.435975,12.410892],[122.441694,12.404186],[122.442058,12.405724],[122.444632,12.406996],[122.444543,12.405277],[122.442339,12.403447],[122.449158,12.398324],[122.449343,12.397782],[122.455237,12.394448],[122.457208,12.393819],[122.460207,12.393644],[122.462418,12.392201],[122.463061,12.392557],[122.465729,12.392389],[122.466094,12.393656],[122.466738,12.393747],[122.467753,12.392302],[122.47033,12.391765],[122.471157,12.392399],[122.470882,12.391766],[122.471342,12.391586],[122.472166,12.393487],[122.471798,12.393848],[122.472441,12.394301],[122.475847,12.39277],[122.475845,12.394217],[122.476488,12.39458],[122.477778,12.393588],[122.478329,12.393679],[122.479336,12.396304],[122.479242,12.397569],[122.480982,12.401371],[122.481996,12.400559],[122.482366,12.399203],[122.483654,12.399386],[122.485035,12.398756],[122.484857,12.395591],[122.485321,12.393693],[122.485966,12.393332],[122.486607,12.394599],[122.48771,12.395325],[122.488622,12.399215],[122.488525,12.401656],[122.488982,12.403466],[122.488242,12.405544],[122.488331,12.406901],[122.488975,12.406902],[122.489438,12.405366],[122.491282,12.40347],[122.490918,12.40148],[122.492026,12.399131],[122.492945,12.399856],[122.493957,12.399858],[122.494964,12.402211],[122.494499,12.404923],[122.493214,12.407358],[122.49339,12.407272],[122.49339,12.407362],[122.493212,12.407362],[122.493021,12.407723],[122.494218,12.407274],[122.495329,12.403749],[122.497265,12.401763],[122.497082,12.40113],[122.496069,12.40149],[122.495334,12.400946],[122.496994,12.398959],[122.499381,12.401586],[122.498644,12.402399],[122.498823,12.404931],[122.497253,12.407641],[122.497892,12.410355],[122.498718,12.411532],[122.49789,12.411621],[122.496779,12.415146],[122.494387,12.415141],[122.494297,12.414056],[122.493563,12.41306],[122.492184,12.412605],[122.492001,12.411972],[122.493109,12.409894],[122.493112,12.408357],[122.492193,12.408084],[122.492191,12.409169],[122.491362,12.409439],[122.490353,12.407809],[122.489526,12.407536],[122.490349,12.409798],[122.491543,12.411157],[122.491722,12.41378],[122.492546,12.41568],[122.491615,12.421195],[122.492534,12.421648],[122.492807,12.423367],[122.493818,12.424002],[122.493354,12.425991],[122.494734,12.425993],[122.495652,12.42699],[122.495283,12.427531],[122.494087,12.42771],[122.494177,12.428615],[122.492982,12.42807],[122.492432,12.427255],[122.488843,12.427339],[122.487467,12.425256],[122.483512,12.424706],[122.483975,12.422989],[122.48334,12.418828]],[[122.481526,12.405622],[122.481526,12.405532],[122.481434,12.405622],[122.481526,12.405622]]],[[[122.439991,12.425795],[122.440635,12.425796],[122.440267,12.426067],[122.439991,12.425795]]],[[[122.434835,12.427593],[122.435939,12.427595],[122.435019,12.427865],[122.434835,12.427593]]],[[[122.432532,12.428854],[122.433545,12.428675],[122.435383,12.429403],[122.435381,12.430307],[122.433907,12.431208],[122.432622,12.43012],[122.432255,12.429306],[122.432532,12.428854]]],[[[122.453875,12.429983],[122.454519,12.430256],[122.453966,12.430707],[122.453875,12.429983]]],[[[122.468406,12.433177],[122.468314,12.433358],[122.468038,12.433176],[122.468406,12.433177]]],[[[122.467117,12.433807],[122.467301,12.433627],[122.467301,12.433808],[122.467117,12.433807]]],[[[122.430587,12.435089],[122.433255,12.434914],[122.433251,12.436723],[122.431687,12.436719],[122.430587,12.435089]]],[[[122.452571,12.437576],[122.452479,12.437576],[122.452572,12.437395],[122.452571,12.437576]]],[[[122.431409,12.437804],[122.431317,12.437804],[122.431409,12.437714],[122.431409,12.437804]]],[[[122.431408,12.438075],[122.431409,12.437894],[122.4315,12.438075],[122.431408,12.438075]]],[[[122.431592,12.438076],[122.431592,12.438166],[122.4315,12.438075],[122.431592,12.438076]]],[[[122.439042,12.439538],[122.438951,12.438905],[122.439687,12.439087],[122.43987,12.439721],[122.439042,12.439538]]],[[[122.42662,12.439602],[122.424689,12.439417],[122.425977,12.43933],[122.42662,12.439602]]],[[[122.462316,12.441575],[122.460573,12.439311],[122.461128,12.437684],[122.462232,12.437596],[122.462513,12.435155],[122.463066,12.434794],[122.463709,12.435338],[122.465082,12.438958],[122.46637,12.43887],[122.465635,12.438507],[122.466279,12.438327],[122.467195,12.440318],[122.467287,12.440359],[122.467288,12.440138],[122.467656,12.440048],[122.467747,12.44041],[122.467402,12.440409],[122.468023,12.440682],[122.468113,12.441586],[122.467834,12.442761],[122.46682,12.443754],[122.466726,12.444839],[122.466358,12.444928],[122.465901,12.443571],[122.463604,12.441577],[122.463601,12.443386],[122.464701,12.445287],[122.462953,12.444922],[122.462312,12.443835],[122.462316,12.441575]],[[122.466462,12.43896],[122.46637,12.43887],[122.46637,12.43896],[122.466462,12.43896]]],[[[122.426066,12.440596],[122.426251,12.440415],[122.426618,12.440597],[122.426066,12.440596]]],[[[122.425329,12.441318],[122.426433,12.44132],[122.425696,12.44168],[122.425329,12.441318]]],[[[122.430849,12.44142],[122.430756,12.441872],[122.429927,12.442141],[122.430849,12.44142]]],[[[122.467186,12.44493],[122.467278,12.44484],[122.467278,12.44493],[122.467186,12.44493]]],[[[122.471694,12.44512],[122.471879,12.444668],[122.47197,12.44512],[122.471694,12.44512]]],[[[122.434152,12.445496],[122.433601,12.445224],[122.43535,12.445046],[122.434889,12.445317],[122.435256,12.44577],[122.434518,12.446672],[122.433782,12.446761],[122.432858,12.448206],[122.430745,12.446755],[122.431299,12.445942],[122.433507,12.445947],[122.434152,12.445496]],[[122.434521,12.445406],[122.434521,12.445316],[122.434245,12.445406],[122.434521,12.445406]]],[[[122.467822,12.44882],[122.468466,12.448731],[122.468741,12.449274],[122.467729,12.449181],[122.467271,12.448186],[122.467822,12.44882]]],[[[122.432305,12.448928],[122.432304,12.449381],[122.43166,12.449289],[122.432305,12.448928]]],[[[122.462207,12.449713],[122.462207,12.449894],[122.462023,12.449893],[122.46184,12.449622],[122.462207,12.449713]]],[[[122.440768,12.450031],[122.441688,12.449852],[122.44187,12.450666],[122.442239,12.450577],[122.442329,12.451391],[122.442972,12.451844],[122.44297,12.452839],[122.441041,12.451117],[122.440768,12.450031]]],[[[122.435702,12.452372],[122.438838,12.448671],[122.440403,12.448493],[122.440954,12.448856],[122.440953,12.449489],[122.439478,12.450481],[122.440121,12.451205],[122.439749,12.453194],[122.440022,12.45437],[122.438736,12.453554],[122.438457,12.454909],[122.436892,12.454997],[122.435974,12.45409],[122.436804,12.453097],[122.435701,12.452733],[122.435702,12.452372]]],[[[122.46119,12.452152],[122.461098,12.452152],[122.461191,12.451972],[122.46119,12.452152]]],[[[122.461005,12.452785],[122.460913,12.452966],[122.460637,12.452875],[122.461005,12.452785]]],[[[122.445086,12.453115],[122.445085,12.453295],[122.444718,12.453114],[122.445086,12.453115]]],[[[122.441311,12.454101],[122.441588,12.45374],[122.443428,12.453744],[122.443887,12.454378],[122.443701,12.455011],[122.442597,12.455099],[122.441494,12.454644],[122.441311,12.454101]]],[[[122.450972,12.454483],[122.450971,12.454935],[122.450419,12.454753],[122.450972,12.454483]]],[[[122.443149,12.455371],[122.442688,12.455642],[122.442504,12.45537],[122.443149,12.455371]]],[[[122.462102,12.456133],[122.462195,12.455952],[122.462378,12.456224],[122.462102,12.456133]]],[[[122.462102,12.456404],[122.46201,12.456404],[122.462102,12.456223],[122.462102,12.456404]]],[[[122.461733,12.456584],[122.461825,12.456585],[122.461733,12.456675],[122.461733,12.456584]]],[[[122.461733,12.456765],[122.461641,12.456765],[122.461733,12.456675],[122.461733,12.456765]]],[[[122.441857,12.456906],[122.442961,12.456999],[122.44204,12.457358],[122.441857,12.456906]]],[[[122.4379,12.457259],[122.438361,12.456446],[122.438729,12.456628],[122.438451,12.457622],[122.439463,12.457715],[122.438817,12.458527],[122.4379,12.457259]]],[[[122.445351,12.458179],[122.445353,12.457456],[122.447471,12.456556],[122.447746,12.457099],[122.447282,12.458726],[122.446087,12.458],[122.445351,12.458179]]],[[[122.44443,12.45872],[122.445167,12.458179],[122.445349,12.458902],[122.44452,12.459353],[122.44443,12.45872]]],[[[122.46964,12.460036],[122.46964,12.459946],[122.469824,12.460037],[122.46964,12.460036]]],[[[122.469916,12.460037],[122.469915,12.460308],[122.469824,12.460037],[122.469916,12.460037]]],[[[122.451605,12.459639],[122.452159,12.458826],[122.453077,12.459732],[122.456483,12.459015],[122.457587,12.459379],[122.457953,12.460194],[122.456848,12.460644],[122.453996,12.460367],[122.4516,12.461899],[122.449024,12.461984],[122.449025,12.461261],[122.451053,12.459457],[122.451605,12.459639]],[[122.450776,12.460089],[122.450776,12.459999],[122.450592,12.460089],[122.450776,12.460089]],[[122.450868,12.459908],[122.450776,12.459999],[122.450868,12.459999],[122.450868,12.459908]],[[122.451145,12.459728],[122.451145,12.459819],[122.451237,12.459728],[122.451145,12.459728]]],[[[122.461072,12.465083],[122.460794,12.465625],[122.461254,12.465988],[122.459872,12.466618],[122.460064,12.463001],[122.459606,12.461644],[122.460067,12.461374],[122.45961,12.460107],[122.459887,12.459294],[122.460623,12.459657],[122.460809,12.458391],[122.462378,12.456314],[122.463296,12.457221],[122.464207,12.461925],[122.463467,12.463822],[122.461072,12.465083]]],[[[122.453716,12.462446],[122.454176,12.462176],[122.454268,12.462447],[122.453807,12.462808],[122.453716,12.462446]]],[[[122.471658,12.462753],[122.471843,12.462663],[122.471842,12.462753],[122.471658,12.462753]]],[[[122.467522,12.460665],[122.469087,12.460307],[122.468163,12.462023],[122.469731,12.460398],[122.470099,12.460489],[122.469821,12.461212],[122.470648,12.461756],[122.470003,12.462479],[122.468071,12.462113],[122.467702,12.462655],[122.467881,12.465006],[122.466682,12.466541],[122.466314,12.466269],[122.466411,12.463918],[122.465768,12.463374],[122.466138,12.462381],[122.465312,12.461203],[122.465774,12.4603],[122.467341,12.459128],[122.467524,12.45949],[122.466694,12.460754],[122.466688,12.463557],[122.467517,12.462835],[122.467522,12.460665]]],[[[122.453346,12.463259],[122.453437,12.463621],[122.452885,12.46371],[122.453346,12.463259]]],[[[122.456569,12.461819],[122.454726,12.463081],[122.45408,12.464346],[122.454446,12.46507],[122.454998,12.464981],[122.455736,12.46444],[122.456384,12.462361],[122.457121,12.462182],[122.457764,12.462635],[122.457945,12.464173],[122.456652,12.46625],[122.454903,12.466427],[122.453893,12.465521],[122.452789,12.465519],[122.452327,12.466513],[122.4515,12.465968],[122.452974,12.465067],[122.453344,12.463892],[122.455005,12.461816],[122.456571,12.461186],[122.456569,12.461819]]],[[[122.465209,12.466629],[122.465209,12.46681],[122.464933,12.466899],[122.465209,12.466629]]],[[[122.457385,12.46797],[122.457478,12.467427],[122.456926,12.467426],[122.456835,12.466793],[122.457571,12.466704],[122.457937,12.467699],[122.457385,12.46797]]],[[[122.465942,12.468077],[122.464929,12.468618],[122.464009,12.468345],[122.465116,12.467171],[122.466036,12.467083],[122.465942,12.468077]]],[[[122.463734,12.468073],[122.463275,12.46771],[122.464011,12.467802],[122.463734,12.468073]]],[[[122.458763,12.469057],[122.458764,12.468696],[122.459594,12.467612],[122.460146,12.467613],[122.460789,12.468429],[122.460419,12.46897],[122.458763,12.469057]]],[[[122.462069,12.472048],[122.461888,12.470782],[122.462443,12.469427],[122.463825,12.468706],[122.464005,12.470334],[122.462621,12.47223],[122.462069,12.472048]]],[[[122.448454,12.470031],[122.449099,12.469761],[122.449649,12.470938],[122.448911,12.471841],[122.448454,12.470031]]],[[[122.464462,12.471872],[122.464643,12.473319],[122.463171,12.473316],[122.464462,12.471872]]],[[[122.464638,12.475942],[122.464912,12.476756],[122.463533,12.476211],[122.462616,12.474762],[122.464638,12.475942]]],[[[122.469974,12.476766],[122.469973,12.476947],[122.469789,12.477037],[122.469974,12.476766]]],[[[122.460861,12.478104],[122.460771,12.477109],[122.462151,12.476841],[122.463162,12.477476],[122.463069,12.477928],[122.460861,12.478104]]],[[[122.454783,12.479991],[122.453866,12.478633],[122.45396,12.477548],[122.454605,12.476916],[122.455341,12.477008],[122.455151,12.479992],[122.454783,12.479991]]],[[[122.468856,12.483365],[122.468856,12.483275],[122.468948,12.483365],[122.468856,12.483365]]],[[[122.470236,12.483458],[122.470052,12.483639],[122.469499,12.483728],[122.470236,12.483458]]],[[[122.469682,12.48418],[122.469088,12.484141],[122.469132,12.483366],[122.469682,12.48418]]],[[[122.465358,12.48372],[122.46591,12.483811],[122.46591,12.483902],[122.464529,12.48408],[122.465358,12.48372]]],[[[122.466186,12.483993],[122.465725,12.484444],[122.464805,12.484171],[122.466186,12.483993]]],[[[122.489369,12.393429],[122.488726,12.392976],[122.488728,12.391981],[122.489189,12.39153],[122.489555,12.392706],[122.489369,12.393429]]],[[[122.488445,12.395598],[122.488815,12.394604],[122.489274,12.395057],[122.488997,12.39587],[122.488445,12.395598]]],[[[122.497369,12.395162],[122.497921,12.395525],[122.49746,12.395886],[122.497369,12.395162]]],[[[122.497822,12.39887],[122.497639,12.398328],[122.498283,12.398238],[122.498466,12.398872],[122.497822,12.39887]]],[[[122.480592,12.412402],[122.480408,12.412402],[122.480593,12.412221],[122.480592,12.412402]]],[[[122.495307,12.415324],[122.495122,12.415595],[122.494019,12.415321],[122.495307,12.415324]]],[[[122.482973,12.418013],[122.480579,12.418823],[122.481778,12.417649],[122.482698,12.41738],[122.482973,12.418013]]],[[[122.479936,12.418731],[122.479752,12.418731],[122.479936,12.41864],[122.479936,12.418731]]],[[[122.481129,12.419909],[122.48067,12.419817],[122.480946,12.419547],[122.481129,12.419909]]],[[[122.483245,12.420003],[122.483243,12.420908],[122.482783,12.421087],[122.481866,12.419548],[122.483245,12.420003]]],[[[122.482783,12.421268],[122.482782,12.42154],[122.482414,12.421448],[122.482783,12.421268]]],[[[122.49327,12.422012],[122.495203,12.421201],[122.495109,12.422377],[122.493268,12.422916],[122.49327,12.422012]]],[[[122.480203,12.422891],[122.481215,12.423255],[122.480295,12.423343],[122.480203,12.422891]]],[[[122.483055,12.423077],[122.482778,12.423439],[122.482503,12.423167],[122.483055,12.423077]]],[[[122.47781,12.423429],[122.477718,12.423429],[122.477811,12.423248],[122.47781,12.423429]]],[[[122.476056,12.4265],[122.477804,12.426323],[122.477159,12.426774],[122.475595,12.426861],[122.476056,12.4265]]],[[[122.476331,12.427134],[122.476699,12.427225],[122.476331,12.427224],[122.476331,12.427134]]],[[[122.490864,12.42897],[122.491045,12.430417],[122.489665,12.430415],[122.488931,12.429599],[122.489486,12.427792],[122.490864,12.42897]]],[[[122.49408,12.431237],[122.494539,12.431599],[122.493986,12.43205],[122.49408,12.431237]]],[[[122.496555,12.436124],[122.496187,12.436033],[122.496555,12.435944],[122.496555,12.436124]]],[[[122.492597,12.43675],[122.492505,12.436931],[122.492045,12.43702],[122.492597,12.43675]]],[[[122.494619,12.437839],[122.494896,12.437568],[122.495079,12.43793],[122.494619,12.437839]]],[[[122.475848,12.438617],[122.475847,12.438979],[122.475112,12.438435],[122.475113,12.438073],[122.475848,12.438617]]],[[[122.477594,12.439344],[122.477779,12.439254],[122.477778,12.439435],[122.477594,12.439344]]],[[[122.49213,12.440366],[122.491303,12.440003],[122.491396,12.439189],[122.491766,12.438467],[122.492226,12.438467],[122.49213,12.440366]]],[[[122.490643,12.44814],[122.491846,12.444435],[122.49286,12.443533],[122.492954,12.442357],[122.493875,12.441816],[122.49495,12.439558],[122.4948,12.439557],[122.494984,12.439286],[122.495024,12.439402],[122.495723,12.437931],[122.49683,12.436668],[122.498026,12.436579],[122.498207,12.438207],[122.500414,12.438754],[122.500229,12.439296],[122.499125,12.439475],[122.498754,12.44065],[122.496911,12.442003],[122.497644,12.443632],[122.49506,12.447877],[122.494504,12.449775],[122.492201,12.451218],[122.491831,12.452031],[122.490084,12.451575],[122.489162,12.452388],[122.489712,12.453564],[122.488056,12.45329],[122.488427,12.451753],[122.490643,12.44814]]],[[[122.478053,12.439887],[122.478054,12.439797],[122.478145,12.439888],[122.478053,12.439887]]],[[[122.478237,12.439888],[122.478237,12.439978],[122.478145,12.439888],[122.478237,12.439888]]],[[[122.47888,12.440432],[122.478788,12.440431],[122.478881,12.44007],[122.47888,12.440432]]],[[[122.481089,12.440255],[122.480628,12.440797],[122.480906,12.439893],[122.481825,12.440075],[122.481089,12.440255]]],[[[122.490748,12.441268],[122.490932,12.441178],[122.490932,12.441268],[122.490748,12.441268]]],[[[122.482185,12.444417],[122.481448,12.444596],[122.481086,12.441702],[122.481825,12.440256],[122.483761,12.438632],[122.485415,12.439449],[122.485132,12.442795],[122.482647,12.443513],[122.482185,12.444417]]],[[[122.487893,12.442438],[122.488078,12.442438],[122.487893,12.442529],[122.487893,12.442438]]],[[[122.487893,12.442619],[122.487801,12.442619],[122.487893,12.442529],[122.487893,12.442619]]],[[[122.477955,12.442871],[122.477771,12.442871],[122.477956,12.442781],[122.477955,12.442871]]],[[[122.477584,12.444408],[122.478137,12.443866],[122.478228,12.444409],[122.477859,12.444861],[122.477584,12.444408]]],[[[122.475375,12.445037],[122.475558,12.445308],[122.475282,12.445217],[122.475375,12.445037]]],[[[122.47657,12.445581],[122.476294,12.445581],[122.476386,12.44531],[122.47657,12.445581]]],[[[122.477214,12.445764],[122.477582,12.445403],[122.47749,12.445764],[122.477214,12.445764]]],[[[122.473993,12.445757],[122.474912,12.446302],[122.475557,12.445851],[122.476384,12.446395],[122.476658,12.44739],[122.478037,12.447845],[122.477943,12.449292],[122.478769,12.450107],[122.475548,12.450463],[122.474353,12.449737],[122.472513,12.449914],[122.468834,12.448731],[122.46764,12.447915],[122.467275,12.446468],[122.468011,12.446469],[122.4681,12.447826],[122.469389,12.447647],[122.468937,12.443758],[122.469767,12.442403],[122.47078,12.442224],[122.471145,12.443853],[122.470591,12.444846],[122.47068,12.446022],[122.4716,12.446386],[122.472708,12.444218],[122.473993,12.445757]]],[[[122.480156,12.446673],[122.480433,12.446493],[122.480432,12.446764],[122.480247,12.447035],[122.480156,12.446673]]],[[[122.479878,12.447668],[122.479786,12.447667],[122.479879,12.447396],[122.479878,12.447668]]],[[[122.484558,12.454368],[122.481799,12.453187],[122.480881,12.452101],[122.481068,12.450925],[122.480057,12.4502],[122.481078,12.445681],[122.481999,12.44514],[122.483748,12.444962],[122.484759,12.445597],[122.4842,12.448851],[122.484657,12.45039],[122.483824,12.45283],[122.484558,12.454368]]],[[[122.487143,12.449852],[122.486769,12.452654],[122.486126,12.452291],[122.485763,12.449487],[122.48512,12.449125],[122.485491,12.447769],[122.486777,12.448585],[122.487143,12.449852]]],[[[122.488433,12.44895],[122.488801,12.449041],[122.488707,12.449855],[122.48797,12.450396],[122.488059,12.451933],[122.487691,12.451933],[122.487326,12.450395],[122.48797,12.450215],[122.488433,12.44895]]],[[[122.485577,12.450844],[122.485761,12.450844],[122.485758,12.45211],[122.485577,12.450844]]],[[[122.474715,12.452812],[122.474807,12.452993],[122.474255,12.452992],[122.474071,12.45272],[122.474715,12.452812]]],[[[122.474622,12.453264],[122.477384,12.452636],[122.477198,12.45345],[122.474803,12.454711],[122.474622,12.453264]]],[[[122.480968,12.454904],[122.480876,12.454904],[122.480968,12.454814],[122.480968,12.454904]]],[[[122.49265,12.456825],[122.493941,12.455471],[122.494859,12.456468],[122.49495,12.457282],[122.493567,12.458364],[122.491544,12.457999],[122.490993,12.457455],[122.49265,12.456825]]],[[[122.481883,12.457347],[122.481976,12.457167],[122.481975,12.457347],[122.481883,12.457347]]],[[[122.487771,12.457901],[122.486389,12.458622],[122.486116,12.457536],[122.486761,12.456633],[122.487498,12.456454],[122.487771,12.457901]]],[[[122.492827,12.460533],[122.492643,12.460533],[122.492827,12.460443],[122.492827,12.460533]]],[[[122.478194,12.461862],[122.478286,12.461862],[122.478193,12.461952],[122.478194,12.461862]]],[[[122.478193,12.462042],[122.478101,12.462042],[122.478193,12.461952],[122.478193,12.462042]]],[[[122.473683,12.462486],[122.473591,12.462486],[122.473684,12.462395],[122.473683,12.462486]]],[[[122.473958,12.46321],[122.473774,12.463119],[122.473959,12.462667],[122.473958,12.46321]]],[[[122.47267,12.463117],[122.472394,12.463116],[122.47267,12.463026],[122.47267,12.463117]]],[[[122.472393,12.463388],[122.472117,12.463387],[122.472118,12.462935],[122.472393,12.463388]]],[[[122.477823,12.463217],[122.477822,12.463398],[122.477546,12.463488],[122.477823,12.463217]]],[[[122.472669,12.463478],[122.472762,12.463207],[122.473313,12.46357],[122.472669,12.463478]]],[[[122.476532,12.464571],[122.47644,12.464571],[122.476532,12.464481],[122.476532,12.464571]]],[[[122.485181,12.46504],[122.485089,12.46504],[122.485181,12.464769],[122.485181,12.46504]]],[[[122.47469,12.46511],[122.474874,12.465472],[122.474414,12.46529],[122.47469,12.46511]]],[[[122.483708,12.465218],[122.484351,12.465852],[122.483798,12.466394],[122.483708,12.465218]]],[[[122.473668,12.470082],[122.473298,12.471256],[122.473024,12.46999],[122.473668,12.470082]]],[[[122.472924,12.473878],[122.474029,12.473428],[122.474396,12.474062],[122.473107,12.474331],[122.472924,12.473878]]],[[[122.474764,12.473972],[122.47541,12.47334],[122.4755,12.474064],[122.474948,12.474425],[122.474764,12.473972]]],[[[122.476605,12.474066],[122.476605,12.474157],[122.476145,12.473884],[122.476605,12.474066]]],[[[122.477063,12.474971],[122.478903,12.475337],[122.477977,12.477867],[122.475677,12.477681],[122.475492,12.478314],[122.475218,12.477409],[122.475588,12.476234],[122.476324,12.476145],[122.477063,12.474971]]],[[[122.483408,12.477063],[122.483408,12.477244],[122.48304,12.477153],[122.483408,12.477063]]],[[[122.481198,12.478054],[122.48129,12.477873],[122.481474,12.478054],[122.481198,12.478054]]],[[[122.482852,12.479233],[122.481934,12.477965],[122.48258,12.477333],[122.483131,12.477515],[122.482852,12.479233]]],[[[122.479906,12.479679],[122.478157,12.480309],[122.478711,12.479044],[122.478529,12.47823],[122.479817,12.478142],[122.479906,12.479679]]],[[[122.473735,12.482289],[122.473918,12.482832],[122.473367,12.48256],[122.473735,12.482289]]],[[[122.487997,12.483221],[122.488,12.481865],[122.488735,12.482499],[122.488549,12.483493],[122.487997,12.483221]]],[[[122.489007,12.484399],[122.4891,12.483947],[122.48956,12.484219],[122.489467,12.484671],[122.489007,12.484399]]],[[[122.488731,12.484398],[122.488822,12.484941],[122.488454,12.48485],[122.488363,12.484307],[122.488731,12.484398]]],[[[122.559184,12.343725],[122.556976,12.344264],[122.556795,12.342817],[122.558176,12.341734],[122.558727,12.342096],[122.559184,12.343725]]],[[[122.503079,12.391827],[122.502988,12.391374],[122.503264,12.391285],[122.503448,12.391737],[122.503079,12.391827]]],[[[122.503247,12.400327],[122.503431,12.400689],[122.503062,12.401231],[122.503247,12.400327]]],[[[122.50941,12.401152],[122.509134,12.401152],[122.50941,12.400881],[122.50941,12.401152]]],[[[122.502324,12.402225],[122.502233,12.401772],[122.502785,12.401683],[122.502784,12.402225],[122.502324,12.402225]]],[[[122.516126,12.400622],[122.516682,12.398543],[122.517694,12.398545],[122.518521,12.39936],[122.518519,12.400355],[122.517781,12.401167],[122.517871,12.402162],[122.519433,12.403431],[122.519063,12.404606],[122.519981,12.405602],[122.519978,12.40732],[122.518504,12.408222],[122.516483,12.4065],[122.517498,12.405146],[122.517411,12.402161],[122.516126,12.400622]]],[[[122.510417,12.403596],[122.510784,12.403958],[122.510139,12.404409],[122.510417,12.403596]]],[[[122.509404,12.404317],[122.509219,12.40486],[122.508851,12.404678],[122.509404,12.404317]]],[[[122.507743,12.406756],[122.50848,12.406124],[122.508387,12.406757],[122.507926,12.407208],[122.507743,12.406756]]],[[[122.498814,12.409633],[122.49983,12.407465],[122.500287,12.409093],[122.499548,12.410448],[122.498814,12.409633]]],[[[122.504978,12.409192],[122.505071,12.40874],[122.505347,12.409103],[122.505254,12.409464],[122.504978,12.409192]]],[[[122.505343,12.411002],[122.50516,12.410549],[122.505435,12.411002],[122.505343,12.411002]]],[[[122.505062,12.413624],[122.504785,12.413985],[122.504786,12.413623],[122.505062,12.413624]]],[[[122.516561,12.414187],[122.516469,12.414187],[122.516562,12.413916],[122.516561,12.414187]]],[[[122.502117,12.41407],[122.502117,12.414432],[122.501657,12.414431],[122.501657,12.413979],[122.502117,12.41407]]],[[[122.508833,12.413992],[122.508924,12.414716],[122.508281,12.414353],[122.50819,12.413901],[122.508833,12.413992]]],[[[122.504046,12.415882],[122.503769,12.416424],[122.502941,12.416513],[122.504046,12.415882]]],[[[122.507082,12.415888],[122.507633,12.41616],[122.507173,12.416521],[122.507082,12.415888]]],[[[122.500638,12.417775],[122.500363,12.417413],[122.501008,12.416962],[122.500638,12.417775]]],[[[122.500623,12.425461],[122.501175,12.425824],[122.499703,12.42555],[122.500623,12.425461]]],[[[122.519575,12.42649],[122.520771,12.426221],[122.520586,12.426673],[122.519575,12.42649]]],[[[122.502553,12.426641],[122.502553,12.426821],[122.502369,12.42664],[122.502553,12.426641]]],[[[122.515798,12.429016],[122.515154,12.429105],[122.515431,12.428292],[122.515798,12.429016]]],[[[122.513774,12.42865],[122.514326,12.428742],[122.513682,12.429102],[122.513774,12.42865]]],[[[122.519476,12.430017],[122.519476,12.429927],[122.519752,12.430017],[122.519476,12.430017]]],[[[122.519468,12.434448],[122.51956,12.434719],[122.518823,12.435261],[122.519468,12.434448]]],[[[122.518629,12.440234],[122.519182,12.439873],[122.519364,12.440778],[122.518719,12.44141],[122.518629,12.440234]]],[[[122.517337,12.442492],[122.517337,12.442311],[122.515037,12.442579],[122.515314,12.441856],[122.518719,12.44159],[122.518442,12.442223],[122.517521,12.442312],[122.517981,12.442674],[122.517337,12.442492]]],[[[122.517521,12.442764],[122.517429,12.442764],[122.517521,12.442673],[122.517521,12.442764]]],[[[122.516324,12.443123],[122.516693,12.442582],[122.517061,12.442673],[122.516784,12.443215],[122.516324,12.443123]]],[[[122.510065,12.444378],[122.509698,12.443564],[122.51025,12.443565],[122.510709,12.444289],[122.510065,12.444378]]],[[[122.510248,12.44474],[122.509604,12.444649],[122.510248,12.444559],[122.510248,12.44474]]],[[[122.515123,12.445834],[122.515031,12.445382],[122.515307,12.445834],[122.515123,12.445834]]],[[[122.516502,12.446289],[122.515857,12.44683],[122.515674,12.446287],[122.516502,12.446289]]],[[[122.511348,12.446732],[122.511252,12.449173],[122.510884,12.449082],[122.510336,12.447092],[122.510613,12.446188],[122.511348,12.446732]]],[[[122.515021,12.450807],[122.514194,12.450625],[122.514747,12.450084],[122.515021,12.450807]]],[[[122.517409,12.453344],[122.51649,12.452709],[122.515389,12.450899],[122.515299,12.449723],[122.514931,12.449993],[122.514472,12.449179],[122.515485,12.448909],[122.517508,12.449817],[122.519165,12.449368],[122.520176,12.449822],[122.520172,12.451811],[122.519525,12.453619],[122.517409,12.453344]]],[[[122.512165,12.453063],[122.512442,12.452611],[122.512901,12.453064],[122.512165,12.453063]]],[[[122.502134,12.453678],[122.503239,12.453318],[122.503422,12.45359],[122.502039,12.455124],[122.502134,12.453678]]],[[[122.524214,12.455707],[122.523568,12.456701],[122.523108,12.456519],[122.52311,12.455705],[122.523939,12.454893],[122.524214,12.455707]]],[[[122.525313,12.458241],[122.526693,12.458515],[122.525772,12.458965],[122.525313,12.458241]]],[[[122.510129,12.458847],[122.511234,12.458939],[122.511602,12.458488],[122.510961,12.45713],[122.511515,12.456046],[122.511149,12.455141],[122.512346,12.45442],[122.51345,12.454693],[122.51455,12.456684],[122.516388,12.458315],[122.515922,12.46157],[122.512882,12.463102],[122.511778,12.463009],[122.511043,12.462285],[122.50976,12.459479],[122.510129,12.458847]]],[[[122.504058,12.458203],[122.504152,12.456846],[122.505442,12.456125],[122.506457,12.454771],[122.508662,12.456131],[122.508016,12.457396],[122.506082,12.458116],[122.507276,12.459294],[122.507275,12.460017],[122.506814,12.460107],[122.506996,12.461192],[122.508009,12.460923],[122.508377,12.461285],[122.508281,12.463184],[122.506345,12.46517],[122.504421,12.460645],[122.504236,12.461187],[122.503961,12.460825],[122.503132,12.461095],[122.503318,12.459919],[122.502859,12.459376],[122.503506,12.458021],[122.504058,12.458203]]],[[[122.507643,12.459837],[122.508011,12.459838],[122.508194,12.460381],[122.507365,12.461012],[122.507643,12.459837]]],[[[122.528067,12.462134],[122.528159,12.462315],[122.527883,12.462134],[122.528067,12.462134]]],[[[122.534596,12.464768],[122.534045,12.464043],[122.533956,12.462416],[122.534877,12.461875],[122.535703,12.463052],[122.534596,12.464768]]],[[[122.536898,12.463506],[122.536622,12.463505],[122.536899,12.463325],[122.536898,12.463506]]],[[[122.50828,12.463636],[122.508835,12.462371],[122.509479,12.462101],[122.510398,12.462826],[122.510395,12.464363],[122.509013,12.465265],[122.50828,12.463636]]],[[[122.524198,12.464388],[122.523921,12.465021],[122.524748,12.465745],[122.524746,12.466469],[122.524194,12.466468],[122.524196,12.465744],[122.523276,12.465562],[122.52383,12.464297],[122.524198,12.464388]]],[[[122.515822,12.465368],[122.516006,12.46573],[122.515454,12.465548],[122.515822,12.465368]]],[[[122.533673,12.466304],[122.534224,12.466576],[122.533856,12.466937],[122.533673,12.466304]]],[[[122.532844,12.466573],[122.533488,12.466574],[122.53367,12.46766],[122.534775,12.46721],[122.534219,12.469379],[122.533762,12.467841],[122.532934,12.467659],[122.532844,12.466573]]],[[[122.519956,12.469535],[122.519404,12.469263],[122.519222,12.468358],[122.519865,12.468721],[122.519956,12.469535]]],[[[122.532836,12.470823],[122.532836,12.471095],[122.531641,12.47055],[122.531918,12.470008],[122.532836,12.470823]]],[[[122.541486,12.4712],[122.541764,12.470025],[122.54204,12.470025],[122.54213,12.471292],[122.541486,12.4712]]],[[[122.525381,12.471534],[122.526119,12.47054],[122.526578,12.471174],[122.52538,12.472076],[122.525381,12.471534]]],[[[122.516179,12.471698],[122.516179,12.471337],[122.516455,12.471699],[122.516179,12.471698]]],[[[122.52906,12.472897],[122.529983,12.470999],[122.531363,12.471454],[122.530532,12.473171],[122.52906,12.472897]]],[[[122.535224,12.47354],[122.536145,12.473361],[122.536051,12.474356],[122.534946,12.474716],[122.535224,12.47354]]],[[[122.524728,12.476778],[122.524361,12.475963],[122.52418,12.474245],[122.525288,12.472438],[122.526205,12.473886],[122.527309,12.47425],[122.527584,12.474793],[122.526663,12.475063],[122.527123,12.475335],[122.526938,12.475968],[122.524728,12.476778]]],[[[122.525832,12.47687],[122.526937,12.47642],[122.526752,12.476872],[122.525832,12.47687]]],[[[122.502458,12.476466],[122.502919,12.476015],[122.503192,12.477733],[122.502824,12.478004],[122.502458,12.476466]]],[[[122.555741,12.476017],[122.558041,12.476111],[122.558224,12.476744],[122.557301,12.478642],[122.554631,12.479089],[122.554264,12.478637],[122.554635,12.477009],[122.555741,12.476017]]],[[[122.526291,12.477413],[122.526291,12.477594],[122.52583,12.477865],[122.526291,12.477413]]],[[[122.501807,12.480353],[122.501715,12.480353],[122.501807,12.480172],[122.501807,12.480353]]],[[[122.55693,12.480449],[122.558127,12.48009],[122.558125,12.480904],[122.556929,12.481173],[122.55693,12.480449]]],[[[122.562263,12.482719],[122.561713,12.481633],[122.562727,12.48064],[122.56466,12.480462],[122.564564,12.482632],[122.562263,12.482719]]],[[[122.567787,12.481462],[122.568063,12.481824],[122.567602,12.481823],[122.567051,12.48137],[122.567787,12.481462]]],[[[122.560506,12.488142],[122.562164,12.486878],[122.562255,12.487783],[122.560136,12.489136],[122.560506,12.488142]]],[[[122.505645,12.494648],[122.505553,12.494648],[122.505645,12.494558],[122.505645,12.494648]]],[[[122.50546,12.495009],[122.50592,12.494829],[122.505736,12.49501],[122.50546,12.495009]]],[[[122.568838,12.346182],[122.569114,12.346182],[122.569114,12.346273],[122.568838,12.346363],[122.568838,12.346182]]],[[[122.571229,12.346457],[122.571137,12.346457],[122.571229,12.346367],[122.571229,12.346457]]],[[[122.571593,12.34899],[122.571501,12.348989],[122.571593,12.348899],[122.571593,12.34899]]],[[[122.574523,12.356862],[122.574431,12.356861],[122.574524,12.356771],[122.574523,12.356862]]],[[[122.575718,12.357587],[122.575443,12.356953],[122.576271,12.357045],[122.576454,12.357588],[122.575718,12.357587]]],[[[122.60077,12.457278],[122.601687,12.458997],[122.601589,12.462886],[122.602231,12.464333],[122.603701,12.465782],[122.603329,12.468314],[122.604247,12.469762],[122.604799,12.469853],[122.604521,12.4713],[122.605165,12.47121],[122.605073,12.471481],[122.6059,12.472116],[122.605438,12.473562],[122.602674,12.475909],[122.602029,12.475998],[122.600185,12.478256],[122.601196,12.479433],[122.600733,12.48088],[122.601838,12.480791],[122.603032,12.481968],[122.602477,12.483957],[122.599072,12.484133],[122.598336,12.48377],[122.597419,12.481869],[122.596315,12.481416],[122.595398,12.479334],[122.593741,12.479694],[122.590153,12.479507],[122.588681,12.478782],[122.587212,12.476519],[122.585739,12.477059],[122.581417,12.475515],[122.580132,12.472981],[122.579304,12.472799],[122.578294,12.471531],[122.576822,12.471258],[122.576548,12.470353],[122.573056,12.467454],[122.572046,12.466096],[122.57159,12.463563],[122.572051,12.462931],[122.573063,12.462752],[122.573157,12.461395],[122.575553,12.4595],[122.574817,12.459228],[122.571961,12.461393],[122.56957,12.460847],[122.569935,12.462475],[122.571313,12.463743],[122.570852,12.464647],[122.571126,12.465461],[122.569377,12.466001],[122.568455,12.467175],[122.567807,12.469344],[122.567987,12.472058],[122.568355,12.472239],[122.569553,12.470885],[122.570017,12.468625],[122.571308,12.466818],[122.571767,12.467361],[122.571399,12.467632],[122.572503,12.467995],[122.572774,12.470528],[122.571388,12.474414],[122.569822,12.475045],[122.5689,12.47658],[122.566964,12.478295],[122.565491,12.478474],[122.564664,12.477749],[122.566336,12.468799],[122.567351,12.467173],[122.563669,12.4678],[122.563207,12.468704],[122.561641,12.469515],[122.561271,12.470781],[122.557035,12.472402],[122.55731,12.473487],[122.556017,12.475836],[122.55427,12.475381],[122.553536,12.473933],[122.55363,12.472486],[122.550877,12.468232],[122.550882,12.465338],[122.546932,12.461443],[122.545643,12.461803],[122.544448,12.460896],[122.542699,12.461345],[122.54169,12.459626],[122.541785,12.457727],[122.541233,12.457816],[122.540587,12.458991],[122.539668,12.458537],[122.538103,12.458625],[122.537094,12.456814],[122.536455,12.454281],[122.534064,12.453011],[122.52983,12.453727],[122.526427,12.452998],[122.526059,12.453088],[122.526242,12.453721],[122.524862,12.453628],[122.524952,12.454533],[122.524032,12.454712],[122.524218,12.453627],[122.522114,12.446751],[122.520274,12.446567],[122.519909,12.444848],[122.51807,12.44394],[122.518071,12.44376],[122.518531,12.44376],[122.519082,12.444033],[122.518899,12.44349],[122.517428,12.443125],[122.520742,12.442227],[122.522029,12.442953],[122.5224,12.441416],[122.522126,12.440059],[122.522774,12.43789],[122.525354,12.435996],[122.524899,12.433192],[122.523981,12.432014],[122.523618,12.42921],[122.522701,12.427672],[122.522241,12.427671],[122.520855,12.430562],[122.519107,12.430559],[122.520121,12.429747],[122.521876,12.425952],[122.521235,12.424233],[122.520774,12.424503],[122.52096,12.423509],[122.520225,12.423055],[122.520137,12.420794],[122.520505,12.420705],[122.519861,12.420704],[122.519493,12.420974],[122.51857,12.42251],[122.51866,12.423505],[122.517372,12.423683],[122.516818,12.424496],[122.515623,12.424042],[122.51323,12.42458],[122.513141,12.423133],[122.514431,12.42205],[122.513234,12.422319],[122.512404,12.423403],[122.512125,12.42503],[122.510467,12.425841],[122.51212,12.427924],[122.509725,12.429457],[122.509538,12.430723],[122.507609,12.429182],[122.506686,12.430446],[122.505398,12.430444],[122.505213,12.431076],[122.504569,12.430985],[122.504759,12.427911],[122.506234,12.426376],[122.506973,12.42475],[122.5067,12.423121],[122.507161,12.42258],[122.507074,12.420319],[122.507718,12.420139],[122.508548,12.418965],[122.508921,12.416524],[122.509659,12.415169],[122.509569,12.414355],[122.508742,12.413811],[122.506074,12.413897],[122.506906,12.411728],[122.505801,12.412359],[122.505435,12.411002],[122.506264,12.41037],[122.50599,12.409194],[122.506634,12.409648],[122.506449,12.41019],[122.507091,12.411276],[122.508105,12.410193],[122.508567,12.409018],[122.508294,12.407119],[122.509402,12.405041],[122.509862,12.405042],[122.510963,12.406943],[122.510959,12.409113],[122.510405,12.409926],[122.510954,12.411554],[122.51049,12.413905],[122.511774,12.415806],[122.511862,12.418157],[122.5114,12.41897],[122.512503,12.419786],[122.512776,12.421143],[122.513513,12.420692],[122.513883,12.419608],[122.513333,12.418431],[122.514624,12.417258],[122.515175,12.417711],[122.51609,12.420516],[122.519587,12.42007],[122.520416,12.419439],[122.520236,12.417358],[122.51831,12.413738],[122.51822,12.412472],[122.517209,12.412018],[122.51712,12.410661],[122.515096,12.410567],[122.514453,12.410023],[122.514273,12.407672],[122.515564,12.406318],[122.5163,12.406229],[122.515746,12.407042],[122.515465,12.409935],[122.51657,12.409665],[122.517397,12.41021],[122.518593,12.410031],[122.518498,12.411658],[122.519601,12.412112],[122.519878,12.411389],[122.520245,12.412023],[122.52181,12.411755],[122.521905,12.410037],[122.520534,12.40497],[122.520363,12.397736],[122.521008,12.397556],[122.521839,12.395478],[122.523684,12.392949],[122.523869,12.392135],[122.523135,12.391049],[122.523691,12.389241],[122.526088,12.386261],[122.527014,12.383098],[122.530054,12.380209],[122.531166,12.376142],[122.534392,12.372259],[122.539828,12.367476],[122.544339,12.364951],[122.546645,12.361248],[122.551713,12.356463],[122.551347,12.355106],[122.55172,12.352213],[122.553011,12.350226],[122.554668,12.349143],[122.556143,12.347337],[122.556884,12.344445],[122.557711,12.344808],[122.557802,12.345441],[122.560931,12.344361],[122.56277,12.344906],[122.563137,12.345359],[122.562856,12.348162],[122.56405,12.349611],[122.562944,12.350784],[122.561014,12.349606],[122.559542,12.349694],[122.559723,12.351503],[122.559355,12.351864],[122.558251,12.351681],[122.556782,12.350413],[122.555862,12.350502],[122.55696,12.353849],[122.556406,12.355115],[122.557233,12.355478],[122.557232,12.35593],[122.557047,12.356743],[122.555943,12.357013],[122.555666,12.357555],[122.556676,12.358642],[122.558883,12.358917],[122.560355,12.358557],[122.561828,12.357927],[122.562013,12.357294],[122.563209,12.357296],[122.563854,12.356483],[122.564681,12.356846],[122.565602,12.356395],[122.56523,12.359017],[122.569828,12.359296],[122.570563,12.360292],[122.571482,12.360384],[122.571116,12.359388],[122.570013,12.359115],[122.569555,12.357577],[122.569557,12.356763],[122.571028,12.356675],[122.57305,12.357944],[122.572219,12.360113],[122.572493,12.36138],[122.57378,12.361472],[122.573781,12.36102],[122.574884,12.361293],[122.574699,12.361835],[122.575895,12.361928],[122.576906,12.362743],[122.576812,12.363647],[122.576352,12.363918],[122.576535,12.364551],[122.578833,12.365278],[122.579753,12.365008],[122.579756,12.363652],[122.580492,12.36311],[122.580495,12.361754],[122.580955,12.361122],[122.580498,12.359312],[122.57912,12.358587],[122.578297,12.35533],[122.57701,12.354966],[122.57361,12.3527],[122.57352,12.351615],[122.573061,12.351343],[122.573155,12.349625],[122.572604,12.349172],[122.574541,12.346101],[122.576565,12.345471],[122.576935,12.344115],[122.579148,12.341224],[122.579609,12.34005],[122.578785,12.337968],[122.577867,12.336611],[122.577131,12.336609],[122.575202,12.33525],[122.575576,12.331814],[122.574749,12.330818],[122.573462,12.330455],[122.573184,12.332172],[122.571896,12.33217],[122.571527,12.332803],[122.572261,12.334251],[122.572258,12.335607],[122.570969,12.336419],[122.570322,12.33886],[122.568942,12.339129],[122.567375,12.341025],[122.568662,12.34166],[122.568934,12.343469],[122.570498,12.343653],[122.571048,12.344648],[122.570679,12.345281],[122.570954,12.346185],[122.570125,12.346455],[122.567459,12.345637],[122.565893,12.347353],[122.564607,12.345994],[122.564059,12.344004],[122.562224,12.341107],[122.560015,12.341827],[122.558914,12.340379],[122.559009,12.338661],[122.560486,12.335498],[122.563988,12.331073],[122.569512,12.327916],[122.571627,12.328191],[122.574393,12.323945],[122.579366,12.319793],[122.586634,12.317905],[122.590311,12.318905],[122.592893,12.314569],[122.59455,12.313486],[122.596854,12.310776],[122.598786,12.309785],[122.599801,12.307797],[122.601919,12.305991],[122.605507,12.305002],[122.60799,12.305096],[122.610196,12.305822],[122.612772,12.305193],[122.614245,12.304019],[122.615807,12.305107],[122.616635,12.304837],[122.615995,12.302213],[122.618488,12.295344],[122.62005,12.29607],[122.62152,12.297609],[122.622625,12.296073],[122.622167,12.295259],[122.622353,12.293631],[122.62465,12.295262],[122.626121,12.295445],[122.627041,12.295084],[122.628423,12.293278],[122.63054,12.291743],[122.63238,12.291565],[122.633761,12.290301],[122.638175,12.289945],[122.640749,12.290943],[122.641206,12.292662],[122.639643,12.29275],[122.638722,12.293472],[122.639276,12.291936],[122.638726,12.29094],[122.638263,12.292839],[122.637527,12.293199],[122.637893,12.294556],[122.636601,12.29781],[122.635591,12.297085],[122.634946,12.297898],[122.633842,12.298078],[122.633933,12.298801],[122.63292,12.299885],[122.632277,12.299161],[122.631909,12.299432],[122.63163,12.301149],[122.632088,12.302778],[122.631077,12.302596],[122.631351,12.304043],[122.629331,12.301418],[122.628687,12.301507],[122.629513,12.302955],[122.629143,12.304402],[122.6296,12.306663],[122.627297,12.309282],[122.627571,12.310277],[122.626376,12.310095],[122.626099,12.310908],[122.626557,12.311813],[122.62803,12.310911],[122.627845,12.311996],[122.628303,12.313353],[122.630968,12.314261],[122.630967,12.315437],[122.630323,12.315797],[122.630412,12.317697],[122.629308,12.317966],[122.626369,12.31534],[122.626091,12.316244],[122.625631,12.316334],[122.624988,12.3157],[122.624898,12.314705],[122.624437,12.315337],[122.625079,12.316604],[122.62471,12.317417],[122.623974,12.317597],[122.624525,12.318412],[122.626548,12.318596],[122.628202,12.319412],[122.629583,12.31869],[122.627742,12.319863],[122.628292,12.320678],[122.631788,12.319959],[122.631603,12.320863],[122.629672,12.320861],[122.629119,12.321312],[122.631691,12.323395],[122.633439,12.323398],[122.63445,12.324032],[122.634356,12.324936],[122.635366,12.326384],[122.634813,12.327198],[122.634811,12.328916],[122.634351,12.329006],[122.633524,12.3281],[122.633803,12.32593],[122.632794,12.324301],[122.631783,12.323667],[122.630587,12.324027],[122.629942,12.32484],[122.629299,12.324477],[122.62893,12.325381],[122.629755,12.3271],[122.628374,12.327912],[122.627729,12.329178],[122.626717,12.328814],[122.626719,12.327639],[122.626167,12.327638],[122.625888,12.33017],[122.62405,12.329172],[122.621563,12.331339],[122.619449,12.330432],[122.619815,12.33197],[122.619261,12.333416],[122.6188,12.334139],[122.61742,12.334318],[122.618798,12.335224],[122.619257,12.33631],[122.616773,12.336758],[122.615943,12.337842],[122.615575,12.337842],[122.615852,12.337481],[122.615485,12.337118],[122.614749,12.337117],[122.612727,12.335668],[122.611811,12.333315],[122.610893,12.33241],[122.610531,12.328068],[122.608694,12.326709],[122.607773,12.327703],[122.606577,12.327791],[122.605291,12.326704],[122.605379,12.329146],[122.60253,12.327605],[122.602253,12.32878],[122.602804,12.329052],[122.603265,12.32842],[122.602988,12.329143],[122.603723,12.329777],[122.602251,12.329865],[122.601974,12.330678],[122.601053,12.331129],[122.603074,12.33267],[122.60298,12.334297],[122.607026,12.334846],[122.606932,12.336021],[122.606196,12.336472],[122.606471,12.337106],[122.605916,12.339004],[122.6084,12.338917],[122.608583,12.33955],[122.607662,12.340001],[122.607936,12.341267],[122.607476,12.341809],[122.607474,12.342985],[122.604716,12.342167],[122.603612,12.342346],[122.603518,12.343522],[122.601494,12.343609],[122.601309,12.344785],[122.60462,12.344699],[122.604897,12.344247],[122.60692,12.344069],[122.608391,12.344704],[122.608481,12.346151],[122.610873,12.345431],[122.611056,12.346426],[122.609951,12.347058],[122.60866,12.349136],[122.607832,12.349587],[122.607647,12.350581],[122.60912,12.349136],[122.611053,12.348325],[122.611972,12.348869],[122.6128,12.34869],[122.614826,12.347246],[122.615837,12.347428],[122.616112,12.348242],[122.61519,12.349778],[122.613902,12.350048],[122.61436,12.351224],[122.614174,12.352399],[122.61353,12.352579],[122.612519,12.351945],[122.612609,12.353573],[122.610769,12.35357],[122.609851,12.352574],[122.609482,12.353478],[122.60801,12.353656],[122.607639,12.355826],[122.606352,12.355101],[122.606353,12.354287],[122.60571,12.353834],[122.604882,12.354285],[122.605432,12.355009],[122.605247,12.355823],[122.602762,12.356633],[122.604417,12.357268],[122.604324,12.358353],[122.60515,12.359259],[122.603217,12.360251],[122.602664,12.361154],[122.60303,12.362511],[122.602385,12.362691],[122.601646,12.36486],[122.602471,12.36658],[122.604033,12.367758],[122.606427,12.366676],[122.607715,12.366587],[122.60808,12.368125],[122.609829,12.367585],[122.610931,12.368581],[122.613047,12.368584],[122.612677,12.370121],[122.611848,12.370482],[122.611663,12.371476],[122.609453,12.372739],[122.607797,12.373008],[122.608348,12.373551],[122.608347,12.374365],[122.609266,12.374638],[122.610924,12.373645],[122.614696,12.373199],[122.615338,12.374556],[122.614418,12.374736],[122.613406,12.374282],[122.613405,12.375277],[122.612208,12.376089],[122.614415,12.376273],[122.613127,12.376814],[122.613585,12.377809],[122.615423,12.379259],[122.616987,12.379351],[122.618089,12.380076],[122.617627,12.381884],[122.616891,12.382154],[122.616337,12.383329],[122.614127,12.384502],[122.61394,12.386581],[122.614399,12.387305],[122.61357,12.388208],[122.613568,12.389294],[122.610992,12.389652],[122.612921,12.391463],[122.612459,12.393],[122.613102,12.393724],[122.613283,12.395623],[122.610428,12.397789],[122.610886,12.399147],[122.610425,12.40005],[122.611436,12.400685],[122.614288,12.400598],[122.614931,12.401142],[122.615479,12.403675],[122.616856,12.406118],[122.61667,12.407113],[122.617129,12.408198],[122.616574,12.409916],[122.61464,12.410998],[122.615283,12.411722],[122.614914,12.412807],[122.612428,12.413798],[122.612151,12.414521],[122.61261,12.415517],[122.613805,12.416332],[122.613987,12.417689],[122.613893,12.418412],[122.611958,12.420942],[122.612325,12.421485],[122.612321,12.424107],[122.611309,12.424286],[122.60993,12.423109],[122.609102,12.42356],[122.609741,12.426907],[122.611765,12.426638],[122.611949,12.427],[122.611207,12.430797],[122.610009,12.432152],[122.607156,12.43269],[122.606512,12.432147],[122.606606,12.430971],[122.608264,12.43007],[122.603755,12.430515],[122.6032,12.432413],[122.605224,12.432597],[122.607338,12.433685],[122.608161,12.437213],[122.608067,12.43866],[122.608618,12.439203],[122.608706,12.441645],[122.609627,12.441375],[122.609629,12.440109],[122.61046,12.43803],[122.611197,12.43767],[122.610369,12.437126],[122.611382,12.436766],[122.611199,12.436133],[122.612028,12.43532],[122.612488,12.435501],[122.612488,12.435863],[122.611936,12.435862],[122.611565,12.43767],[122.611933,12.43749],[122.612486,12.436677],[122.612854,12.436858],[122.612572,12.440837],[122.613672,12.443823],[122.613578,12.44545],[122.614128,12.446626],[122.615139,12.447171],[122.616433,12.443555],[122.617077,12.443375],[122.61772,12.443919],[122.618175,12.447898],[122.616514,12.45088],[122.617802,12.451244],[122.618907,12.450703],[122.61955,12.450975],[122.6201,12.452694],[122.619822,12.454321],[122.62028,12.455136],[122.61982,12.455677],[122.615956,12.454587],[122.614024,12.454675],[122.612916,12.456934],[122.612088,12.457023],[122.610798,12.458377],[122.61043,12.458377],[122.610615,12.457292],[122.610247,12.457382],[122.607391,12.460091],[122.605458,12.459907],[122.604907,12.459364],[122.605184,12.458821],[122.604541,12.458368],[122.6085,12.456837],[122.608778,12.455571],[122.603992,12.456016],[122.601691,12.456556],[122.60077,12.457278]],[[122.608389,12.346242],[122.608481,12.346151],[122.608389,12.346151],[122.608389,12.346242]],[[122.608297,12.346332],[122.608389,12.346242],[122.608297,12.346242],[122.608297,12.346332]],[[122.628412,12.301326],[122.628687,12.301507],[122.628687,12.301417],[122.628412,12.301326]],[[122.515557,12.410025],[122.515649,12.410026],[122.515557,12.409935],[122.515557,12.410025]],[[122.520597,12.421067],[122.520689,12.421067],[122.520597,12.420976],[122.520597,12.421067]],[[122.521229,12.427488],[122.521321,12.427488],[122.521229,12.427398],[122.521229,12.427488]],[[122.604797,12.471481],[122.604705,12.471481],[122.604797,12.471571],[122.604797,12.471481]],[[122.604613,12.47139],[122.604705,12.471481],[122.604705,12.47139],[122.604613,12.47139]]],[[[122.568725,12.470974],[122.568816,12.471155],[122.568448,12.471154],[122.568725,12.470974]]],[[[122.576544,12.472885],[122.575527,12.475325],[122.573961,12.476679],[122.572672,12.477129],[122.571844,12.476585],[122.572492,12.474145],[122.574428,12.471977],[122.576361,12.471709],[122.576544,12.472885]]],[[[122.580313,12.47479],[122.580313,12.475152],[122.579577,12.47497],[122.580313,12.47479]]],[[[122.579759,12.476417],[122.57976,12.475512],[122.580588,12.475966],[122.58031,12.476598],[122.579759,12.476417]]],[[[122.5804,12.477955],[122.580032,12.477864],[122.580401,12.477684],[122.5804,12.477955]]],[[[122.575702,12.480841],[122.576346,12.480933],[122.575702,12.481203],[122.575702,12.480841]]],[[[122.577521,12.494228],[122.577429,12.494408],[122.577153,12.494408],[122.577521,12.494228]]],[[[122.576784,12.494498],[122.576877,12.494317],[122.577061,12.494498],[122.576784,12.494498]]],[[[122.576324,12.494587],[122.57614,12.494587],[122.576324,12.494497],[122.576324,12.494587]]],[[[122.608601,12.327342],[122.608785,12.327071],[122.608877,12.327433],[122.608601,12.327342]]],[[[122.607402,12.32942],[122.60685,12.32951],[122.608231,12.328879],[122.607402,12.32942]]],[[[122.613461,12.337025],[122.613277,12.337025],[122.613461,12.336844],[122.613461,12.337025]]],[[[122.608559,12.355647],[122.608375,12.355556],[122.608559,12.355466],[122.608559,12.355647]]],[[[122.610578,12.358905],[122.610486,12.358905],[122.610578,12.358815],[122.610578,12.358905]]],[[[122.605423,12.36143],[122.606345,12.359622],[122.607543,12.358539],[122.60736,12.357996],[122.608095,12.358359],[122.608461,12.359264],[122.610669,12.358996],[122.611956,12.35963],[122.611771,12.360444],[122.611127,12.360805],[122.606435,12.361069],[122.605423,12.36143]]],[[[122.604412,12.360886],[122.604963,12.361158],[122.604226,12.36179],[122.604412,12.360886]]],[[[122.610941,12.361799],[122.610942,12.361528],[122.61177,12.361348],[122.611769,12.36171],[122.610941,12.361799]]],[[[122.609837,12.362159],[122.610665,12.362161],[122.609192,12.362791],[122.609837,12.362159]]],[[[122.610571,12.363155],[122.607811,12.363784],[122.608272,12.363152],[122.611861,12.362162],[122.610571,12.363155]]],[[[122.606523,12.363601],[122.606064,12.362968],[122.607076,12.362969],[122.607075,12.363512],[122.606523,12.363601]]],[[[122.606245,12.364958],[122.606153,12.364957],[122.606246,12.364777],[122.606245,12.364958]]],[[[122.614692,12.375821],[122.613956,12.375911],[122.614876,12.375641],[122.614692,12.375821]]],[[[122.614669,12.391737],[122.614577,12.391737],[122.614669,12.391556],[122.614669,12.391737]]],[[[122.613837,12.394629],[122.613745,12.394629],[122.613837,12.394358],[122.613837,12.394629]]],[[[122.614479,12.395444],[122.614572,12.395263],[122.614939,12.395445],[122.614479,12.395444]]],[[[122.614257,12.421578],[122.614441,12.421578],[122.614257,12.421668],[122.614257,12.421578]]],[[[122.614257,12.421759],[122.614165,12.421759],[122.614257,12.421668],[122.614257,12.421759]]],[[[122.615071,12.431164],[122.614795,12.431164],[122.614979,12.430983],[122.615071,12.431164]]],[[[122.615253,12.432521],[122.615069,12.432521],[122.615253,12.432431],[122.615253,12.432521]]],[[[122.61387,12.434056],[122.613226,12.433965],[122.613871,12.433514],[122.61387,12.434056]]],[[[122.610647,12.43586],[122.610647,12.436403],[122.609358,12.436492],[122.610647,12.43586]]],[[[122.604169,12.460538],[122.604629,12.46072],[122.604169,12.4609],[122.604169,12.460538]]],[[[122.615027,12.460916],[122.615026,12.46182],[122.61346,12.46236],[122.613185,12.461908],[122.615027,12.460916]]],[[[122.613458,12.463988],[122.612998,12.463897],[122.613366,12.463716],[122.613458,12.463988]]],[[[122.613986,12.480266],[122.61454,12.479001],[122.615735,12.479726],[122.615642,12.48054],[122.613986,12.480266]]],[[[122.603493,12.481878],[122.603586,12.481336],[122.604137,12.481608],[122.604136,12.482151],[122.603493,12.481878]]],[[[122.613707,12.482255],[122.613983,12.482074],[122.613891,12.482255],[122.613707,12.482255]]],[[[122.612144,12.481348],[122.613065,12.480898],[122.613063,12.481892],[122.612511,12.482253],[122.612784,12.484153],[122.612416,12.484152],[122.611866,12.482343],[122.612144,12.481348]]],[[[122.584257,12.482935],[122.585731,12.482213],[122.586098,12.482937],[122.584717,12.483568],[122.584257,12.482935]]],[[[122.593179,12.486294],[122.592994,12.486746],[122.59189,12.486654],[122.591431,12.485839],[122.587842,12.486015],[122.587567,12.485019],[122.588396,12.484569],[122.588397,12.483664],[122.590698,12.483849],[122.592169,12.484574],[122.593179,12.486294]]],[[[122.593824,12.485391],[122.593732,12.485391],[122.593825,12.4853],[122.593824,12.485391]]],[[[122.586369,12.486193],[122.586831,12.484928],[122.587015,12.484928],[122.587012,12.486556],[122.586369,12.486193]]],[[[122.605509,12.487126],[122.605787,12.486313],[122.606246,12.486766],[122.605969,12.487489],[122.605509,12.487126]]],[[[122.586642,12.487821],[122.587563,12.487823],[122.586734,12.488183],[122.586642,12.487821]]],[[[122.586274,12.488182],[122.58609,12.488182],[122.586274,12.488002],[122.586274,12.488182]]],[[[122.583508,12.491162],[122.584336,12.491073],[122.584983,12.489627],[122.586733,12.488545],[122.587745,12.488727],[122.589584,12.490177],[122.591241,12.489727],[122.591884,12.490271],[122.59179,12.491586],[122.590051,12.49243],[122.586668,12.49259],[122.581121,12.494414],[122.578994,12.494049],[122.578904,12.492964],[122.577252,12.489887],[122.577163,12.488349],[122.577903,12.485638],[122.578546,12.486814],[122.577622,12.488983],[122.578814,12.491336],[122.579735,12.490976],[122.581303,12.488717],[122.58333,12.487635],[122.58471,12.487818],[122.585261,12.488362],[122.582404,12.491161],[122.582402,12.492155],[122.583508,12.491162]]],[[[122.601363,12.490104],[122.600718,12.490736],[122.600904,12.489742],[122.601363,12.490104]]],[[[122.626643,12.316516],[122.626459,12.316516],[122.626643,12.316425],[122.626643,12.316516]]],[[[122.621654,12.332153],[122.621654,12.332334],[122.62147,12.332424],[122.621654,12.332153]]],[[[122.627722,12.333518],[122.627722,12.333789],[122.627446,12.333879],[122.627722,12.333518]]],[[[122.628642,12.333791],[122.628549,12.334062],[122.627998,12.333971],[122.628642,12.333791]]],[[[122.624409,12.335141],[122.624593,12.335232],[122.624317,12.335503],[122.624409,12.335141]]],[[[122.626707,12.335868],[122.627812,12.335236],[122.627903,12.335689],[122.62689,12.336592],[122.626707,12.335868]]],[[[122.6222,12.336585],[122.622292,12.336314],[122.623027,12.336767],[122.6222,12.336585]]],[[[122.624958,12.33686],[122.624498,12.337221],[122.624407,12.336769],[122.624958,12.33686]]],[[[122.618427,12.337756],[122.618426,12.338027],[122.61815,12.338117],[122.618427,12.337756]]],[[[122.618608,12.339836],[122.618516,12.339836],[122.618608,12.339745],[122.618608,12.339836]]],[[[122.619888,12.344811],[122.620624,12.344812],[122.620164,12.345173],[122.619888,12.344811]]],[[[122.617771,12.345712],[122.617589,12.344898],[122.61814,12.344989],[122.618139,12.345803],[122.617771,12.345712]]],[[[122.61832,12.347793],[122.618045,12.34716],[122.619516,12.347704],[122.619424,12.348156],[122.61832,12.347793]]],[[[122.621169,12.349967],[122.621168,12.350148],[122.620064,12.350599],[122.621169,12.349967]]],[[[122.621719,12.350692],[122.621996,12.350421],[122.622179,12.350692],[122.621719,12.350692]]],[[[122.624567,12.353137],[122.624751,12.353409],[122.624291,12.353318],[122.624567,12.353137]]],[[[122.622357,12.354943],[122.622634,12.35422],[122.623644,12.355306],[122.623459,12.356391],[122.622357,12.354943]]],[[[122.620793,12.355212],[122.621529,12.355122],[122.621529,12.355303],[122.6207,12.355664],[122.620793,12.355212]]],[[[122.616007,12.357104],[122.615823,12.357104],[122.616007,12.357014],[122.616007,12.357104]]],[[[122.623991,12.370318],[122.624083,12.370228],[122.624083,12.370318],[122.623991,12.370318]]],[[[122.618194,12.371666],[122.617917,12.372028],[122.616998,12.371755],[122.615528,12.370125],[122.617368,12.37049],[122.618194,12.371666]]],[[[122.620402,12.371308],[122.621046,12.371128],[122.621229,12.371761],[122.620401,12.372122],[122.620402,12.371308]]],[[[122.622331,12.372848],[122.622331,12.372938],[122.621044,12.372755],[122.622331,12.372848]]],[[[122.627299,12.373035],[122.626931,12.372944],[122.627115,12.372854],[122.627299,12.373035]]],[[[122.627574,12.373307],[122.627666,12.373126],[122.628402,12.373489],[122.627574,12.373307]]],[[[122.621869,12.374294],[122.622238,12.374204],[122.621869,12.374565],[122.621869,12.374294]]],[[[122.620489,12.374744],[122.619109,12.374652],[122.620766,12.374292],[122.620489,12.374744]]],[[[122.621776,12.375289],[122.621868,12.375108],[122.622052,12.375289],[122.621776,12.375289]]],[[[122.628123,12.375388],[122.627388,12.375115],[122.62794,12.375026],[122.628123,12.375388]]],[[[122.623338,12.376828],[122.623337,12.377009],[122.623153,12.377099],[122.623338,12.376828]]],[[[122.621313,12.377639],[122.621129,12.377639],[122.621313,12.377549],[122.621313,12.377639]]],[[[122.625728,12.377736],[122.62582,12.377464],[122.625912,12.377736],[122.625728,12.377736]]],[[[122.621036,12.37782],[122.620944,12.377819],[122.621037,12.377729],[122.621036,12.37782]]],[[[122.629039,12.378283],[122.629499,12.378193],[122.629591,12.378555],[122.629039,12.378283]]],[[[122.63014,12.380274],[122.629772,12.380273],[122.63014,12.380093],[122.63014,12.380274]]],[[[122.618455,12.381524],[122.618455,12.381704],[122.618088,12.381433],[122.618455,12.381524]]],[[[122.62387,12.390212],[122.624515,12.38958],[122.625527,12.389853],[122.625248,12.391661],[122.626533,12.393743],[122.626347,12.39537],[122.625243,12.395007],[122.624691,12.395368],[122.624784,12.394825],[122.622576,12.395003],[122.621471,12.395454],[122.623586,12.39618],[122.623126,12.39636],[122.623953,12.396904],[122.622204,12.397263],[122.621837,12.396811],[122.620641,12.396719],[122.618155,12.398162],[122.617511,12.39798],[122.617479,12.397619],[122.61742,12.397619],[122.617474,12.397566],[122.617421,12.396986],[122.61871,12.396264],[122.618068,12.394997],[122.620827,12.395272],[122.618161,12.393822],[122.617703,12.392826],[122.615313,12.391828],[122.614395,12.389928],[122.61458,12.389385],[122.61412,12.389566],[122.61412,12.389204],[122.614948,12.389205],[122.614858,12.387849],[122.61578,12.386946],[122.615321,12.38595],[122.614677,12.38604],[122.614771,12.384502],[122.616981,12.383511],[122.618271,12.382066],[122.619741,12.382791],[122.623415,12.386866],[122.62387,12.390212]]],[[[122.628009,12.391032],[122.628101,12.390851],[122.628285,12.391032],[122.628009,12.391032]]],[[[122.627825,12.391212],[122.627733,12.391212],[122.627825,12.391122],[122.627825,12.391212]]],[[[122.627824,12.391484],[122.627732,12.391484],[122.627824,12.391393],[122.627824,12.391484]]],[[[122.617149,12.394453],[122.617608,12.394635],[122.617608,12.394725],[122.61678,12.394814],[122.617149,12.394453]]],[[[122.615492,12.394812],[122.615768,12.394632],[122.615676,12.394813],[122.615492,12.394812]]],[[[122.631129,12.396552],[122.631037,12.396552],[122.63113,12.395648],[122.631129,12.396552]]],[[[122.615766,12.396441],[122.615766,12.39626],[122.61595,12.396441],[122.615766,12.396441]]],[[[122.616502,12.396351],[122.618158,12.396173],[122.616593,12.396623],[122.616502,12.396351]]],[[[122.625329,12.399619],[122.626065,12.399349],[122.625973,12.39962],[122.625329,12.399619]]],[[[122.625237,12.399438],[122.625053,12.399619],[122.624501,12.399437],[122.625237,12.399438]]],[[[122.62312,12.400068],[122.62312,12.40043],[122.62266,12.400248],[122.62312,12.400068]]],[[[122.623853,12.402059],[122.624132,12.400069],[122.626709,12.399621],[122.625511,12.400704],[122.625141,12.402422],[122.623024,12.402871],[122.623853,12.402059]]],[[[122.625138,12.404683],[122.625138,12.404592],[122.625322,12.404683],[122.625138,12.404683]]],[[[122.630933,12.405052],[122.630933,12.404962],[122.631209,12.405053],[122.630933,12.405052]]],[[[122.616751,12.414618],[122.616199,12.414889],[122.616199,12.414708],[122.616751,12.414618]]],[[[122.619865,12.424118],[122.616277,12.424113],[122.618303,12.423121],[122.617661,12.421763],[122.614256,12.421849],[122.615085,12.421217],[122.614995,12.420313],[122.615824,12.419319],[122.614906,12.418233],[122.615827,12.41742],[122.615184,12.416425],[122.616566,12.415161],[122.617854,12.415434],[122.620427,12.417879],[122.621715,12.417881],[122.620889,12.416071],[122.62273,12.41526],[122.621536,12.413902],[122.62034,12.41399],[122.618317,12.413174],[122.617031,12.411815],[122.617309,12.410911],[122.619057,12.410643],[122.620804,12.411278],[122.621541,12.410646],[122.621267,12.409561],[122.618509,12.407658],[122.618326,12.407024],[122.61888,12.406121],[122.617408,12.405667],[122.61741,12.40431],[122.621733,12.404859],[122.623295,12.406218],[122.624675,12.406672],[122.626787,12.409026],[122.626969,12.410925],[122.626506,12.412733],[122.626872,12.41409],[122.627516,12.414543],[122.627881,12.416352],[122.626684,12.416893],[122.626407,12.417706],[122.627601,12.418884],[122.627783,12.420873],[122.627322,12.421144],[122.626312,12.420057],[122.625208,12.419965],[122.625115,12.420508],[122.626494,12.421324],[122.626217,12.422047],[122.626584,12.42268],[122.625388,12.422407],[122.624007,12.423038],[122.622535,12.423036],[122.622167,12.423488],[122.62244,12.425026],[122.626948,12.425213],[122.626578,12.42684],[122.625287,12.428647],[122.62381,12.432171],[122.623441,12.432623],[122.621785,12.432802],[122.623071,12.433979],[122.623435,12.437235],[122.623895,12.437507],[122.623988,12.436784],[122.624447,12.437146],[122.624903,12.439859],[122.621958,12.440127],[122.620581,12.438045],[122.616443,12.436502],[122.616904,12.435689],[122.620309,12.435603],[122.620309,12.435151],[122.618562,12.434967],[122.616997,12.435508],[122.615985,12.434873],[122.613961,12.43478],[122.614055,12.433966],[122.615253,12.432702],[122.616909,12.432614],[122.617738,12.431982],[122.618473,12.432345],[122.619947,12.431623],[122.619581,12.430086],[122.617464,12.430264],[122.618846,12.429361],[122.61857,12.42927],[122.618109,12.429631],[122.618754,12.428909],[122.619674,12.42891],[122.619584,12.427554],[122.618665,12.427462],[122.618573,12.426829],[122.620322,12.426198],[122.620508,12.425475],[122.619404,12.424841],[122.619865,12.424118]],[[122.61903,12.429271],[122.61903,12.429181],[122.618846,12.429271],[122.61903,12.429271]]],[[[122.629342,12.42404],[122.629619,12.42377],[122.629526,12.424041],[122.629342,12.42404]]],[[[122.627776,12.425847],[122.628143,12.425938],[122.627683,12.426208],[122.627776,12.425847]]],[[[122.615628,12.427458],[122.615628,12.427367],[122.61572,12.427458],[122.615628,12.427458]]],[[[122.615812,12.427548],[122.61572,12.427458],[122.615812,12.427458],[122.615812,12.427548]]],[[[122.615536,12.427638],[122.615352,12.427638],[122.615536,12.427548],[122.615536,12.427638]]],[[[122.615904,12.427548],[122.615904,12.427639],[122.615812,12.427548],[122.615904,12.427548]]],[[[122.617744,12.428003],[122.617928,12.427551],[122.618388,12.427914],[122.618203,12.428275],[122.617744,12.428003]]],[[[122.615627,12.428],[122.615811,12.428],[122.615627,12.428272],[122.615627,12.428]]],[[[122.616271,12.428272],[122.616087,12.428272],[122.616271,12.428182],[122.616271,12.428272]]],[[[122.616081,12.432161],[122.61645,12.431709],[122.616633,12.432161],[122.616081,12.432161]]],[[[122.615345,12.432521],[122.615437,12.432341],[122.615621,12.432522],[122.615345,12.432521]]],[[[122.618188,12.438855],[122.619657,12.440666],[122.621773,12.441031],[122.621496,12.441482],[122.61892,12.441388],[122.618646,12.440393],[122.617175,12.439396],[122.617268,12.438673],[122.618188,12.438855]]],[[[122.618552,12.441478],[122.618368,12.441478],[122.618552,12.441388],[122.618552,12.441478]]],[[[122.621486,12.448536],[122.621027,12.448083],[122.620017,12.446183],[122.62002,12.444555],[122.621679,12.442658],[122.622967,12.442841],[122.62407,12.443747],[122.62324,12.444559],[122.624252,12.444832],[122.622594,12.446005],[122.62388,12.447725],[122.621486,12.448536]]],[[[122.615392,12.462906],[122.615669,12.462635],[122.615668,12.463087],[122.615392,12.462906]]],[[[122.630285,12.473235],[122.629917,12.473235],[122.630193,12.472964],[122.630285,12.473235]]],[[[122.630836,12.473507],[122.630561,12.473236],[122.631297,12.473146],[122.631573,12.473418],[122.630836,12.473507]]],[[[122.629916,12.473416],[122.630006,12.474772],[122.628902,12.474861],[122.627151,12.476848],[122.626599,12.476847],[122.626876,12.475672],[122.627613,12.475311],[122.628536,12.473685],[122.629916,12.473416]]],[[[122.620153,12.479551],[122.61969,12.481269],[122.619138,12.480997],[122.61914,12.480183],[122.619969,12.479099],[122.620153,12.479551]]],[[[122.616741,12.484068],[122.616557,12.484068],[122.616741,12.483977],[122.616741,12.484068]]],[[[122.616373,12.484339],[122.61628,12.48461],[122.615452,12.484518],[122.616373,12.484339]]],[[[122.615818,12.485875],[122.61591,12.485785],[122.61591,12.485875],[122.615818,12.485875]]],[[[122.635773,12.297809],[122.635774,12.297719],[122.635865,12.297809],[122.635773,12.297809]]],[[[122.635957,12.297809],[122.635957,12.29799],[122.635865,12.297809],[122.635957,12.297809]]],[[[122.635587,12.299346],[122.635495,12.299346],[122.635588,12.299165],[122.635587,12.299346]]],[[[122.638896,12.301069],[122.638895,12.301521],[122.638436,12.301339],[122.638896,12.301069]]],[[[122.634481,12.301425],[122.634572,12.301786],[122.634021,12.301514],[122.634481,12.301425]]],[[[122.638802,12.302244],[122.63871,12.302244],[122.638802,12.302154],[122.638802,12.302244]]],[[[122.638429,12.305861],[122.638517,12.309207],[122.637046,12.308753],[122.637142,12.305588],[122.635763,12.305405],[122.635119,12.305766],[122.634934,12.30658],[122.634106,12.306398],[122.634568,12.305042],[122.635949,12.303778],[122.635123,12.302872],[122.634756,12.302058],[122.635034,12.300611],[122.635955,12.299708],[122.637243,12.299348],[122.635676,12.301969],[122.636134,12.302874],[122.638156,12.304233],[122.638155,12.304685],[122.637327,12.304774],[122.638429,12.305861]],[[122.635399,12.302873],[122.635307,12.302782],[122.635307,12.302873],[122.635399,12.302873]]],[[[122.63374,12.305493],[122.633739,12.305674],[122.63328,12.305673],[122.63374,12.305493]]],[[[122.639251,12.310293],[122.639342,12.310745],[122.638147,12.310382],[122.639251,12.310293]]],[[[122.637312,12.315716],[122.63722,12.315716],[122.637312,12.315626],[122.637312,12.315716]]],[[[122.63243,12.321045],[122.632433,12.319598],[122.633352,12.31978],[122.633166,12.321046],[122.63243,12.321045]]],[[[122.633992,12.322223],[122.63436,12.322314],[122.634176,12.322675],[122.633992,12.322223]]],[[[122.632425,12.325115],[122.632793,12.325025],[122.633344,12.325839],[122.632425,12.325115]]],[[[122.63785,12.325936],[122.63831,12.325846],[122.638126,12.326117],[122.63785,12.325936]]],[[[122.638859,12.328017],[122.638767,12.328017],[122.638859,12.327836],[122.638859,12.328017]]],[[[122.634704,12.339315],[122.635073,12.339135],[122.634888,12.339315],[122.634704,12.339315]]],[[[122.638198,12.340314],[122.638106,12.340314],[122.638198,12.340134],[122.638198,12.340314]]],[[[122.637922,12.340224],[122.637738,12.340676],[122.637278,12.340585],[122.637922,12.340224]]],[[[122.636265,12.341488],[122.636817,12.341127],[122.636449,12.341759],[122.636356,12.342482],[122.636265,12.341488]]],[[[122.632115,12.349168],[122.6323,12.348445],[122.632668,12.348355],[122.633218,12.349622],[122.632115,12.349168]]],[[[122.633034,12.350255],[122.632942,12.349983],[122.633218,12.350255],[122.633034,12.350255]]],[[[122.63441,12.352427],[122.634502,12.352518],[122.63441,12.352517],[122.63441,12.352427]]],[[[122.634686,12.352518],[122.634686,12.352608],[122.634502,12.352518],[122.634686,12.352518]]],[[[122.637063,12.36283],[122.637064,12.362649],[122.637155,12.36283],[122.637063,12.36283]]],[[[122.637247,12.36283],[122.637247,12.362921],[122.637155,12.36283],[122.637247,12.36283]]],[[[122.635591,12.36319],[122.636235,12.363372],[122.635591,12.363371],[122.635591,12.36319]]],[[[122.636504,12.368165],[122.63761,12.366538],[122.637968,12.36627],[122.636506,12.366627],[122.636138,12.366536],[122.636047,12.365813],[122.637336,12.365453],[122.637797,12.364549],[122.63798,12.365002],[122.638809,12.364731],[122.637983,12.366259],[122.639176,12.365365],[122.640372,12.365186],[122.64037,12.366271],[122.638621,12.367354],[122.637147,12.36907],[122.636595,12.368979],[122.636504,12.368165]],[[122.636507,12.366356],[122.636415,12.366356],[122.636507,12.366446],[122.636507,12.366356]]],[[[122.634298,12.366896],[122.634298,12.366805],[122.63439,12.366896],[122.634298,12.366896]]],[[[122.634482,12.366896],[122.634482,12.367077],[122.63439,12.366896],[122.634482,12.366896]]],[[[122.634666,12.367348],[122.635125,12.367439],[122.634757,12.36771],[122.634666,12.367348]]],[[[122.635031,12.368796],[122.634664,12.368705],[122.63494,12.368343],[122.635031,12.368796]]],[[[122.633007,12.369607],[122.633008,12.368612],[122.633284,12.368703],[122.633374,12.369788],[122.633007,12.369607]]],[[[122.634202,12.369608],[122.634386,12.36979],[122.634202,12.369789],[122.634202,12.369608]]],[[[122.634937,12.370604],[122.634845,12.370604],[122.634937,12.370423],[122.634937,12.370604]]],[[[122.636132,12.370967],[122.635948,12.370967],[122.636133,12.370787],[122.636132,12.370967]]],[[[122.637693,12.37323],[122.637601,12.37323],[122.637693,12.373049],[122.637693,12.37323]]],[[[122.633094,12.373224],[122.633002,12.373224],[122.633094,12.373134],[122.633094,12.373224]]],[[[122.63806,12.373683],[122.637968,12.373683],[122.638061,12.373502],[122.63806,12.373683]]],[[[122.632631,12.375123],[122.632631,12.374942],[122.632815,12.375123],[122.632631,12.375123]]],[[[122.632631,12.375303],[122.632723,12.375213],[122.632723,12.375304],[122.632631,12.375303]]],[[[122.638701,12.375945],[122.638793,12.375945],[122.638701,12.376035],[122.638701,12.375945]]],[[[122.638701,12.376125],[122.638609,12.376125],[122.638701,12.376035],[122.638701,12.376125]]],[[[122.638885,12.376035],[122.638885,12.376216],[122.638793,12.376035],[122.638885,12.376035]]],[[[122.63778,12.376576],[122.638149,12.376215],[122.638056,12.376758],[122.63778,12.377028],[122.63778,12.376576]]],[[[122.630788,12.377652],[122.631432,12.37702],[122.631155,12.377743],[122.63097,12.378828],[122.630788,12.377652]]],[[[122.636858,12.378474],[122.637043,12.377389],[122.63741,12.378023],[122.637226,12.378565],[122.636858,12.378474]]],[[[122.63851,12.381008],[122.638326,12.381279],[122.637406,12.381278],[122.63851,12.381008]]],[[[122.640161,12.384718],[122.640896,12.385533],[122.639607,12.386526],[122.639425,12.384898],[122.638505,12.384806],[122.637859,12.386252],[122.637031,12.38607],[122.635282,12.387063],[122.633348,12.388417],[122.633716,12.388869],[122.633072,12.388507],[122.631324,12.388685],[122.6305,12.386242],[122.631146,12.384344],[122.632252,12.383351],[122.631334,12.381903],[122.631893,12.376659],[122.633459,12.375395],[122.633549,12.376661],[122.6341,12.377295],[122.634928,12.377296],[122.633176,12.379735],[122.633268,12.380097],[122.634004,12.379736],[122.634464,12.380008],[122.633355,12.383353],[122.635748,12.382723],[122.635562,12.384169],[122.637217,12.384533],[122.637863,12.38372],[122.639151,12.383541],[122.640254,12.384085],[122.640161,12.384718]]],[[[122.634184,12.382902],[122.633816,12.382901],[122.634184,12.382811],[122.634184,12.382902]]],[[[122.637588,12.382725],[122.637311,12.383267],[122.636207,12.383176],[122.637588,12.382725]]],[[[122.63086,12.391307],[122.630954,12.390041],[122.632241,12.390676],[122.631872,12.391399],[122.63086,12.391307]]],[[[122.640137,12.402261],[122.638114,12.401264],[122.636642,12.401624],[122.634527,12.400807],[122.632966,12.398725],[122.631403,12.398361],[122.631498,12.39592],[122.629846,12.393024],[122.631044,12.39194],[122.631225,12.393478],[122.631868,12.394293],[122.631955,12.398],[122.632198,12.398033],[122.632415,12.39782],[122.632691,12.398092],[122.632783,12.398092],[122.632783,12.39811],[122.633335,12.398183],[122.633336,12.396917],[122.634258,12.395743],[122.634998,12.39294],[122.636747,12.3924],[122.637849,12.393758],[122.63812,12.396923],[122.638765,12.396291],[122.639961,12.396655],[122.641429,12.39955],[122.640782,12.401629],[122.640137,12.402261]],[[122.632698,12.398099],[122.632691,12.398092],[122.632645,12.398092],[122.632698,12.398099]]],[[[122.634417,12.413377],[122.634048,12.41428],[122.63368,12.414099],[122.633039,12.412199],[122.634328,12.411387],[122.634417,12.413377]]],[[[122.636625,12.41347],[122.636533,12.41347],[122.636626,12.413289],[122.636625,12.41347]]],[[[122.638921,12.416457],[122.638554,12.416276],[122.63883,12.416186],[122.638921,12.416457]]],[[[122.634589,12.422149],[122.634497,12.422148],[122.634589,12.422058],[122.634589,12.422149]]],[[[122.633475,12.429653],[122.63421,12.429925],[122.634209,12.43092],[122.633749,12.430919],[122.633475,12.429653]]],[[[122.638716,12.43192],[122.638716,12.43174],[122.63936,12.431921],[122.638716,12.43192]]],[[[122.634023,12.432276],[122.634023,12.432547],[122.633563,12.432275],[122.63384,12.431823],[122.634023,12.432276]]],[[[122.635126,12.433363],[122.634758,12.433362],[122.635034,12.433182],[122.635126,12.433363]]],[[[122.628029,12.441582],[122.62776,12.43706],[122.628775,12.43462],[122.629603,12.434531],[122.629973,12.433627],[122.628137,12.430369],[122.628695,12.426119],[122.629892,12.425398],[122.629429,12.427567],[122.629797,12.42793],[122.630997,12.424857],[122.634865,12.422691],[122.635229,12.425314],[122.634677,12.425404],[122.634309,12.424861],[122.633849,12.425132],[122.633291,12.429652],[122.632738,12.430194],[122.632182,12.432906],[122.631261,12.433719],[122.631536,12.434172],[122.632916,12.434083],[122.633468,12.434626],[122.633558,12.435712],[122.632267,12.437699],[122.633094,12.438333],[122.632355,12.440955],[122.63309,12.441227],[122.63309,12.44186],[122.631156,12.442671],[122.631062,12.443937],[122.628854,12.444206],[122.628394,12.443843],[122.628029,12.441582]]],[[[122.636778,12.436349],[122.638157,12.436712],[122.63825,12.436532],[122.637974,12.436079],[122.638618,12.43608],[122.639353,12.436714],[122.639536,12.437799],[122.640915,12.438525],[122.639074,12.438974],[122.637419,12.437977],[122.637233,12.439786],[122.638153,12.439968],[122.637416,12.440148],[122.638428,12.44024],[122.638612,12.440692],[122.636864,12.440418],[122.636405,12.439785],[122.634381,12.439692],[122.634565,12.43924],[122.636129,12.439513],[122.636222,12.439061],[122.636039,12.438337],[122.634935,12.437793],[122.635489,12.43698],[122.633834,12.436164],[122.634019,12.43535],[122.635307,12.435171],[122.636778,12.436349]],[[122.637417,12.439967],[122.637325,12.439967],[122.637417,12.440057],[122.637417,12.439967]]],[[[122.634474,12.438878],[122.635026,12.438698],[122.634566,12.439149],[122.634474,12.438878]]],[[[122.635114,12.441592],[122.634746,12.44141],[122.635023,12.441049],[122.635114,12.441592]]],[[[122.636127,12.441322],[122.636679,12.441232],[122.636218,12.441503],[122.636127,12.441322]]],[[[122.635942,12.441683],[122.636954,12.441775],[122.635942,12.441954],[122.635942,12.441683]]],[[[122.63401,12.441771],[122.634286,12.441771],[122.633917,12.442042],[122.63401,12.441771]]],[[[122.63769,12.442138],[122.638058,12.442229],[122.63769,12.442318],[122.63769,12.442138]]],[[[122.633917,12.442494],[122.633733,12.442494],[122.633917,12.442404],[122.633917,12.442494]]],[[[122.637229,12.44268],[122.636953,12.442589],[122.637229,12.442408],[122.637229,12.44268]]],[[[122.635572,12.443401],[122.634008,12.442947],[122.634745,12.442676],[122.63548,12.443039],[122.635572,12.443401]]],[[[122.637044,12.443222],[122.636492,12.443221],[122.637044,12.443041],[122.637044,12.443222]]],[[[122.634005,12.444936],[122.633913,12.444936],[122.634005,12.444846],[122.634005,12.444936]]],[[[122.632809,12.445206],[122.633178,12.444573],[122.633821,12.445117],[122.633544,12.445659],[122.632809,12.445206]]],[[[122.638328,12.446389],[122.637684,12.446297],[122.638236,12.446027],[122.638328,12.446389]]],[[[122.635748,12.448917],[122.633171,12.449366],[122.632989,12.44819],[122.634371,12.446564],[122.636027,12.446566],[122.635748,12.448917]]],[[[122.636665,12.450998],[122.636481,12.450998],[122.636665,12.450908],[122.636665,12.450998]]],[[[122.634176,12.45425],[122.633072,12.454158],[122.63335,12.453255],[122.633994,12.452894],[122.634362,12.453166],[122.634176,12.45425]]],[[[122.637019,12.461217],[122.637572,12.460856],[122.638583,12.461219],[122.637294,12.461851],[122.637019,12.461217]]],[[[122.636003,12.463929],[122.635636,12.463114],[122.636832,12.463116],[122.636831,12.46393],[122.636003,12.463929]]],[[[122.632964,12.465824],[122.631214,12.466906],[122.631123,12.466183],[122.632137,12.464828],[122.632781,12.464919],[122.632964,12.465824]]],[[[122.637471,12.467005],[122.637931,12.467096],[122.637562,12.467729],[122.637471,12.467005]]],[[[122.630194,12.472602],[122.630564,12.470975],[122.629458,12.471968],[122.628907,12.471696],[122.629554,12.469074],[122.63066,12.4679],[122.634894,12.467364],[122.634709,12.468358],[122.633605,12.468266],[122.632958,12.469712],[122.631855,12.469349],[122.63093,12.472603],[122.630194,12.472602]]],[[[122.633231,12.471973],[122.633139,12.471973],[122.633231,12.471883],[122.633231,12.471973]]],[[[122.643227,12.294292],[122.643411,12.294654],[122.643227,12.294654],[122.643227,12.294292]]],[[[122.639455,12.295553],[122.639547,12.295372],[122.640007,12.295644],[122.639455,12.295553]]],[[[122.641661,12.29628],[122.641661,12.296641],[122.641017,12.296369],[122.641202,12.295827],[122.641661,12.29628]]],[[[122.641751,12.297817],[122.641843,12.298088],[122.641198,12.29854],[122.641751,12.297817]]],[[[122.639908,12.300618],[122.640461,12.299443],[122.642855,12.297728],[122.643592,12.296734],[122.643963,12.294474],[122.644882,12.294294],[122.645432,12.295742],[122.643777,12.295921],[122.644143,12.296916],[122.643589,12.299085],[122.642022,12.301344],[122.639353,12.302607],[122.638894,12.302425],[122.63908,12.301069],[122.639908,12.300618]]],[[[122.639265,12.299984],[122.639173,12.299984],[122.639265,12.299713],[122.639265,12.299984]]],[[[122.639264,12.300617],[122.639172,12.300617],[122.639264,12.300527],[122.639264,12.300617]]],[[[122.640086,12.30514],[122.641559,12.303514],[122.642847,12.303244],[122.64561,12.300535],[122.646989,12.300446],[122.649566,12.299184],[122.649839,12.301173],[122.64827,12.305241],[122.645418,12.306051],[122.644865,12.307407],[122.643761,12.307315],[122.642381,12.307946],[122.641738,12.307222],[122.639439,12.307309],[122.639348,12.306495],[122.640086,12.30514]]],[[[122.639627,12.304687],[122.639626,12.305229],[122.63935,12.304867],[122.639627,12.304687]]],[[[122.647901,12.306235],[122.648269,12.306326],[122.647809,12.306687],[122.647901,12.306235]]],[[[122.640351,12.312646],[122.640259,12.312646],[122.640352,12.312465],[122.640351,12.312646]]],[[[122.644573,12.319162],[122.644849,12.319434],[122.645218,12.31862],[122.646414,12.317989],[122.646047,12.317265],[122.646417,12.315457],[122.646601,12.315909],[122.646417,12.31618],[122.647061,12.315729],[122.648348,12.316273],[122.648808,12.315822],[122.650004,12.316004],[122.649452,12.315642],[122.649638,12.314466],[122.650097,12.314738],[122.650188,12.315643],[122.650832,12.315372],[122.652119,12.315916],[122.652489,12.31438],[122.65396,12.314291],[122.654513,12.313478],[122.656078,12.312756],[122.658102,12.312216],[122.659113,12.312579],[122.658927,12.313755],[122.657361,12.316194],[122.657727,12.317551],[122.654871,12.321074],[122.652389,12.320167],[122.651931,12.3189],[122.651288,12.318538],[122.648618,12.320705],[122.647054,12.320793],[122.6465,12.32242],[122.645304,12.322509],[122.643186,12.324767],[122.641437,12.325669],[122.639507,12.324581],[122.638771,12.324761],[122.63877,12.325485],[122.637023,12.325754],[122.635276,12.325028],[122.635186,12.323943],[122.63445,12.323942],[122.634912,12.322043],[122.633902,12.320866],[122.634088,12.319601],[122.637216,12.319153],[122.637493,12.318249],[122.638781,12.317798],[122.638507,12.316351],[122.640255,12.316172],[122.640347,12.31563],[122.641083,12.315631],[122.642464,12.314457],[122.642189,12.313824],[122.64127,12.313732],[122.641271,12.313009],[122.639617,12.311379],[122.640445,12.311109],[122.641364,12.311652],[122.641276,12.309301],[122.640541,12.308667],[122.640817,12.308215],[122.642656,12.30867],[122.646153,12.306956],[122.649924,12.30678],[122.651213,12.305606],[122.653604,12.305519],[122.655258,12.306877],[122.65498,12.308053],[122.654152,12.308232],[122.653507,12.309046],[122.650656,12.309675],[122.650195,12.310579],[122.648262,12.311661],[122.648076,12.312837],[122.645226,12.312652],[122.64559,12.315546],[122.644853,12.316269],[122.643566,12.315544],[122.642921,12.316357],[122.642643,12.317984],[122.64117,12.319429],[122.640984,12.320785],[122.639605,12.320783],[122.639234,12.322682],[122.639508,12.32422],[122.644019,12.320518],[122.644573,12.319162]],[[122.651397,12.305697],[122.651397,12.305787],[122.651489,12.305697],[122.651397,12.305697]],[[122.648992,12.316184],[122.648992,12.316274],[122.649084,12.316184],[122.648992,12.316184]]],[[[122.642272,12.320697],[122.642916,12.320426],[122.64264,12.320697],[122.642272,12.320697]]],[[[122.642087,12.320968],[122.641996,12.320967],[122.642088,12.320787],[122.642087,12.320968]]],[[[122.64227,12.321691],[122.64181,12.321872],[122.642271,12.32151],[122.64227,12.321691]]],[[[122.641626,12.321871],[122.641626,12.322052],[122.641259,12.321871],[122.641626,12.321871]]],[[[122.640522,12.322774],[122.640521,12.322955],[122.640245,12.322955],[122.640522,12.322774]]],[[[122.640245,12.323316],[122.640153,12.323316],[122.640245,12.323135],[122.640245,12.323316]]],[[[122.640793,12.326211],[122.640792,12.326663],[122.640517,12.326391],[122.640517,12.325758],[122.640793,12.326211]]],[[[122.640606,12.32811],[122.640515,12.327929],[122.640698,12.32811],[122.640606,12.32811]]],[[[122.641618,12.328111],[122.641526,12.328292],[122.641158,12.327929],[122.641618,12.328111]]],[[[122.64502,12.328568],[122.644744,12.328658],[122.644745,12.328477],[122.64502,12.328568]]],[[[122.6395,12.329826],[122.6395,12.329645],[122.639776,12.329827],[122.6395,12.329826]]],[[[122.640788,12.329828],[122.640512,12.329828],[122.640696,12.329647],[122.640788,12.329828]]],[[[122.640511,12.330642],[122.640235,12.330551],[122.640511,12.33037],[122.640511,12.330642]]],[[[122.640325,12.332359],[122.640233,12.332359],[122.640325,12.332269],[122.640325,12.332359]]],[[[122.646486,12.333001],[122.646578,12.333182],[122.646118,12.33309],[122.646486,12.333001]]],[[[122.643818,12.33363],[122.643818,12.333449],[122.644646,12.333269],[122.645106,12.333541],[122.643818,12.33363]]],[[[122.642253,12.334261],[122.642161,12.334351],[122.642161,12.334261],[122.642253,12.334261]]],[[[122.642161,12.334442],[122.642069,12.334442],[122.642161,12.334351],[122.642161,12.334442]]],[[[122.641885,12.334713],[122.641885,12.334622],[122.641977,12.334713],[122.641885,12.334713]]],[[[122.642069,12.334713],[122.642069,12.334803],[122.641977,12.334713],[122.642069,12.334713]]],[[[122.646292,12.340144],[122.645925,12.340144],[122.645741,12.339691],[122.646109,12.339601],[122.646292,12.340144]]],[[[122.648216,12.345753],[122.648401,12.345301],[122.648768,12.345845],[122.648216,12.345753]]],[[[122.648123,12.346567],[122.648031,12.346567],[122.648124,12.346386],[122.648123,12.346567]]],[[[122.642681,12.358135],[122.643601,12.357955],[122.64406,12.358408],[122.644705,12.357595],[122.644708,12.355696],[122.645261,12.354702],[122.64802,12.354796],[122.648019,12.356153],[122.647373,12.357599],[122.648292,12.35769],[122.648291,12.358504],[122.64691,12.36004],[122.647185,12.360402],[122.646816,12.360944],[122.64875,12.359138],[122.649671,12.358868],[122.649856,12.358054],[122.64912,12.358143],[122.649581,12.356968],[122.649399,12.355883],[122.65124,12.35471],[122.650506,12.353172],[122.649127,12.352718],[122.649313,12.351452],[122.650416,12.351453],[122.650417,12.350639],[122.648947,12.349643],[122.649316,12.348739],[122.65042,12.348469],[122.649044,12.345754],[122.649874,12.34449],[122.649506,12.344218],[122.650058,12.344128],[122.65162,12.345306],[122.650972,12.349012],[122.651705,12.350551],[122.652809,12.350823],[122.653176,12.351638],[122.655199,12.351459],[122.65437,12.352544],[122.654921,12.353449],[122.654368,12.35399],[122.654735,12.354714],[122.654366,12.355709],[122.656849,12.355983],[122.656663,12.357972],[122.655559,12.358152],[122.655742,12.358785],[122.656845,12.359238],[122.655923,12.361046],[122.657672,12.359873],[122.658132,12.360144],[122.657851,12.363852],[122.658495,12.3634],[122.659418,12.36105],[122.660061,12.362227],[122.659965,12.365301],[122.658859,12.366295],[122.658765,12.368193],[122.658304,12.368826],[122.65711,12.367558],[122.65435,12.368007],[122.652879,12.367463],[122.651958,12.368004],[122.650579,12.367912],[122.650394,12.368635],[122.649199,12.368],[122.64745,12.36836],[122.648004,12.367185],[122.647084,12.366822],[122.646809,12.366189],[122.64948,12.363931],[122.649941,12.362756],[122.650954,12.362396],[122.650403,12.361762],[122.648655,12.362031],[122.6481,12.364382],[122.646996,12.364471],[122.645613,12.366549],[122.64359,12.366185],[122.643405,12.366636],[122.642485,12.366816],[122.642023,12.368443],[122.641563,12.368443],[122.641841,12.367087],[122.642854,12.366184],[122.642949,12.363652],[122.644055,12.362206],[122.644148,12.361664],[122.643504,12.361392],[122.644149,12.36076],[122.644885,12.36076],[122.642955,12.359401],[122.641023,12.35967],[122.638908,12.359215],[122.638354,12.360571],[122.636053,12.362105],[122.633844,12.362826],[122.632923,12.363729],[122.630991,12.363636],[122.631266,12.364721],[122.630438,12.364358],[122.628322,12.364536],[122.627772,12.363541],[122.623449,12.363445],[122.623082,12.362901],[122.621427,12.362357],[122.621519,12.361814],[122.620599,12.362084],[122.621428,12.361452],[122.621154,12.360095],[122.620786,12.360366],[122.620419,12.359823],[122.620327,12.35919],[122.620879,12.359281],[122.620788,12.358467],[122.622906,12.357295],[122.622998,12.356752],[122.624193,12.357568],[122.625481,12.357117],[122.625575,12.355942],[122.62438,12.355307],[122.625853,12.354405],[122.627048,12.354949],[122.626406,12.353863],[122.628703,12.355765],[122.629347,12.355766],[122.630265,12.357124],[122.632383,12.354956],[122.633671,12.354958],[122.633672,12.354054],[122.635052,12.353694],[122.636342,12.35252],[122.637814,12.352251],[122.637999,12.351618],[122.63662,12.351074],[122.636897,12.35017],[122.63653,12.349536],[122.634047,12.348809],[122.6346,12.348268],[122.634233,12.347815],[122.627887,12.347445],[122.627149,12.348619],[122.626046,12.348346],[122.624296,12.3497],[122.622825,12.349518],[122.623932,12.347349],[122.622001,12.346532],[122.620713,12.346621],[122.62136,12.344994],[122.622188,12.344905],[122.619707,12.343183],[122.62026,12.341827],[122.619159,12.340469],[122.618979,12.337666],[122.621831,12.337308],[122.627713,12.339848],[122.627716,12.338311],[122.626244,12.338128],[122.625327,12.336589],[122.628177,12.337046],[122.628914,12.336414],[122.628545,12.337136],[122.629281,12.337047],[122.630292,12.337772],[122.631669,12.339401],[122.631943,12.340668],[122.63323,12.341393],[122.634423,12.343022],[122.635618,12.343567],[122.636355,12.343206],[122.63617,12.343748],[122.636998,12.343749],[122.637364,12.344744],[122.637177,12.347367],[122.638739,12.348454],[122.639657,12.349992],[122.640668,12.350175],[122.643798,12.34837],[122.645085,12.348914],[122.644992,12.349728],[122.647109,12.348827],[122.647292,12.34946],[122.646185,12.351448],[122.64646,12.352533],[122.645999,12.353256],[122.645447,12.353075],[122.644342,12.353887],[122.640939,12.353973],[122.640386,12.354605],[122.642681,12.358135]],[[122.644425,12.361031],[122.644425,12.361122],[122.644517,12.361031],[122.644425,12.361031]],[[122.646725,12.36022],[122.646725,12.360401],[122.646817,12.36022],[122.646725,12.36022]],[[122.645988,12.361304],[122.646264,12.361395],[122.646633,12.360401],[122.645988,12.361304]]],[[[122.640466,12.363829],[122.640465,12.36401],[122.640189,12.363919],[122.640466,12.363829]]],[[[122.640464,12.365186],[122.640648,12.365005],[122.640556,12.365186],[122.640464,12.365186]]],[[[122.643681,12.366818],[122.644325,12.366819],[122.643773,12.367089],[122.643681,12.366818]]],[[[122.647727,12.367727],[122.647267,12.367727],[122.647452,12.367456],[122.647912,12.367366],[122.647727,12.367727]]],[[[122.648454,12.37433],[122.648454,12.374239],[122.648546,12.37433],[122.648454,12.37433]]],[[[122.641279,12.37423],[122.641187,12.374411],[122.641003,12.374501],[122.641279,12.37423]]],[[[122.642007,12.38047],[122.641362,12.380741],[122.641455,12.380289],[122.642007,12.38047]]],[[[122.640534,12.381282],[122.640442,12.381282],[122.640534,12.381192],[122.640534,12.381282]]],[[[122.639429,12.382095],[122.639429,12.382185],[122.638693,12.381913],[122.639429,12.382095]]],[[[122.648351,12.382468],[122.648167,12.382468],[122.648351,12.382378],[122.648351,12.382468]]],[[[122.642188,12.382731],[122.641912,12.382731],[122.642188,12.38237],[122.642188,12.382731]]],[[[122.648167,12.382739],[122.648167,12.38301],[122.647799,12.38292],[122.648167,12.382739]]],[[[122.642463,12.382822],[122.642281,12.381556],[122.64265,12.381014],[122.644486,12.383639],[122.6443,12.385176],[122.642644,12.385083],[122.643565,12.38418],[122.642463,12.382822]]],[[[122.647706,12.383191],[122.647799,12.3831],[122.647798,12.383191],[122.647706,12.383191]]],[[[122.639428,12.382909],[122.640255,12.38291],[122.639887,12.383542],[122.639428,12.382909]]],[[[122.642461,12.384359],[122.642737,12.38445],[122.642737,12.384631],[122.642369,12.384721],[122.642461,12.384359]]],[[[122.640621,12.38499],[122.640897,12.38481],[122.640805,12.38499],[122.640621,12.38499]]],[[[122.64522,12.385087],[122.645036,12.385086],[122.64522,12.384996],[122.64522,12.385087]]],[[[122.641999,12.386077],[122.641723,12.386077],[122.641999,12.385896],[122.641999,12.386077]]],[[[122.638871,12.386435],[122.639424,12.385621],[122.639423,12.386164],[122.639054,12.386977],[122.638871,12.386435]]],[[[122.639422,12.387068],[122.639146,12.387249],[122.639422,12.386887],[122.639422,12.387068]]],[[[122.646137,12.387439],[122.646321,12.387258],[122.646229,12.387439],[122.646137,12.387439]]],[[[122.643558,12.389335],[122.643742,12.389425],[122.643466,12.389606],[122.643558,12.389335]]],[[[122.646869,12.390514],[122.646777,12.390514],[122.646869,12.390424],[122.646869,12.390514]]],[[[122.6465,12.390876],[122.646224,12.390694],[122.646317,12.390152],[122.6465,12.390876]]],[[[122.641255,12.391683],[122.641163,12.391954],[122.640795,12.392044],[122.641255,12.391683]]],[[[122.647051,12.391962],[122.646867,12.391961],[122.647051,12.391871],[122.647051,12.391962]]],[[[122.639967,12.392043],[122.640519,12.392134],[122.640885,12.393491],[122.64015,12.392947],[122.639967,12.392043]]],[[[122.640057,12.393309],[122.640057,12.39349],[122.638862,12.392946],[122.639322,12.392675],[122.640057,12.393309]]],[[[122.648705,12.39332],[122.648337,12.39332],[122.648705,12.393139],[122.648705,12.39332]]],[[[122.645115,12.394853],[122.644931,12.394853],[122.645115,12.394762],[122.645115,12.394853]]],[[[122.643546,12.39883],[122.64373,12.398468],[122.644649,12.399102],[122.64465,12.398379],[122.644282,12.398559],[122.644283,12.397926],[122.643731,12.397745],[122.641615,12.397742],[122.640788,12.396746],[122.638858,12.395839],[122.638215,12.394753],[122.638493,12.393307],[122.638677,12.393759],[122.640057,12.393671],[122.641986,12.395482],[122.64217,12.395301],[122.641528,12.394215],[122.641713,12.393582],[122.642173,12.393673],[122.643734,12.395213],[122.645385,12.399555],[122.64741,12.398563],[122.647964,12.396756],[122.651278,12.395042],[122.652292,12.393958],[122.654131,12.394322],[122.655821,12.397813],[122.655875,12.39776],[122.655875,12.397851],[122.655839,12.397851],[122.656058,12.398303],[122.654493,12.399296],[122.653113,12.399385],[122.654037,12.395949],[122.652935,12.394863],[122.651921,12.396128],[122.651735,12.397213],[122.650262,12.398115],[122.650997,12.398749],[122.650997,12.399472],[122.648512,12.400012],[122.649246,12.401098],[122.650074,12.40137],[122.650072,12.402727],[122.649336,12.402997],[122.647865,12.402181],[122.646304,12.399557],[122.646393,12.401818],[122.645105,12.401997],[122.645286,12.40471],[122.643629,12.404798],[122.642526,12.404164],[122.641608,12.402625],[122.640688,12.402624],[122.640689,12.402081],[122.64198,12.400184],[122.644832,12.399826],[122.643546,12.39883]],[[122.638584,12.39394],[122.638677,12.393759],[122.638585,12.393759],[122.638584,12.39394]],[[122.638584,12.394121],[122.638584,12.39403],[122.638492,12.394121],[122.638584,12.394121]]],[[[122.640688,12.402805],[122.640688,12.402986],[122.64032,12.403076],[122.640688,12.402805]]],[[[122.640044,12.403166],[122.640227,12.403347],[122.640043,12.403347],[122.640044,12.403166]]],[[[122.647311,12.403808],[122.647679,12.403628],[122.647495,12.403808],[122.647311,12.403808]]],[[[122.648034,12.413123],[122.648678,12.413576],[122.648125,12.413757],[122.648034,12.413123]]],[[[122.641221,12.416641],[122.641221,12.416822],[122.641037,12.416641],[122.641221,12.416641]]],[[[122.645076,12.423429],[122.643971,12.42406],[122.64406,12.426683],[122.642768,12.429032],[122.641022,12.427673],[122.64029,12.424869],[122.638354,12.42767],[122.636697,12.428029],[122.635686,12.427485],[122.635504,12.425767],[122.636613,12.422242],[122.635141,12.422692],[122.636891,12.421066],[122.635514,12.418623],[122.635517,12.416453],[122.63653,12.416183],[122.637908,12.417089],[122.638089,12.419802],[122.638916,12.420074],[122.63892,12.41709],[122.639473,12.417001],[122.639658,12.416006],[122.64076,12.417454],[122.640574,12.41863],[122.641124,12.420258],[122.641496,12.417546],[122.644072,12.417459],[122.64508,12.420896],[122.644895,12.421529],[122.645814,12.422254],[122.645076,12.423429]]],[[[122.64441,12.439615],[122.644502,12.439434],[122.644778,12.439615],[122.64441,12.439615]]],[[[122.64413,12.442779],[122.644314,12.44296],[122.643946,12.44296],[122.64413,12.442779]]],[[[122.639437,12.443135],[122.638977,12.443044],[122.639345,12.442954],[122.639437,12.443135]]],[[[122.645691,12.444771],[122.643759,12.445039],[122.643208,12.444134],[122.643393,12.443411],[122.645325,12.443233],[122.645691,12.444771]]],[[[122.644955,12.445041],[122.645231,12.445041],[122.645047,12.445222],[122.644955,12.445041]]],[[[122.644586,12.445764],[122.64431,12.445764],[122.644586,12.445673],[122.644586,12.445764]]],[[[122.644125,12.446487],[122.644216,12.446758],[122.643664,12.446757],[122.643481,12.446486],[122.644125,12.446487]]],[[[122.64394,12.44712],[122.643664,12.447119],[122.643848,12.446939],[122.64394,12.44712]]],[[[122.645961,12.449564],[122.644581,12.449381],[122.645319,12.448026],[122.645961,12.449564]]],[[[122.644395,12.450376],[122.644395,12.450647],[122.643843,12.450737],[122.644395,12.450376]]],[[[122.647983,12.451556],[122.647798,12.451556],[122.647983,12.451285],[122.647983,12.451556]]],[[[122.648073,12.45237],[122.648534,12.45219],[122.648349,12.45237],[122.648073,12.45237]]],[[[122.643749,12.452093],[122.646325,12.452277],[122.646508,12.453272],[122.645404,12.45309],[122.644666,12.454355],[122.643102,12.453991],[122.642092,12.452633],[122.643749,12.452093]]],[[[122.644274,12.47235],[122.644918,12.47226],[122.644273,12.472621],[122.644274,12.47235]]],[[[122.650201,12.305786],[122.650109,12.305786],[122.650201,12.305695],[122.650201,12.305786]]],[[[122.658196,12.31077],[122.658012,12.310769],[122.658196,12.310408],[122.658196,12.31077]]],[[[122.656171,12.312124],[122.655986,12.312395],[122.655435,12.312213],[122.656171,12.312124]]],[[[122.660207,12.320267],[122.660115,12.320267],[122.660207,12.320177],[122.660207,12.320267]]],[[[122.657075,12.323609],[122.656432,12.323428],[122.656524,12.323247],[122.657076,12.323248],[122.657075,12.323609]]],[[[122.657167,12.32379],[122.657075,12.32379],[122.657167,12.3237],[122.657167,12.32379]]],[[[122.657535,12.323791],[122.657443,12.323791],[122.657535,12.3237],[122.657535,12.323791]]],[[[122.657167,12.324062],[122.657259,12.324062],[122.657166,12.324242],[122.657167,12.324062]]],[[[122.654498,12.325234],[122.654222,12.325414],[122.654222,12.325143],[122.654498,12.325234]]],[[[122.65735,12.324514],[122.656703,12.326683],[122.655693,12.325507],[122.656799,12.324242],[122.65735,12.324514]]],[[[122.650725,12.326676],[122.650817,12.326495],[122.651185,12.326767],[122.650725,12.326676]]],[[[122.656979,12.327046],[122.656886,12.327588],[122.656242,12.327497],[122.656979,12.327046]]],[[[122.654495,12.327856],[122.654956,12.326681],[122.655967,12.327225],[122.655414,12.328038],[122.654495,12.327856]]],[[[122.652747,12.327492],[122.652564,12.327492],[122.652748,12.327311],[122.652747,12.327492]]],[[[122.652563,12.328216],[122.652471,12.328215],[122.652563,12.328035],[122.652563,12.328216]]],[[[122.653758,12.328217],[122.653666,12.328217],[122.653758,12.328127],[122.653758,12.328217]]],[[[122.653206,12.328669],[122.653206,12.328849],[122.652838,12.328849],[122.653206,12.328669]]],[[[122.651458,12.328666],[122.651366,12.329118],[122.650814,12.328756],[122.651458,12.328666]]],[[[122.657988,12.329036],[122.657712,12.329036],[122.657988,12.328946],[122.657988,12.329036]]],[[[122.654941,12.337804],[122.654573,12.338165],[122.655032,12.338889],[122.654847,12.339613],[122.653743,12.339611],[122.65301,12.337892],[122.653287,12.336717],[122.652828,12.336264],[122.652641,12.338796],[122.650798,12.341054],[122.650797,12.342049],[122.649233,12.341957],[122.64758,12.340236],[122.647216,12.337161],[122.648139,12.334992],[122.646116,12.334356],[122.646854,12.333182],[122.647681,12.333183],[122.64759,12.332821],[122.644832,12.331732],[122.644282,12.330556],[122.645661,12.33092],[122.647594,12.329385],[122.649982,12.332372],[122.650075,12.331739],[122.65081,12.331831],[122.651179,12.331198],[122.65403,12.331292],[122.654676,12.329846],[122.653113,12.329573],[122.652744,12.330024],[122.650168,12.330564],[122.649617,12.330382],[122.649709,12.32993],[122.650445,12.330021],[122.651642,12.329209],[122.653021,12.329392],[122.653574,12.328669],[122.655229,12.329123],[122.656241,12.328311],[122.655686,12.330752],[122.656972,12.332019],[122.657063,12.333195],[122.658532,12.335096],[122.657976,12.33817],[122.659078,12.339528],[122.658342,12.339436],[122.657148,12.33835],[122.6554,12.338528],[122.654941,12.337804]]],[[[122.655856,12.341513],[122.656408,12.341604],[122.655947,12.342146],[122.655487,12.342326],[122.655856,12.341513]]],[[[122.652175,12.343226],[122.651991,12.343226],[122.651991,12.342864],[122.652176,12.342593],[122.652175,12.343226]]],[[[122.650059,12.343857],[122.649967,12.343857],[122.650059,12.343766],[122.650059,12.343857]]],[[[122.653737,12.344133],[122.653186,12.343951],[122.653278,12.34377],[122.653738,12.343681],[122.653737,12.344133]]],[[[122.652542,12.344041],[122.65245,12.344041],[122.652542,12.34395],[122.652542,12.344041]]],[[[122.655208,12.344768],[122.654933,12.343953],[122.655945,12.343864],[122.656316,12.341875],[122.657971,12.34242],[122.65806,12.344229],[122.656861,12.34703],[122.656217,12.346939],[122.655943,12.345763],[122.654012,12.345218],[122.652818,12.344132],[122.654611,12.344609],[122.654657,12.344586],[122.654629,12.344613],[122.655208,12.344768]]],[[[122.659163,12.344863],[122.659072,12.344411],[122.659347,12.344863],[122.659163,12.344863]]],[[[122.659438,12.345858],[122.659438,12.345768],[122.659622,12.345858],[122.659438,12.345858]]],[[[122.658058,12.346309],[122.658885,12.3464],[122.658793,12.346581],[122.657873,12.34667],[122.658058,12.346309]]],[[[122.653913,12.350734],[122.653084,12.351005],[122.654005,12.350554],[122.653913,12.350734]]],[[[122.65428,12.351187],[122.654096,12.351187],[122.65428,12.351097],[122.65428,12.351187]]],[[[122.649492,12.354979],[122.649676,12.354798],[122.649584,12.354979],[122.649492,12.354979]]],[[[122.65712,12.360053],[122.657028,12.360053],[122.65712,12.359872],[122.65712,12.360053]]],[[[122.653152,12.369272],[122.65306,12.369271],[122.653152,12.369181],[122.653152,12.369272]]],[[[122.654439,12.370087],[122.65453,12.370539],[122.653979,12.370539],[122.654439,12.370087]]],[[[122.653058,12.370899],[122.653426,12.370809],[122.653334,12.37108],[122.653058,12.371261],[122.653058,12.370899]]],[[[122.650849,12.371891],[122.651126,12.37153],[122.651033,12.371891],[122.650849,12.371891]]],[[[122.649006,12.37433],[122.648822,12.374511],[122.648546,12.37433],[122.649006,12.37433]]],[[[122.660504,12.375159],[122.661515,12.375341],[122.661882,12.376517],[122.661513,12.377511],[122.659947,12.378775],[122.659212,12.378413],[122.659581,12.37769],[122.659122,12.376966],[122.658016,12.377959],[122.658198,12.379587],[122.656542,12.379856],[122.655716,12.378589],[122.653784,12.378587],[122.654154,12.376959],[122.654982,12.37678],[122.655167,12.376147],[122.651578,12.376866],[122.651304,12.37578],[122.652592,12.375691],[122.653789,12.374969],[122.655171,12.373434],[122.655538,12.373886],[122.658391,12.372715],[122.658943,12.372715],[122.658758,12.373529],[122.659492,12.374705],[122.660783,12.372989],[122.660508,12.372175],[122.661703,12.372266],[122.664374,12.37019],[122.666857,12.370103],[122.666487,12.372001],[122.665382,12.372723],[122.664827,12.375255],[122.667125,12.376614],[122.666847,12.378422],[122.664548,12.377877],[122.663631,12.375163],[122.662988,12.374981],[122.662435,12.375432],[122.66207,12.373352],[122.661518,12.373351],[122.660504,12.375159]]],[[[122.652501,12.374877],[122.652501,12.375149],[122.652132,12.375329],[122.652501,12.374877]]],[[[122.652221,12.37768],[122.652037,12.37768],[122.652222,12.377499],[122.652221,12.37768]]],[[[122.652221,12.378042],[122.652129,12.378042],[122.652221,12.377771],[122.652221,12.378042]]],[[[122.646686,12.389429],[122.646689,12.386987],[122.646231,12.386173],[122.648533,12.384277],[122.64835,12.383192],[122.649456,12.381837],[122.650928,12.381658],[122.651203,12.382291],[122.649361,12.384368],[122.649726,12.386087],[122.649448,12.387986],[122.647328,12.390605],[122.646686,12.389429]]],[[[122.652483,12.388623],[122.651198,12.386632],[122.652578,12.386362],[122.652949,12.38365],[122.653593,12.383831],[122.653776,12.384645],[122.653587,12.388443],[122.652757,12.389799],[122.652939,12.391246],[122.653123,12.391789],[122.653951,12.391699],[122.654317,12.392966],[122.654042,12.392513],[122.652385,12.392692],[122.651744,12.391063],[122.649535,12.391513],[122.651102,12.389525],[122.652021,12.39034],[122.652481,12.39007],[122.652483,12.388623]]],[[[122.653399,12.391337],[122.653307,12.391337],[122.653399,12.391156],[122.653399,12.391337]]],[[[122.653307,12.391517],[122.653215,12.391517],[122.653307,12.391427],[122.653307,12.391517]]],[[[122.651743,12.391606],[122.651835,12.391606],[122.651743,12.391696],[122.651743,12.391606]]],[[[122.651742,12.391968],[122.65165,12.391968],[122.651743,12.391696],[122.651742,12.391968]]],[[[122.658637,12.396046],[122.657716,12.396678],[122.657257,12.396044],[122.657902,12.394779],[122.658638,12.395413],[122.658637,12.396046]]],[[[122.656245,12.396133],[122.656151,12.39758],[122.655968,12.396495],[122.656245,12.396133]]],[[[122.65615,12.398484],[122.656242,12.398394],[122.656242,12.398484],[122.65615,12.398484]]],[[[122.656149,12.398665],[122.656057,12.398665],[122.65615,12.398575],[122.656149,12.398665]]],[[[122.656609,12.398666],[122.6567,12.399751],[122.655873,12.399298],[122.656609,12.398666]]],[[[122.651916,12.399654],[122.652193,12.399112],[122.6521,12.399655],[122.651916,12.399654]]],[[[122.65725,12.401198],[122.658262,12.401019],[122.657618,12.40147],[122.65725,12.401198]]],[[[122.655409,12.402372],[122.655962,12.400926],[122.656514,12.400926],[122.656054,12.401287],[122.656882,12.401198],[122.65688,12.402735],[122.655409,12.402372]]],[[[122.652188,12.40282],[122.651912,12.402639],[122.652097,12.402458],[122.652188,12.40282]]],[[[122.65283,12.404177],[122.652646,12.404177],[122.652371,12.403363],[122.652739,12.403453],[122.65283,12.404177]]],[[[122.658534,12.404094],[122.659086,12.404547],[122.658533,12.404998],[122.658534,12.404094]]],[[[122.653197,12.404991],[122.653013,12.404901],[122.653198,12.40472],[122.653197,12.404991]]],[[[122.658985,12.411057],[122.658892,12.41169],[122.658524,12.411871],[122.658985,12.411057]]],[[[122.655486,12.413766],[122.655485,12.413947],[122.654841,12.413856],[122.655486,12.413766]]],[[[122.66045,12.417028],[122.660358,12.417028],[122.66045,12.416937],[122.66045,12.417028]]],[[[122.658124,12.436286],[122.657665,12.435653],[122.658861,12.435925],[122.658768,12.436468],[122.658124,12.436286]]],[[[122.649011,12.439349],[122.647357,12.438081],[122.646991,12.436362],[122.647544,12.435368],[122.649753,12.434829],[122.65012,12.435643],[122.649014,12.437088],[122.649658,12.43718],[122.649473,12.438265],[122.650117,12.438175],[122.649011,12.439349]]],[[[122.656466,12.43755],[122.65665,12.43755],[122.656466,12.437641],[122.656466,12.43755]]],[[[122.656006,12.43773],[122.65619,12.43755],[122.656466,12.437731],[122.656006,12.43773]]],[[[122.656926,12.438003],[122.656374,12.438002],[122.656926,12.437822],[122.656926,12.438003]]],[[[122.656546,12.446955],[122.6559,12.448582],[122.654242,12.449394],[122.653691,12.448579],[122.654061,12.447404],[122.653418,12.446318],[122.654247,12.445686],[122.655812,12.445688],[122.656363,12.44596],[122.656546,12.446955]]],[[[122.648722,12.449206],[122.64909,12.449206],[122.648721,12.449567],[122.648722,12.449206]]],[[[122.656082,12.45021],[122.655898,12.45021],[122.656082,12.450029],[122.656082,12.45021]]],[[[122.650466,12.451921],[122.650559,12.45174],[122.650558,12.451921],[122.650466,12.451921]]],[[[122.658287,12.452745],[122.658195,12.452745],[122.658287,12.452654],[122.658287,12.452745]]],[[[122.656624,12.457807],[122.656532,12.457806],[122.656624,12.457716],[122.656624,12.457807]]],[[[122.649887,12.472628],[122.64998,12.471905],[122.65044,12.471996],[122.650439,12.472629],[122.649887,12.472628]]],[[[122.663706,12.316564],[122.663614,12.317016],[122.663153,12.317377],[122.663706,12.316564]]],[[[122.662876,12.318643],[122.66306,12.318281],[122.663152,12.318643],[122.662876,12.318643]]],[[[122.662875,12.319366],[122.662874,12.319818],[122.662507,12.319637],[122.662875,12.319366]]],[[[122.667288,12.320638],[122.66738,12.320728],[122.667288,12.320728],[122.667288,12.320638]]],[[[122.667472,12.320728],[122.667472,12.320819],[122.66738,12.320728],[122.667472,12.320728]]],[[[122.667747,12.321362],[122.667287,12.32118],[122.667747,12.321],[122.667747,12.321362]]],[[[122.667837,12.322628],[122.667746,12.321904],[122.668666,12.321996],[122.668757,12.322629],[122.667837,12.322628]]],[[[122.676022,12.32318],[122.675101,12.324174],[122.674825,12.323993],[122.675746,12.32318],[122.675747,12.322457],[122.676022,12.32318]]],[[[122.677806,12.321826],[122.680383,12.325898],[122.678963,12.325083],[122.678962,12.325806],[122.678594,12.325715],[122.67832,12.323906],[122.677768,12.324268],[122.677675,12.325353],[122.675561,12.324446],[122.676299,12.322638],[122.677806,12.321826]]],[[[122.663881,12.323979],[122.664341,12.32389],[122.663972,12.32416],[122.663881,12.323979]]],[[[122.660846,12.323976],[122.661305,12.324248],[122.660753,12.324247],[122.660846,12.323976]]],[[[122.661397,12.324248],[122.661397,12.324338],[122.661305,12.324248],[122.661397,12.324248]]],[[[122.672341,12.324894],[122.672341,12.325075],[122.672157,12.325165],[122.672341,12.324894]]],[[[122.663879,12.325155],[122.663879,12.324974],[122.664063,12.325155],[122.663879,12.325155]]],[[[122.661947,12.325695],[122.661763,12.325695],[122.661855,12.325424],[122.661947,12.325695]]],[[[122.672522,12.327155],[122.672246,12.327155],[122.672339,12.326522],[122.672522,12.327155]]],[[[122.661118,12.327051],[122.661025,12.327231],[122.660841,12.327231],[122.661118,12.327051]]],[[[122.673257,12.327608],[122.673165,12.327608],[122.673257,12.327518],[122.673257,12.327608]]],[[[122.669946,12.328056],[122.669946,12.328147],[122.669854,12.328056],[122.669946,12.328056]]],[[[122.674084,12.328875],[122.673625,12.327518],[122.674453,12.327881],[122.674451,12.328876],[122.674084,12.328875]]],[[[122.673716,12.328603],[122.673163,12.329236],[122.673348,12.328512],[122.672613,12.327698],[122.673717,12.328061],[122.673716,12.328603]]],[[[122.67951,12.32861],[122.679694,12.32843],[122.679602,12.32861],[122.67951,12.32861]]],[[[122.679142,12.328519],[122.679142,12.328972],[122.678774,12.32879],[122.679142,12.328519]]],[[[122.661117,12.327774],[122.663235,12.325787],[122.66397,12.325969],[122.664891,12.325337],[122.664615,12.324975],[122.665076,12.324614],[122.667007,12.324797],[122.667376,12.323984],[122.668387,12.324166],[122.669673,12.325795],[122.670223,12.326971],[122.669854,12.327966],[122.66875,12.328417],[122.667371,12.327691],[122.667278,12.328686],[122.666357,12.329499],[122.664243,12.328411],[122.664058,12.329134],[122.666722,12.331941],[122.666259,12.333839],[122.665431,12.334471],[122.664145,12.333475],[122.662489,12.333292],[122.662031,12.332297],[122.661295,12.331934],[122.660471,12.32913],[122.659552,12.328496],[122.657805,12.328493],[122.657621,12.327951],[122.657069,12.328493],[122.656425,12.328311],[122.657806,12.327227],[122.659737,12.328044],[122.661117,12.327774]]],[[[122.673071,12.329326],[122.672979,12.329326],[122.673071,12.329236],[122.673071,12.329326]]],[[[122.677945,12.329694],[122.678037,12.329694],[122.677945,12.329784],[122.677945,12.329694]]],[[[122.681716,12.33006],[122.681624,12.33006],[122.681716,12.329879],[122.681716,12.33006]]],[[[122.677669,12.330236],[122.677669,12.329874],[122.677945,12.330146],[122.677669,12.330236]]],[[[122.677669,12.330326],[122.677577,12.330326],[122.677669,12.330236],[122.677669,12.330326]]],[[[122.669298,12.33113],[122.66985,12.33095],[122.669298,12.331401],[122.669298,12.33113]]],[[[122.679782,12.331776],[122.67969,12.332228],[122.679507,12.331414],[122.680704,12.330511],[122.680887,12.331325],[122.679782,12.331776]]],[[[122.673987,12.332944],[122.674263,12.332854],[122.674262,12.332945],[122.673987,12.332944]]],[[[122.660834,12.33329],[122.660742,12.33329],[122.660834,12.3332],[122.660834,12.33329]]],[[[122.683551,12.333769],[122.683459,12.333769],[122.683183,12.333407],[122.683551,12.333317],[122.683551,12.333769]]],[[[122.676835,12.335118],[122.676559,12.335118],[122.676835,12.334937],[122.676835,12.335118]]],[[[122.684009,12.335488],[122.683825,12.335488],[122.683918,12.334855],[122.684009,12.335488]]],[[[122.675914,12.335931],[122.674718,12.336743],[122.675087,12.335749],[122.674719,12.335387],[122.675456,12.334755],[122.675914,12.335931]]],[[[122.682169,12.335667],[122.682169,12.335848],[122.6818,12.336299],[122.681617,12.335757],[122.682169,12.335667]]],[[[122.68097,12.338107],[122.680878,12.338107],[122.68097,12.338017],[122.68097,12.338107]]],[[[122.672876,12.33855],[122.673152,12.33846],[122.672875,12.338911],[122.672876,12.33855]]],[[[122.664965,12.339173],[122.664965,12.339354],[122.664597,12.339444],[122.664965,12.339173]]],[[[122.661929,12.339893],[122.662481,12.339713],[122.662664,12.340165],[122.662388,12.340526],[122.661929,12.339893]]],[[[122.678208,12.340726],[122.678578,12.33928],[122.679497,12.339643],[122.679035,12.34136],[122.678208,12.340726]]],[[[122.663768,12.340076],[122.66432,12.340077],[122.664228,12.340348],[122.663308,12.340618],[122.663768,12.340076]]],[[[122.662937,12.342788],[122.662201,12.342787],[122.662571,12.34134],[122.663123,12.341522],[122.662662,12.342154],[122.662937,12.342788]]],[[[122.674159,12.342259],[122.673975,12.342259],[122.674159,12.341897],[122.674159,12.342259]]],[[[122.671951,12.342708],[122.672595,12.342709],[122.672043,12.34298],[122.671951,12.342708]]],[[[122.672594,12.343523],[122.67241,12.343523],[122.672594,12.343433],[122.672594,12.343523]]],[[[122.685471,12.343448],[122.685932,12.342725],[122.686023,12.343629],[122.685746,12.344352],[122.685471,12.343448]]],[[[122.671024,12.348314],[122.671302,12.346596],[122.670844,12.344968],[122.671858,12.343703],[122.673145,12.343795],[122.673696,12.344971],[122.674524,12.344339],[122.675076,12.344792],[122.676639,12.344884],[122.675993,12.346421],[122.674244,12.348227],[122.670195,12.349579],[122.668907,12.349577],[122.669276,12.348764],[122.668082,12.347225],[122.667533,12.345326],[122.667813,12.34198],[122.669194,12.341077],[122.669837,12.34144],[122.669376,12.341982],[122.67002,12.342344],[122.670478,12.343701],[122.669923,12.345871],[122.670288,12.348223],[122.671024,12.348314]]],[[[122.661735,12.347579],[122.659897,12.346401],[122.659625,12.343145],[122.659073,12.343416],[122.659261,12.340613],[122.659996,12.340885],[122.660179,12.341971],[122.661006,12.341972],[122.662199,12.344143],[122.662935,12.344325],[122.66266,12.34333],[122.664686,12.341886],[122.665697,12.342339],[122.665604,12.343334],[122.666794,12.347314],[122.667346,12.347676],[122.668171,12.349757],[122.667986,12.3503],[122.667251,12.350118],[122.666057,12.348489],[122.661735,12.347579]]],[[[122.666978,12.347133],[122.666887,12.347133],[122.666979,12.347043],[122.666978,12.347133]]],[[[122.668908,12.348944],[122.668908,12.349125],[122.66854,12.349215],[122.668908,12.348944]]],[[[122.685648,12.348783],[122.685648,12.349236],[122.685372,12.349506],[122.685648,12.348783]]],[[[122.66624,12.349574],[122.666608,12.349484],[122.666331,12.349936],[122.66624,12.349574]]],[[[122.666789,12.351112],[122.666789,12.351293],[122.666605,12.351202],[122.666789,12.351112]]],[[[122.659803,12.347577],[122.660904,12.349839],[122.661364,12.349659],[122.66118,12.35011],[122.66458,12.353008],[122.665868,12.352287],[122.664947,12.353551],[122.662648,12.353006],[122.661452,12.353366],[122.662371,12.354],[122.660806,12.354451],[122.659885,12.355716],[122.65869,12.355352],[122.659242,12.35481],[122.658968,12.353273],[122.656945,12.352909],[122.656394,12.352365],[122.656672,12.3511],[122.657959,12.351192],[122.658513,12.349655],[122.65686,12.347483],[122.657229,12.34694],[122.659803,12.347577]]],[[[122.665317,12.351382],[122.666054,12.35093],[122.666145,12.351383],[122.665409,12.351924],[122.665317,12.351382]]],[[[122.666605,12.351474],[122.666513,12.351474],[122.666605,12.351383],[122.666605,12.351474]]],[[[122.663567,12.353911],[122.663291,12.353911],[122.663567,12.353821],[122.663567,12.353911]]],[[[122.664838,12.366483],[122.664377,12.367206],[122.664194,12.366753],[122.664838,12.366483]]],[[[122.663915,12.368833],[122.663731,12.368833],[122.663916,12.368742],[122.663915,12.368833]]],[[[122.663823,12.369375],[122.663914,12.369918],[122.663545,12.370551],[122.663823,12.369375]]],[[[122.664374,12.370009],[122.66419,12.370009],[122.664374,12.369919],[122.664374,12.370009]]],[[[122.667948,12.380503],[122.668132,12.380232],[122.668132,12.380504],[122.667948,12.380503]]],[[[122.682935,12.387303],[122.680634,12.387482],[122.680175,12.387029],[122.681648,12.386126],[122.682936,12.386128],[122.682935,12.387303]]],[[[122.681183,12.389924],[122.683761,12.388842],[122.683944,12.389385],[122.682839,12.390288],[122.681183,12.389924]]],[[[122.685137,12.392189],[122.68394,12.39255],[122.683667,12.390289],[122.684035,12.389837],[122.685231,12.390562],[122.685137,12.392189]]],[[[122.683848,12.393092],[122.68302,12.393001],[122.68302,12.392639],[122.683572,12.392549],[122.683848,12.393092]]],[[[122.663515,12.394153],[122.66333,12.394605],[122.663147,12.394424],[122.663515,12.394153]]],[[[122.659646,12.398489],[122.661579,12.397135],[122.662314,12.39804],[122.661853,12.399215],[122.659646,12.398489]]],[[[122.697549,12.3979],[122.69718,12.399076],[122.69626,12.399075],[122.696445,12.398171],[122.697549,12.3979]]],[[[122.671788,12.399317],[122.672064,12.399227],[122.671696,12.399679],[122.671788,12.399317]]],[[[122.665158,12.404012],[122.667551,12.403382],[122.668286,12.404016],[122.667734,12.404196],[122.667091,12.403743],[122.666446,12.404375],[122.665158,12.404012]]],[[[122.691378,12.404133],[122.691931,12.403772],[122.692022,12.404405],[122.691378,12.404676],[122.691378,12.404133]]],[[[122.674812,12.40954],[122.675641,12.408455],[122.675547,12.409993],[122.674811,12.410173],[122.674812,12.40954]]],[[[122.661103,12.409885],[122.661379,12.409614],[122.661931,12.409976],[122.661103,12.409885]]],[[[122.68079,12.410632],[122.681251,12.410452],[122.68079,12.410903],[122.68079,12.410632]]],[[[122.676921,12.414878],[122.677568,12.412256],[122.678766,12.411172],[122.680422,12.410903],[122.680421,12.411897],[122.679683,12.413072],[122.679865,12.414791],[122.6783,12.415783],[122.677929,12.418044],[122.676916,12.418676],[122.676821,12.421117],[122.676177,12.421478],[122.674613,12.421205],[122.673419,12.419937],[122.673512,12.419124],[122.67471,12.417588],[122.675353,12.41786],[122.675447,12.416232],[122.675909,12.415148],[122.676921,12.414878]]],[[[122.662287,12.418839],[122.662195,12.418838],[122.662287,12.418748],[122.662287,12.418839]]],[[[122.67176,12.422196],[122.671484,12.422196],[122.671301,12.421291],[122.671761,12.421201],[122.67176,12.422196]]],[[[122.67406,12.422199],[122.673417,12.421475],[122.674613,12.421295],[122.674796,12.422109],[122.67406,12.422199]]],[[[122.67866,12.422566],[122.678108,12.422294],[122.678292,12.421842],[122.67866,12.422566]]],[[[122.676716,12.432059],[122.678373,12.430976],[122.679293,12.431067],[122.67837,12.433598],[122.677082,12.433868],[122.678187,12.432694],[122.676715,12.432782],[122.676716,12.432059]]],[[[122.678367,12.43604],[122.678367,12.436402],[122.677723,12.43631],[122.678367,12.43604]]],[[[122.664007,12.440725],[122.664467,12.440997],[122.664282,12.44172],[122.664007,12.440725]]]]}}]}