{"type":"FeatureCollection","features":[{"type":"Feature","properties":{"haz":1},"geometry":{"type":"MultiPolygon","coordinates":[[[[122.655484,12.3],[122.655668,12.30012],[122.655668,12.3],[122.655484,12.3]]],[[[122.655668,12.30012],[122.655852,12.300301],[122.655852,12.30012],[122.655668,12.30012]]],[[[122.655852,12.300301],[122.656036,12.300482],[122.656036,12.300301],[122.655852,12.300301]]],[[[122.605089,12.3],[122.604904,12.300594],[122.605088,12.300594],[122.605089,12.3]]],[[[122.656036,12.300482],[122.656403,12.300663],[122.656403,12.300482],[122.656036,12.300482]]],[[[122.60288,12.300772],[122.603065,12.300229],[122.6038,12.300773],[122.604168,12.300593],[122.602698,12.300048],[122.60288,12.300772]]],[[[122.656403,12.300663],[122.656587,12.300844],[122.656587,12.300664],[122.656403,12.300663]]],[[[122.604168,12.300774],[122.604535,12.300955],[122.604536,12.300774],[122.604168,12.300774]]],[[[122.605088,12.300594],[122.605271,12.300956],[122.605272,12.300594],[122.605088,12.300594]]],[[[122.656587,12.300844],[122.656771,12.301025],[122.656771,12.300845],[122.656587,12.300844]]],[[[122.602696,12.300771],[122.602512,12.301133],[122.602696,12.301133],[122.602696,12.300771]]],[[[122.605087,12.300956],[122.604903,12.301136],[122.605087,12.301137],[122.605087,12.300956]]],[[[122.602328,12.301133],[122.602144,12.301494],[122.600672,12.301854],[122.601959,12.301855],[122.602511,12.301495],[122.602328,12.301133]]],[[[122.65677,12.301206],[122.657505,12.301931],[122.657873,12.301931],[122.657138,12.301026],[122.65677,12.301206]]],[[[122.600671,12.302034],[122.600304,12.301853],[122.600303,12.302034],[122.600671,12.302034]]],[[[122.657873,12.301931],[122.658057,12.302112],[122.658057,12.301931],[122.657873,12.301931]]],[[[122.658057,12.302112],[122.65824,12.302293],[122.658241,12.302112],[122.658057,12.302112]]],[[[122.65824,12.302293],[122.658424,12.302474],[122.658424,12.302294],[122.65824,12.302293]]],[[[122.658424,12.302474],[122.658608,12.302656],[122.658608,12.302475],[122.658424,12.302474]]],[[[122.658608,12.302656],[122.658791,12.302837],[122.658792,12.302656],[122.658608,12.302656]]],[[[122.658791,12.302837],[122.658975,12.303018],[122.658975,12.302837],[122.658791,12.302837]]],[[[122.658975,12.303018],[122.659159,12.303199],[122.659159,12.303018],[122.658975,12.303018]]],[[[122.659159,12.303199],[122.659342,12.30338],[122.659343,12.303199],[122.659159,12.303199]]],[[[122.659342,12.30338],[122.659526,12.303561],[122.659526,12.30338],[122.659342,12.30338]]],[[[122.659526,12.303561],[122.65971,12.303742],[122.65971,12.303561],[122.659526,12.303561]]],[[[122.597358,12.303838],[122.597542,12.303658],[122.597358,12.303657],[122.597358,12.303838]]],[[[122.65971,12.303742],[122.659894,12.303923],[122.659894,12.303742],[122.65971,12.303742]]],[[[122.58577,12.303821],[122.585586,12.304001],[122.58577,12.304002],[122.58577,12.303821]]],[[[122.58669,12.303822],[122.586322,12.304003],[122.58669,12.304003],[122.58669,12.303822]]],[[[122.597358,12.303838],[122.597174,12.304019],[122.597358,12.304019],[122.597358,12.303838]]],[[[122.579333,12.303992],[122.579149,12.304173],[122.579332,12.304173],[122.579333,12.303992]]],[[[122.579333,12.303811],[122.580068,12.304174],[122.580069,12.303812],[122.579333,12.303811]]],[[[122.579884,12.304174],[122.5797,12.304354],[122.579884,12.304355],[122.579884,12.304174]]],[[[122.578965,12.304172],[122.57878,12.304715],[122.579516,12.304535],[122.579516,12.304354],[122.578965,12.304172]]],[[[122.578412,12.304533],[122.578044,12.304894],[122.578412,12.304895],[122.578412,12.304533]]],[[[122.585401,12.305086],[122.585033,12.304905],[122.585033,12.305086],[122.585401,12.305086]]],[[[122.585585,12.304906],[122.586688,12.304907],[122.586872,12.305269],[122.586689,12.304546],[122.585585,12.304544],[122.585585,12.304906]]],[[[122.57602,12.305253],[122.575284,12.305433],[122.57602,12.305434],[122.57602,12.305253]]],[[[122.577307,12.305436],[122.577492,12.305074],[122.576388,12.305147],[122.577307,12.305436]]],[[[122.586872,12.305269],[122.587239,12.305451],[122.58724,12.30527],[122.586872,12.305269]]],[[[122.660078,12.303923],[122.661179,12.305552],[122.661547,12.305553],[122.660078,12.303923]]],[[[122.574916,12.305613],[122.574732,12.305591],[122.574732,12.305613],[122.574916,12.305613]]],[[[122.587239,12.305632],[122.588159,12.305633],[122.588159,12.305452],[122.587791,12.305271],[122.587239,12.305632]]],[[[122.60012,12.302034],[122.599015,12.302936],[122.599014,12.303479],[122.597726,12.303477],[122.598093,12.304201],[122.59699,12.304019],[122.596437,12.30456],[122.598093,12.304563],[122.597907,12.305648],[122.600483,12.305109],[122.600669,12.303843],[122.599934,12.303299],[122.60012,12.302034]]],[[[122.599197,12.304022],[122.598829,12.304202],[122.598829,12.304383],[122.599196,12.304383],[122.599197,12.304022]]],[[[122.661547,12.305553],[122.661731,12.305734],[122.661731,12.305553],[122.661547,12.305553]]],[[[122.574364,12.305736],[122.574215,12.305793],[122.574364,12.305793],[122.574364,12.305736]]],[[[122.577675,12.305436],[122.577491,12.305798],[122.577858,12.305798],[122.577675,12.305436]]],[[[122.588159,12.305633],[122.588342,12.305814],[122.588343,12.305633],[122.588159,12.305633]]],[[[122.593492,12.305822],[122.593125,12.30546],[122.592757,12.305821],[122.593492,12.305822]]],[[[122.661731,12.305734],[122.661914,12.305915],[122.661914,12.305734],[122.661731,12.305734]]],[[[122.573812,12.305973],[122.573996,12.305881],[122.573812,12.305967],[122.573812,12.305973]]],[[[122.588342,12.305814],[122.588526,12.305995],[122.588526,12.305815],[122.588342,12.305814]]],[[[122.592021,12.30582],[122.592572,12.306001],[122.592573,12.305821],[122.592021,12.30582]]],[[[122.573811,12.306154],[122.573628,12.306054],[122.573627,12.306153],[122.573811,12.306154]]],[[[122.577858,12.305798],[122.578226,12.306161],[122.578226,12.305799],[122.577858,12.305798]]],[[[122.588526,12.305995],[122.58871,12.306177],[122.58871,12.305996],[122.588526,12.305995]]],[[[122.592021,12.306001],[122.591836,12.306181],[122.59202,12.306181],[122.592021,12.306001]]],[[[122.597723,12.305647],[122.596803,12.306008],[122.596619,12.305646],[122.59478,12.305824],[122.59478,12.305462],[122.594229,12.305461],[122.593492,12.306003],[122.596251,12.305826],[122.596435,12.306188],[122.597354,12.306189],[122.597906,12.306009],[122.597723,12.305647]]],[[[122.662282,12.305916],[122.662098,12.306277],[122.662466,12.306278],[122.662282,12.305916]]],[[[122.589077,12.306358],[122.58871,12.306177],[122.588709,12.306357],[122.589077,12.306358]]],[[[122.58963,12.305997],[122.589445,12.306358],[122.589813,12.306359],[122.58963,12.305997]]],[[[122.5735,12.306153],[122.573443,12.306515],[122.573995,12.306516],[122.573995,12.306335],[122.5735,12.306153]]],[[[122.591652,12.306543],[122.590917,12.305999],[122.589813,12.30654],[122.591652,12.306543]]],[[[122.572891,12.306695],[122.572707,12.306581],[122.572707,12.306695],[122.572891,12.306695]]],[[[122.573995,12.306516],[122.574178,12.306697],[122.574179,12.306516],[122.573995,12.306516]]],[[[122.662465,12.306458],[122.662833,12.306821],[122.663201,12.306821],[122.662833,12.306278],[122.662465,12.306458]]],[[[122.572339,12.306875],[122.572523,12.306694],[122.572339,12.306794],[122.572339,12.306875]]],[[[122.573994,12.306697],[122.57381,12.306877],[122.573994,12.306877],[122.573994,12.306697]]],[[[122.572339,12.306875],[122.572155,12.307055],[122.572339,12.307056],[122.572339,12.306875]]],[[[122.663568,12.306821],[122.663384,12.307183],[122.663752,12.307183],[122.663568,12.306821]]],[[[122.572154,12.307236],[122.571787,12.307145],[122.571786,12.307236],[122.572154,12.307236]]],[[[122.584849,12.305086],[122.580802,12.30526],[122.57933,12.305801],[122.579144,12.306705],[122.577489,12.306883],[122.578041,12.306522],[122.577858,12.30616],[122.576569,12.307243],[122.579144,12.307066],[122.579881,12.305982],[122.580984,12.306527],[122.580802,12.305622],[122.582273,12.305805],[122.584849,12.305086]]],[[[122.571418,12.307416],[122.571602,12.307261],[122.571418,12.307383],[122.571418,12.307416]]],[[[122.571418,12.307597],[122.571234,12.307508],[122.571234,12.307597],[122.571418,12.307597]]],[[[122.57289,12.307418],[122.572338,12.307237],[122.572338,12.307598],[122.57289,12.307418]]],[[[122.663752,12.307364],[122.664119,12.307726],[122.664487,12.307727],[122.66412,12.307184],[122.663752,12.307364]]],[[[122.664487,12.307908],[122.664854,12.30827],[122.665222,12.30827],[122.664855,12.307727],[122.664487,12.307908]]],[[[122.570497,12.308319],[122.570681,12.308138],[122.570538,12.308138],[122.570497,12.308319]]],[[[122.569944,12.308861],[122.56976,12.309041],[122.569944,12.309041],[122.569944,12.308861]]],[[[122.665222,12.308451],[122.665957,12.309176],[122.666324,12.309176],[122.66559,12.308271],[122.665222,12.308451]]],[[[122.572891,12.306876],[122.572521,12.308141],[122.571417,12.308139],[122.571415,12.309225],[122.573072,12.308323],[122.573442,12.307057],[122.572891,12.306876]]],[[[122.666324,12.309176],[122.666508,12.309357],[122.666508,12.309176],[122.666324,12.309176]]],[[[122.569571,12.312477],[122.569386,12.312658],[122.56957,12.312658],[122.569571,12.312477]]],[[[122.570367,12.308319],[122.569944,12.309403],[122.569392,12.309245],[122.570126,12.310127],[122.569758,12.310669],[122.569939,12.312297],[122.569571,12.312296],[122.569938,12.312659],[122.570491,12.311936],[122.570311,12.309404],[122.571048,12.308862],[122.570367,12.308319]]],[[[122.666508,12.309538],[122.668162,12.310987],[122.668897,12.310988],[122.669264,12.312254],[122.670366,12.312798],[122.669081,12.310807],[122.667794,12.310444],[122.666876,12.309358],[122.666508,12.309538]]],[[[122.569386,12.312658],[122.569202,12.312838],[122.569386,12.312839],[122.569386,12.312658]]],[[[122.670366,12.312798],[122.670734,12.312979],[122.670734,12.312799],[122.670366,12.312798]]],[[[122.568834,12.312838],[122.56865,12.313018],[122.568834,12.313019],[122.568834,12.312838]]],[[[122.670734,12.312979],[122.670918,12.313341],[122.670918,12.31298],[122.670734,12.312979]]],[[[122.568466,12.31338],[122.56865,12.313199],[122.568466,12.313199],[122.568466,12.31338]]],[[[122.567914,12.31356],[122.567729,12.31374],[122.567913,12.313741],[122.567914,12.31356]]],[[[122.671101,12.313522],[122.670917,12.313884],[122.671101,12.313884],[122.671101,12.313522]]],[[[122.568282,12.313379],[122.568281,12.313741],[122.568097,12.313922],[122.568465,12.313922],[122.568282,12.313379]]],[[[122.567361,12.314101],[122.567545,12.31374],[122.567177,12.314101],[122.567361,12.314101]]],[[[122.567361,12.314101],[122.567545,12.314283],[122.567545,12.314102],[122.567361,12.314101]]],[[[122.567361,12.314282],[122.567176,12.314463],[122.56736,12.314463],[122.567361,12.314282]]],[[[122.567176,12.314644],[122.566624,12.314643],[122.566808,12.315005],[122.567176,12.314644]]],[[[122.566992,12.315005],[122.567175,12.315186],[122.567175,12.315005],[122.566992,12.315005]]],[[[122.567543,12.315187],[122.567359,12.315367],[122.567543,12.315368],[122.567543,12.315187]]],[[[122.56791,12.315911],[122.568462,12.315731],[122.568462,12.31555],[122.567727,12.315368],[122.56791,12.315911]]],[[[122.671753,12.315874],[122.67165,12.316055],[122.671834,12.316055],[122.671753,12.315874]]],[[[122.672798,12.317142],[122.672752,12.317323],[122.672935,12.317323],[122.672798,12.317142]]],[[[122.567542,12.31591],[122.56699,12.315729],[122.567356,12.316814],[122.56662,12.317356],[122.56754,12.316995],[122.567542,12.31591]]],[[[122.674222,12.318495],[122.674038,12.31859],[122.674222,12.31859],[122.674222,12.318495]]],[[[122.56662,12.317356],[122.566435,12.318079],[122.566986,12.318622],[122.56662,12.317356]]],[[[122.566986,12.318622],[122.567169,12.318803],[122.56717,12.318623],[122.566986,12.318622]]],[[[122.567169,12.318803],[122.567353,12.318985],[122.567353,12.318804],[122.567169,12.318803]]],[[[122.674855,12.319059],[122.674773,12.319134],[122.674957,12.319134],[122.674855,12.319059]]],[[[122.567168,12.319527],[122.567352,12.319346],[122.567168,12.319346],[122.567168,12.319527]]],[[[122.566984,12.319527],[122.566064,12.319887],[122.566065,12.319344],[122.565145,12.319343],[122.565695,12.32061],[122.565327,12.320247],[122.564775,12.320427],[122.565878,12.321153],[122.565879,12.32061],[122.566984,12.319527]]],[[[122.677345,12.321488],[122.677161,12.321668],[122.677345,12.321669],[122.677345,12.321488]]],[[[122.677896,12.322212],[122.677712,12.322393],[122.677896,12.322393],[122.677896,12.322212]]],[[[122.678373,12.32273],[122.678264,12.322755],[122.678399,12.322755],[122.678373,12.32273]]],[[[122.679066,12.323585],[122.678998,12.32366],[122.679122,12.32366],[122.679066,12.323585]]],[[[122.679388,12.324022],[122.679365,12.324203],[122.679496,12.324203],[122.679388,12.324022]]],[[[122.564591,12.320427],[122.564221,12.322054],[122.5633,12.322776],[122.563299,12.3235],[122.563849,12.324405],[122.563112,12.324946],[122.563112,12.325489],[122.563847,12.325671],[122.564215,12.325671],[122.564216,12.325129],[122.563848,12.325128],[122.564218,12.323863],[122.563484,12.322957],[122.564035,12.322958],[122.564589,12.321874],[122.564591,12.320427]]],[[[122.563847,12.325671],[122.563663,12.325851],[122.563847,12.325852],[122.563847,12.325671]]],[[[122.680497,12.326068],[122.680467,12.326194],[122.680579,12.326194],[122.680497,12.326068]]],[[[122.680684,12.326375],[122.68065,12.326556],[122.680807,12.326556],[122.680684,12.326375]]],[[[122.682425,12.329813],[122.682302,12.329994],[122.682486,12.329994],[122.682425,12.329813]]],[[[122.558688,12.330726],[122.558504,12.330907],[122.558688,12.330907],[122.558688,12.330726]]],[[[122.682814,12.330899],[122.682668,12.33108],[122.682844,12.33108],[122.682814,12.330899]]],[[[122.563479,12.325851],[122.562558,12.326754],[122.563476,12.32784],[122.565684,12.327301],[122.565497,12.328929],[122.563289,12.329468],[122.563103,12.330734],[122.562369,12.329828],[122.559609,12.329824],[122.558688,12.330726],[122.559425,12.330185],[122.562184,12.33019],[122.56255,12.331637],[122.563101,12.331819],[122.563839,12.330735],[122.56439,12.330736],[122.56568,12.329472],[122.566419,12.327664],[122.565868,12.327121],[122.563292,12.327298],[122.563479,12.325851]]],[[[122.557582,12.331991],[122.557214,12.332352],[122.557582,12.332352],[122.557582,12.331991]]],[[[122.683586,12.332609],[122.683586,12.332709],[122.683649,12.332709],[122.683586,12.332609]]],[[[122.683983,12.333252],[122.683953,12.333432],[122.684072,12.333433],[122.683983,12.333252]]],[[[122.55832,12.330907],[122.557952,12.330906],[122.558132,12.333438],[122.557394,12.334342],[122.557392,12.335608],[122.558685,12.332716],[122.55832,12.330907]]],[[[122.557392,12.335608],[122.557207,12.33615],[122.557391,12.33615],[122.557392,12.335608]]],[[[122.55592,12.336148],[122.555736,12.336328],[122.55592,12.336329],[122.55592,12.336148]]],[[[122.684473,12.336327],[122.684317,12.336507],[122.684486,12.336508],[122.684473,12.336327]]],[[[122.555735,12.336509],[122.555551,12.336475],[122.555551,12.336509],[122.555735,12.336509]]],[[[122.684501,12.33705],[122.684316,12.337231],[122.6845,12.337231],[122.684501,12.33705]]],[[[122.557024,12.33615],[122.556655,12.33633],[122.556472,12.335787],[122.55592,12.335967],[122.556838,12.337234],[122.557024,12.33615]]],[[[122.555182,12.337413],[122.555366,12.337051],[122.555256,12.337051],[122.555182,12.337413]]],[[[122.557022,12.337235],[122.557205,12.337416],[122.557206,12.337235],[122.557022,12.337235]]],[[[122.555182,12.337413],[122.554998,12.337593],[122.555182,12.337593],[122.555182,12.337413]]],[[[122.554997,12.337774],[122.554919,12.337669],[122.554853,12.337774],[122.554997,12.337774]]],[[[122.554813,12.338135],[122.554725,12.338043],[122.554674,12.338135],[122.554813,12.338135]]],[[[122.554629,12.338316],[122.554444,12.338496],[122.554628,12.338497],[122.554629,12.338316]]],[[[122.684499,12.338678],[122.684314,12.338859],[122.684498,12.338859],[122.684499,12.338678]]],[[[122.683946,12.33922],[122.683762,12.339401],[122.683946,12.339401],[122.683946,12.33922]]],[[[122.554075,12.339581],[122.554051,12.339558],[122.55404,12.339581],[122.554075,12.339581]]],[[[122.683578,12.3394],[122.683394,12.339581],[122.683578,12.339581],[122.683578,12.3394]]],[[[122.55389,12.339942],[122.553802,12.339915],[122.553779,12.339942],[122.55389,12.339942]]],[[[122.683025,12.339942],[122.68321,12.339762],[122.683026,12.339761],[122.683025,12.339942]]],[[[122.553706,12.340123],[122.553666,12.340074],[122.553619,12.340123],[122.553706,12.340123]]],[[[122.683025,12.339942],[122.682841,12.340123],[122.683025,12.340123],[122.683025,12.339942]]],[[[122.682657,12.340484],[122.682473,12.340665],[122.682657,12.340665],[122.682657,12.340484]]],[[[122.685048,12.34103],[122.684863,12.34121],[122.685047,12.341211],[122.685048,12.34103]]],[[[122.685967,12.341212],[122.685783,12.341031],[122.685783,12.341212],[122.685967,12.341212]]],[[[122.682104,12.341207],[122.68192,12.341388],[122.682104,12.341388],[122.682104,12.341207]]],[[[122.685967,12.341212],[122.686151,12.341393],[122.686151,12.341212],[122.685967,12.341212]]],[[[122.684495,12.341572],[122.684679,12.341391],[122.684495,12.341391],[122.684495,12.341572]]],[[[122.684495,12.341572],[122.684311,12.341752],[122.684495,12.341753],[122.684495,12.341572]]],[[[122.681736,12.341749],[122.681551,12.34193],[122.681735,12.34193],[122.681736,12.341749]]],[[[122.684127,12.341752],[122.683943,12.341933],[122.684127,12.341933],[122.684127,12.341752]]],[[[122.681735,12.342111],[122.681551,12.342292],[122.681735,12.342292],[122.681735,12.342111]]],[[[122.686232,12.342116],[122.68615,12.342297],[122.686209,12.342297],[122.686232,12.342116]]],[[[122.682287,12.342473],[122.682103,12.342292],[122.682103,12.342473],[122.682287,12.342473]]],[[[122.683575,12.342294],[122.68339,12.342475],[122.683574,12.342475],[122.683575,12.342294]]],[[[122.682287,12.342473],[122.68247,12.342655],[122.682471,12.342474],[122.682287,12.342473]]],[[[122.683022,12.342836],[122.682654,12.343016],[122.683022,12.343017],[122.683022,12.342836]]],[[[122.686014,12.344829],[122.685962,12.345191],[122.685994,12.345191],[122.686014,12.344829]]],[[[122.685961,12.346457],[122.685777,12.346637],[122.685961,12.346638],[122.685961,12.346457]]],[[[122.685776,12.34718],[122.685592,12.347541],[122.685776,12.347542],[122.685776,12.34718]]],[[[122.685775,12.347903],[122.685591,12.348084],[122.685775,12.348084],[122.685775,12.347903]]],[[[122.685959,12.348446],[122.685774,12.348627],[122.685958,12.348627],[122.685959,12.348446]]],[[[122.551851,12.348982],[122.55184,12.34891],[122.551806,12.348982],[122.551851,12.348982]]],[[[122.551667,12.349343],[122.551633,12.349292],[122.551594,12.349343],[122.551667,12.349343]]],[[[122.685773,12.349893],[122.685589,12.350073],[122.685773,12.350074],[122.685773,12.349893]]],[[[122.68522,12.350977],[122.685404,12.350797],[122.68522,12.350796],[122.68522,12.350977]]],[[[122.68522,12.350977],[122.685036,12.351158],[122.68522,12.351158],[122.68522,12.350977]]],[[[122.686139,12.35134],[122.686507,12.351521],[122.686507,12.351341],[122.686139,12.35134]]],[[[122.549823,12.351872],[122.549806,12.351843],[122.549792,12.351872],[122.549823,12.351872]]],[[[122.685035,12.351701],[122.684851,12.351881],[122.685035,12.351881],[122.685035,12.351701]]],[[[122.686139,12.351521],[122.685955,12.351882],[122.686138,12.351883],[122.686139,12.351521]]],[[[122.686507,12.351521],[122.68669,12.351883],[122.686691,12.351522],[122.686507,12.351521]]],[[[122.549454,12.352234],[122.549438,12.352226],[122.549426,12.352233],[122.549454,12.352234]]],[[[122.549086,12.352595],[122.549065,12.352466],[122.549047,12.352595],[122.549086,12.352595]]],[[[122.548348,12.353317],[122.548164,12.353497],[122.548348,12.353498],[122.548348,12.353317]]],[[[122.5489,12.353318],[122.548716,12.353498],[122.5489,12.353499],[122.5489,12.353318]]],[[[122.547612,12.353858],[122.547796,12.353678],[122.547612,12.353677],[122.547612,12.353858]]],[[[122.547612,12.353858],[122.547427,12.354039],[122.547611,12.354039],[122.547612,12.353858]]],[[[122.547427,12.354039],[122.547243,12.354219],[122.547427,12.35422],[122.547427,12.354039]]],[[[122.547059,12.354219],[122.546875,12.3544],[122.547059,12.3544],[122.547059,12.354219]]],[[[122.68669,12.352064],[122.686322,12.352425],[122.685771,12.351882],[122.68577,12.352606],[122.684666,12.352243],[122.684482,12.352604],[122.685585,12.352967],[122.685584,12.353691],[122.686321,12.35333],[122.68724,12.353873],[122.687239,12.354416],[122.687791,12.354417],[122.687976,12.353693],[122.687424,12.353512],[122.68669,12.352064]]],[[[122.687792,12.354055],[122.687424,12.353693],[122.687423,12.354235],[122.687792,12.354055]]],[[[122.546506,12.354761],[122.546691,12.35458],[122.546691,12.354461],[122.546506,12.354761]]],[[[122.546506,12.354761],[122.546461,12.354845],[122.546506,12.354941],[122.546506,12.354761]]],[[[122.546137,12.355483],[122.546065,12.355409],[122.546044,12.355483],[122.546137,12.355483]]],[[[122.545952,12.356026],[122.545899,12.355968],[122.545881,12.356026],[122.545952,12.356026]]],[[[122.545215,12.356928],[122.545214,12.356929],[122.545215,12.356929],[122.545215,12.356928]]],[[[122.6854,12.35369],[122.685215,12.354956],[122.686133,12.356404],[122.686684,12.356947],[122.68834,12.356949],[122.686869,12.356586],[122.68595,12.355681],[122.6854,12.35369]]],[[[122.68834,12.356949],[122.688524,12.35713],[122.688524,12.35695],[122.68834,12.356949]]],[[[122.688524,12.35713],[122.688708,12.357311],[122.688708,12.357131],[122.688524,12.35713]]],[[[122.688891,12.357854],[122.688707,12.357492],[122.688707,12.357854],[122.688891,12.357854]]],[[[122.688891,12.357854],[122.689074,12.358216],[122.689075,12.357854],[122.688891,12.357854]]],[[[122.689074,12.358216],[122.689258,12.358578],[122.689258,12.358216],[122.689074,12.358216]]],[[[122.543003,12.359638],[122.542833,12.359556],[122.542757,12.359638],[122.543003,12.359638]]],[[[122.542634,12.359818],[122.54263,12.359758],[122.542591,12.359818],[122.542634,12.359818]]],[[[122.543186,12.36],[122.543002,12.360181],[122.543186,12.360181],[122.543186,12.36]]],[[[122.543738,12.360001],[122.543554,12.360181],[122.543738,12.360182],[122.543738,12.360001]]],[[[122.543368,12.360905],[122.543185,12.360543],[122.543184,12.360904],[122.543368,12.360905]]],[[[122.541344,12.361082],[122.541292,12.361028],[122.541237,12.361082],[122.541344,12.361082]]],[[[122.54116,12.361263],[122.541111,12.361198],[122.541063,12.361262],[122.54116,12.361263]]],[[[122.543368,12.361085],[122.543736,12.361267],[122.543737,12.360363],[122.543553,12.360362],[122.543368,12.361085]]],[[[122.540607,12.361985],[122.54059,12.361897],[122.540501,12.361985],[122.540607,12.361985]]],[[[122.540423,12.362166],[122.540347,12.362143],[122.540316,12.362165],[122.540423,12.362166]]],[[[122.540054,12.362346],[122.53987,12.362318],[122.53987,12.362346],[122.540054,12.362346]]],[[[122.689258,12.358759],[122.687415,12.361108],[122.685758,12.362372],[122.686862,12.362012],[122.688336,12.360567],[122.689257,12.359482],[122.689258,12.358759]]],[[[122.539134,12.362525],[122.538957,12.362435],[122.53895,12.362525],[122.539134,12.362525]]],[[[122.68631,12.362373],[122.686678,12.362554],[122.686678,12.362373],[122.68631,12.362373]]],[[[122.686678,12.362554],[122.687045,12.362735],[122.687046,12.362555],[122.686678,12.362554]]],[[[122.687045,12.362735],[122.687229,12.362916],[122.687229,12.362736],[122.687045,12.362735]]],[[[122.537845,12.363168],[122.538581,12.363248],[122.538581,12.363067],[122.537845,12.363168]]],[[[122.687229,12.362916],[122.687413,12.363278],[122.687413,12.362917],[122.687229,12.362916]]],[[[122.537845,12.363427],[122.537661,12.363372],[122.537661,12.363427],[122.537845,12.363427]]],[[[122.537292,12.363788],[122.537477,12.363607],[122.537293,12.363698],[122.537292,12.363788]]],[[[122.537292,12.363788],[122.537108,12.363969],[122.537292,12.363969],[122.537292,12.363788]]],[[[122.536739,12.364511],[122.536924,12.364149],[122.536792,12.364149],[122.536739,12.364511]]],[[[122.536739,12.364691],[122.536395,12.36454],[122.536371,12.364691],[122.536739,12.364691]]],[[[122.535818,12.365052],[122.535635,12.364963],[122.535634,12.365051],[122.535818,12.365052]]],[[[122.686383,12.36503],[122.686199,12.365211],[122.686383,12.365211],[122.686383,12.36503]]],[[[122.535082,12.365231],[122.535266,12.365058],[122.535082,12.365103],[122.535082,12.365231]]],[[[122.535082,12.365231],[122.534898,12.365412],[122.535082,12.365412],[122.535082,12.365231]]],[[[122.534898,12.365412],[122.534714,12.365592],[122.534898,12.365593],[122.534898,12.365412]]],[[[122.686199,12.365211],[122.686014,12.365753],[122.686198,12.365754],[122.686199,12.365211]]],[[[122.690981,12.366302],[122.691165,12.366121],[122.690981,12.366121],[122.690981,12.366302]]],[[[122.531769,12.366311],[122.531953,12.36613],[122.531769,12.36613],[122.531769,12.366311]]],[[[122.532689,12.366312],[122.532321,12.366131],[122.532321,12.366312],[122.532689,12.366312]]],[[[122.533241,12.366313],[122.534345,12.366134],[122.534713,12.365773],[122.533241,12.366313]]],[[[122.69098,12.366663],[122.690613,12.366482],[122.690612,12.366844],[122.69098,12.366663]]],[[[122.531585,12.36631],[122.530847,12.367394],[122.530846,12.367937],[122.531031,12.367575],[122.531766,12.367757],[122.531585,12.36631]]],[[[122.531398,12.367938],[122.530845,12.368479],[122.531397,12.36848],[122.531398,12.367938]]],[[[122.530845,12.36866],[122.530477,12.368479],[122.530477,12.368659],[122.530845,12.36866]]],[[[122.530477,12.36884],[122.529925,12.368659],[122.529925,12.368839],[122.530477,12.36884]]],[[[122.529924,12.36902],[122.529741,12.368839],[122.52974,12.36902],[122.529924,12.36902]]],[[[122.52974,12.36902],[122.529556,12.369381],[122.52974,12.369382],[122.52974,12.36902]]],[[[122.529556,12.369381],[122.529371,12.369562],[122.529555,12.369562],[122.529556,12.369381]]],[[[122.529187,12.369923],[122.529371,12.369743],[122.529187,12.369742],[122.529187,12.369923]]],[[[122.529187,12.369923],[122.529002,12.370285],[122.529186,12.370285],[122.529187,12.369923]]],[[[122.529002,12.370285],[122.528818,12.370465],[122.529002,12.370466],[122.529002,12.370285]]],[[[122.687848,12.370639],[122.689506,12.36847],[122.689323,12.367928],[122.688587,12.367927],[122.688588,12.367384],[122.689877,12.3663],[122.689694,12.365396],[122.687963,12.364726],[122.687412,12.363459],[122.687227,12.364489],[122.686383,12.36485],[122.687302,12.365393],[122.686198,12.365935],[122.686564,12.367563],[122.685643,12.368647],[122.686561,12.370456],[122.687848,12.370639]],[[122.687665,12.370277],[122.686194,12.369371],[122.686011,12.368286],[122.686564,12.367744],[122.687115,12.367925],[122.687849,12.369554],[122.687665,12.370277]]],[[[122.687299,12.367925],[122.687851,12.367926],[122.688404,12.367022],[122.6873,12.367202],[122.687299,12.367925]]],[[[122.686748,12.367201],[122.687485,12.36684],[122.687301,12.366298],[122.686381,12.366477],[122.686748,12.367201]]],[[[122.687855,12.365268],[122.68859,12.365395],[122.68859,12.365269],[122.687855,12.365268]]],[[[122.687487,12.365213],[122.687778,12.365087],[122.687487,12.365087],[122.687487,12.365213]]],[[[122.688219,12.368288],[122.687483,12.368287],[122.687482,12.36883],[122.688034,12.36883],[122.688219,12.368288]]],[[[122.528818,12.370465],[122.528634,12.370646],[122.528818,12.370646],[122.528818,12.370465]]],[[[122.52753,12.370644],[122.527345,12.370824],[122.527529,12.370825],[122.52753,12.370644]]],[[[122.528633,12.370827],[122.528266,12.370283],[122.52753,12.370463],[122.528633,12.370827]]],[[[122.687848,12.37082],[122.687664,12.371],[122.687848,12.371001],[122.687848,12.37082]]],[[[122.526977,12.371005],[122.527161,12.370824],[122.527101,12.370824],[122.526977,12.371005]]],[[[122.526977,12.371185],[122.526793,12.371112],[122.526793,12.371185],[122.526977,12.371185]]],[[[122.52624,12.371546],[122.526056,12.371457],[122.526056,12.371546],[122.52624,12.371546]]],[[[122.520905,12.371717],[122.520352,12.371897],[122.520904,12.371898],[122.520905,12.371717]]],[[[122.525688,12.371907],[122.52514,12.371828],[122.525136,12.371906],[122.525688,12.371907]]],[[[122.521272,12.37208],[122.521088,12.371899],[122.521088,12.372079],[122.521272,12.37208]]],[[[122.519615,12.372619],[122.519541,12.372602],[122.519518,12.372619],[122.519615,12.372619]]],[[[122.686741,12.37317],[122.686557,12.37335],[122.686678,12.37335],[122.686741,12.37317]]],[[[122.51851,12.373522],[122.518326,12.373423],[122.518326,12.373521],[122.51851,12.373522]]],[[[122.514095,12.373363],[122.514646,12.373696],[122.514647,12.373334],[122.514095,12.373363]]],[[[122.516118,12.373517],[122.517774,12.373701],[122.517774,12.373596],[122.516118,12.373517]]],[[[122.516117,12.373879],[122.51575,12.373698],[122.515749,12.373879],[122.516117,12.373879]]],[[[122.686527,12.373712],[122.686372,12.373893],[122.686457,12.373893],[122.686527,12.373712]]],[[[122.515749,12.373879],[122.515565,12.374059],[122.515749,12.374059],[122.515749,12.373879]]],[[[122.514093,12.374056],[122.514277,12.374238],[122.514277,12.374057],[122.514093,12.374056]]],[[[122.686322,12.374254],[122.686188,12.374435],[122.686252,12.374435],[122.686322,12.374254]]],[[[122.514094,12.373876],[122.513174,12.373693],[122.513172,12.374597],[122.513358,12.373874],[122.514094,12.373876]]],[[[122.513356,12.374598],[122.51354,12.374779],[122.51354,12.374598],[122.513356,12.374598]]],[[[122.514276,12.374961],[122.513724,12.374779],[122.513724,12.37496],[122.514276,12.374961]]],[[[122.686129,12.374797],[122.686003,12.374977],[122.686053,12.374977],[122.686129,12.374797]]],[[[122.515381,12.374059],[122.514277,12.374238],[122.515011,12.375505],[122.515564,12.374782],[122.515381,12.374059]]],[[[122.515195,12.375505],[122.515562,12.375687],[122.515563,12.375506],[122.515195,12.375505]]],[[[122.685921,12.37552],[122.685818,12.375701],[122.68586,12.375701],[122.685921,12.37552]]],[[[122.515746,12.375687],[122.515561,12.376229],[122.515745,12.37623],[122.515746,12.375687]]],[[[122.685789,12.376062],[122.685634,12.376243],[122.685734,12.376243],[122.685789,12.376062]]],[[[122.515561,12.376229],[122.515377,12.376591],[122.515561,12.376591],[122.515561,12.376229]]],[[[122.515193,12.37659],[122.515008,12.376952],[122.514455,12.377313],[122.515192,12.377133],[122.515193,12.37659]]],[[[122.514455,12.377313],[122.514271,12.377493],[122.514455,12.377493],[122.514455,12.377313]]],[[[122.685596,12.376966],[122.685448,12.377509],[122.685524,12.377509],[122.685596,12.376966]]],[[[122.514271,12.377493],[122.514087,12.377674],[122.514271,12.377674],[122.514271,12.377493]]],[[[122.511143,12.377849],[122.510959,12.377668],[122.510959,12.377849],[122.511143,12.377849]]],[[[122.514087,12.377674],[122.513902,12.377854],[122.514086,12.377854],[122.514087,12.377674]]],[[[122.510407,12.377848],[122.510774,12.378029],[122.510775,12.377848],[122.510407,12.377848]]],[[[122.513902,12.378035],[122.513534,12.377853],[122.513534,12.378215],[122.513902,12.378035]]],[[[122.513534,12.378215],[122.513349,12.378577],[122.513533,12.378577],[122.513534,12.378215]]],[[[122.513349,12.378577],[122.513165,12.378757],[122.513349,12.378757],[122.513349,12.378577]]],[[[122.507645,12.378747],[122.508382,12.378387],[122.507646,12.378205],[122.507645,12.378747]]],[[[122.512981,12.378757],[122.512796,12.378937],[122.51298,12.378938],[122.512981,12.378757]]],[[[122.685447,12.378594],[122.685263,12.378955],[122.685446,12.378956],[122.685447,12.378594]]],[[[122.512428,12.379117],[122.512613,12.378937],[122.512429,12.378937],[122.512428,12.379117]]],[[[122.512428,12.379117],[122.512244,12.379298],[122.512428,12.379298],[122.512428,12.379117]]],[[[122.685446,12.379317],[122.685262,12.379498],[122.685446,12.379498],[122.685446,12.379317]]],[[[122.512427,12.379841],[122.512243,12.380021],[122.512427,12.380022],[122.512427,12.379841]]],[[[122.685445,12.380222],[122.685261,12.380402],[122.685445,12.380403],[122.685445,12.380222]]],[[[122.502674,12.380908],[122.502307,12.380184],[122.502122,12.380907],[122.502674,12.380908]]],[[[122.512242,12.380202],[122.512057,12.380925],[122.512241,12.380926],[122.512242,12.380202]]],[[[122.685628,12.380764],[122.685444,12.380945],[122.685628,12.380945],[122.685628,12.380764]]],[[[122.511142,12.37803],[122.511509,12.378754],[122.511141,12.378934],[122.511136,12.381285],[122.511504,12.381286],[122.511875,12.379659],[122.511694,12.378031],[122.511142,12.37803]]],[[[122.685812,12.381126],[122.685628,12.381307],[122.685812,12.381307],[122.685812,12.381126]]],[[[122.511504,12.381286],[122.512056,12.381468],[122.512056,12.381287],[122.511504,12.381286]]],[[[122.686547,12.381875],[122.686363,12.382031],[122.686547,12.382032],[122.686547,12.381875]]],[[[122.686915,12.382132],[122.68673,12.382213],[122.686914,12.382213],[122.686915,12.382132]]],[[[122.687428,12.382525],[122.687282,12.382575],[122.687466,12.382575],[122.687428,12.382525]]],[[[122.498437,12.383794],[122.498423,12.383786],[122.498409,12.383794],[122.498437,12.383794]]],[[[122.498253,12.383975],[122.49821,12.383936],[122.498163,12.383975],[122.498253,12.383975]]],[[[122.498059,12.384095],[122.498049,12.384073],[122.49802,12.384095],[122.498059,12.384095]]],[[[122.497875,12.384276],[122.497802,12.384255],[122.497771,12.384276],[122.497875,12.384276]]],[[[122.497691,12.384456],[122.497507,12.384399],[122.497507,12.384456],[122.497691,12.384456]]],[[[122.689122,12.38456],[122.689119,12.384567],[122.689129,12.384567],[122.689122,12.38456]]],[[[122.497138,12.384636],[122.497322,12.384505],[122.497138,12.384618],[122.497138,12.384636]]],[[[122.506531,12.384533],[122.506346,12.384713],[122.50653,12.384713],[122.506531,12.384533]]],[[[122.507083,12.384534],[122.506898,12.384714],[122.507082,12.384714],[122.507083,12.384534]]],[[[122.497138,12.384817],[122.496954,12.384712],[122.496954,12.384817],[122.497138,12.384817]]],[[[122.502482,12.384887],[122.501563,12.384704],[122.501563,12.384885],[122.502482,12.384887]]],[[[122.689671,12.38511],[122.689807,12.385095],[122.689671,12.385005],[122.689671,12.38511]]],[[[122.501562,12.385066],[122.501011,12.384884],[122.500826,12.385246],[122.501562,12.385066]]],[[[122.507266,12.384896],[122.506898,12.385076],[122.506897,12.385257],[122.507265,12.385257],[122.507266,12.384896]]],[[[122.499172,12.384157],[122.500647,12.382713],[122.500647,12.382351],[122.499398,12.382892],[122.498871,12.383433],[122.499173,12.383796],[122.498621,12.383975],[122.49917,12.385242],[122.499906,12.385425],[122.499172,12.384157]]],[[[122.500826,12.385426],[122.50009,12.385244],[122.50009,12.385425],[122.500826,12.385426]]],[[[122.502667,12.384706],[122.503586,12.384889],[122.50432,12.385975],[122.503955,12.384528],[122.502667,12.384706]]],[[[122.690122,12.385834],[122.690038,12.386014],[122.690167,12.386015],[122.690122,12.385834]]],[[[122.50432,12.385975],[122.504504,12.386157],[122.504504,12.385976],[122.50432,12.385975]]],[[[122.485176,12.386242],[122.484992,12.386232],[122.484992,12.386241],[122.485176,12.386242]]],[[[122.484808,12.386422],[122.48444,12.386241],[122.48444,12.386421],[122.484808,12.386422]]],[[[122.485544,12.386423],[122.485729,12.386062],[122.48536,12.386164],[122.485544,12.386423]]],[[[122.49677,12.384816],[122.497136,12.385721],[122.495111,12.386622],[122.498239,12.386266],[122.498422,12.386628],[122.498423,12.386086],[122.49677,12.384816]]],[[[122.484071,12.386782],[122.484256,12.386602],[122.484072,12.386601],[122.484071,12.386782]]],[[[122.505239,12.3867],[122.505054,12.386881],[122.505238,12.386881],[122.505239,12.3867]]],[[[122.49511,12.386803],[122.494559,12.386621],[122.494558,12.386983],[122.49511,12.386803]]],[[[122.485544,12.386423],[122.485358,12.387146],[122.485542,12.387147],[122.485544,12.386423]]],[[[122.494558,12.386983],[122.494374,12.387163],[122.494558,12.387163],[122.494558,12.386983]]],[[[122.505422,12.387062],[122.505238,12.387243],[122.505422,12.387243],[122.505422,12.387062]]],[[[122.690628,12.387281],[122.690588,12.387462],[122.690696,12.387462],[122.690628,12.387281]]],[[[122.494373,12.387344],[122.494189,12.387525],[122.494373,12.387525],[122.494373,12.387344]]],[[[122.505605,12.387605],[122.505421,12.387424],[122.505421,12.387605],[122.505605,12.387605]]],[[[122.505605,12.387605],[122.505789,12.387787],[122.505789,12.387606],[122.505605,12.387605]]],[[[122.484071,12.386963],[122.483519,12.387143],[122.483517,12.387866],[122.484071,12.386963]]],[[[122.505789,12.387787],[122.505972,12.387968],[122.505973,12.387787],[122.505789,12.387787]]],[[[122.483517,12.387866],[122.483333,12.388047],[122.483517,12.388047],[122.483517,12.387866]]],[[[122.494189,12.387705],[122.494004,12.388067],[122.494188,12.388067],[122.494189,12.387705]]],[[[122.505972,12.387968],[122.506156,12.388149],[122.506156,12.387968],[122.505972,12.387968]]],[[[122.506156,12.388149],[122.506708,12.388331],[122.506708,12.38815],[122.506156,12.388149]]],[[[122.483333,12.388047],[122.483148,12.388408],[122.483332,12.388408],[122.483333,12.388047]]],[[[122.491796,12.388243],[122.492347,12.388425],[122.492348,12.388245],[122.491796,12.388243]]],[[[122.493819,12.388428],[122.494004,12.388248],[122.49382,12.388247],[122.493819,12.388428]]],[[[122.691065,12.388367],[122.690955,12.388548],[122.691135,12.388548],[122.691065,12.388367]]],[[[122.491795,12.388605],[122.491243,12.388423],[122.491243,12.388604],[122.491795,12.388605]]],[[[122.492347,12.388425],[122.492899,12.388607],[122.492899,12.388426],[122.492347,12.388425]]],[[[122.506708,12.388331],[122.507075,12.388693],[122.507076,12.388331],[122.506708,12.388331]]],[[[122.510222,12.378028],[122.510037,12.378751],[122.50875,12.378568],[122.507826,12.380556],[122.508005,12.383088],[122.509475,12.383995],[122.509657,12.385262],[122.509104,12.385622],[122.508917,12.38725],[122.507812,12.38779],[122.507811,12.388695],[122.507996,12.387971],[122.508732,12.387973],[122.509471,12.386527],[122.51076,12.385625],[122.510396,12.383454],[122.509109,12.38309],[122.508007,12.382003],[122.508563,12.379834],[122.508932,12.379473],[122.510035,12.379837],[122.510222,12.378028]]],[[[122.493819,12.38879],[122.493635,12.388609],[122.492899,12.388788],[122.493819,12.38879]]],[[[122.507075,12.388693],[122.507258,12.388874],[122.507259,12.388694],[122.507075,12.388693]]],[[[122.483331,12.388951],[122.483147,12.38877],[122.483147,12.388951],[122.483331,12.388951]]],[[[122.491243,12.388785],[122.490139,12.388602],[122.489955,12.388963],[122.491243,12.388785]]],[[[122.691299,12.38891],[122.691138,12.38909],[122.691322,12.389091],[122.691299,12.38891]]],[[[122.489955,12.388963],[122.48977,12.389144],[122.489954,12.389144],[122.489955,12.388963]]],[[[122.507442,12.389056],[122.507258,12.389236],[122.507442,12.389236],[122.507442,12.389056]]],[[[122.48977,12.389144],[122.489586,12.389324],[122.48977,12.389325],[122.48977,12.389144]]],[[[122.507995,12.388695],[122.508361,12.389419],[122.509099,12.388516],[122.507995,12.388695]]],[[[122.508729,12.3896],[122.508545,12.389419],[122.508545,12.3896],[122.508729,12.3896]]],[[[122.691577,12.389453],[122.691505,12.389633],[122.691673,12.389634],[122.691577,12.389453]]],[[[122.473211,12.389653],[122.47321,12.389655],[122.473212,12.389655],[122.473211,12.389653]]],[[[122.473394,12.389655],[122.47326,12.389546],[122.473283,12.389655],[122.473394,12.389655]]],[[[122.507625,12.389779],[122.507441,12.389417],[122.507441,12.389779],[122.507625,12.389779]]],[[[122.488113,12.389683],[122.488851,12.388781],[122.488669,12.387514],[122.485542,12.387327],[122.485725,12.38787],[122.487197,12.388054],[122.488485,12.387695],[122.487931,12.38896],[122.488113,12.389683]]],[[[122.471554,12.390013],[122.471531,12.389989],[122.471504,12.390013],[122.471554,12.390013]]],[[[122.474498,12.390019],[122.474314,12.389959],[122.474314,12.390019],[122.474498,12.390019]]],[[[122.488113,12.389864],[122.488481,12.390046],[122.488481,12.389865],[122.488113,12.389864]]],[[[122.488666,12.389504],[122.488665,12.390046],[122.489032,12.390047],[122.489034,12.389504],[122.488666,12.389504]]],[[[122.489586,12.389324],[122.4894,12.390048],[122.489584,12.390048],[122.489586,12.389324]]],[[[122.508729,12.389781],[122.507625,12.389779],[122.507624,12.38996],[122.508728,12.390143],[122.508729,12.389781]]],[[[122.691873,12.389995],[122.691689,12.390176],[122.691873,12.390176],[122.691873,12.389995]]],[[[122.474722,12.390177],[122.474681,12.3902],[122.474776,12.390201],[122.474722,12.390177]]],[[[122.4894,12.390048],[122.489216,12.390228],[122.4894,12.390228],[122.4894,12.390048]]],[[[122.692056,12.390357],[122.691872,12.390538],[122.692056,12.390538],[122.692056,12.390357]]],[[[122.475968,12.390565],[122.475785,12.39047],[122.475784,12.390564],[122.475968,12.390565]]],[[[122.470817,12.390659],[122.470695,12.390735],[122.470817,12.390735],[122.470817,12.390659]]],[[[122.47652,12.390566],[122.476336,12.390746],[122.47652,12.390746],[122.47652,12.390566]]],[[[122.476888,12.390747],[122.476704,12.390928],[122.476888,12.390928],[122.476888,12.390747]]],[[[122.479832,12.390753],[122.480199,12.390934],[122.4802,12.390754],[122.479832,12.390753]]],[[[122.483331,12.389132],[122.481309,12.387862],[122.480019,12.389125],[122.480202,12.389668],[122.481121,12.390032],[122.480384,12.390754],[122.482407,12.390939],[122.482042,12.389672],[122.48241,12.389311],[122.484066,12.389495],[122.483699,12.388952],[122.483331,12.389132]]],[[[122.481673,12.390214],[122.481488,12.390394],[122.481672,12.390395],[122.481673,12.390214]]],[[[122.481123,12.388947],[122.481492,12.388586],[122.481492,12.388405],[122.48094,12.388585],[122.481123,12.388947]]],[[[122.69242,12.3909],[122.69224,12.391081],[122.692424,12.391081],[122.69242,12.3909]]],[[[122.477808,12.39093],[122.477255,12.39111],[122.477807,12.391111],[122.477808,12.39093]]],[[[122.479831,12.391115],[122.479463,12.390933],[122.479463,12.391114],[122.479831,12.391115]]],[[[122.469712,12.391276],[122.469528,12.391223],[122.469528,12.391275],[122.469712,12.391276]]],[[[122.478175,12.391111],[122.477991,12.391292],[122.478175,12.391292],[122.478175,12.391111]]],[[[122.479463,12.391114],[122.479279,12.391294],[122.479463,12.391295],[122.479463,12.391114]]],[[[122.479279,12.391294],[122.479094,12.391475],[122.479278,12.391475],[122.479279,12.391294]]],[[[122.692791,12.391443],[122.692607,12.391624],[122.692791,12.391624],[122.692791,12.391443]]],[[[122.468607,12.391635],[122.468423,12.391588],[122.468423,12.391635],[122.468607,12.391635]]],[[[122.467871,12.391815],[122.468055,12.391676],[122.467871,12.391681],[122.467871,12.391815]]],[[[122.478542,12.391655],[122.478358,12.391835],[122.478542,12.391835],[122.478542,12.391655]]],[[[122.467871,12.391815],[122.467686,12.391995],[122.46787,12.391996],[122.467871,12.391815]]],[[[122.466582,12.392174],[122.466518,12.392158],[122.466496,12.392174],[122.466582,12.392174]]],[[[122.467134,12.391994],[122.46695,12.392175],[122.467134,12.392175],[122.467134,12.391994]]],[[[122.690766,12.392345],[122.690582,12.392164],[122.690582,12.392345],[122.690766,12.392345]]],[[[122.693158,12.392167],[122.693342,12.392348],[122.693342,12.392167],[122.693158,12.392167]]],[[[122.46511,12.392352],[122.465245,12.392294],[122.46511,12.392171],[122.46511,12.392352]]],[[[122.46235,12.392527],[122.462165,12.392708],[122.462349,12.392708],[122.46235,12.392527]]],[[[122.690398,12.392345],[122.690214,12.392887],[122.690398,12.392888],[122.690398,12.392345]]],[[[122.461797,12.392888],[122.461613,12.392844],[122.461613,12.392888],[122.461797,12.392888]]],[[[122.693342,12.392529],[122.692791,12.391805],[122.692054,12.392709],[122.690766,12.392345],[122.690766,12.392888],[122.692237,12.39307],[122.692606,12.392347],[122.693342,12.392529]]],[[[122.692973,12.393433],[122.692605,12.393613],[122.692973,12.393614],[122.692973,12.393433]]],[[[122.458483,12.393786],[122.458558,12.393748],[122.458483,12.393759],[122.458483,12.393786]]],[[[122.460691,12.393609],[122.460139,12.393789],[122.460691,12.39379],[122.460691,12.393609]]],[[[122.460139,12.39397],[122.459954,12.39415],[122.460138,12.394151],[122.460139,12.39397]]],[[[122.694628,12.393797],[122.694444,12.394158],[122.694628,12.394158],[122.694628,12.393797]]],[[[122.459035,12.393968],[122.45885,12.394329],[122.459034,12.394329],[122.459035,12.393968]]],[[[122.45977,12.39415],[122.459586,12.39433],[122.45977,12.394331],[122.45977,12.39415]]],[[[122.45517,12.394502],[122.455234,12.394436],[122.45517,12.394443],[122.45517,12.394502]]],[[[122.459402,12.39433],[122.459218,12.394511],[122.459402,12.394511],[122.459402,12.39433]]],[[[122.453328,12.395584],[122.453144,12.395575],[122.453144,12.395583],[122.453328,12.395584]]],[[[122.451302,12.396665],[122.451118,12.396606],[122.451118,12.396665],[122.451302,12.396665]]],[[[122.691129,12.396867],[122.691683,12.394698],[122.690213,12.393792],[122.690029,12.393068],[122.690028,12.393972],[122.690396,12.394515],[122.691315,12.394878],[122.691129,12.396867]]],[[[122.450933,12.396845],[122.450749,12.397025],[122.450933,12.397026],[122.450933,12.396845]]],[[[122.690945,12.396867],[122.69076,12.397229],[122.690944,12.397229],[122.690945,12.396867]]],[[[122.450196,12.397386],[122.450012,12.397567],[122.450196,12.397567],[122.450196,12.397386]]],[[[122.69076,12.397229],[122.690576,12.39759],[122.69076,12.39759],[122.69076,12.397229]]],[[[122.690392,12.397952],[122.690576,12.397771],[122.690392,12.397771],[122.690392,12.397952]]],[[[122.692415,12.398316],[122.693519,12.398317],[122.694256,12.397775],[122.695175,12.398138],[122.696096,12.397777],[122.693888,12.397594],[122.692415,12.398316]]],[[[122.690391,12.398132],[122.689656,12.397951],[122.689839,12.398494],[122.690391,12.398132]]],[[[122.692231,12.398496],[122.691679,12.398315],[122.691679,12.398496],[122.692231,12.398496]]],[[[122.691679,12.398496],[122.691495,12.398676],[122.691679,12.398677],[122.691679,12.398496]]],[[[122.691495,12.398676],[122.691311,12.398857],[122.691495,12.398857],[122.691495,12.398676]]],[[[122.691311,12.398857],[122.691126,12.399038],[122.69131,12.399038],[122.691311,12.398857]]],[[[122.690942,12.399399],[122.691126,12.399218],[122.690942,12.399218],[122.690942,12.399399]]],[[[122.689654,12.399398],[122.690206,12.399398],[122.690207,12.398675],[122.689654,12.399398]]],[[[122.690942,12.399399],[122.690758,12.39958],[122.690942,12.39958],[122.690942,12.399399]]],[[[122.689654,12.399579],[122.689469,12.399759],[122.689653,12.399759],[122.689654,12.399579]]],[[[122.689285,12.399759],[122.689101,12.39994],[122.689285,12.39994],[122.689285,12.399759]]],[[[122.690758,12.39958],[122.690573,12.399941],[122.690757,12.399942],[122.690758,12.39958]]],[[[122.698705,12.39977],[122.698669,12.39995],[122.698686,12.39995],[122.698705,12.39977]]],[[[122.688917,12.40012],[122.688733,12.400301],[122.688917,12.400301],[122.688917,12.40012]]],[[[122.690389,12.400303],[122.690573,12.400122],[122.690389,12.400122],[122.690389,12.400303]]],[[[122.688549,12.400301],[122.688365,12.400481],[122.688549,12.400482],[122.688549,12.400301]]],[[[122.690389,12.400484],[122.690021,12.400302],[122.690021,12.400483],[122.690389,12.400484]]],[[[122.68818,12.400662],[122.687997,12.400481],[122.687996,12.400662],[122.68818,12.400662]]],[[[122.689468,12.400663],[122.689653,12.400483],[122.689469,12.400483],[122.689468,12.400663]]],[[[122.687812,12.400842],[122.687628,12.400661],[122.687628,12.400842],[122.687812,12.400842]]],[[[122.687444,12.400842],[122.68726,12.401023],[122.687444,12.401023],[122.687444,12.400842]]],[[[122.687812,12.400842],[122.687996,12.401024],[122.687996,12.400843],[122.687812,12.400842]]],[[[122.687812,12.401023],[122.687628,12.401204],[122.687812,12.401204],[122.687812,12.401023]]],[[[122.687076,12.401203],[122.687444,12.401385],[122.687444,12.401204],[122.687076,12.401203]]],[[[122.698299,12.401759],[122.698483,12.40186],[122.698483,12.401759],[122.698299,12.401759]]],[[[122.689284,12.400663],[122.68818,12.400662],[122.688732,12.400843],[122.688731,12.401567],[122.687811,12.402108],[122.686707,12.401926],[122.686892,12.401203],[122.685971,12.401564],[122.686891,12.402288],[122.688363,12.40229],[122.688178,12.403013],[122.686154,12.403011],[122.685602,12.402648],[122.685787,12.401744],[122.685235,12.401744],[122.684866,12.403009],[122.686889,12.403554],[122.688361,12.403375],[122.689284,12.400663]]],[[[122.696825,12.403385],[122.696641,12.403565],[122.696825,12.403566],[122.696825,12.403385]]],[[[122.696641,12.403746],[122.696457,12.403927],[122.696641,12.403899],[122.696641,12.403746]]],[[[122.696087,12.405012],[122.695903,12.405192],[122.696087,12.405192],[122.696087,12.405012]]],[[[122.695534,12.405734],[122.695719,12.405554],[122.695535,12.405554],[122.695534,12.405734]]],[[[122.695534,12.405734],[122.69535,12.405915],[122.695534,12.405915],[122.695534,12.405734]]],[[[122.69535,12.405915],[122.695166,12.406096],[122.69535,12.406096],[122.69535,12.405915]]],[[[122.694612,12.408265],[122.694427,12.408347],[122.694611,12.408334],[122.694612,12.408265]]],[[[122.694102,12.408446],[122.694059,12.408627],[122.694095,12.408627],[122.694102,12.408446]]],[[[122.692954,12.40953],[122.692954,12.409568],[122.692979,12.40953],[122.692954,12.40953]]],[[[122.69277,12.40971],[122.69277,12.409786],[122.692851,12.40971],[122.69277,12.40971]]],[[[122.691849,12.410071],[122.691665,12.410252],[122.691849,12.410252],[122.691849,12.410071]]],[[[122.68964,12.410973],[122.689824,12.410792],[122.68964,12.410792],[122.68964,12.410973]]],[[[122.689456,12.410972],[122.689456,12.411334],[122.689087,12.411695],[122.689824,12.411515],[122.689456,12.410972]]],[[[122.687613,12.413502],[122.687429,12.413864],[122.687613,12.413864],[122.687613,12.413502]]],[[[122.687244,12.414406],[122.68706,12.414587],[122.687244,12.414587],[122.687244,12.414406]]],[[[122.687243,12.414949],[122.687059,12.415129],[122.687243,12.41513],[122.687243,12.414949]]],[[[122.687611,12.41513],[122.687427,12.415311],[122.687611,12.415311],[122.687611,12.41513]]],[[[122.688347,12.415312],[122.688163,12.415492],[122.688347,12.415493],[122.688347,12.415312]]],[[[122.6854,12.41784],[122.685216,12.418021],[122.6854,12.418021],[122.6854,12.41784]]],[[[122.685768,12.417841],[122.685584,12.418022],[122.685768,12.418022],[122.685768,12.417841]]],[[[122.684663,12.418201],[122.684848,12.418021],[122.684664,12.41802],[122.684663,12.418201]]],[[[122.684663,12.418201],[122.684479,12.418382],[122.684663,12.418382],[122.684663,12.418201]]],[[[122.685398,12.419106],[122.685215,12.418925],[122.685214,12.419106],[122.685398,12.419106]]],[[[122.685398,12.419106],[122.685582,12.419288],[122.685582,12.419107],[122.685398,12.419106]]],[[[122.685582,12.419288],[122.685766,12.419469],[122.685766,12.419288],[122.685582,12.419288]]],[[[122.685765,12.420011],[122.685581,12.420192],[122.685765,12.420192],[122.685765,12.420011]]],[[[122.685581,12.420373],[122.685397,12.420553],[122.685581,12.420554],[122.685581,12.420373]]],[[[122.685212,12.420915],[122.685028,12.421096],[122.685212,12.421096],[122.685212,12.420915]]],[[[122.68429,12.422361],[122.684106,12.422541],[122.68429,12.422542],[122.68429,12.422361]]],[[[122.683184,12.42453],[122.682999,12.42471],[122.683183,12.424711],[122.683184,12.42453]]],[[[122.681712,12.424528],[122.681895,12.425252],[122.682079,12.425252],[122.682079,12.424709],[122.681712,12.424528]]],[[[122.682631,12.425072],[122.682447,12.425252],[122.682631,12.425252],[122.682631,12.425072]]],[[[122.682447,12.425433],[122.682262,12.425614],[122.682446,12.425614],[122.682447,12.425433]]],[[[122.685169,12.425798],[122.685022,12.42616],[122.685149,12.42616],[122.685169,12.425798]]],[[[122.685021,12.426521],[122.684837,12.426702],[122.685021,12.426702],[122.685021,12.426521]]],[[[122.684652,12.427244],[122.684468,12.427425],[122.684652,12.427425],[122.684652,12.427244]]],[[[122.684284,12.427967],[122.684099,12.428148],[122.684283,12.428148],[122.684284,12.427967]]],[[[122.685019,12.428511],[122.685387,12.428149],[122.685572,12.42781],[122.68502,12.427787],[122.685019,12.428511]]],[[[122.683731,12.42869],[122.683546,12.428871],[122.68373,12.428871],[122.683731,12.42869]]],[[[122.685387,12.428692],[122.685203,12.428873],[122.685387,12.428873],[122.685387,12.428692]]],[[[122.684098,12.429052],[122.683914,12.429233],[122.684098,12.429233],[122.684098,12.429052]]],[[[122.684098,12.429595],[122.683913,12.429775],[122.684097,12.429776],[122.684098,12.429595]]],[[[122.683728,12.43068],[122.683544,12.43086],[122.683728,12.43086],[122.683728,12.43068]]],[[[122.683544,12.431041],[122.68336,12.431222],[122.683544,12.431222],[122.683544,12.431041]]],[[[122.683175,12.431764],[122.683359,12.431583],[122.683175,12.431583],[122.683175,12.431764]]],[[[122.683175,12.431764],[122.682991,12.431945],[122.683175,12.431945],[122.683175,12.431764]]],[[[122.68299,12.432126],[122.682623,12.431944],[122.682622,12.432306],[122.68299,12.432126]]],[[[122.682438,12.432487],[122.682254,12.432667],[122.682438,12.432668],[122.682438,12.432487]]],[[[122.682069,12.433029],[122.682253,12.432848],[122.682069,12.432848],[122.682069,12.433029]]],[[[122.682069,12.433029],[122.681885,12.433209],[122.682069,12.43321],[122.682069,12.433029]]],[[[122.681701,12.433571],[122.681516,12.433752],[122.6817,12.433752],[122.681701,12.433571]]],[[[122.67581,12.435192],[122.675994,12.435373],[122.675994,12.435192],[122.67581,12.435192]]],[[[122.67581,12.435011],[122.675258,12.434829],[122.674705,12.435552],[122.675442,12.435372],[122.67581,12.435011]]],[[[122.681514,12.43556],[122.681699,12.435199],[122.681515,12.435198],[122.681514,12.43556]]],[[[122.674705,12.435733],[122.674521,12.435914],[122.674705,12.435914],[122.674705,12.435733]]],[[[122.676177,12.435554],[122.675993,12.435915],[122.676177,12.435916],[122.676177,12.435554]]],[[[122.681514,12.43556],[122.68133,12.435922],[122.681514,12.435922],[122.681514,12.43556]]],[[[122.68133,12.435922],[122.681145,12.436102],[122.681329,12.436103],[122.68133,12.435922]]],[[[122.681145,12.436102],[122.680961,12.436283],[122.681145,12.436283],[122.681145,12.436102]]],[[[122.674521,12.436094],[122.674336,12.436456],[122.67452,12.436456],[122.674521,12.436094]]],[[[122.674888,12.436818],[122.674704,12.436637],[122.674704,12.436818],[122.674888,12.436818]]],[[[122.676176,12.437001],[122.67636,12.43682],[122.676176,12.43682],[122.676176,12.437001]]],[[[122.680991,12.437006],[122.68096,12.436826],[122.68096,12.437006],[122.680991,12.437006]]],[[[122.674888,12.436818],[122.675439,12.437181],[122.67544,12.436819],[122.674888,12.436818]]],[[[122.676176,12.437001],[122.675991,12.437543],[122.676175,12.437543],[122.676176,12.437001]]],[[[122.675623,12.437181],[122.675439,12.437723],[122.675623,12.437723],[122.675623,12.437181]]],[[[122.676175,12.437543],[122.676359,12.437724],[122.676359,12.437544],[122.676175,12.437543]]],[[[122.675439,12.437723],[122.675254,12.437904],[122.675438,12.437904],[122.675439,12.437723]]],[[[122.676359,12.437724],[122.676543,12.437905],[122.676543,12.437725],[122.676359,12.437724]]],[[[122.675254,12.438085],[122.67507,12.438627],[122.675254,12.438627],[122.675254,12.438085]]],[[[122.675069,12.438808],[122.674885,12.438989],[122.675069,12.438989],[122.675069,12.438808]]],[[[122.678933,12.439285],[122.679083,12.439174],[122.678933,12.439174],[122.678933,12.439285]]],[[[122.677645,12.439173],[122.677461,12.439353],[122.677645,12.439354],[122.677645,12.439173]]],[[[122.674516,12.439531],[122.674701,12.43935],[122.674517,12.43935],[122.674516,12.439531]]],[[[122.674516,12.439531],[122.674332,12.439711],[122.674516,12.439712],[122.674516,12.439531]]],[[[122.677829,12.439535],[122.677645,12.439715],[122.677829,12.439716],[122.677829,12.439535]]],[[[122.673964,12.440073],[122.674148,12.439892],[122.673964,12.439892],[122.673964,12.440073]]],[[[122.673964,12.440073],[122.673779,12.440253],[122.673963,12.440254],[122.673964,12.440073]]],[[[122.673779,12.440253],[122.673595,12.440434],[122.673779,12.440434],[122.673779,12.440253]]],[[[122.673226,12.441338],[122.673042,12.441518],[122.673226,12.441519],[122.673226,12.441338]]],[[[122.672304,12.442422],[122.67212,12.442783],[122.672304,12.442784],[122.672304,12.442422]]],[[[122.672119,12.443507],[122.671935,12.443687],[122.672119,12.443688],[122.672119,12.443507]]],[[[122.668438,12.444045],[122.668623,12.443322],[122.667703,12.44314],[122.667702,12.443501],[122.668438,12.444045]]],[[[122.668622,12.444045],[122.668806,12.444226],[122.668806,12.444045],[122.668622,12.444045]]],[[[122.671934,12.44423],[122.67175,12.444411],[122.671934,12.444411],[122.671934,12.44423]]],[[[122.667517,12.444586],[122.667333,12.444767],[122.667517,12.444767],[122.667517,12.444586]]],[[[122.671382,12.444591],[122.671013,12.444771],[122.671381,12.444772],[122.671382,12.444591]]],[[[122.669173,12.444769],[122.669357,12.44495],[122.669357,12.444769],[122.669173,12.444769]]],[[[122.670645,12.444771],[122.670461,12.444952],[122.670645,12.444952],[122.670645,12.444771]]],[[[122.668804,12.44513],[122.669173,12.444588],[122.668806,12.444226],[122.668804,12.44513]]],[[[122.66807,12.444044],[122.667701,12.444225],[122.66715,12.443501],[122.666414,12.443681],[122.667701,12.444587],[122.667884,12.445491],[122.668436,12.445492],[122.66807,12.444044]]],[[[122.667884,12.445672],[122.667699,12.445853],[122.667883,12.445853],[122.667884,12.445672]]],[[[122.667515,12.446395],[122.66733,12.446576],[122.667514,12.446576],[122.667515,12.446395]]],[[[122.666961,12.447479],[122.667145,12.447299],[122.666961,12.447299],[122.666961,12.447479]]],[[[122.666961,12.447841],[122.666593,12.447479],[122.666592,12.448021],[122.666961,12.447841]]],[[[122.66696,12.448565],[122.666776,12.448745],[122.66696,12.448745],[122.66696,12.448565]]],[[[122.667143,12.448926],[122.666959,12.449107],[122.667143,12.449107],[122.667143,12.448926]]],[[[122.667327,12.449469],[122.667143,12.449288],[122.667143,12.449469],[122.667327,12.449469]]],[[[122.667326,12.44965],[122.668799,12.449833],[122.6688,12.448748],[122.668248,12.448747],[122.667326,12.44965]]],[[[122.668799,12.449833],[122.668982,12.450014],[122.668983,12.449833],[122.668799,12.449833]]],[[[122.668982,12.450556],[122.668797,12.450918],[122.668934,12.450918],[122.668982,12.450556]]],[[[122.668613,12.451279],[122.668797,12.451099],[122.668613,12.451099],[122.668613,12.451279]]],[[[122.668613,12.451279],[122.668428,12.45146],[122.668612,12.45146],[122.668613,12.451279]]],[[[122.668244,12.451822],[122.66806,12.452002],[122.668244,12.452002],[122.668244,12.451822]]],[[[122.667875,12.452364],[122.668059,12.452183],[122.667875,12.452183],[122.667875,12.452364]]],[[[122.667875,12.452364],[122.667691,12.452544],[122.667875,12.452545],[122.667875,12.452364]]],[[[122.667691,12.452544],[122.667507,12.452725],[122.667691,12.452725],[122.667691,12.452544]]],[[[122.667507,12.452725],[122.667322,12.452906],[122.667506,12.452906],[122.667507,12.452725]]],[[[122.666954,12.453086],[122.66677,12.453267],[122.666954,12.453267],[122.666954,12.453086]]],[[[122.666586,12.453266],[122.666401,12.453447],[122.666586,12.453447],[122.666586,12.453266]]],[[[122.665665,12.453446],[122.665481,12.453627],[122.665665,12.453627],[122.665665,12.453446]]],[[[122.666033,12.453447],[122.665849,12.453627],[122.666033,12.453627],[122.666033,12.453447]]],[[[122.665297,12.453627],[122.665113,12.453807],[122.665297,12.453807],[122.665297,12.453627]]],[[[122.664376,12.454168],[122.664929,12.453807],[122.664192,12.453987],[122.664191,12.455253],[122.664376,12.454168]]],[[[122.661429,12.455973],[122.66235,12.455793],[122.66235,12.455612],[122.66143,12.45543],[122.661429,12.455973]]],[[[122.664006,12.455976],[122.664191,12.455434],[122.66327,12.455975],[122.664006,12.455976]]],[[[122.661429,12.456335],[122.661613,12.456154],[122.661429,12.456154],[122.661429,12.456335]]],[[[122.663453,12.456518],[122.663269,12.456699],[122.663453,12.456699],[122.663453,12.456518]]],[[[122.661245,12.456334],[122.661244,12.456696],[122.66106,12.456877],[122.661428,12.456877],[122.661245,12.456334]]],[[[122.661796,12.456697],[122.661612,12.456877],[122.661796,12.456878],[122.661796,12.456697]]],[[[122.663636,12.457242],[122.663452,12.457603],[122.663636,12.457603],[122.663636,12.457242]]],[[[122.663302,12.458151],[122.663117,12.458332],[122.663301,12.458332],[122.663302,12.458151]]],[[[122.662749,12.458874],[122.662564,12.459054],[122.662748,12.459055],[122.662749,12.458874]]],[[[122.66238,12.459235],[122.662012,12.459416],[122.66238,12.459416],[122.66238,12.459235]]],[[[122.661828,12.459415],[122.661643,12.459596],[122.661827,12.459596],[122.661828,12.459415]]],[[[122.661459,12.459596],[122.661091,12.459776],[122.661459,12.459777],[122.661459,12.459596]]],[[[122.660907,12.459776],[122.660723,12.459956],[122.660907,12.459957],[122.660907,12.459776]]],[[[122.66109,12.460319],[122.660906,12.460861],[122.66109,12.460861],[122.66109,12.460319]]],[[[122.659801,12.461221],[122.659617,12.461402],[122.659801,12.461402],[122.659801,12.461221]]],[[[122.662377,12.461225],[122.662193,12.461405],[122.662377,12.461405],[122.662377,12.461225]]],[[[122.660169,12.461584],[122.660721,12.461403],[122.660721,12.461222],[122.660169,12.461222],[122.660169,12.461584]]],[[[122.663113,12.461406],[122.662561,12.461587],[122.663113,12.461587],[122.663113,12.461406]]],[[[122.664034,12.461407],[122.663849,12.461588],[122.664033,12.461588],[122.664034,12.461407]]],[[[122.660905,12.461584],[122.66072,12.461765],[122.660904,12.461765],[122.660905,12.461584]]],[[[122.66661,12.461592],[122.666242,12.461772],[122.66661,12.461772],[122.66661,12.461592]]],[[[122.668266,12.461594],[122.668082,12.461774],[122.668266,12.461774],[122.668266,12.461594]]],[[[122.665321,12.461952],[122.665505,12.461771],[122.665321,12.461771],[122.665321,12.461952]]],[[[122.665321,12.461952],[122.665137,12.462132],[122.665321,12.462133],[122.665321,12.461952]]],[[[122.669002,12.461956],[122.668818,12.462137],[122.669002,12.462137],[122.669002,12.461956]]],[[[122.668632,12.463041],[122.668817,12.46286],[122.668633,12.46286],[122.668632,12.463041]]],[[[122.668632,12.463041],[122.668448,12.463222],[122.668632,12.463222],[122.668632,12.463041]]],[[[122.668264,12.463221],[122.66808,12.463402],[122.668264,12.463402],[122.668264,12.463221]]],[[[122.667343,12.463763],[122.667528,12.463582],[122.667344,12.463582],[122.667343,12.463763]]],[[[122.667343,12.463763],[122.667159,12.463943],[122.667343,12.463944],[122.667343,12.463763]]],[[[122.662189,12.46448],[122.662005,12.46466],[122.662189,12.464661],[122.662189,12.46448]]],[[[122.662741,12.464661],[122.662557,12.46448],[122.662557,12.464661],[122.662741,12.464661]]],[[[122.666238,12.464485],[122.666054,12.464665],[122.666238,12.464666],[122.666238,12.464485]]],[[[122.662741,12.464661],[122.662925,12.464842],[122.662925,12.464662],[122.662741,12.464661]]],[[[122.66587,12.464665],[122.665686,12.464846],[122.66587,12.464846],[122.66587,12.464665]]],[[[122.663477,12.465024],[122.663109,12.464843],[122.663109,12.465024],[122.663477,12.465024]]],[[[122.665133,12.464845],[122.665501,12.46497],[122.665501,12.464846],[122.665133,12.464845]]],[[[122.663477,12.465024],[122.663661,12.465205],[122.663661,12.465024],[122.663477,12.465024]]],[[[122.665133,12.46506],[122.664949,12.465207],[122.664949,12.465254],[122.665133,12.46506]]],[[[122.661268,12.465021],[122.661084,12.465383],[122.661268,12.465383],[122.661268,12.465021]]],[[[122.6609,12.465382],[122.660715,12.465563],[122.660899,12.465563],[122.6609,12.465382]]],[[[122.660531,12.465925],[122.660347,12.465743],[122.660347,12.465924],[122.660531,12.465925]]],[[[122.663844,12.465567],[122.66366,12.465928],[122.664028,12.465879],[122.663844,12.465567]]],[[[122.652985,12.465915],[122.652801,12.466096],[122.652985,12.466096],[122.652985,12.465915]]],[[[122.652801,12.466096],[122.652616,12.466457],[122.6528,12.466457],[122.652801,12.466096]]],[[[122.652986,12.465553],[122.653537,12.465916],[122.65372,12.466639],[122.653722,12.465554],[122.652986,12.465553]]],[[[122.660715,12.465925],[122.66053,12.466829],[122.660714,12.466829],[122.660715,12.465925]]],[[[122.65372,12.467182],[122.653904,12.467001],[122.65372,12.467001],[122.65372,12.467182]]],[[[122.660345,12.46719],[122.66053,12.46701],[122.660345,12.46701],[122.660345,12.46719]]],[[[122.652983,12.467362],[122.652799,12.467542],[122.652983,12.467543],[122.652983,12.467362]]],[[[122.652799,12.467723],[122.652614,12.467904],[122.652799,12.467904],[122.652799,12.467723]]],[[[122.653536,12.467182],[122.653718,12.468086],[122.654087,12.468087],[122.654087,12.467725],[122.653536,12.467182]]],[[[122.654823,12.467907],[122.654639,12.468087],[122.654823,12.468088],[122.654823,12.467907]]],[[[122.661081,12.467372],[122.659977,12.46719],[122.659976,12.467732],[122.660897,12.467553],[122.660896,12.468095],[122.661265,12.467915],[122.661081,12.467372]],[[122.660345,12.467371],[122.660161,12.467552],[122.660161,12.467371],[122.660345,12.467371]]],[[[122.655191,12.468088],[122.655007,12.468269],[122.655191,12.468269],[122.655191,12.468088]]],[[[122.661448,12.468277],[122.661264,12.468096],[122.661264,12.468277],[122.661448,12.468277]]],[[[122.656111,12.46827],[122.655927,12.468451],[122.656111,12.468451],[122.656111,12.46827]]],[[[122.661448,12.468277],[122.661632,12.468458],[122.661632,12.468277],[122.661448,12.468277]]],[[[122.653534,12.468086],[122.652798,12.468266],[122.65335,12.468267],[122.653901,12.469352],[122.654086,12.468448],[122.653534,12.468086]]],[[[122.65795,12.469539],[122.657766,12.469357],[122.657766,12.469538],[122.65795,12.469539]]],[[[122.65795,12.469539],[122.658133,12.46972],[122.658134,12.469539],[122.65795,12.469539]]],[[[122.661144,12.469543],[122.661078,12.469723],[122.661083,12.469723],[122.661144,12.469543]]],[[[122.658133,12.46972],[122.658317,12.469901],[122.658317,12.46972],[122.658133,12.46972]]],[[[122.66102,12.469904],[122.660894,12.470085],[122.660948,12.470085],[122.66102,12.469904]]],[[[122.658317,12.469901],[122.658501,12.470263],[122.658501,12.469901],[122.658317,12.469901]]],[[[122.658501,12.470263],[122.658685,12.470444],[122.658685,12.470263],[122.658501,12.470263]]],[[[122.655003,12.470801],[122.655187,12.47062],[122.655003,12.47062],[122.655003,12.470801]]],[[[122.655924,12.470621],[122.655555,12.470801],[122.655923,12.470802],[122.655924,12.470621]]],[[[122.655003,12.470801],[122.654819,12.470981],[122.655003,12.470982],[122.655003,12.470801]]],[[[122.658869,12.470444],[122.658868,12.470987],[122.659052,12.470987],[122.658869,12.470444]]],[[[122.656291,12.471164],[122.656107,12.470983],[122.656107,12.471164],[122.656291,12.471164]]],[[[122.660886,12.470989],[122.660708,12.47117],[122.660886,12.47117],[122.660886,12.470989]]],[[[122.656291,12.471164],[122.656475,12.471526],[122.656475,12.471164],[122.656291,12.471164]]],[[[122.659236,12.470987],[122.659235,12.47153],[122.659603,12.47153],[122.659236,12.470987]]],[[[122.660524,12.47135],[122.66034,12.471531],[122.660524,12.471531],[122.660524,12.47135]]],[[[122.654818,12.471524],[122.654451,12.471162],[122.653901,12.469533],[122.653899,12.47098],[122.65445,12.471704],[122.654818,12.471524]]],[[[122.656474,12.471707],[122.655553,12.472248],[122.655553,12.47261],[122.656658,12.47225],[122.656474,12.471707]]],[[[122.450405,12.473165],[122.450221,12.472983],[122.450221,12.473164],[122.450405,12.473165]]],[[[122.450405,12.473165],[122.450589,12.473346],[122.450589,12.473165],[122.450405,12.473165]]],[[[122.655552,12.473695],[122.655736,12.473515],[122.655552,12.473514],[122.655552,12.473695]]],[[[122.654631,12.473694],[122.654263,12.473874],[122.654631,12.473875],[122.654631,12.473694]]],[[[122.655551,12.473876],[122.654999,12.473694],[122.654999,12.473875],[122.655551,12.473876]]],[[[122.652606,12.474053],[122.652791,12.473873],[122.652607,12.473872],[122.652606,12.474053]]],[[[122.654079,12.473874],[122.653711,12.474055],[122.654079,12.474055],[122.654079,12.473874]]],[[[122.652606,12.474053],[122.652422,12.474415],[122.652606,12.474415],[122.652606,12.474053]]],[[[122.64285,12.474945],[122.643587,12.474946],[122.643587,12.474584],[122.642851,12.474583],[122.64285,12.474945]]],[[[122.643035,12.474945],[122.643218,12.475126],[122.643219,12.474945],[122.643035,12.474945]]],[[[122.64966,12.474954],[122.649292,12.475134],[122.64966,12.475134],[122.64966,12.474954]]],[[[122.450585,12.475154],[122.45056,12.475092],[122.450494,12.475154],[122.450585,12.475154]]],[[[122.643218,12.475126],[122.643402,12.475307],[122.643402,12.475126],[122.643218,12.475126]]],[[[122.646899,12.475131],[122.646715,12.475312],[122.646899,12.475312],[122.646899,12.475131]]],[[[122.649291,12.475496],[122.649108,12.475315],[122.649107,12.475495],[122.649291,12.475496]]],[[[122.643954,12.47567],[122.64377,12.475488],[122.64377,12.475669],[122.643954,12.47567]]],[[[122.64469,12.47549],[122.644506,12.47567],[122.64469,12.475671],[122.64469,12.47549]]],[[[122.65058,12.475497],[122.650396,12.475678],[122.65058,12.475678],[122.65058,12.475497]]],[[[122.651868,12.475499],[122.651684,12.47568],[122.651868,12.47568],[122.651868,12.475499]]],[[[122.643954,12.47567],[122.644138,12.475851],[122.644138,12.47567],[122.643954,12.47567]]],[[[122.645426,12.475672],[122.644874,12.475852],[122.645426,12.475852],[122.645426,12.475672]]],[[[122.646346,12.475673],[122.646162,12.475853],[122.646346,12.475854],[122.646346,12.475673]]],[[[122.647083,12.475674],[122.646898,12.475854],[122.647082,12.475855],[122.647083,12.475674]]],[[[122.651316,12.475679],[122.650763,12.475859],[122.651316,12.47586],[122.651316,12.475679]]],[[[122.644138,12.475851],[122.644321,12.476032],[122.644322,12.475851],[122.644138,12.475851]]],[[[122.64745,12.475855],[122.647266,12.476036],[122.64745,12.476036],[122.64745,12.475855]]],[[[122.649291,12.475677],[122.648187,12.475856],[122.648186,12.476037],[122.649291,12.476038],[122.649291,12.475677]]],[[[122.45224,12.475881],[122.452055,12.476062],[122.452239,12.476062],[122.45224,12.475881]]],[[[122.644321,12.476032],[122.644505,12.476213],[122.644505,12.476032],[122.644321,12.476032]]],[[[122.644505,12.476213],[122.644689,12.476394],[122.644689,12.476213],[122.644505,12.476213]]],[[[122.453527,12.476426],[122.45316,12.476064],[122.452423,12.476062],[122.453158,12.476606],[122.453527,12.476426]]],[[[122.453526,12.476607],[122.45371,12.476788],[122.45371,12.476607],[122.453526,12.476607]]],[[[122.644873,12.476756],[122.644688,12.476937],[122.644872,12.476937],[122.644873,12.476756]]],[[[122.45371,12.476788],[122.454077,12.477151],[122.454078,12.476789],[122.45371,12.476788]]],[[[122.644318,12.478202],[122.644687,12.477841],[122.644135,12.47784],[122.644318,12.478202]]],[[[122.644502,12.478202],[122.644686,12.478564],[122.644687,12.478203],[122.644502,12.478202]]],[[[122.454442,12.47896],[122.454257,12.47914],[122.454441,12.479141],[122.454442,12.47896]]],[[[122.643949,12.479468],[122.643764,12.479648],[122.643948,12.479648],[122.643949,12.479468]]],[[[122.649656,12.478209],[122.648735,12.478389],[122.648734,12.479112],[122.650022,12.479656],[122.649656,12.478209]]],[[[122.457937,12.47969],[122.458122,12.47951],[122.457938,12.47951],[122.457937,12.47969]]],[[[122.516401,12.479631],[122.516217,12.479811],[122.516401,12.479812],[122.516401,12.479631]]],[[[122.516953,12.479813],[122.516769,12.479632],[122.516769,12.479812],[122.516953,12.479813]]],[[[122.64358,12.479648],[122.643396,12.479829],[122.64358,12.479829],[122.64358,12.479648]]],[[[122.454808,12.479684],[122.454624,12.479865],[122.454808,12.479865],[122.454808,12.479684]]],[[[122.457937,12.47969],[122.457753,12.479871],[122.457937,12.479871],[122.457937,12.47969]]],[[[122.458121,12.479691],[122.458305,12.479872],[122.458305,12.479691],[122.458121,12.479691]]],[[[122.642476,12.479827],[122.642291,12.480008],[122.642475,12.480008],[122.642476,12.479827]]],[[[122.458305,12.479872],[122.458489,12.480053],[122.458489,12.479872],[122.458305,12.479872]]],[[[122.516953,12.479813],[122.517136,12.480175],[122.517137,12.479813],[122.516953,12.479813]]],[[[122.649838,12.480018],[122.650389,12.480199],[122.65039,12.480019],[122.649838,12.480018]]],[[[122.454992,12.480046],[122.454807,12.480227],[122.454991,12.480227],[122.454992,12.480046]]],[[[122.643764,12.480191],[122.643579,12.480371],[122.643763,12.480372],[122.643764,12.480191]]],[[[122.645052,12.480192],[122.644868,12.480373],[122.645052,12.480373],[122.645052,12.480192]]],[[[122.649837,12.480199],[122.649653,12.480379],[122.649837,12.48038],[122.649837,12.480199]]],[[[122.638426,12.480365],[122.638057,12.480545],[122.638426,12.480545],[122.638426,12.480365]]],[[[122.641003,12.480187],[122.641371,12.480368],[122.641371,12.480188],[122.641003,12.480187]]],[[[122.642291,12.48037],[122.641923,12.48055],[122.642291,12.480551],[122.642291,12.48037]]],[[[122.646156,12.480375],[122.645972,12.480555],[122.646156,12.480556],[122.646156,12.480375]]],[[[122.650941,12.480381],[122.650757,12.480562],[122.650941,12.480562],[122.650941,12.480381]]],[[[122.457752,12.480052],[122.457567,12.480594],[122.457751,12.480594],[122.457752,12.480052]]],[[[122.517319,12.480718],[122.517136,12.480356],[122.517135,12.480717],[122.517319,12.480718]]],[[[122.641002,12.48073],[122.640634,12.480548],[122.640634,12.480729],[122.641002,12.48073]]],[[[122.646892,12.480737],[122.646708,12.480556],[122.646708,12.480737],[122.646892,12.480737]]],[[[122.651677,12.480744],[122.651309,12.480562],[122.651309,12.480743],[122.651677,12.480744]]],[[[122.646892,12.480737],[122.647076,12.480919],[122.647076,12.480738],[122.646892,12.480737]]],[[[122.458673,12.479692],[122.458856,12.480416],[122.459592,12.480417],[122.459775,12.48096],[122.459776,12.480237],[122.458673,12.479692]]],[[[122.647076,12.480919],[122.647259,12.4811],[122.64726,12.480919],[122.647076,12.480919]]],[[[122.6491,12.480921],[122.648916,12.481102],[122.6491,12.481102],[122.6491,12.480921]]],[[[122.517503,12.480718],[122.517502,12.481261],[122.51787,12.481261],[122.517503,12.480718]]],[[[122.521,12.481086],[122.520447,12.481266],[122.520999,12.481267],[122.521,12.481086]]],[[[122.647811,12.4811],[122.647443,12.481281],[122.647811,12.481281],[122.647811,12.4811]]],[[[122.648732,12.481102],[122.648363,12.481282],[122.648732,12.481282],[122.648732,12.481102]]],[[[122.51787,12.481261],[122.518054,12.481442],[122.518054,12.481262],[122.51787,12.481261]]],[[[122.639345,12.48127],[122.639897,12.481452],[122.639897,12.481271],[122.639345,12.48127]]],[[[122.518054,12.481442],[122.518238,12.481624],[122.518238,12.481443],[122.518054,12.481442]]],[[[122.639897,12.481452],[122.640265,12.481633],[122.640265,12.481452],[122.639897,12.481452]]],[[[122.455725,12.481495],[122.455648,12.481675],[122.455724,12.481675],[122.455725,12.481495]]],[[[122.515109,12.481618],[122.514925,12.481798],[122.515109,12.481799],[122.515109,12.481618]]],[[[122.518238,12.481624],[122.518422,12.481805],[122.518422,12.481624],[122.518238,12.481624]]],[[[122.520447,12.481447],[122.520262,12.481808],[122.520446,12.481808],[122.520447,12.481447]]],[[[122.641185,12.481634],[122.640448,12.481814],[122.641185,12.481815],[122.641185,12.481634]]],[[[122.642105,12.481635],[122.641921,12.481816],[122.642105,12.481816],[122.642105,12.481635]]],[[[122.643761,12.481819],[122.643393,12.481999],[122.643761,12.481999],[122.643761,12.481819]]],[[[122.456276,12.481857],[122.456092,12.482038],[122.456276,12.482038],[122.456276,12.481857]]],[[[122.510875,12.481972],[122.510691,12.482153],[122.510875,12.482153],[122.510875,12.481972]]],[[[122.511795,12.481974],[122.511427,12.482154],[122.511795,12.482155],[122.511795,12.481974]]],[[[122.644129,12.482181],[122.643945,12.482],[122.643945,12.48218],[122.644129,12.482181]]],[[[122.513819,12.482339],[122.514372,12.481978],[122.514372,12.481797],[122.513452,12.481977],[122.513819,12.482339]]],[[[122.520445,12.48217],[122.520261,12.482351],[122.520445,12.482351],[122.520445,12.48217]]],[[[122.644129,12.482181],[122.644313,12.482362],[122.644313,12.482181],[122.644129,12.482181]]],[[[122.45922,12.482406],[122.459404,12.482225],[122.45922,12.482225],[122.45922,12.482406]]],[[[122.513635,12.482339],[122.513451,12.482519],[122.513635,12.48252],[122.513635,12.482339]]],[[[122.518606,12.481805],[122.51842,12.482528],[122.518604,12.482528],[122.518606,12.481805]]],[[[122.520813,12.482352],[122.520629,12.482532],[122.520813,12.482532],[122.520813,12.482352]]],[[[122.458668,12.482224],[122.458299,12.482585],[122.458851,12.482586],[122.458668,12.482224]]],[[[122.512531,12.482518],[122.512346,12.482698],[122.51253,12.482698],[122.512531,12.482518]]],[[[122.513451,12.482519],[122.513266,12.4827],[122.51345,12.4827],[122.513451,12.482519]]],[[[122.639345,12.481089],[122.638241,12.480907],[122.636031,12.481808],[122.637689,12.480906],[122.637874,12.480364],[122.636401,12.480543],[122.635849,12.480723],[122.635662,12.482169],[122.636031,12.48217],[122.63603,12.482712],[122.636951,12.482171],[122.638055,12.482534],[122.638424,12.48145],[122.639345,12.481089]]],[[[122.651677,12.480925],[122.652412,12.481649],[122.652227,12.482734],[122.652595,12.482734],[122.65278,12.481649],[122.652045,12.480744],[122.651677,12.480925]]],[[[122.509585,12.482693],[122.510322,12.482514],[122.510323,12.482152],[122.509585,12.482693]]],[[[122.513266,12.482881],[122.512898,12.482699],[122.512898,12.48288],[122.513266,12.482881]]],[[[122.518972,12.48271],[122.518788,12.482891],[122.518972,12.482891],[122.518972,12.48271]]],[[[122.521365,12.482714],[122.52118,12.482895],[122.521364,12.482895],[122.521365,12.482714]]],[[[122.650018,12.482912],[122.649466,12.48273],[122.649466,12.482911],[122.650018,12.482912]]],[[[122.652043,12.482734],[122.651122,12.482552],[122.650018,12.48255],[122.650938,12.482913],[122.652043,12.482734]]],[[[122.45922,12.482406],[122.459035,12.482948],[122.459219,12.482948],[122.45922,12.482406]]],[[[122.506272,12.482868],[122.50664,12.483049],[122.50664,12.482869],[122.506272,12.482868]]],[[[122.509585,12.483055],[122.509217,12.482873],[122.509217,12.483054],[122.509585,12.483055]]],[[[122.519524,12.482892],[122.519339,12.483072],[122.519524,12.483073],[122.519524,12.482892]]],[[[122.644312,12.482543],[122.64468,12.483086],[122.645048,12.483086],[122.644681,12.482362],[122.644312,12.482543]]],[[[122.509033,12.483054],[122.508113,12.48269],[122.507193,12.482689],[122.508296,12.483233],[122.509033,12.483054]]],[[[122.645048,12.483086],[122.645416,12.483268],[122.645416,12.483087],[122.645048,12.483086]]],[[[122.649465,12.483092],[122.648913,12.483091],[122.648913,12.483272],[122.649465,12.483092]]],[[[122.506272,12.483049],[122.506087,12.48341],[122.506271,12.48341],[122.506272,12.483049]]],[[[122.645416,12.483268],[122.645968,12.483449],[122.645968,12.483268],[122.645416,12.483268]]],[[[122.648913,12.483453],[122.648545,12.483272],[122.648545,12.483453],[122.648913,12.483453]]],[[[122.520259,12.483436],[122.520075,12.483616],[122.520259,12.483617],[122.520259,12.483436]]],[[[122.647808,12.483452],[122.64836,12.483633],[122.64836,12.483452],[122.647808,12.483452]]],[[[122.459402,12.483491],[122.459217,12.483672],[122.459401,12.483672],[122.459402,12.483491]]],[[[122.468604,12.483809],[122.46842,12.48369],[122.46842,12.483777],[122.468604,12.483809]]],[[[122.647624,12.483632],[122.646704,12.483631],[122.645968,12.483449],[122.646519,12.483812],[122.647624,12.483632]]],[[[122.467684,12.483689],[122.467499,12.483869],[122.467683,12.48387],[122.467684,12.483689]]],[[[122.520994,12.48398],[122.521179,12.483799],[122.520995,12.483799],[122.520994,12.48398]]],[[[122.459769,12.484003],[122.459585,12.483853],[122.459585,12.483947],[122.459769,12.484003]]],[[[122.468972,12.483872],[122.468787,12.48389],[122.468971,12.484037],[122.468972,12.483872]]],[[[122.466763,12.484049],[122.466578,12.484147],[122.466762,12.484077],[122.466763,12.484049]]],[[[122.520994,12.48398],[122.52081,12.48416],[122.520994,12.48416],[122.520994,12.48398]]],[[[122.469523,12.484416],[122.469498,12.484457],[122.469522,12.484488],[122.469523,12.484416]]],[[[122.460871,12.48476],[122.460688,12.484579],[122.460712,12.48473],[122.460871,12.48476]]],[[[122.465114,12.484741],[122.465289,12.484588],[122.465105,12.484588],[122.465114,12.484741]]],[[[122.52081,12.48416],[122.520624,12.484883],[122.520809,12.484884],[122.52081,12.48416]]],[[[122.460871,12.48476],[122.461055,12.484941],[122.461055,12.484761],[122.460871,12.48476]]],[[[122.46492,12.484949],[122.464736,12.484768],[122.464736,12.484949],[122.46492,12.484949]]],[[[122.461055,12.484941],[122.461239,12.485123],[122.461239,12.484942],[122.461055,12.484941]]],[[[122.520809,12.484884],[122.520992,12.485246],[122.520993,12.484884],[122.520809,12.484884]]],[[[122.464,12.485128],[122.463815,12.485309],[122.463999,12.485309],[122.464,12.485128]]],[[[122.470257,12.485141],[122.470073,12.485321],[122.470257,12.485321],[122.470257,12.485141]]],[[[122.505903,12.48341],[122.505717,12.484495],[122.504428,12.484854],[122.504243,12.485396],[122.505164,12.484855],[122.505716,12.485037],[122.505903,12.48341]]],[[[122.520992,12.485246],[122.521176,12.485427],[122.521176,12.485246],[122.520992,12.485246]]],[[[122.462711,12.485307],[122.463447,12.485489],[122.463447,12.485308],[122.462711,12.485307]]],[[[122.470625,12.485322],[122.470441,12.485503],[122.470625,12.485503],[122.470625,12.485322]]],[[[122.519519,12.485424],[122.519335,12.485604],[122.519519,12.485605],[122.519519,12.485424]]],[[[122.520439,12.485425],[122.520255,12.485606],[122.520439,12.485606],[122.520439,12.485425]]],[[[122.461422,12.485304],[122.461238,12.485665],[122.461422,12.485666],[122.461422,12.485304]]],[[[122.46271,12.485487],[122.462526,12.485668],[122.46271,12.485668],[122.46271,12.485487]]],[[[122.471176,12.485685],[122.470809,12.485503],[122.470808,12.485684],[122.471176,12.485685]]],[[[122.504242,12.485577],[122.504058,12.485758],[122.504242,12.485758],[122.504242,12.485577]]],[[[122.521543,12.485789],[122.521727,12.485609],[122.521543,12.485608],[122.521543,12.485789]]],[[[122.471176,12.485685],[122.47136,12.485866],[122.47136,12.485685],[122.471176,12.485685]]],[[[122.521543,12.485789],[122.521359,12.48597],[122.521543,12.48597],[122.521543,12.485789]]],[[[122.461237,12.485846],[122.461101,12.486027],[122.461237,12.486027],[122.461237,12.485846]]],[[[122.462526,12.485668],[122.462341,12.486029],[122.462525,12.48603],[122.462526,12.485668]]],[[[122.509211,12.485948],[122.509027,12.486128],[122.509211,12.486129],[122.509211,12.485948]]],[[[122.509579,12.485948],[122.509395,12.486129],[122.509579,12.486129],[122.509579,12.485948]]],[[[122.519334,12.485966],[122.51915,12.486147],[122.519334,12.486147],[122.519334,12.485966]]],[[[122.521543,12.48597],[122.521726,12.486151],[122.521727,12.48597],[122.521543,12.48597]]],[[[122.522095,12.486152],[122.521911,12.485971],[122.521911,12.486151],[122.522095,12.486152]]],[[[122.504057,12.486119],[122.503873,12.4863],[122.504057,12.4863],[122.504057,12.486119]]],[[[122.471544,12.485867],[122.471359,12.486409],[122.471543,12.486409],[122.471544,12.485867]]],[[[122.522279,12.486152],[122.522094,12.486694],[122.522278,12.486695],[122.522279,12.486152]]],[[[122.461417,12.486751],[122.461419,12.486753],[122.461419,12.486751],[122.461417,12.486751]]],[[[122.503872,12.486661],[122.503688,12.486842],[122.503872,12.486842],[122.503872,12.486661]]],[[[122.509946,12.486492],[122.509762,12.486853],[122.509946,12.486853],[122.509946,12.486492]]],[[[122.50608,12.487027],[122.506265,12.486847],[122.506081,12.486846],[122.50608,12.487027]]],[[[122.522278,12.486695],[122.522461,12.487057],[122.522462,12.486695],[122.522278,12.486695]]],[[[122.503503,12.487023],[122.503319,12.487203],[122.503503,12.487203],[122.503503,12.487023]]],[[[122.50608,12.487027],[122.505896,12.487208],[122.50608,12.487208],[122.50608,12.487027]]],[[[122.632343,12.487048],[122.632158,12.487229],[122.632342,12.487229],[122.632343,12.487048]]],[[[122.505896,12.487208],[122.505711,12.487388],[122.505895,12.487389],[122.505896,12.487208]]],[[[122.522645,12.487057],[122.52246,12.487599],[122.522644,12.4876],[122.522645,12.487057]]],[[[122.505711,12.487569],[122.505527,12.48775],[122.505711,12.48775],[122.505711,12.487569]]],[[[122.632158,12.48759],[122.63179,12.487409],[122.631789,12.487771],[122.632158,12.48759]]],[[[122.522644,12.4876],[122.522828,12.487781],[122.522828,12.4876],[122.522644,12.4876]]],[[[122.509024,12.487756],[122.508839,12.487937],[122.509023,12.487937],[122.509024,12.487756]]],[[[122.631789,12.487771],[122.631605,12.487951],[122.631789,12.487952],[122.631789,12.487771]]],[[[122.51933,12.487955],[122.519701,12.486871],[122.519333,12.486328],[122.51933,12.487955]]],[[[122.477245,12.488048],[122.47743,12.487867],[122.477246,12.487867],[122.477245,12.488048]]],[[[122.480927,12.487874],[122.480375,12.487511],[122.47835,12.487688],[122.47931,12.488052],[122.480927,12.487874]]],[[[122.612095,12.488105],[122.611911,12.487924],[122.611911,12.488105],[122.612095,12.488105]]],[[[122.505526,12.487931],[122.505342,12.488111],[122.505526,12.488111],[122.505526,12.487931]]],[[[122.508103,12.487935],[122.508471,12.488117],[122.508471,12.487936],[122.508103,12.487935]]],[[[122.523012,12.487962],[122.522827,12.488143],[122.523011,12.488143],[122.523012,12.487962]]],[[[122.477245,12.488048],[122.477061,12.488228],[122.477245,12.488229],[122.477245,12.488048]]],[[[122.480927,12.488055],[122.481294,12.488237],[122.481295,12.488056],[122.480927,12.488055]]],[[[122.612279,12.488105],[122.612094,12.488286],[122.612279,12.488286],[122.612279,12.488105]]],[[[122.503317,12.488288],[122.503502,12.487565],[122.503318,12.487565],[122.503317,12.488288]]],[[[122.508103,12.488116],[122.507918,12.488297],[122.508102,12.488297],[122.508103,12.488116]]],[[[122.631421,12.487951],[122.63087,12.487408],[122.631239,12.486685],[122.632711,12.487049],[122.634186,12.485242],[122.635658,12.485063],[122.635659,12.484521],[122.634186,12.48488],[122.634187,12.484338],[122.634556,12.483434],[122.635661,12.483255],[122.63603,12.482712],[122.634925,12.482711],[122.634373,12.483253],[122.633818,12.485061],[122.632712,12.486144],[122.630687,12.486684],[122.630501,12.487588],[122.631052,12.488312],[122.631421,12.487951]]],[[[122.481294,12.488237],[122.481662,12.488418],[122.481662,12.488237],[122.481294,12.488237]]],[[[122.597186,12.488264],[122.597554,12.488445],[122.597554,12.488084],[122.597186,12.488264]]],[[[122.612094,12.488286],[122.61191,12.488466],[122.612094,12.488467],[122.612094,12.488286]]],[[[122.502581,12.488106],[122.502212,12.488467],[122.50258,12.488468],[122.502581,12.488106]]],[[[122.503317,12.488469],[122.502765,12.488287],[122.502764,12.488468],[122.503317,12.488469]]],[[[122.626267,12.488306],[122.626083,12.488486],[122.626267,12.488487],[122.626267,12.488306]]],[[[122.626635,12.488306],[122.626451,12.488487],[122.626635,12.488487],[122.626635,12.488306]]],[[[122.633997,12.488497],[122.634182,12.487774],[122.635656,12.486872],[122.635658,12.485244],[122.63529,12.485424],[122.635472,12.486691],[122.634183,12.487231],[122.633997,12.488497]]],[[[122.519699,12.487956],[122.519513,12.488498],[122.519698,12.488499],[122.519699,12.487956]]],[[[122.523195,12.488324],[122.523011,12.488505],[122.523195,12.488505],[122.523195,12.488324]]],[[[122.472459,12.4884],[122.472355,12.488581],[122.472459,12.488581],[122.472459,12.4884]]],[[[122.48203,12.488419],[122.481846,12.488599],[122.48203,12.4886],[122.48203,12.488419]]],[[[122.61191,12.488466],[122.611726,12.488647],[122.61191,12.488647],[122.61191,12.488466]]],[[[122.612831,12.487925],[122.612462,12.488648],[122.61283,12.488648],[122.612831,12.487925]]],[[[122.625714,12.488848],[122.62553,12.488486],[122.62553,12.488847],[122.625714,12.488848]]],[[[122.519698,12.488499],[122.519881,12.488861],[122.519882,12.488499],[122.519698,12.488499]]],[[[122.523378,12.488867],[122.52301,12.488685],[122.52301,12.488866],[122.523378,12.488867]]],[[[122.611726,12.488828],[122.611541,12.489008],[122.611725,12.489009],[122.611726,12.488828]]],[[[122.520065,12.489042],[122.520249,12.488861],[122.520065,12.488861],[122.520065,12.489042]]],[[[122.523378,12.488867],[122.523562,12.489048],[122.523562,12.488867],[122.523378,12.488867]]],[[[122.476139,12.48895],[122.475955,12.489131],[122.476139,12.489131],[122.476139,12.48895]]],[[[122.482582,12.488782],[122.482397,12.489143],[122.482581,12.489143],[122.482582,12.488782]]],[[[122.598657,12.48917],[122.598842,12.488628],[122.598474,12.488447],[122.598657,12.48917]]],[[[122.509389,12.489023],[122.509021,12.489203],[122.509389,12.489204],[122.509389,12.489023]]],[[[122.523562,12.489048],[122.523745,12.489229],[122.523746,12.489048],[122.523562,12.489048]]],[[[122.524482,12.48905],[122.524298,12.48923],[122.524482,12.489231],[122.524482,12.48905]]],[[[122.611357,12.48937],[122.611541,12.489189],[122.611357,12.489189],[122.611357,12.48937]]],[[[122.504788,12.489195],[122.504603,12.489376],[122.504787,12.489376],[122.504788,12.489195]]],[[[122.520065,12.489042],[122.51988,12.489403],[122.520064,12.489404],[122.520065,12.489042]]],[[[122.475034,12.48931],[122.47485,12.48949],[122.475034,12.48949],[122.475034,12.48931]]],[[[122.610436,12.489368],[122.610252,12.489549],[122.610436,12.489549],[122.610436,12.489368]]],[[[122.610804,12.489369],[122.61062,12.48955],[122.610804,12.48955],[122.610804,12.489369]]],[[[122.611357,12.48937],[122.611172,12.48955],[122.611356,12.489551],[122.611357,12.48937]]],[[[122.627002,12.48903],[122.626817,12.489573],[122.627001,12.489573],[122.627002,12.48903]]],[[[122.520064,12.489404],[122.520248,12.489585],[122.520248,12.489404],[122.520064,12.489404]]],[[[122.472641,12.489486],[122.472457,12.489592],[122.472641,12.489664],[122.472641,12.489486]]],[[[122.48939,12.489699],[122.488838,12.489336],[122.488838,12.489698],[122.48939,12.489699]]],[[[122.472994,12.489754],[122.472825,12.489667],[122.472825,12.489729],[122.472994,12.489754]]],[[[122.474481,12.489851],[122.474297,12.48967],[122.474297,12.489851],[122.474481,12.489851]]],[[[122.597002,12.488444],[122.596448,12.489348],[122.596999,12.48986],[122.597185,12.488987],[122.597002,12.488444]]],[[[122.501106,12.489731],[122.500921,12.489911],[122.501105,12.489912],[122.501106,12.489731]]],[[[122.594607,12.489888],[122.594606,12.489912],[122.594716,12.489888],[122.594607,12.489888]]],[[[122.627185,12.489754],[122.627001,12.489934],[122.627185,12.489935],[122.627185,12.489754]]],[[[122.48939,12.489699],[122.490493,12.490063],[122.490494,12.489701],[122.48939,12.489699]]],[[[122.594238,12.490068],[122.594238,12.490069],[122.594239,12.490068],[122.594238,12.490068]]],[[[122.502394,12.489914],[122.502209,12.490095],[122.502393,12.490095],[122.502394,12.489914]]],[[[122.490493,12.490063],[122.490677,12.490244],[122.490677,12.490063],[122.490493,12.490063]]],[[[122.500921,12.490092],[122.500736,12.490273],[122.50092,12.490273],[122.500921,12.490092]]],[[[122.503497,12.490278],[122.503314,12.490097],[122.503313,12.490278],[122.503497,12.490278]]],[[[122.50405,12.490098],[122.503865,12.490279],[122.504049,12.490279],[122.50405,12.490098]]],[[[122.594054,12.490249],[122.594054,12.49029],[122.594102,12.490249],[122.594054,12.490249]]],[[[122.625714,12.489028],[122.625712,12.489933],[122.62608,12.490295],[122.626266,12.488848],[122.625714,12.489028]]],[[[122.627368,12.490297],[122.627185,12.490116],[122.627184,12.490296],[122.627368,12.490297]]],[[[122.482578,12.490409],[122.482395,12.490228],[122.482394,12.490409],[122.482578,12.490409]]],[[[122.598473,12.48917],[122.597736,12.48935],[122.598288,12.489532],[122.598655,12.490436],[122.598473,12.48917]]],[[[122.503497,12.490278],[122.503681,12.490459],[122.503681,12.490278],[122.503497,12.490278]]],[[[122.593869,12.490429],[122.593869,12.490478],[122.593924,12.490429],[122.593869,12.490429]]],[[[122.482578,12.490409],[122.482762,12.49059],[122.482762,12.49041],[122.482578,12.490409]]],[[[122.593685,12.49061],[122.593685,12.490634],[122.593716,12.49061],[122.593685,12.49061]]],[[[122.62608,12.490295],[122.626264,12.490657],[122.626264,12.490295],[122.62608,12.490295]]],[[[122.627368,12.490297],[122.627552,12.490659],[122.627552,12.490297],[122.627368,12.490297]]],[[[122.503865,12.49064],[122.50368,12.490821],[122.503864,12.490821],[122.503865,12.49064]]],[[[122.593317,12.49079],[122.593316,12.490921],[122.593499,12.49079],[122.593317,12.49079]]],[[[122.483314,12.490772],[122.483129,12.490953],[122.483313,12.490953],[122.483314,12.490772]]],[[[122.606017,12.490809],[122.606201,12.49099],[122.606201,12.490809],[122.606017,12.490809]]],[[[122.607305,12.490811],[122.607121,12.490991],[122.607305,12.490992],[122.607305,12.490811]]],[[[122.607857,12.490992],[122.607673,12.490811],[122.607673,12.490992],[122.607857,12.490992]]],[[[122.626264,12.490657],[122.626447,12.491019],[122.626448,12.490657],[122.626264,12.490657]]],[[[122.627552,12.490659],[122.627735,12.491021],[122.627736,12.490659],[122.627552,12.490659]]],[[[122.593132,12.490971],[122.593132,12.491041],[122.593246,12.490971],[122.593132,12.490971]]],[[[122.487363,12.490961],[122.487178,12.491141],[122.487362,12.491142],[122.487363,12.490961]]],[[[122.507177,12.491189],[122.50773,12.490467],[122.507734,12.488477],[122.506811,12.489741],[122.507177,12.491189]]],[[[122.627735,12.491021],[122.627919,12.491202],[122.62792,12.491021],[122.627735,12.491021]]],[[[122.490859,12.491148],[122.490675,12.491329],[122.490859,12.491329],[122.490859,12.491148]]],[[[122.606017,12.490628],[122.603808,12.490806],[122.603623,12.491348],[122.605464,12.49117],[122.606017,12.490628]]],[[[122.627919,12.491202],[122.628103,12.491383],[122.628103,12.491202],[122.627919,12.491202]]],[[[122.603623,12.491348],[122.603439,12.491529],[122.603623,12.491529],[122.603623,12.491348]]],[[[122.626631,12.4912],[122.626446,12.491561],[122.62663,12.491562],[122.626631,12.4912]]],[[[122.628103,12.491383],[122.628287,12.491564],[122.628287,12.491383],[122.628103,12.491383]]],[[[122.591843,12.491511],[122.591843,12.491571],[122.592011,12.491512],[122.591843,12.491511]]],[[[122.525582,12.491403],[122.52595,12.491584],[122.52595,12.491403],[122.525582,12.491403]]],[[[122.603439,12.491529],[122.603254,12.491709],[122.603439,12.491709],[122.603439,12.491529]]],[[[122.633629,12.488497],[122.633626,12.490848],[122.634914,12.49085],[122.635097,12.491714],[122.635653,12.489042],[122.634547,12.490126],[122.634181,12.488859],[122.633629,12.488497]]],[[[122.607857,12.491173],[122.608408,12.491717],[122.609328,12.491718],[122.609881,12.491176],[122.6097,12.489548],[122.609147,12.489909],[122.609513,12.491176],[122.609145,12.491537],[122.607857,12.491173]]],[[[122.628287,12.491564],[122.628471,12.491745],[122.628471,12.491564],[122.628287,12.491564]]],[[[122.487545,12.491685],[122.487361,12.491865],[122.487545,12.491866],[122.487545,12.491685]]],[[[122.603254,12.491709],[122.60307,12.49189],[122.603254,12.49189],[122.603254,12.491709]]],[[[122.50736,12.491551],[122.507175,12.491912],[122.507359,12.491913],[122.50736,12.491551]]],[[[122.512145,12.491741],[122.511777,12.491921],[122.512145,12.491921],[122.512145,12.491741]]],[[[122.513249,12.491923],[122.513065,12.491742],[122.513065,12.491923],[122.513249,12.491923]]],[[[122.628471,12.491745],[122.628839,12.491926],[122.628839,12.491746],[122.628471,12.491745]]],[[[122.630312,12.491567],[122.630679,12.491748],[122.63068,12.491567],[122.630312,12.491567]]],[[[122.484232,12.491859],[122.483863,12.492039],[122.484232,12.49204],[122.484232,12.491859]]],[[[122.600862,12.491706],[122.59939,12.491523],[122.598655,12.490436],[122.599205,12.491703],[122.600125,12.492066],[122.600862,12.491706]]],[[[122.60307,12.49189],[122.602886,12.49207],[122.60307,12.492071],[122.60307,12.49189]]],[[[122.509936,12.491917],[122.509752,12.492098],[122.509936,12.492098],[122.509936,12.491917]]],[[[122.511593,12.49192],[122.510488,12.492099],[122.511592,12.492101],[122.511593,12.49192]]],[[[122.513249,12.491923],[122.513433,12.492105],[122.513433,12.491924],[122.513249,12.491923]]],[[[122.629207,12.491927],[122.629022,12.492108],[122.629206,12.492108],[122.629207,12.491927]]],[[[122.622948,12.492112],[122.623068,12.492103],[122.623088,12.492099],[122.622948,12.492099],[122.622948,12.492112]]],[[[122.634913,12.491935],[122.634995,12.492],[122.635016,12.491935],[122.634913,12.491935]]],[[[122.601414,12.491887],[122.601045,12.492248],[122.602149,12.49225],[122.601414,12.491887]]],[[[122.602886,12.49207],[122.602701,12.492251],[122.602886,12.492251],[122.602886,12.49207]]],[[[122.623869,12.4921],[122.623642,12.492164],[122.623868,12.49227],[122.623869,12.4921]]],[[[122.513433,12.492105],[122.513617,12.492286],[122.513617,12.492105],[122.513433,12.492105]]],[[[122.630311,12.49229],[122.630127,12.492109],[122.62939,12.492289],[122.630311,12.49229]]],[[[122.634912,12.492116],[122.634728,12.492296],[122.63483,12.492296],[122.634912,12.492116]]],[[[122.485888,12.492224],[122.485703,12.492405],[122.485887,12.492405],[122.485888,12.492224]]],[[[122.624237,12.492282],[122.624052,12.492333],[122.624236,12.492408],[122.624237,12.492282]]],[[[122.495642,12.492423],[122.495643,12.492062],[122.494907,12.49206],[122.494907,12.492241],[122.495642,12.492423]]],[[[122.602701,12.492432],[122.602149,12.49225],[122.602149,12.492431],[122.602701,12.492432]]],[[[122.590001,12.492413],[122.590001,12.492447],[122.590087,12.492413],[122.590001,12.492413]]],[[[122.507175,12.492274],[122.50699,12.492455],[122.507174,12.492455],[122.507175,12.492274]]],[[[122.509199,12.492278],[122.509015,12.492458],[122.509199,12.492459],[122.509199,12.492278]]],[[[122.513617,12.492286],[122.5138,12.492467],[122.513801,12.492286],[122.513617,12.492286]]],[[[122.520243,12.491936],[122.519875,12.491935],[122.519691,12.492297],[122.520242,12.492478],[122.520243,12.491936]]],[[[122.520247,12.489766],[122.520615,12.489947],[122.520611,12.492479],[122.521166,12.490491],[122.520616,12.489585],[122.520247,12.489766]]],[[[122.620923,12.492458],[122.620923,12.49248],[122.620989,12.492458],[122.620923,12.492458]]],[[[122.493066,12.492419],[122.492515,12.491694],[122.491594,12.492235],[122.490674,12.492052],[122.490673,12.492595],[122.493066,12.492419]]],[[[122.494354,12.492421],[122.49417,12.492602],[122.494354,12.492602],[122.494354,12.492421]]],[[[122.495458,12.492423],[122.495274,12.492604],[122.495458,12.492604],[122.495458,12.492423]]],[[[122.508647,12.492458],[122.508462,12.492638],[122.508646,12.492638],[122.508647,12.492458]]],[[[122.6316,12.491388],[122.6316,12.491749],[122.632704,12.491751],[122.633071,12.492656],[122.633623,12.492656],[122.633073,12.49139],[122.6316,12.491388]]],[[[122.63436,12.492477],[122.633991,12.492657],[122.634359,12.492651],[122.63436,12.492477]]],[[[122.489384,12.492593],[122.489752,12.492774],[122.489752,12.492593],[122.489384,12.492593]]],[[[122.493065,12.492599],[122.493249,12.492781],[122.493249,12.4926],[122.493065,12.492599]]],[[[122.49509,12.492603],[122.494906,12.492784],[122.49509,12.492784],[122.49509,12.492603]]],[[[122.620371,12.492638],[122.619818,12.492796],[122.620371,12.492638],[122.620371,12.492638]]],[[[122.506805,12.492816],[122.50699,12.492635],[122.506806,12.492635],[122.506805,12.492816]]],[[[122.508278,12.492638],[122.508094,12.492818],[122.508278,12.492819],[122.508278,12.492638]]],[[[122.625156,12.492826],[122.625156,12.492827],[122.625156,12.492827],[122.625156,12.492826]]],[[[122.626813,12.492828],[122.627734,12.492287],[122.62663,12.491743],[122.626813,12.492828]]],[[[122.5138,12.492467],[122.513984,12.492829],[122.513984,12.492467],[122.5138,12.492467]]],[[[122.525398,12.491583],[122.524845,12.491944],[122.525763,12.49285],[122.525396,12.492307],[122.525398,12.491583]]],[[[122.52595,12.491765],[122.52742,12.492853],[122.52834,12.492854],[122.526869,12.492309],[122.526502,12.491585],[122.52595,12.491765]]],[[[122.61283,12.488829],[122.61375,12.488831],[122.614668,12.490279],[122.615956,12.491004],[122.615219,12.491546],[122.615218,12.492088],[122.616321,12.492927],[122.615954,12.492089],[122.616324,12.490824],[122.613935,12.48865],[122.61283,12.488829]]],[[[122.506805,12.492816],[122.506621,12.492996],[122.506805,12.492997],[122.506805,12.492816]]],[[[122.626629,12.492828],[122.626444,12.493008],[122.626628,12.493009],[122.626629,12.492828]]],[[[122.528892,12.492855],[122.528524,12.493036],[122.528892,12.493036],[122.528892,12.492855]]],[[[122.62626,12.493008],[122.626076,12.493086],[122.62626,12.493078],[122.62626,12.493008]]],[[[122.616689,12.492995],[122.616505,12.493042],[122.616689,12.493156],[122.616689,12.492995]]],[[[122.617241,12.492995],[122.617057,12.493176],[122.617241,12.493176],[122.617241,12.492995]]],[[[122.508094,12.492999],[122.507909,12.49318],[122.508093,12.49318],[122.508094,12.492999]]],[[[122.51969,12.492839],[122.519505,12.493201],[122.519689,12.493201],[122.51969,12.492839]]],[[[122.529444,12.493218],[122.529076,12.493037],[122.529076,12.493217],[122.529444,12.493218]]],[[[122.617609,12.493275],[122.618713,12.493178],[122.619755,12.492818],[122.617609,12.493275]]],[[[122.489383,12.492954],[122.489016,12.492773],[122.489015,12.493315],[122.489383,12.492954]]],[[[122.490119,12.493317],[122.490488,12.492775],[122.489936,12.492774],[122.490119,12.493317]]],[[[122.506621,12.492996],[122.506436,12.493358],[122.50662,12.493358],[122.506621,12.492996]]],[[[122.514168,12.492829],[122.513983,12.493372],[122.514167,12.493372],[122.514168,12.492829]]],[[[122.520057,12.493382],[122.519873,12.493201],[122.519873,12.493382],[122.520057,12.493382]]],[[[122.529444,12.493218],[122.529628,12.493399],[122.529628,12.493218],[122.529444,12.493218]]],[[[122.489199,12.493316],[122.489935,12.493498],[122.489935,12.493317],[122.489199,12.493316]]],[[[122.491775,12.493501],[122.492144,12.49314],[122.491592,12.493139],[122.491775,12.493501]]],[[[122.494536,12.493506],[122.494721,12.492783],[122.493984,12.493505],[122.494536,12.493506]]],[[[122.507724,12.493541],[122.507909,12.493361],[122.507725,12.49336],[122.507724,12.493541]]],[[[122.513614,12.493552],[122.513799,12.493371],[122.513615,12.493371],[122.513614,12.493552]]],[[[122.520057,12.493382],[122.52024,12.493564],[122.520241,12.493383],[122.520057,12.493382]]],[[[122.526867,12.493394],[122.526682,12.493575],[122.526867,12.493575],[122.526867,12.493394]]],[[[122.53018,12.493581],[122.529812,12.4934],[122.529811,12.49358],[122.53018,12.493581]]],[[[122.484229,12.493125],[122.484229,12.493487],[122.484596,12.493669],[122.484597,12.493307],[122.484229,12.493125]]],[[[122.494536,12.493506],[122.494904,12.493688],[122.494904,12.493507],[122.494536,12.493506]]],[[[122.583925,12.493669],[122.583925,12.493691],[122.583975,12.49367],[122.583925,12.493669]]],[[[122.507724,12.493541],[122.50754,12.493722],[122.507724,12.493722],[122.507724,12.493541]]],[[[122.494904,12.493688],[122.496192,12.493871],[122.496192,12.49369],[122.494904,12.493688]]],[[[122.513614,12.493733],[122.513062,12.493732],[122.513061,12.493912],[122.513614,12.493733]]],[[[122.520424,12.493745],[122.52024,12.493925],[122.520424,12.493926],[122.520424,12.493745]]],[[[122.52705,12.493937],[122.526866,12.493756],[122.526866,12.493937],[122.52705,12.493937]]],[[[122.530548,12.493582],[122.530363,12.493943],[122.530915,12.493944],[122.530548,12.493582]]],[[[122.486252,12.494033],[122.487541,12.493674],[122.487727,12.493132],[122.486069,12.49349],[122.486252,12.494033]]],[[[122.486806,12.493492],[122.487173,12.493673],[122.487174,12.493493],[122.486806,12.493492]]],[[[122.506804,12.49372],[122.506619,12.494082],[122.506803,12.494082],[122.506804,12.49372]]],[[[122.507172,12.493902],[122.506987,12.494082],[122.507171,12.494083],[122.507172,12.493902]]],[[[122.513061,12.494093],[122.512693,12.493912],[122.512693,12.494093],[122.513061,12.494093]]],[[[122.52705,12.493937],[122.52797,12.49412],[122.52797,12.493939],[122.52705,12.493937]]],[[[122.531283,12.493945],[122.531099,12.494125],[122.531283,12.494126],[122.531283,12.493945]]],[[[122.580427,12.494207],[122.581348,12.494027],[122.581348,12.493846],[122.580244,12.493664],[122.580427,12.494207]]],[[[122.57877,12.494204],[122.5791,12.494233],[122.579139,12.494205],[122.57877,12.494204]]],[[[122.512693,12.494093],[122.512509,12.494273],[122.512693,12.494273],[122.512693,12.494093]]],[[[122.528522,12.494121],[122.528154,12.494301],[122.528522,12.494302],[122.528522,12.494121]]],[[[122.556683,12.494349],[122.556867,12.494169],[122.556683,12.494169],[122.556683,12.494349]]],[[[122.580243,12.494206],[122.580059,12.494387],[122.580243,12.494387],[122.580243,12.494206]]],[[[122.497664,12.494236],[122.497112,12.493873],[122.497111,12.494416],[122.497664,12.494236]]],[[[122.497664,12.494236],[122.497847,12.494417],[122.497848,12.494236],[122.497664,12.494236]]],[[[122.51214,12.494272],[122.511772,12.494453],[122.51214,12.494453],[122.51214,12.494272]]],[[[122.52889,12.494483],[122.528706,12.494302],[122.528705,12.494483],[122.52889,12.494483]]],[[[122.531467,12.494307],[122.531282,12.494487],[122.531466,12.494488],[122.531467,12.494307]]],[[[122.555947,12.494348],[122.555762,12.494529],[122.555946,12.494529],[122.555947,12.494348]]],[[[122.556683,12.494349],[122.556499,12.49453],[122.556683,12.49453],[122.556683,12.494349]]],[[[122.556867,12.49435],[122.557051,12.494531],[122.557051,12.49435],[122.556867,12.49435]]],[[[122.496375,12.494414],[122.49619,12.494595],[122.496374,12.494595],[122.496375,12.494414]]],[[[122.498215,12.494599],[122.498031,12.494417],[122.498031,12.494598],[122.498215,12.494599]]],[[[122.504777,12.494621],[122.504594,12.49444],[122.504593,12.49462],[122.504777,12.494621]]],[[[122.511036,12.494451],[122.510851,12.494632],[122.511035,12.494632],[122.511036,12.494451]]],[[[122.521159,12.49447],[122.520975,12.49465],[122.521159,12.49465],[122.521159,12.49447]]],[[[122.498215,12.494599],[122.498399,12.49478],[122.498399,12.494599],[122.498215,12.494599]]],[[[122.504777,12.494621],[122.504961,12.494802],[122.504961,12.494621],[122.504777,12.494621]]],[[[122.510115,12.494631],[122.509747,12.494811],[122.510115,12.494811],[122.510115,12.494631]]],[[[122.521711,12.494651],[122.521526,12.494832],[122.521711,12.494832],[122.521711,12.494651]]],[[[122.557419,12.494712],[122.557234,12.494893],[122.557418,12.494893],[122.557419,12.494712]]],[[[122.573248,12.494738],[122.573063,12.4949],[122.573248,12.494884],[122.573248,12.494738]]],[[[122.496558,12.494957],[122.496374,12.494776],[122.496374,12.494957],[122.496558,12.494957]]],[[[122.498215,12.494779],[122.49803,12.49496],[122.498214,12.49496],[122.498215,12.494779]]],[[[122.509194,12.49481],[122.508642,12.49499],[122.509194,12.494991],[122.509194,12.49481]]],[[[122.523183,12.494835],[122.522999,12.495015],[122.523183,12.495016],[122.523183,12.494835]]],[[[122.531834,12.49485],[122.531649,12.495031],[122.531834,12.495031],[122.531834,12.49485]]],[[[122.572143,12.495098],[122.572143,12.495108],[122.572166,12.495098],[122.572143,12.495098]]],[[[122.496927,12.494415],[122.496926,12.494777],[122.496557,12.495138],[122.49711,12.494958],[122.496927,12.494415]]],[[[122.508274,12.494989],[122.507905,12.495169],[122.508273,12.49517],[122.508274,12.494989]]],[[[122.507721,12.495169],[122.507353,12.495349],[122.507721,12.49535],[122.507721,12.495169]]],[[[122.571774,12.495278],[122.571774,12.495385],[122.571875,12.495278],[122.571774,12.495278]]],[[[122.559442,12.495258],[122.559626,12.495439],[122.559626,12.495259],[122.559442,12.495258]]],[[[122.498214,12.495322],[122.498029,12.495502],[122.498213,12.495503],[122.498214,12.495322]]],[[[122.507169,12.495349],[122.506984,12.495529],[122.507168,12.495529],[122.507169,12.495349]]],[[[122.532017,12.495393],[122.531833,12.495573],[122.532017,12.495574],[122.532017,12.495393]]],[[[122.544901,12.495415],[122.544717,12.495595],[122.544901,12.495596],[122.544901,12.495415]]],[[[122.490668,12.495127],[122.490482,12.495669],[122.490667,12.495669],[122.490668,12.495127]]],[[[122.494348,12.495676],[122.495084,12.495497],[122.495085,12.495316],[122.494348,12.495315],[122.494348,12.495676]]],[[[122.496188,12.49568],[122.496373,12.495318],[122.495453,12.495317],[122.495452,12.495498],[122.496188,12.49568]]],[[[122.504408,12.495524],[122.504223,12.495705],[122.504407,12.495705],[122.504408,12.495524]]],[[[122.505145,12.494802],[122.505881,12.495165],[122.50588,12.495708],[122.506248,12.495709],[122.506065,12.494804],[122.505145,12.494802]]],[[[122.5068,12.495529],[122.506616,12.495709],[122.5068,12.49571],[122.5068,12.495529]]],[[[122.524102,12.49556],[122.524,12.495741],[122.524102,12.495741],[122.524102,12.49556]]],[[[122.544533,12.495595],[122.544348,12.495776],[122.544532,12.495776],[122.544533,12.495595]]],[[[122.559443,12.495077],[122.558891,12.494534],[122.557602,12.494894],[122.558338,12.495076],[122.558337,12.495799],[122.559443,12.495077]]],[[[122.496004,12.495815],[122.495636,12.495679],[122.495636,12.49586],[122.496004,12.495815]]],[[[122.571221,12.49582],[122.571037,12.496],[122.571221,12.495912],[122.571221,12.49582]]],[[[122.495636,12.49586],[122.495451,12.49604],[122.495635,12.496016],[122.495636,12.49586]]],[[[122.498949,12.496047],[122.499685,12.495686],[122.499686,12.495325],[122.498581,12.495503],[122.498949,12.496047]]],[[[122.524285,12.496103],[122.524101,12.495922],[122.524101,12.496102],[122.524285,12.496103]]],[[[122.532016,12.495935],[122.531832,12.496116],[122.532016,12.496116],[122.532016,12.495935]]],[[[122.490591,12.496212],[122.490627,12.496237],[122.49064,12.496212],[122.490591,12.496212]]],[[[122.524285,12.496103],[122.524469,12.496284],[122.524469,12.496103],[122.524285,12.496103]]],[[[122.570669,12.496181],[122.570484,12.496361],[122.570668,12.496291],[122.570669,12.496181]]],[[[122.490665,12.496393],[122.490553,12.496385],[122.490535,12.496393],[122.490665,12.496393]]],[[[122.494347,12.495857],[122.494162,12.496399],[122.494346,12.4964],[122.494347,12.495857]]],[[[122.495432,12.496221],[122.495267,12.496402],[122.495314,12.496402],[122.495432,12.496221]]],[[[122.499316,12.496228],[122.499132,12.496409],[122.499316,12.496409],[122.499316,12.496228]]],[[[122.501093,12.496242],[122.500909,12.496422],[122.501093,12.496423],[122.501093,12.496242]]],[[[122.50459,12.496248],[122.504406,12.496429],[122.50459,12.496429],[122.50459,12.496248]]],[[[122.524469,12.496284],[122.524653,12.496465],[122.524653,12.496284],[122.524469,12.496284]]],[[[122.531463,12.496477],[122.531647,12.496296],[122.531463,12.496296],[122.531463,12.496477]]],[[[122.5703,12.496361],[122.570116,12.496541],[122.5703,12.496457],[122.5703,12.496361]]],[[[122.499684,12.49641],[122.4995,12.49659],[122.499684,12.496591],[122.499684,12.49641]]],[[[122.52502,12.496647],[122.524837,12.496465],[122.524836,12.496646],[122.52502,12.496647]]],[[[122.490852,12.495127],[122.491403,12.495671],[122.491585,12.496756],[122.491587,12.49549],[122.49122,12.494947],[122.490852,12.495127]]],[[[122.495209,12.496582],[122.495082,12.496763],[122.495127,12.496763],[122.495209,12.496582]]],[[[122.52502,12.496647],[122.525204,12.496828],[122.525204,12.496647],[122.52502,12.496647]]],[[[122.544348,12.496137],[122.544162,12.496861],[122.544346,12.496861],[122.544348,12.496137]]],[[[122.525204,12.496828],[122.525388,12.497009],[122.525388,12.496828],[122.525204,12.496828]]],[[[122.55944,12.496524],[122.559808,12.496706],[122.55981,12.495621],[122.559073,12.4958],[122.559255,12.497064],[122.55944,12.496524]]],[[[122.491216,12.497117],[122.4914,12.496937],[122.491216,12.496936],[122.491216,12.497117]]],[[[122.494897,12.496943],[122.495007,12.497037],[122.495043,12.496944],[122.494897,12.496943]]],[[[122.525388,12.497009],[122.525572,12.49719],[122.525572,12.497009],[122.525388,12.497009]]],[[[122.490664,12.497116],[122.490479,12.497297],[122.490663,12.497291],[122.490664,12.497116]]],[[[122.491216,12.497117],[122.490847,12.497281],[122.491216,12.497298],[122.491216,12.497117]]],[[[122.494897,12.497124],[122.494713,12.497305],[122.494859,12.497305],[122.494897,12.497124]]],[[[122.525572,12.49719],[122.525755,12.497371],[122.525756,12.49719],[122.525572,12.49719]]],[[[122.531463,12.496477],[122.531277,12.497381],[122.531645,12.497382],[122.531463,12.496477]]],[[[122.543794,12.497222],[122.543609,12.497402],[122.543793,12.497402],[122.543794,12.497222]]],[[[122.568458,12.497262],[122.568274,12.497422],[122.568458,12.497345],[122.568458,12.497262]]],[[[122.525755,12.497371],[122.525939,12.497553],[122.525939,12.497372],[122.525755,12.497371]]],[[[122.56809,12.497443],[122.567905,12.497576],[122.568089,12.497499],[122.56809,12.497443]]],[[[122.525939,12.497553],[122.526307,12.497734],[122.526307,12.497553],[122.525939,12.497553]]],[[[122.567721,12.497623],[122.567537,12.497735],[122.567721,12.497653],[122.567721,12.497623]]],[[[122.529436,12.497739],[122.528884,12.497558],[122.528884,12.497739],[122.529436,12.497739]]],[[[122.544345,12.497403],[122.544161,12.497765],[122.544345,12.497765],[122.544345,12.497403]]],[[[122.556125,12.497785],[122.556862,12.497243],[122.556865,12.495435],[122.556314,12.494711],[122.555394,12.494528],[122.554841,12.49507],[122.555946,12.494891],[122.556681,12.495615],[122.556678,12.497062],[122.556125,12.497785]]],[[[122.555941,12.497863],[122.555573,12.497784],[122.555482,12.497784],[122.555941,12.497863]]],[[[122.526307,12.497734],[122.52649,12.497915],[122.526491,12.497734],[122.526307,12.497734]]],[[[122.543609,12.497764],[122.543424,12.497944],[122.543608,12.497945],[122.543609,12.497764]]],[[[122.554836,12.497964],[122.554836,12.497965],[122.554838,12.497964],[122.554836,12.497964]]],[[[122.567353,12.497803],[122.567168,12.497984],[122.567353,12.497874],[122.567353,12.497803]]],[[[122.494528,12.497847],[122.494695,12.498028],[122.494712,12.497855],[122.494528,12.497847]]],[[[122.52649,12.497915],[122.526674,12.498096],[122.526675,12.497916],[122.52649,12.497915]]],[[[122.544713,12.497947],[122.544528,12.498127],[122.544712,12.498127],[122.544713,12.497947]]],[[[122.566984,12.497983],[122.5668,12.498164],[122.566984,12.498125],[122.566984,12.497983]]],[[[122.494159,12.498208],[122.494712,12.497486],[122.494529,12.496943],[122.494159,12.498208]]],[[[122.527042,12.498278],[122.526858,12.498097],[122.526858,12.498278],[122.527042,12.498278]]],[[[122.528146,12.49828],[122.528331,12.498099],[122.528147,12.498099],[122.528146,12.49828]]],[[[122.55318,12.497961],[122.552995,12.498322],[122.553363,12.498323],[122.55318,12.497961]]],[[[122.566616,12.498164],[122.566247,12.49834],[122.566616,12.498242],[122.566616,12.498164]]],[[[122.565696,12.497981],[122.566063,12.498344],[122.566064,12.498163],[122.565696,12.497981]]],[[[122.554283,12.498324],[122.554283,12.49846],[122.554437,12.498325],[122.554283,12.498324]]],[[[122.528146,12.498461],[122.527778,12.498279],[122.527778,12.49846],[122.528146,12.498461]]],[[[122.528889,12.494664],[122.529989,12.497017],[122.529435,12.49792],[122.529987,12.498458],[122.530175,12.496294],[122.528889,12.494664]]],[[[122.543424,12.498306],[122.543239,12.498487],[122.543423,12.498487],[122.543424,12.498306]]],[[[122.565511,12.498343],[122.565327,12.498523],[122.565511,12.498524],[122.565511,12.498343]]],[[[122.565143,12.498523],[122.564958,12.498636],[122.565143,12.49862],[122.565143,12.498523]]],[[[122.531645,12.497562],[122.532563,12.498649],[122.532931,12.49865],[122.532013,12.497382],[122.531645,12.497562]]],[[[122.539005,12.49866],[122.53919,12.49848],[122.539006,12.498479],[122.539005,12.49866]]],[[[122.547289,12.498313],[122.546737,12.498131],[122.54637,12.497226],[122.545081,12.497766],[122.545818,12.497587],[122.54692,12.498674],[122.547289,12.498313]]],[[[122.553363,12.498323],[122.553731,12.498685],[122.554232,12.498505],[122.553363,12.498323]]],[[[122.529703,12.498825],[122.529618,12.498644],[122.529618,12.498825],[122.529703,12.498825]]],[[[122.532931,12.49865],[122.533115,12.498831],[122.533115,12.49865],[122.532931,12.49865]]],[[[122.539005,12.49866],[122.538821,12.498841],[122.539005,12.498841],[122.539005,12.49866]]],[[[122.543239,12.498668],[122.543055,12.498848],[122.543239,12.498848],[122.543239,12.498668]]],[[[122.547289,12.498494],[122.547104,12.498855],[122.547657,12.498494],[122.547289,12.498494]]],[[[122.552812,12.497779],[122.551525,12.496692],[122.551339,12.497958],[122.550601,12.498861],[122.552075,12.497778],[122.552812,12.497779]]],[[[122.528514,12.498823],[122.528145,12.499003],[122.528513,12.499004],[122.528514,12.498823]]],[[[122.546183,12.499034],[122.546368,12.498492],[122.546,12.498672],[122.546183,12.499034]]],[[[122.527962,12.498641],[122.527042,12.498278],[122.527777,12.499183],[122.527962,12.498641]]],[[[122.550417,12.49886],[122.549865,12.498498],[122.548209,12.498495],[122.549497,12.498678],[122.550048,12.499222],[122.550417,12.49886]]],[[[122.527777,12.499183],[122.52796,12.499365],[122.527961,12.499184],[122.527777,12.499183]]],[[[122.533299,12.498831],[122.533114,12.499374],[122.533298,12.499374],[122.533299,12.498831]]],[[[122.528328,12.499546],[122.528144,12.499365],[122.528144,12.499537],[122.528328,12.499546]]],[[[122.528881,12.499366],[122.529065,12.499501],[122.529065,12.499367],[122.528881,12.499366]]],[[[122.538636,12.499383],[122.538452,12.499564],[122.538636,12.499564],[122.538636,12.499383]]],[[[122.539372,12.499565],[122.539189,12.499022],[122.538636,12.499383],[122.539372,12.499565]]],[[[122.542317,12.499389],[122.542133,12.49957],[122.542317,12.49957],[122.542317,12.499389]]],[[[122.533482,12.499736],[122.533666,12.499555],[122.533482,12.499555],[122.533482,12.499736]]],[[[122.533482,12.499736],[122.533297,12.499916],[122.533481,12.499917],[122.533482,12.499736]]],[[[122.539556,12.499746],[122.539371,12.499927],[122.539555,12.499927],[122.539556,12.499746]]],[[[122.533297,12.499916],[122.533113,12.500097],[122.533297,12.500097],[122.533297,12.499916]]],[[[122.533113,12.500097],[122.532928,12.500278],[122.533113,12.500278],[122.533113,12.500097]]],[[[122.537714,12.500467],[122.537898,12.500286],[122.537714,12.500286],[122.537714,12.500467]]],[[[122.537714,12.500467],[122.537529,12.500647],[122.537713,12.500648],[122.537714,12.500467]]],[[[122.532927,12.50082],[122.532743,12.501001],[122.532927,12.501001],[122.532927,12.50082]]],[[[122.536609,12.500826],[122.536424,12.501007],[122.536608,12.501007],[122.536609,12.500826]]],[[[122.535503,12.501367],[122.535319,12.501548],[122.535503,12.501548],[122.535503,12.501367]]],[[[122.534582,12.501908],[122.534398,12.502089],[122.534582,12.502089],[122.534582,12.501908]]]]}},{"type":"Feature","properties":{"haz":2},"geometry":{"type":"MultiPolygon","coordinates":[[[[122.599197,12.304022],[122.598829,12.304202],[122.598829,12.304383],[122.599196,12.304383],[122.599197,12.304022]]],[[[122.576388,12.305253],[122.575965,12.305177],[122.575588,12.305252],[122.576388,12.305253]]],[[[122.575284,12.305371],[122.57513,12.305432],[122.575284,12.305433],[122.575284,12.305371]]],[[[122.574732,12.305591],[122.574678,12.305612],[122.574732,12.305613],[122.574732,12.305591]]],[[[122.573812,12.305967],[122.5738,12.305973],[122.573812,12.305973],[122.573812,12.305967]]],[[[122.573627,12.306153],[122.573538,12.306118],[122.5735,12.306153],[122.573627,12.306153]]],[[[122.572707,12.306581],[122.572499,12.306694],[122.572707,12.306695],[122.572707,12.306581]]],[[[122.572339,12.306794],[122.572213,12.306875],[122.572339,12.306875],[122.572339,12.306794]]],[[[122.604353,12.30005],[122.604536,12.300412],[122.603985,12.30005],[122.603249,12.3],[122.605087,12.300956],[122.604905,12.3],[122.604353,12.30005]]],[[[122.602146,12.300047],[122.60196,12.300951],[122.601443,12.30077],[122.599016,12.302213],[122.598094,12.303297],[122.595886,12.304198],[122.596068,12.305102],[122.594046,12.304557],[122.593677,12.305099],[122.592758,12.304736],[122.591654,12.305277],[122.591103,12.304552],[122.590551,12.304552],[122.590182,12.305636],[122.589631,12.305274],[122.58871,12.305634],[122.588161,12.304367],[122.587241,12.304547],[122.587059,12.30328],[122.582828,12.303816],[122.584482,12.304181],[122.584482,12.304542],[122.58393,12.304542],[122.582459,12.304358],[122.581541,12.303272],[122.580254,12.303089],[122.576659,12.305073],[122.577492,12.305074],[122.578226,12.305799],[122.577489,12.306883],[122.579144,12.306705],[122.57933,12.305801],[122.580802,12.30526],[122.585033,12.305086],[122.585585,12.304544],[122.586689,12.304546],[122.586872,12.305269],[122.587975,12.305271],[122.58871,12.306177],[122.58963,12.305997],[122.589813,12.306359],[122.591101,12.305999],[122.591468,12.306362],[122.593125,12.30546],[122.593492,12.305822],[122.59478,12.305462],[122.59478,12.305824],[122.596619,12.305646],[122.597171,12.306008],[122.597907,12.305648],[122.598276,12.304744],[122.596437,12.304379],[122.597726,12.303477],[122.599014,12.303479],[122.599936,12.302033],[122.602144,12.301494],[122.603065,12.3],[122.602146,12.300047]]],[[[122.580068,12.304536],[122.579699,12.304716],[122.579699,12.304897],[122.580067,12.304897],[122.580068,12.304536]]],[[[122.57878,12.304715],[122.579884,12.304355],[122.580069,12.303812],[122.578781,12.304172],[122.57878,12.304715]]],[[[122.578412,12.304895],[122.578044,12.304533],[122.578044,12.304894],[122.578412,12.304895]]],[[[122.586322,12.303822],[122.58669,12.304003],[122.58669,12.303822],[122.586322,12.303822]]],[[[122.58577,12.303821],[122.585586,12.304001],[122.58577,12.304002],[122.58577,12.303821]]],[[[122.572155,12.307055],[122.572001,12.307011],[122.57193,12.307055],[122.572155,12.307055]]],[[[122.573074,12.307057],[122.573995,12.306516],[122.572847,12.306514],[122.573074,12.307057]]],[[[122.571787,12.307145],[122.571643,12.307235],[122.571786,12.307236],[122.571787,12.307145]]],[[[122.571418,12.307383],[122.571369,12.307416],[122.571418,12.307416],[122.571418,12.307383]]],[[[122.571234,12.307597],[122.571159,12.307559],[122.571118,12.307596],[122.571234,12.307597]]],[[[122.57105,12.307658],[122.57092,12.307777],[122.57105,12.307777],[122.57105,12.307658]]],[[[122.570866,12.307827],[122.570723,12.307957],[122.570866,12.307958],[122.570866,12.307827]]],[[[122.570681,12.308138],[122.570617,12.308054],[122.570538,12.308138],[122.570681,12.308138]]],[[[122.570497,12.308181],[122.570367,12.308319],[122.570497,12.308319],[122.570497,12.308181]]],[[[122.570313,12.308376],[122.570197,12.308499],[122.570313,12.308499],[122.570313,12.308376]]],[[[122.570129,12.30868],[122.570128,12.308572],[122.570019,12.30868],[122.570129,12.30868]]],[[[122.569945,12.308754],[122.569838,12.30886],[122.569944,12.308861],[122.569945,12.308754]]],[[[122.56976,12.309041],[122.569753,12.308944],[122.569637,12.309041],[122.56976,12.309041]]],[[[122.569576,12.309092],[122.569421,12.309221],[122.569576,12.309222],[122.569576,12.309092]]],[[[122.565709,12.311928],[122.567181,12.31175],[122.567182,12.311026],[122.566262,12.311025],[122.565709,12.311928]]],[[[122.655668,12.30012],[122.657138,12.301026],[122.661914,12.305915],[122.66559,12.308271],[122.667794,12.310444],[122.669081,12.310807],[122.669448,12.311893],[122.670918,12.31298],[122.668899,12.309903],[122.664672,12.307185],[122.664489,12.306363],[122.661731,12.305191],[122.658793,12.301751],[122.655668,12.30012]]],[[[122.670939,12.31298],[122.670917,12.313522],[122.671101,12.313522],[122.670939,12.31298]]],[[[122.567361,12.31374],[122.568281,12.313741],[122.56865,12.312837],[122.569939,12.312297],[122.569758,12.310669],[122.570126,12.310127],[122.569392,12.309245],[122.567735,12.310123],[122.567734,12.310666],[122.569021,12.31121],[122.569019,12.312476],[122.567361,12.31374]]],[[[122.671137,12.313523],[122.6711,12.314789],[122.671284,12.314789],[122.671137,12.313523]]],[[[122.671332,12.314789],[122.671283,12.31515],[122.671452,12.315151],[122.671332,12.314789]]],[[[122.671548,12.315332],[122.671467,12.315512],[122.671651,12.315513],[122.671548,12.315332]]],[[[122.561288,12.315719],[122.561233,12.315631],[122.561201,12.315719],[122.561288,12.315719]]],[[[122.671698,12.315694],[122.67165,12.315874],[122.671753,12.315874],[122.671698,12.315694]]],[[[122.671894,12.31616],[122.671834,12.316236],[122.67195,12.316236],[122.671894,12.31616]]],[[[122.672061,12.316394],[122.672017,12.316417],[122.672079,12.316417],[122.672061,12.316394]]],[[[122.672207,12.316558],[122.672201,12.316598],[122.672264,12.316599],[122.672207,12.316558]]],[[[122.672417,12.31675],[122.672385,12.31678],[122.672447,12.31678],[122.672417,12.31675]]],[[[122.67258,12.316926],[122.672569,12.316961],[122.672606,12.316961],[122.67258,12.316926]]],[[[122.673084,12.31746],[122.672936,12.317504],[122.673116,12.317504],[122.673084,12.31746]]],[[[122.673197,12.317599],[122.673119,12.317685],[122.673285,12.317685],[122.673197,12.317599]]],[[[122.673342,12.317748],[122.673303,12.317866],[122.673486,12.317866],[122.673342,12.317748]]],[[[122.673487,12.318047],[122.6736,12.317978],[122.673487,12.317867],[122.673487,12.318047]]],[[[122.673671,12.318047],[122.673855,12.318228],[122.673855,12.318183],[122.673671,12.318047]]],[[[122.673855,12.318228],[122.674038,12.318409],[122.674038,12.318342],[122.673855,12.318228]]],[[[122.674406,12.318771],[122.674531,12.318711],[122.674406,12.318634],[122.674406,12.318771]]],[[[122.67459,12.318772],[122.674743,12.318953],[122.674613,12.318772],[122.67459,12.318772]]],[[[122.675162,12.319304],[122.675141,12.319315],[122.675174,12.319315],[122.675162,12.319304]]],[[[122.675348,12.319483],[122.675325,12.319496],[122.675364,12.319496],[122.675348,12.319483]]],[[[122.675529,12.319612],[122.675508,12.319677],[122.67558,12.319677],[122.675529,12.319612]]],[[[122.675709,12.319844],[122.675692,12.319858],[122.675722,12.319858],[122.675709,12.319844]]],[[[122.675898,12.320023],[122.675876,12.320039],[122.675913,12.320039],[122.675898,12.320023]]],[[[122.676061,12.320215],[122.676059,12.32022],[122.676066,12.32022],[122.676061,12.320215]]],[[[122.67628,12.320384],[122.676243,12.320401],[122.676296,12.320401],[122.67628,12.320384]]],[[[122.676434,12.320547],[122.676427,12.320582],[122.676466,12.320582],[122.676434,12.320547]]],[[[122.676622,12.320751],[122.676611,12.320764],[122.67663,12.320764],[122.676622,12.320751]]],[[[122.677345,12.321458],[122.677161,12.321488],[122.677345,12.321488],[122.677345,12.321458]]],[[[122.560543,12.321506],[122.561096,12.320964],[122.560611,12.320602],[122.560543,12.321506]]],[[[122.677529,12.32185],[122.677345,12.321669],[122.677345,12.32185],[122.677529,12.32185]]],[[[122.677529,12.32185],[122.677713,12.322031],[122.677713,12.32185],[122.677529,12.32185]]],[[[122.677713,12.322031],[122.677896,12.322212],[122.677868,12.322031],[122.677713,12.322031]]],[[[122.677896,12.322212],[122.678057,12.322393],[122.67798,12.322212],[122.677896,12.322212]]],[[[122.678103,12.322542],[122.67808,12.322574],[122.678131,12.322574],[122.678103,12.322542]]],[[[122.678853,12.323292],[122.678815,12.323298],[122.678858,12.323298],[122.678853,12.323292]]],[[[122.679201,12.32375],[122.679182,12.323841],[122.679268,12.323841],[122.679201,12.32375]]],[[[122.679375,12.324],[122.679366,12.324022],[122.679388,12.324022],[122.679375,12.324]]],[[[122.679563,12.324373],[122.679549,12.324384],[122.679568,12.324384],[122.679563,12.324373]]],[[[122.679733,12.324733],[122.679733,12.324746],[122.679739,12.324746],[122.679733,12.324733]]],[[[122.679932,12.325082],[122.679916,12.325108],[122.679956,12.325108],[122.679932,12.325082]]],[[[122.680149,12.325431],[122.6801,12.32547],[122.680168,12.32547],[122.680149,12.325431]]],[[[122.680328,12.325785],[122.680283,12.325832],[122.680349,12.325832],[122.680328,12.325785]]],[[[122.68067,12.326356],[122.68065,12.326375],[122.680684,12.326375],[122.68067,12.326356]]],[[[122.680864,12.326639],[122.680834,12.326737],[122.680922,12.326737],[122.680864,12.326639]]],[[[122.681033,12.326918],[122.681017,12.327099],[122.681124,12.327099],[122.681033,12.326918]]],[[[122.681238,12.327335],[122.681201,12.327461],[122.68128,12.327461],[122.681238,12.327335]]],[[[122.681446,12.327798],[122.681385,12.327823],[122.681459,12.327823],[122.681446,12.327798]]],[[[122.681615,12.328119],[122.681568,12.328185],[122.681646,12.328185],[122.681615,12.328119]]],[[[122.681808,12.328491],[122.681752,12.328547],[122.681833,12.328547],[122.681808,12.328491]]],[[[122.681953,12.328836],[122.681935,12.328909],[122.681976,12.328909],[122.681953,12.328836]]],[[[122.682127,12.329175],[122.682119,12.32927],[122.682183,12.329271],[122.682127,12.329175]]],[[[122.682302,12.32953],[122.682302,12.329813],[122.682425,12.329813],[122.682302,12.32953]]],[[[122.682485,12.330718],[122.682569,12.330175],[122.682485,12.330175],[122.682485,12.330718]]],[[[122.682669,12.330718],[122.682814,12.330899],[122.682769,12.330718],[122.682669,12.330718]]],[[[122.682859,12.331174],[122.682852,12.331622],[122.68293,12.331623],[122.682859,12.331174]]],[[[122.68307,12.331939],[122.683035,12.331984],[122.683108,12.331985],[122.68307,12.331939]]],[[[122.683219,12.332117],[122.683219,12.332165],[122.68326,12.332166],[122.683219,12.332117]]],[[[122.683403,12.332336],[122.683402,12.332347],[122.683412,12.332347],[122.683403,12.332336]]],[[[122.683953,12.33319],[122.683953,12.333252],[122.683983,12.333252],[122.683953,12.33319]]],[[[122.684137,12.333566],[122.684137,12.333794],[122.684249,12.333794],[122.684137,12.333566]]],[[[122.68432,12.334081],[122.68432,12.334518],[122.684412,12.334518],[122.68432,12.334081]]],[[[122.555736,12.336328],[122.555697,12.336291],[122.555663,12.336328],[122.555736,12.336328]]],[[[122.566994,12.313739],[122.566256,12.314823],[122.565522,12.313737],[122.564602,12.314097],[122.564968,12.315364],[122.566621,12.316632],[122.5657,12.317354],[122.565698,12.318439],[122.56441,12.318799],[122.564593,12.319704],[122.563673,12.319521],[122.563487,12.321149],[122.562567,12.321147],[122.561466,12.319518],[122.561098,12.319698],[122.561096,12.320602],[122.562015,12.321146],[122.562381,12.322594],[122.560357,12.322591],[122.559624,12.323855],[122.560905,12.325304],[122.560719,12.326027],[122.562007,12.32603],[122.559613,12.327473],[122.558138,12.32946],[122.556702,12.332821],[122.556843,12.334341],[122.555778,12.336148],[122.556104,12.335786],[122.556655,12.33633],[122.557207,12.33615],[122.557394,12.334342],[122.558132,12.333438],[122.557952,12.330906],[122.558504,12.330907],[122.559609,12.329824],[122.562369,12.329828],[122.563103,12.330734],[122.563289,12.329468],[122.564945,12.32929],[122.565866,12.328206],[122.565684,12.327301],[122.563476,12.32784],[122.562558,12.326392],[122.563847,12.325671],[122.563112,12.325489],[122.563112,12.324946],[122.563849,12.324405],[122.5633,12.322776],[122.564221,12.322054],[122.564776,12.320246],[122.565695,12.32061],[122.565145,12.319343],[122.566065,12.319344],[122.566064,12.319887],[122.566432,12.319887],[122.567536,12.319347],[122.566435,12.318079],[122.566436,12.317355],[122.567356,12.316814],[122.56699,12.315729],[122.56791,12.31573],[122.566624,12.314824],[122.567361,12.314282],[122.566994,12.313739]]],[[[122.566807,12.315366],[122.566439,12.315185],[122.566439,12.315366],[122.566807,12.315366]]],[[[122.557582,12.332352],[122.557214,12.33199],[122.557214,12.332352],[122.557582,12.332352]]],[[[122.555551,12.33669],[122.55548,12.336596],[122.555434,12.33669],[122.555551,12.33669]]],[[[122.684486,12.336508],[122.684317,12.33705],[122.684501,12.33705],[122.684486,12.336508]]],[[[122.555366,12.337051],[122.555348,12.336871],[122.555256,12.337051],[122.555366,12.337051]]],[[[122.555182,12.337413],[122.555121,12.337324],[122.555062,12.337412],[122.555182,12.337413]]],[[[122.554998,12.337593],[122.554966,12.337553],[122.554951,12.337593],[122.554998,12.337593]]],[[[122.554813,12.337955],[122.55478,12.3379],[122.554758,12.337954],[122.554813,12.337955]]],[[[122.554629,12.338316],[122.554534,12.338272],[122.554515,12.338316],[122.554629,12.338316]]],[[[122.554444,12.338677],[122.554414,12.33854],[122.554371,12.338677],[122.554444,12.338677]]],[[[122.554259,12.339039],[122.554257,12.339023],[122.554252,12.339039],[122.554259,12.339039]]],[[[122.683393,12.339943],[122.684682,12.339221],[122.684578,12.337593],[122.684498,12.338859],[122.68321,12.339581],[122.683393,12.339943]]],[[[122.683209,12.339943],[122.683025,12.340123],[122.683209,12.340123],[122.683209,12.339943]]],[[[122.684311,12.341752],[122.683943,12.341571],[122.683943,12.341752],[122.684311,12.341752]]],[[[122.684495,12.341572],[122.684864,12.34103],[122.685967,12.341031],[122.686232,12.342116],[122.686335,12.341031],[122.684313,12.340125],[122.683944,12.340848],[122.684495,12.341572]]],[[[122.683943,12.341933],[122.683391,12.341932],[122.683391,12.342294],[122.683943,12.341933]]],[[[122.683207,12.342294],[122.682838,12.342474],[122.683576,12.34139],[122.682288,12.341388],[122.683025,12.340666],[122.682841,12.340123],[122.681551,12.342111],[122.682287,12.342293],[122.68247,12.342835],[122.683206,12.342836],[122.683207,12.342294]]],[[[122.685994,12.345191],[122.685961,12.346276],[122.685985,12.346276],[122.685994,12.345191]]],[[[122.685959,12.348446],[122.685777,12.346637],[122.685775,12.348446],[122.685959,12.348446]]],[[[122.551482,12.349524],[122.551467,12.349514],[122.551458,12.349524],[122.551482,12.349524]]],[[[122.551298,12.349705],[122.551291,12.349699],[122.551287,12.349705],[122.551298,12.349705]]],[[[122.685958,12.34935],[122.685773,12.349712],[122.685957,12.349712],[122.685958,12.34935]]],[[[122.551113,12.350066],[122.551044,12.350006],[122.551018,12.350066],[122.551113,12.350066]]],[[[122.550929,12.350427],[122.550927,12.350311],[122.550896,12.350427],[122.550929,12.350427]]],[[[122.685588,12.350435],[122.685773,12.350074],[122.685589,12.350073],[122.685588,12.350435]]],[[[122.547796,12.353678],[122.548716,12.353498],[122.548901,12.352937],[122.548574,12.35292],[122.547796,12.353678]]],[[[122.547612,12.353858],[122.547481,12.353753],[122.547428,12.353858],[122.547612,12.353858]]],[[[122.547427,12.354039],[122.547244,12.353957],[122.547243,12.354038],[122.547427,12.354039]]],[[[122.547243,12.354219],[122.546986,12.354125],[122.546928,12.354219],[122.547243,12.354219]]],[[[122.546875,12.3544],[122.546764,12.35439],[122.546751,12.354399],[122.546875,12.3544]]],[[[122.546506,12.354761],[122.546479,12.354729],[122.546472,12.354761],[122.546506,12.354761]]],[[[122.546322,12.355122],[122.546261,12.355075],[122.546222,12.355122],[122.546322,12.355122]]],[[[122.546137,12.355303],[122.54612,12.355294],[122.546115,12.355303],[122.546137,12.355303]]],[[[122.545953,12.355837],[122.545951,12.355845],[122.545953,12.355845],[122.545953,12.355837]]],[[[122.545768,12.356387],[122.54573,12.35635],[122.545695,12.356387],[122.545768,12.356387]]],[[[122.545583,12.356568],[122.545575,12.356541],[122.545557,12.356568],[122.545583,12.356568]]],[[[122.545399,12.356745],[122.545396,12.356748],[122.545399,12.356748],[122.545399,12.356745]]],[[[122.543368,12.360905],[122.543371,12.359217],[122.543023,12.359095],[122.543368,12.360905]]],[[[122.540976,12.361443],[122.540949,12.36141],[122.540927,12.361443],[122.540976,12.361443]]],[[[122.53987,12.362346],[122.539323,12.362271],[122.539091,12.362344],[122.53987,12.362346]]],[[[122.68999,12.361654],[122.691645,12.362017],[122.69143,12.36057],[122.690361,12.359484],[122.68999,12.361654]]],[[[122.53895,12.362706],[122.538886,12.362544],[122.538812,12.362705],[122.53895,12.362706]]],[[[122.538766,12.362886],[122.538649,12.362836],[122.538597,12.362886],[122.538766,12.362886]]],[[[122.538581,12.363067],[122.538398,12.362792],[122.537944,12.363066],[122.538581,12.363067]]],[[[122.537845,12.363246],[122.537793,12.363227],[122.537773,12.363246],[122.537845,12.363246]]],[[[122.537661,12.363427],[122.53762,12.363411],[122.537605,12.363427],[122.537661,12.363427]]],[[[122.537477,12.363607],[122.537463,12.36356],[122.537403,12.363607],[122.537477,12.363607]]],[[[122.537292,12.363788],[122.537211,12.36377],[122.53719,12.363788],[122.537292,12.363788]]],[[[122.537108,12.364149],[122.53692,12.364022],[122.536792,12.364149],[122.537108,12.364149]]],[[[122.536739,12.364511],[122.536528,12.364401],[122.536427,12.36451],[122.536739,12.364511]]],[[[122.536371,12.364691],[122.536316,12.36461],[122.536177,12.36469],[122.536371,12.364691]]],[[[122.536003,12.364871],[122.53593,12.364857],[122.535901,12.364871],[122.536003,12.364871]]],[[[122.535634,12.365051],[122.535559,12.364979],[122.535299,12.365051],[122.535634,12.365051]]],[[[122.534898,12.365231],[122.535082,12.365103],[122.534898,12.365168],[122.534898,12.365231]]],[[[122.534898,12.365231],[122.534714,12.365411],[122.534898,12.365412],[122.534898,12.365231]]],[[[122.534713,12.365773],[122.534479,12.365411],[122.53387,12.365772],[122.534713,12.365773]]],[[[122.686198,12.365935],[122.686934,12.365755],[122.687303,12.365212],[122.686383,12.36503],[122.686198,12.365935]]],[[[122.533609,12.366133],[122.533793,12.365803],[122.53277,12.366131],[122.533609,12.366133]]],[[[122.686933,12.367021],[122.687485,12.36684],[122.687301,12.366298],[122.686381,12.366477],[122.686933,12.367021]]],[[[122.687849,12.370096],[122.687115,12.367925],[122.686564,12.367744],[122.686011,12.368286],[122.686194,12.369371],[122.687113,12.370276],[122.687849,12.370096]]],[[[122.527101,12.370824],[122.528266,12.370283],[122.528634,12.370646],[122.529925,12.368659],[122.531213,12.368299],[122.530847,12.367394],[122.531585,12.36631],[122.532626,12.366131],[122.531867,12.365803],[122.531112,12.366351],[122.530478,12.368117],[122.529558,12.367934],[122.527101,12.370824]]],[[[122.685404,12.350435],[122.68485,12.352424],[122.68577,12.352606],[122.685955,12.351521],[122.686507,12.351341],[122.687975,12.354236],[122.687239,12.354416],[122.687056,12.353692],[122.685769,12.353329],[122.685399,12.354776],[122.686869,12.356586],[122.68834,12.356768],[122.689442,12.358578],[122.688336,12.360567],[122.68631,12.362192],[122.687413,12.362917],[122.687963,12.364726],[122.689694,12.365396],[122.689877,12.3663],[122.688588,12.367384],[122.688587,12.367927],[122.689323,12.367928],[122.689506,12.36847],[122.687849,12.370277],[122.687912,12.371001],[122.691533,12.366148],[122.691533,12.36576],[122.690245,12.36612],[122.690247,12.364673],[122.689327,12.364853],[122.689143,12.364491],[122.691535,12.364494],[122.691719,12.364132],[122.691461,12.36274],[122.690539,12.364005],[122.688331,12.364184],[122.687964,12.36346],[122.689808,12.360206],[122.689994,12.358579],[122.689443,12.357855],[122.689262,12.355323],[122.688526,12.35496],[122.688896,12.353695],[122.687609,12.35297],[122.686325,12.349893],[122.685772,12.350978],[122.685404,12.350435]]],[[[122.685403,12.351339],[122.685403,12.351701],[122.685219,12.351882],[122.685587,12.351882],[122.685403,12.351339]]],[[[122.690981,12.366302],[122.691165,12.366121],[122.690981,12.366121],[122.690981,12.366302]]],[[[122.69098,12.366663],[122.690613,12.366482],[122.690612,12.366844],[122.69098,12.366663]]],[[[122.526977,12.371005],[122.526945,12.370984],[122.526927,12.371004],[122.526977,12.371005]]],[[[122.526793,12.371185],[122.526742,12.371149],[122.526678,12.371185],[122.526793,12.371185]]],[[[122.687848,12.371001],[122.687663,12.371362],[122.687676,12.371362],[122.687848,12.371001]]],[[[122.526609,12.371366],[122.526565,12.371239],[122.526355,12.371365],[122.526609,12.371366]]],[[[122.526056,12.371546],[122.526002,12.371481],[122.525898,12.371545],[122.526056,12.371546]]],[[[122.687663,12.371388],[122.687479,12.371543],[122.687479,12.371703],[122.687663,12.371388]]],[[[122.525872,12.371726],[122.525775,12.371612],[122.525438,12.371725],[122.525872,12.371726]]],[[[122.520352,12.371897],[122.520312,12.371865],[122.520275,12.371897],[122.520352,12.371897]]],[[[122.521034,12.371744],[122.520563,12.371717],[122.521093,12.371899],[122.521034,12.371744]]],[[[122.525136,12.371906],[122.524997,12.371898],[122.524975,12.371905],[122.525136,12.371906]]],[[[122.687468,12.371724],[122.687295,12.371904],[122.687295,12.372051],[122.687468,12.371724]]],[[[122.520168,12.372078],[122.520135,12.372022],[122.520079,12.372078],[122.520168,12.372078]]],[[[122.521685,12.3719],[122.521272,12.37208],[122.521741,12.372081],[122.521685,12.3719]]],[[[122.519984,12.372258],[122.519963,12.372212],[122.51992,12.372258],[122.519984,12.372258]]],[[[122.687277,12.372085],[122.68711,12.372266],[122.68711,12.372406],[122.687277,12.372085]]],[[[122.5198,12.372439],[122.519761,12.37242],[122.519744,12.372439],[122.5198,12.372439]]],[[[122.68709,12.372447],[122.686926,12.372627],[122.686926,12.372758],[122.68709,12.372447]]],[[[122.519063,12.37298],[122.519058,12.372944],[122.519011,12.37298],[122.519063,12.37298]]],[[[122.518878,12.373161],[122.518797,12.373102],[122.518721,12.37316],[122.518878,12.373161]]],[[[122.686905,12.372808],[122.686741,12.37317],[122.686762,12.37317],[122.686905,12.372808]]],[[[122.518694,12.373341],[122.51849,12.373303],[122.518441,12.373341],[122.518694,12.373341]]],[[[122.518326,12.373521],[122.518242,12.373467],[122.518062,12.373521],[122.518326,12.373521]]],[[[122.686678,12.37335],[122.686557,12.373531],[122.686557,12.37365],[122.686678,12.37335]]],[[[122.686457,12.373893],[122.686372,12.374073],[122.686372,12.374136],[122.686457,12.373893]]],[[[122.514094,12.373876],[122.514829,12.374419],[122.516665,12.373518],[122.514805,12.373023],[122.514152,12.373333],[122.514646,12.373696],[122.514094,12.373876]]],[[[122.686252,12.374435],[122.686188,12.374616],[122.686188,12.374621],[122.686252,12.374435]]],[[[122.686003,12.374977],[122.686003,12.375127],[122.686053,12.374977],[122.686003,12.374977]]],[[[122.68586,12.375701],[122.685818,12.375881],[122.685818,12.375897],[122.68586,12.375701]]],[[[122.50765,12.376215],[122.507283,12.375853],[122.507098,12.376214],[122.50765,12.376215]]],[[[122.685737,12.376264],[122.685634,12.376424],[122.685633,12.376787],[122.685737,12.376264]]],[[[122.505618,12.380733],[122.506722,12.380735],[122.506723,12.380011],[122.505988,12.379648],[122.505618,12.380733]]],[[[122.685812,12.380946],[122.685629,12.380584],[122.685448,12.377509],[122.685261,12.380221],[122.685812,12.380946]]],[[[122.685918,12.381126],[122.686179,12.38185],[122.686505,12.381851],[122.685918,12.381126]]],[[[122.686704,12.381965],[122.686547,12.382032],[122.686795,12.382032],[122.686704,12.381965]]],[[[122.687025,12.382194],[122.686914,12.382213],[122.687049,12.382213],[122.687025,12.382194]]],[[[122.687182,12.382304],[122.687098,12.382394],[122.687271,12.382394],[122.687182,12.382304]]],[[[122.687474,12.38257],[122.687466,12.382575],[122.687478,12.382575],[122.687474,12.38257]]],[[[122.499358,12.383073],[122.499311,12.382977],[122.499226,12.383072],[122.499358,12.383073]]],[[[122.498243,12.383911],[122.498238,12.383915],[122.498243,12.383915],[122.498243,12.383911]]],[[[122.505795,12.384169],[122.505611,12.38435],[122.505795,12.38435],[122.505795,12.384169]]],[[[122.497507,12.384456],[122.497498,12.384402],[122.49742,12.384456],[122.497507,12.384456]]],[[[122.497138,12.384636],[122.497112,12.384631],[122.4971,12.384636],[122.497138,12.384636]]],[[[122.690039,12.385291],[122.689855,12.385094],[122.689855,12.385291],[122.690039,12.385291]]],[[[122.690061,12.385291],[122.690038,12.385834],[122.690122,12.385834],[122.690061,12.385291]]],[[[122.484992,12.386232],[122.484744,12.386241],[122.484992,12.386241],[122.484992,12.386232]]],[[[122.505055,12.386338],[122.504691,12.384529],[122.503956,12.383985],[122.501196,12.384161],[122.501197,12.383618],[122.50304,12.382175],[122.502673,12.381632],[122.503043,12.380366],[122.503964,12.379826],[122.503965,12.379102],[122.503414,12.378739],[122.501945,12.380184],[122.502491,12.380185],[122.502674,12.380908],[122.502122,12.380907],[122.501939,12.380191],[122.499399,12.382892],[122.500647,12.382351],[122.499171,12.384519],[122.50009,12.385425],[122.501563,12.384704],[122.503955,12.384528],[122.50432,12.385975],[122.505055,12.386338]]],[[[122.690226,12.38625],[122.690221,12.386557],[122.690318,12.386557],[122.690226,12.38625]]],[[[122.497871,12.386265],[122.498054,12.386627],[122.498238,12.386628],[122.498239,12.386266],[122.497871,12.386265]]],[[[122.505055,12.386519],[122.505239,12.3867],[122.505239,12.38652],[122.505055,12.386519]]],[[[122.690405,12.386827],[122.690405,12.386919],[122.690456,12.386919],[122.690405,12.386827]]],[[[122.505239,12.3867],[122.505422,12.387062],[122.505423,12.386701],[122.505239,12.3867]]],[[[122.690588,12.387174],[122.690588,12.387281],[122.690628,12.387281],[122.690588,12.387174]]],[[[122.505422,12.387062],[122.505605,12.387425],[122.505606,12.387063],[122.505422,12.387062]]],[[[122.690811,12.38777],[122.690772,12.387824],[122.690837,12.387824],[122.690811,12.38777]]],[[[122.505605,12.387605],[122.505972,12.387968],[122.506156,12.387968],[122.505973,12.387425],[122.505605,12.387605]]],[[[122.691025,12.388266],[122.690955,12.388367],[122.691065,12.388367],[122.691025,12.388266]]],[[[122.691194,12.388699],[122.691138,12.388909],[122.691299,12.38891],[122.691194,12.388699]]],[[[122.691457,12.389228],[122.691322,12.389271],[122.69148,12.389272],[122.691457,12.389228]]],[[[122.691506,12.38932],[122.691506,12.389452],[122.691577,12.389453],[122.691506,12.38932]]],[[[122.472697,12.389654],[122.472603,12.389545],[122.472356,12.389649],[122.472697,12.389654]]],[[[122.473184,12.389624],[122.473155,12.389655],[122.47321,12.389655],[122.473184,12.389624]]],[[[122.473394,12.389655],[122.473513,12.389633],[122.473395,12.38953],[122.473394,12.389655]]],[[[122.514094,12.373514],[122.512305,12.373692],[122.511885,12.374296],[122.512253,12.374596],[122.512805,12.374235],[122.512619,12.375501],[122.514273,12.376408],[122.513535,12.377492],[122.512616,12.376948],[122.509304,12.377122],[122.509122,12.376218],[122.507834,12.376215],[122.507833,12.376758],[122.509488,12.377304],[122.509302,12.378208],[122.506361,12.376755],[122.505625,12.377116],[122.505806,12.378563],[122.507277,12.379108],[122.507643,12.379832],[122.507453,12.383449],[122.506164,12.383989],[122.505978,12.384712],[122.506713,12.385256],[122.506711,12.386341],[122.507448,12.386162],[122.507634,12.384896],[122.50837,12.385078],[122.507631,12.386705],[122.507079,12.386704],[122.507629,12.387609],[122.507444,12.388151],[122.506893,12.387608],[122.506156,12.387968],[122.507076,12.388331],[122.507625,12.389779],[122.508729,12.389781],[122.507811,12.388695],[122.507812,12.38779],[122.508917,12.38725],[122.509104,12.385622],[122.509657,12.385262],[122.509475,12.383995],[122.508005,12.383088],[122.508011,12.380014],[122.50875,12.378568],[122.510037,12.378751],[122.510039,12.378028],[122.511143,12.377668],[122.511694,12.378031],[122.511875,12.379659],[122.511321,12.381105],[122.51224,12.381287],[122.512244,12.379117],[122.513165,12.378757],[122.513534,12.377853],[122.515561,12.376229],[122.514644,12.374781],[122.513172,12.374597],[122.513174,12.373693],[122.514094,12.373514]]],[[[122.512981,12.378576],[122.512614,12.378213],[122.512613,12.378575],[122.512981,12.378576]]],[[[122.508382,12.378387],[122.507646,12.378205],[122.507645,12.378747],[122.508013,12.378929],[122.508382,12.378387]]],[[[122.507265,12.385257],[122.507083,12.384534],[122.506347,12.384532],[122.507265,12.385257]]],[[[122.691754,12.389784],[122.691689,12.389995],[122.691873,12.389995],[122.691754,12.389784]]],[[[122.474582,12.38996],[122.474498,12.390019],[122.474612,12.390019],[122.474582,12.38996]]],[[[122.489402,12.389324],[122.490139,12.388602],[122.491796,12.388243],[122.493635,12.388609],[122.494559,12.386621],[122.497136,12.385721],[122.496954,12.384712],[122.495113,12.385198],[122.493636,12.387885],[122.49198,12.387882],[122.490326,12.386975],[122.48775,12.387151],[122.486647,12.386606],[122.487017,12.385883],[122.485698,12.386062],[122.485726,12.387509],[122.488669,12.387514],[122.488851,12.388781],[122.488113,12.389864],[122.488665,12.390046],[122.488666,12.389504],[122.489034,12.389504],[122.489032,12.390047],[122.4894,12.390048],[122.489402,12.389324]]],[[[122.691872,12.390357],[122.691975,12.390176],[122.691873,12.390176],[122.691872,12.390357]]],[[[122.475233,12.390352],[122.475233,12.390382],[122.475296,12.390382],[122.475233,12.390352]]],[[[122.481673,12.390214],[122.481488,12.390394],[122.481672,12.390395],[122.481673,12.390214]]],[[[122.692082,12.390357],[122.692056,12.390719],[122.69224,12.390719],[122.692082,12.390357]]],[[[122.69224,12.390719],[122.69242,12.3909],[122.692304,12.390719],[122.69224,12.390719]]],[[[122.692423,12.391262],[122.692477,12.390988],[122.692424,12.390906],[122.692423,12.391262]]],[[[122.469528,12.391275],[122.469387,12.391263],[122.46934,12.391275],[122.469528,12.391275]]],[[[122.692607,12.391262],[122.692791,12.391443],[122.692669,12.391262],[122.692607,12.391262]]],[[[122.468975,12.391455],[122.4689,12.391432],[122.46884,12.391455],[122.468975,12.391455]]],[[[122.468423,12.391635],[122.468363,12.391607],[122.46826,12.391635],[122.468423,12.391635]]],[[[122.692795,12.391443],[122.692791,12.391805],[122.692975,12.391805],[122.692795,12.391443]]],[[[122.478542,12.391835],[122.479463,12.390933],[122.481121,12.390213],[122.480019,12.389125],[122.481309,12.387862],[122.483331,12.389132],[122.483149,12.388046],[122.48444,12.386241],[122.483152,12.386599],[122.482965,12.388227],[122.481659,12.387501],[122.480434,12.388403],[122.479467,12.389305],[122.479648,12.390572],[122.478911,12.391113],[122.476705,12.390436],[122.475969,12.39046],[122.478175,12.391111],[122.478542,12.391835]]],[[[122.692975,12.391805],[122.693159,12.391986],[122.693159,12.391891],[122.692975,12.391805]]],[[[122.693159,12.391986],[122.693342,12.392167],[122.693342,12.392056],[122.693159,12.391986]]],[[[122.464227,12.392169],[122.46419,12.392125],[122.46419,12.392169],[122.464227,12.392169]]],[[[122.693342,12.392167],[122.693526,12.392349],[122.693526,12.392221],[122.693342,12.392167]]],[[[122.464006,12.39235],[122.464001,12.392327],[122.463976,12.39235],[122.464006,12.39235]]],[[[122.467317,12.392356],[122.467871,12.391681],[122.466919,12.391994],[122.467317,12.392356]]],[[[122.46235,12.392527],[122.462819,12.392347],[122.46235,12.392346],[122.46235,12.392527]]],[[[122.463637,12.39253],[122.463414,12.392513],[122.463369,12.392529],[122.463637,12.39253]]],[[[122.462165,12.392708],[122.461981,12.392651],[122.461981,12.392707],[122.462165,12.392708]]],[[[122.460876,12.393429],[122.46106,12.393248],[122.460876,12.39329],[122.460876,12.393429]]],[[[122.460875,12.39361],[122.460508,12.393474],[122.460507,12.393609],[122.460875,12.39361]]],[[[122.458851,12.393786],[122.458667,12.393783],[122.458667,12.393786],[122.458851,12.393786]]],[[[122.45517,12.394502],[122.455154,12.394459],[122.455157,12.394502],[122.45517,12.394502]]],[[[122.458851,12.393967],[122.45885,12.39451],[122.459218,12.394511],[122.459954,12.39415],[122.460139,12.393608],[122.458851,12.393967]]],[[[122.453373,12.395403],[122.453421,12.395304],[122.453333,12.395222],[122.453373,12.395403]]],[[[122.453144,12.395583],[122.453137,12.395579],[122.453131,12.395583],[122.453144,12.395583]]],[[[122.451486,12.396304],[122.451416,12.396266],[122.451379,12.396303],[122.451486,12.396304]]],[[[122.694625,12.396329],[122.695157,12.395787],[122.694626,12.395786],[122.694625,12.396329]]],[[[122.451302,12.396484],[122.451269,12.396478],[122.451262,12.396484],[122.451302,12.396484]]],[[[122.451118,12.396665],[122.450933,12.396845],[122.451117,12.396845],[122.451118,12.396665]]],[[[122.450565,12.397025],[122.450749,12.396851],[122.450565,12.397013],[122.450565,12.397025]]],[[[122.450565,12.397206],[122.450381,12.397152],[122.450381,12.397206],[122.450565,12.397206]]],[[[122.45038,12.397386],[122.450195,12.397314],[122.450087,12.397386],[122.45038,12.397386]]],[[[122.450012,12.397567],[122.450012,12.397441],[122.45,12.397448],[122.450012,12.397567]]],[[[122.69795,12.397952],[122.697935,12.39796],[122.697972,12.39796],[122.69795,12.397952]]],[[[122.698299,12.398116],[122.698119,12.398141],[122.698303,12.398141],[122.698299,12.398116]]],[[[122.698322,12.398322],[122.698303,12.398503],[122.698303,12.398517],[122.698322,12.398322]]],[[[122.698486,12.399393],[122.698486,12.399408],[122.698499,12.399408],[122.698486,12.399393]]],[[[122.698781,12.399678],[122.69867,12.39959],[122.698669,12.39977],[122.698781,12.399678]]],[[[122.698669,12.400312],[122.698669,12.400492],[122.698712,12.400349],[122.698669,12.400312]]],[[[122.694725,12.392953],[122.692606,12.392347],[122.692237,12.39307],[122.691133,12.393069],[122.690398,12.392345],[122.690213,12.393792],[122.691683,12.394698],[122.691682,12.395783],[122.690576,12.397952],[122.690023,12.398132],[122.690206,12.399398],[122.68818,12.400662],[122.690389,12.400303],[122.691679,12.398315],[122.693335,12.398136],[122.693888,12.397594],[122.696804,12.397959],[122.693705,12.39687],[122.692968,12.397774],[122.691128,12.397952],[122.690758,12.399218],[122.69039,12.399037],[122.690944,12.397591],[122.692969,12.396689],[122.692786,12.395603],[122.69481,12.395605],[122.694627,12.394882],[122.695363,12.394883],[122.694812,12.393797],[122.69518,12.393978],[122.695548,12.393913],[122.694725,12.392953]]],[[[122.692973,12.393614],[122.692605,12.393433],[122.692605,12.393613],[122.692973,12.393614]]],[[[122.694628,12.393797],[122.694444,12.394158],[122.694628,12.394158],[122.694628,12.393797]]],[[[122.68818,12.400843],[122.687812,12.400662],[122.687812,12.400842],[122.68818,12.400843]]],[[[122.687628,12.400842],[122.687076,12.401022],[122.687076,12.401203],[122.687628,12.401204],[122.687628,12.400842]]],[[[122.687076,12.401203],[122.686892,12.401384],[122.687076,12.401384],[122.687076,12.401203]]],[[[122.698659,12.401647],[122.698483,12.401578],[122.698483,12.40186],[122.698659,12.401647]]],[[[122.698115,12.401939],[122.698115,12.401996],[122.698212,12.401939],[122.698115,12.401939]]],[[[122.697378,12.402662],[122.697423,12.402779],[122.697439,12.402662],[122.697378,12.402662]]],[[[122.697378,12.402843],[122.697194,12.403023],[122.697378,12.402924],[122.697378,12.402843]]],[[[122.685786,12.40283],[122.688362,12.402833],[122.688363,12.40229],[122.686891,12.402288],[122.685787,12.401744],[122.685786,12.40283]]],[[[122.697194,12.403023],[122.697009,12.403204],[122.697118,12.403204],[122.697194,12.403023]]],[[[122.697009,12.403204],[122.696825,12.403385],[122.697009,12.403385],[122.697009,12.403204]]],[[[122.696825,12.403566],[122.696641,12.403746],[122.696753,12.403746],[122.696825,12.403566]]],[[[122.696456,12.404108],[122.696596,12.403927],[122.696457,12.403927],[122.696456,12.404108]]],[[[122.696456,12.404108],[122.696272,12.404288],[122.696456,12.404289],[122.696456,12.404108]]],[[[122.696272,12.404288],[122.696088,12.404831],[122.696272,12.404831],[122.696272,12.404288]]],[[[122.695903,12.405373],[122.696087,12.405192],[122.695903,12.405192],[122.695903,12.405373]]],[[[122.695903,12.405373],[122.695718,12.405735],[122.695828,12.405735],[122.695903,12.405373]]],[[[122.695718,12.405735],[122.695534,12.405915],[122.695703,12.405915],[122.695718,12.405735]]],[[[122.695534,12.405915],[122.69535,12.406096],[122.695534,12.406096],[122.695534,12.405915]]],[[[122.69535,12.406096],[122.695166,12.406457],[122.69535,12.406458],[122.69535,12.406096]]],[[[122.69535,12.406458],[122.695349,12.40682],[122.695534,12.406458],[122.69535,12.406458]]],[[[122.695164,12.407723],[122.695164,12.407753],[122.695178,12.407723],[122.695164,12.407723]]],[[[122.69498,12.407904],[122.69498,12.408074],[122.695088,12.407904],[122.69498,12.407904]]],[[[122.694796,12.408085],[122.694796,12.408243],[122.694972,12.408085],[122.694796,12.408085]]],[[[122.694612,12.408265],[122.694611,12.408334],[122.694761,12.408266],[122.694612,12.408265]]],[[[122.693691,12.408626],[122.694009,12.408774],[122.694059,12.408627],[122.693691,12.408626]]],[[[122.693691,12.408807],[122.693507,12.408988],[122.693674,12.408988],[122.693691,12.408807]]],[[[122.693507,12.408988],[122.693322,12.409168],[122.693506,12.409167],[122.693507,12.408988]]],[[[122.693178,12.409376],[122.693314,12.409349],[122.693138,12.409503],[122.693178,12.409376]]],[[[122.692586,12.409891],[122.692586,12.409899],[122.692601,12.409891],[122.692586,12.409891]]],[[[122.691849,12.410252],[122.692176,12.410071],[122.691849,12.410071],[122.691849,12.410252]]],[[[122.691849,12.410252],[122.691665,12.410432],[122.691849,12.410433],[122.691849,12.410252]]],[[[122.691481,12.410613],[122.691634,12.410701],[122.691643,12.410613],[122.691481,12.410613]]],[[[122.691296,12.410975],[122.691463,12.410794],[122.691296,12.410794],[122.691296,12.410975]]],[[[122.691296,12.410975],[122.691112,12.411155],[122.691296,12.411155],[122.691296,12.410975]]],[[[122.688535,12.412237],[122.68835,12.412418],[122.688534,12.412418],[122.688535,12.412237]]],[[[122.68835,12.412418],[122.688166,12.412599],[122.68835,12.412599],[122.68835,12.412418]]],[[[122.688166,12.412599],[122.687982,12.412779],[122.688166,12.41278],[122.688166,12.412599]]],[[[122.690928,12.411155],[122.689824,12.410792],[122.689824,12.411515],[122.688535,12.412237],[122.689271,12.412238],[122.689281,12.412962],[122.690928,12.411155]]],[[[122.687982,12.412779],[122.687798,12.413141],[122.687982,12.413141],[122.687982,12.412779]]],[[[122.687798,12.413141],[122.687613,12.413683],[122.687797,12.413683],[122.687798,12.413141]]],[[[122.687427,12.41513],[122.687427,12.414949],[122.687612,12.414407],[122.687429,12.413864],[122.687059,12.414949],[122.687427,12.41513]]],[[[122.687611,12.415311],[122.688531,12.41562],[122.688532,12.414408],[122.688164,12.414407],[122.687611,12.415311]]],[[[122.688871,12.417033],[122.688713,12.417121],[122.688713,12.4172],[122.688871,12.417033]]],[[[122.6854,12.418021],[122.685584,12.417841],[122.6854,12.41784],[122.6854,12.418021]]],[[[122.685584,12.418022],[122.685767,12.418203],[122.685768,12.418022],[122.685584,12.418022]]],[[[122.685767,12.418203],[122.685951,12.418384],[122.685951,12.418203],[122.685767,12.418203]]],[[[122.687063,12.418566],[122.687085,12.418646],[122.687151,12.418566],[122.687063,12.418566]]],[[[122.686871,12.418743],[122.686937,12.418566],[122.686871,12.418566],[122.686871,12.418743]]],[[[122.686135,12.418384],[122.686135,12.418926],[122.686871,12.418927],[122.686135,12.418384]]],[[[122.685216,12.418021],[122.684663,12.418563],[122.685766,12.419288],[122.685908,12.420192],[122.686134,12.419288],[122.685215,12.418564],[122.685216,12.418021]]],[[[122.685765,12.420192],[122.685581,12.420554],[122.685659,12.420554],[122.685765,12.420192]]],[[[122.685581,12.420554],[122.685396,12.420734],[122.685581,12.420646],[122.685581,12.420554]]],[[[122.685396,12.420734],[122.685212,12.421096],[122.685349,12.421096],[122.685396,12.420734]]],[[[122.685212,12.421096],[122.685028,12.421276],[122.685212,12.421277],[122.685212,12.421096]]],[[[122.685028,12.421276],[122.684843,12.421638],[122.685027,12.421638],[122.685028,12.421276]]],[[[122.684843,12.421638],[122.684659,12.421819],[122.684843,12.421819],[122.684843,12.421638]]],[[[122.684475,12.42218],[122.684659,12.421999],[122.684475,12.421999],[122.684475,12.42218]]],[[[122.684475,12.42218],[122.68429,12.422361],[122.684474,12.422361],[122.684475,12.42218]]],[[[122.684106,12.422722],[122.68429,12.422542],[122.684106,12.422541],[122.684106,12.422722]]],[[[122.684106,12.422722],[122.683922,12.422903],[122.684106,12.422903],[122.684106,12.422722]]],[[[122.683553,12.423083],[122.683738,12.422903],[122.683554,12.422902],[122.683553,12.423083]]],[[[122.683553,12.423264],[122.683185,12.423083],[122.683185,12.423264],[122.683553,12.423264]]],[[[122.683185,12.423445],[122.682817,12.423263],[122.682817,12.423444],[122.683185,12.423445]]],[[[122.682817,12.423444],[122.682633,12.423625],[122.682817,12.423625],[122.682817,12.423444]]],[[[122.682633,12.423625],[122.682448,12.423805],[122.682632,12.423806],[122.682633,12.423625]]],[[[122.682448,12.423805],[122.682264,12.423986],[122.682448,12.423986],[122.682448,12.423805]]],[[[122.683368,12.424168],[122.684126,12.42435],[122.684154,12.424172],[122.683368,12.424168]]],[[[122.684472,12.42435],[122.684451,12.424291],[122.684424,12.42435],[122.684472,12.42435]]],[[[122.683368,12.42453],[122.683,12.424349],[122.683,12.424529],[122.683368,12.42453]]],[[[122.684472,12.42435],[122.684759,12.424495],[122.684751,12.424351],[122.684472,12.42435]]],[[[122.683,12.424529],[122.682815,12.42471],[122.682999,12.42471],[122.683,12.424529]]],[[[122.684853,12.424703],[122.68484,12.424712],[122.684867,12.424713],[122.684853,12.424703]]],[[[122.685168,12.424894],[122.685023,12.425074],[122.685184,12.425075],[122.685168,12.424894]]],[[[122.682631,12.42471],[122.682264,12.423986],[122.681896,12.424166],[122.682078,12.425614],[122.682631,12.42471]]],[[[122.685021,12.426521],[122.685206,12.426192],[122.685022,12.42616],[122.685021,12.426521]]],[[[122.684837,12.426883],[122.685021,12.426702],[122.684837,12.426702],[122.684837,12.426883]]],[[[122.685764,12.427909],[122.685572,12.427969],[122.685823,12.427969],[122.685764,12.427909]]],[[[122.686859,12.428875],[122.686957,12.428585],[122.686859,12.428486],[122.686859,12.428875]]],[[[122.686859,12.428875],[122.686618,12.428874],[122.686859,12.429021],[122.686859,12.428875]]],[[[122.683914,12.428871],[122.683546,12.429052],[122.683914,12.429052],[122.683914,12.428871]]],[[[122.684653,12.426883],[122.683731,12.42869],[122.68541,12.429235],[122.685706,12.428873],[122.685203,12.428873],[122.68502,12.427787],[122.685551,12.427788],[122.684653,12.426883]]],[[[122.683912,12.430861],[122.684281,12.430138],[122.684281,12.429776],[122.683729,12.430318],[122.683912,12.430861]]],[[[122.681516,12.433752],[122.681698,12.43556],[122.681145,12.436826],[122.681961,12.435742],[122.682276,12.434099],[122.682989,12.433572],[122.683728,12.43086],[122.681516,12.433752]],[[122.6817,12.433933],[122.682069,12.433571],[122.682252,12.433933],[122.6817,12.433933]]],[[[122.68096,12.437006],[122.68096,12.437118],[122.680991,12.437006],[122.68096,12.437006]]],[[[122.680407,12.438091],[122.680407,12.438136],[122.680465,12.438091],[122.680407,12.438091]]],[[[122.680223,12.438272],[122.680223,12.438305],[122.680263,12.438272],[122.680223,12.438272]]],[[[122.679854,12.438452],[122.679854,12.438587],[122.680007,12.438452],[122.679854,12.438452]]],[[[122.67967,12.438633],[122.679689,12.438735],[122.67979,12.438633],[122.67967,12.438633]]],[[[122.679486,12.438813],[122.679486,12.438862],[122.679508,12.438813],[122.679486,12.438813]]],[[[122.679302,12.438994],[122.679302,12.439015],[122.679312,12.438994],[122.679302,12.438994]]],[[[122.678749,12.439355],[122.678749,12.439527],[122.678885,12.439355],[122.678749,12.439355]]],[[[122.678565,12.439536],[122.678448,12.439681],[122.678565,12.439625],[122.678565,12.439536]]],[[[122.674073,12.440254],[122.675621,12.438809],[122.675622,12.438447],[122.677094,12.43863],[122.677276,12.439715],[122.678332,12.439897],[122.677645,12.439715],[122.677462,12.438268],[122.675991,12.437543],[122.67636,12.436458],[122.67581,12.435192],[122.674521,12.435914],[122.674888,12.436818],[122.67544,12.436819],[122.675623,12.437723],[122.674073,12.440254]]],[[[122.673963,12.440254],[122.673779,12.440434],[122.673887,12.440434],[122.673963,12.440254]]],[[[122.673595,12.440434],[122.673226,12.441519],[122.672673,12.442061],[122.67341,12.441577],[122.673595,12.440434]]],[[[122.672673,12.442061],[122.672489,12.442241],[122.672673,12.442241],[122.672673,12.442061]]],[[[122.672489,12.442241],[122.672304,12.442603],[122.672488,12.442603],[122.672489,12.442241]]],[[[122.672304,12.442784],[122.672119,12.443507],[122.672303,12.443507],[122.672304,12.442784]]],[[[122.672119,12.443688],[122.671934,12.44423],[122.672118,12.44423],[122.672119,12.443688]]],[[[122.667149,12.444586],[122.667333,12.444224],[122.666965,12.444224],[122.667149,12.444586]]],[[[122.667517,12.444586],[122.667701,12.444767],[122.667701,12.444587],[122.667517,12.444586]]],[[[122.669173,12.44495],[122.668989,12.444769],[122.668989,12.44495],[122.669173,12.44495]]],[[[122.670645,12.444771],[122.671565,12.444953],[122.671934,12.444411],[122.670645,12.444771]]],[[[122.670461,12.444952],[122.668804,12.44513],[122.668806,12.444226],[122.668254,12.444045],[122.668436,12.445492],[122.667884,12.445491],[122.667515,12.446395],[122.668249,12.447481],[122.669354,12.44694],[122.669355,12.446035],[122.670461,12.444952]]],[[[122.66696,12.448384],[122.667513,12.447661],[122.667514,12.446576],[122.666777,12.447841],[122.66696,12.448384]]],[[[122.66696,12.448565],[122.667143,12.448926],[122.667144,12.448565],[122.66696,12.448565]]],[[[122.668065,12.447481],[122.667143,12.449288],[122.6688,12.448748],[122.668615,12.449471],[122.668983,12.449833],[122.668771,12.448024],[122.668065,12.447481]]],[[[122.668983,12.449833],[122.668981,12.450894],[122.669165,12.450918],[122.668983,12.449833]]],[[[122.668934,12.450918],[122.668797,12.451099],[122.668797,12.451134],[122.668934,12.450918]]],[[[122.668244,12.451904],[122.668441,12.451732],[122.668765,12.45128],[122.668244,12.451641],[122.668244,12.451904]]],[[[122.66806,12.452002],[122.668252,12.452183],[122.668244,12.45192],[122.66806,12.452002]]],[[[122.668016,12.452683],[122.667875,12.452545],[122.667506,12.452906],[122.668016,12.452683]]],[[[122.667506,12.453084],[122.666954,12.453086],[122.666954,12.453267],[122.667506,12.453084]]],[[[122.666944,12.453349],[122.666586,12.453266],[122.666586,12.453447],[122.666944,12.453349]]],[[[122.665665,12.453627],[122.665849,12.453446],[122.665665,12.453446],[122.665665,12.453627]]],[[[122.666585,12.453509],[122.666033,12.453447],[122.666033,12.45375],[122.666585,12.453509]]],[[[122.665481,12.453627],[122.664376,12.454168],[122.664006,12.455976],[122.661798,12.455792],[122.661428,12.456877],[122.662165,12.456155],[122.662901,12.456156],[122.663636,12.457242],[122.663301,12.458332],[122.664038,12.458152],[122.664744,12.45453],[122.665481,12.453627]]],[[[122.663301,12.458332],[122.663117,12.458513],[122.663301,12.458513],[122.663301,12.458332]]],[[[122.663117,12.458513],[122.662933,12.458693],[122.663117,12.458693],[122.663117,12.458513]]],[[[122.660169,12.461222],[122.659801,12.461402],[122.660169,12.461403],[122.660169,12.461222]]],[[[122.662377,12.461225],[122.662929,12.461406],[122.66293,12.461225],[122.662377,12.461225]]],[[[122.66385,12.461226],[122.663113,12.461406],[122.66385,12.461407],[122.66385,12.461226]]],[[[122.664217,12.461589],[122.664034,12.461407],[122.664033,12.461588],[122.664217,12.461589]]],[[[122.662378,12.461044],[122.661642,12.460862],[122.661459,12.460138],[122.662563,12.459959],[122.662933,12.458693],[122.66238,12.459416],[122.660907,12.459776],[122.66109,12.460861],[122.660353,12.461584],[122.661088,12.461766],[122.661273,12.461223],[122.662378,12.461044]]],[[[122.664217,12.461589],[122.664401,12.46177],[122.664401,12.461589],[122.664217,12.461589]]],[[[122.664401,12.46177],[122.664585,12.461951],[122.664585,12.46177],[122.664401,12.46177]]],[[[122.668266,12.461774],[122.668634,12.461956],[122.669002,12.461956],[122.668748,12.461594],[122.668266,12.461774]]],[[[122.669002,12.461956],[122.669175,12.462137],[122.669058,12.461956],[122.669002,12.461956]]],[[[122.668266,12.461413],[122.666059,12.460687],[122.664585,12.462132],[122.665137,12.462313],[122.665321,12.461771],[122.668266,12.461413]]],[[[122.668919,12.463041],[122.669339,12.462732],[122.669186,12.462158],[122.669185,12.46268],[122.668919,12.463041]]],[[[122.668817,12.463041],[122.668632,12.463222],[122.668816,12.463098],[122.668817,12.463041]]],[[[122.668632,12.463309],[122.668264,12.463221],[122.668264,12.463402],[122.668632,12.463309]]],[[[122.66808,12.463402],[122.666791,12.463943],[122.666606,12.464304],[122.667527,12.464125],[122.66808,12.463402]]],[[[122.666606,12.464304],[122.666422,12.464485],[122.666606,12.464485],[122.666606,12.464304]]],[[[122.666422,12.464485],[122.666238,12.464666],[122.666422,12.464666],[122.666422,12.464485]]],[[[122.666238,12.464807],[122.665501,12.464846],[122.665501,12.46497],[122.666238,12.464807]]],[[[122.665133,12.465026],[122.665133,12.46506],[122.66524,12.465026],[122.665133,12.465026]]],[[[122.660345,12.467371],[122.660161,12.467552],[122.660345,12.467552],[122.660345,12.467371]]],[[[122.653719,12.467905],[122.653536,12.467182],[122.653904,12.46682],[122.653537,12.465916],[122.652985,12.465915],[122.652798,12.468085],[122.653719,12.467905]]],[[[122.662557,12.46448],[122.661453,12.46466],[122.661268,12.465383],[122.660347,12.465563],[122.660714,12.466829],[122.660345,12.467371],[122.661081,12.467372],[122.66108,12.468096],[122.661632,12.468458],[122.661817,12.467554],[122.660898,12.466829],[122.660899,12.465925],[122.661452,12.465564],[122.662924,12.465747],[122.663108,12.465204],[122.663291,12.46629],[122.663942,12.465929],[122.662557,12.46448]],[[122.662924,12.465204],[122.662741,12.465023],[122.662925,12.465023],[122.662924,12.465204]],[[122.662373,12.464661],[122.662557,12.465023],[122.662373,12.465023],[122.662373,12.464661]]],[[[122.661078,12.469723],[122.661078,12.469739],[122.661083,12.469723],[122.661078,12.469723]]],[[[122.660948,12.470085],[122.660893,12.470266],[122.660893,12.470289],[122.660948,12.470085]]],[[[122.653718,12.468267],[122.654086,12.468448],[122.653901,12.469533],[122.654451,12.471162],[122.655003,12.47062],[122.655924,12.470621],[122.656475,12.471164],[122.655742,12.468631],[122.656662,12.468633],[122.658683,12.47171],[122.660832,12.471712],[122.660886,12.47117],[122.659235,12.47153],[122.656847,12.468452],[122.654639,12.467907],[122.653718,12.468267]]],[[[122.654636,12.470077],[122.654821,12.469535],[122.654453,12.469353],[122.654636,12.470077]]],[[[122.656475,12.471345],[122.656658,12.47225],[122.655737,12.472429],[122.655736,12.473695],[122.655921,12.472791],[122.65721,12.472431],[122.65721,12.471889],[122.656475,12.471345]]],[[[122.45,12.472983],[122.45046,12.473873],[122.450587,12.473888],[122.450589,12.473346],[122.45,12.472983]]],[[[122.653709,12.475321],[122.654814,12.474779],[122.65371,12.474778],[122.653709,12.475321]]],[[[122.450952,12.475336],[122.45085,12.475365],[122.450952,12.475404],[122.450952,12.475336]]],[[[122.650028,12.475316],[122.650212,12.475497],[122.650212,12.475316],[122.650028,12.475316]]],[[[122.647818,12.476036],[122.64745,12.476217],[122.647818,12.476217],[122.647818,12.476036]]],[[[122.655552,12.473695],[122.652791,12.473873],[122.651868,12.47568],[122.649843,12.475677],[122.650028,12.475135],[122.649292,12.475134],[122.649475,12.475858],[122.64837,12.476218],[122.650211,12.47622],[122.650394,12.476763],[122.652603,12.476404],[122.653156,12.475862],[122.652236,12.475319],[122.653157,12.474777],[122.653158,12.474235],[122.654446,12.474417],[122.655735,12.474057],[122.655552,12.473695]]],[[[122.454077,12.477332],[122.453526,12.476607],[122.45132,12.475517],[122.452422,12.476786],[122.454077,12.477332]]],[[[122.454077,12.477512],[122.45426,12.477694],[122.454261,12.477513],[122.454077,12.477512]]],[[[122.64487,12.478565],[122.645241,12.476395],[122.647266,12.475855],[122.646898,12.475854],[122.646899,12.475312],[122.646346,12.475854],[122.644874,12.475852],[122.643035,12.474764],[122.644689,12.476213],[122.644871,12.47766],[122.644502,12.478202],[122.64487,12.478565]]],[[[122.644686,12.478564],[122.644502,12.478745],[122.644686,12.478745],[122.644686,12.478564]]],[[[122.651681,12.47785],[122.65076,12.47803],[122.651311,12.478935],[122.652048,12.478936],[122.651681,12.47785]]],[[[122.644502,12.478745],[122.644317,12.479106],[122.644501,12.479107],[122.644502,12.478745]]],[[[122.454073,12.47914],[122.454258,12.478598],[122.454074,12.478598],[122.454073,12.47914]]],[[[122.454441,12.479141],[122.454256,12.479683],[122.454624,12.479865],[122.454441,12.479141]]],[[[122.454624,12.479865],[122.454808,12.480046],[122.454808,12.479865],[122.454624,12.479865]]],[[[122.645972,12.480194],[122.645052,12.480373],[122.645972,12.480375],[122.645972,12.480194]]],[[[122.641186,12.480549],[122.643579,12.480371],[122.644868,12.480011],[122.64358,12.479648],[122.641186,12.480549]]],[[[122.646708,12.480376],[122.646156,12.480556],[122.646708,12.480556],[122.646708,12.480376]]],[[[122.650942,12.4802],[122.65039,12.479838],[122.650576,12.478029],[122.648552,12.477846],[122.648183,12.478207],[122.649469,12.48056],[122.649838,12.480018],[122.650942,12.4802]]],[[[122.64892,12.478208],[122.649102,12.479474],[122.650022,12.479656],[122.649656,12.478209],[122.64892,12.478208]]],[[[122.515847,12.480534],[122.515663,12.480715],[122.515847,12.480715],[122.515847,12.480534]]],[[[122.454928,12.48077],[122.454991,12.480227],[122.454807,12.480227],[122.454928,12.48077]]],[[[122.455174,12.48077],[122.455142,12.480951],[122.455174,12.480951],[122.455174,12.48077]]],[[[122.649285,12.48056],[122.648732,12.480921],[122.64726,12.480557],[122.646892,12.480737],[122.648363,12.481282],[122.649285,12.48056]]],[[[122.455357,12.481132],[122.455299,12.481225],[122.455357,12.481306],[122.455357,12.481132]]],[[[122.457751,12.480594],[122.457566,12.481317],[122.45775,12.481318],[122.457751,12.480594]]],[[[122.515294,12.481257],[122.515109,12.481437],[122.515293,12.481437],[122.515294,12.481257]]],[[[122.520447,12.481266],[122.520263,12.481446],[122.520447,12.481447],[122.520447,12.481266]]],[[[122.455541,12.481313],[122.455446,12.481423],[122.455541,12.481494],[122.455541,12.481313]]],[[[122.457381,12.481679],[122.457565,12.481498],[122.457381,12.481498],[122.457381,12.481679]]],[[[122.636031,12.481808],[122.638056,12.481268],[122.638793,12.480727],[122.637689,12.480544],[122.636031,12.481808]]],[[[122.641185,12.481634],[122.641921,12.481816],[122.641921,12.481635],[122.641185,12.481634]]],[[[122.455908,12.481857],[122.455724,12.481675],[122.455724,12.481708],[122.455908,12.481857]]],[[[122.457381,12.481679],[122.457196,12.481859],[122.45738,12.48186],[122.457381,12.481679]]],[[[122.515109,12.481799],[122.514924,12.481979],[122.515108,12.48198],[122.515109,12.481799]]],[[[122.457196,12.481859],[122.457012,12.48204],[122.457196,12.482029],[122.457196,12.481859]]],[[[122.459589,12.482045],[122.459592,12.480417],[122.457937,12.47969],[122.457752,12.480414],[122.458488,12.480415],[122.459589,12.482045]]],[[[122.520446,12.481808],[122.520261,12.48217],[122.520445,12.48217],[122.520446,12.481808]]],[[[122.456828,12.482039],[122.456693,12.48222],[122.456828,12.48222],[122.456828,12.482039]]],[[[122.520629,12.482532],[122.520445,12.482351],[122.520445,12.482532],[122.520629,12.482532]]],[[[122.520629,12.482532],[122.520813,12.482713],[122.520813,12.482532],[122.520629,12.482532]]],[[[122.521181,12.482533],[122.520997,12.482714],[122.521181,12.482714],[122.521181,12.482533]]],[[[122.516031,12.480534],[122.516032,12.479992],[122.5164,12.479993],[122.51695,12.48126],[122.517869,12.481804],[122.517868,12.482708],[122.518788,12.482891],[122.516769,12.479632],[122.515849,12.479811],[122.516031,12.480534]]],[[[122.51934,12.482892],[122.518971,12.483072],[122.519339,12.483072],[122.51934,12.482892]]],[[[122.521364,12.482895],[122.52118,12.483076],[122.521364,12.483076],[122.521364,12.482895]]],[[[122.519891,12.483254],[122.519524,12.483073],[122.519523,12.483254],[122.519891,12.483254]]],[[[122.521179,12.483437],[122.520996,12.483256],[122.520995,12.483437],[122.521179,12.483437]]],[[[122.459221,12.482044],[122.457932,12.482042],[122.458115,12.482765],[122.459142,12.483491],[122.459221,12.482044]]],[[[122.458852,12.482405],[122.458299,12.482585],[122.458851,12.482586],[122.458852,12.482405]]],[[[122.519891,12.483254],[122.520075,12.483616],[122.520075,12.483255],[122.519891,12.483254]]],[[[122.520811,12.483437],[122.520627,12.483617],[122.520811,12.483618],[122.520811,12.483437]]],[[[122.521179,12.483437],[122.521363,12.483619],[122.521363,12.483438],[122.521179,12.483437]]],[[[122.520075,12.483616],[122.520442,12.483798],[122.520443,12.483617],[122.520075,12.483616]]],[[[122.459401,12.483853],[122.459217,12.483672],[122.459275,12.483853],[122.459401,12.483853]]],[[[122.468393,12.483776],[122.467684,12.483689],[122.467683,12.48387],[122.468064,12.483797],[122.468393,12.483776]]],[[[122.468787,12.483872],[122.468777,12.483883],[122.468787,12.48389],[122.468787,12.483872]]],[[[122.459585,12.483853],[122.459427,12.483948],[122.459585,12.483947],[122.459585,12.483853]]],[[[122.518971,12.483433],[122.518602,12.483614],[122.518786,12.483976],[122.51897,12.483976],[122.518971,12.483433]]],[[[122.52081,12.483979],[122.520995,12.483799],[122.520811,12.483798],[122.52081,12.483979]]],[[[122.467499,12.483869],[122.467131,12.483993],[122.467499,12.48394],[122.467499,12.483869]]],[[[122.466763,12.484049],[122.466762,12.484077],[122.466839,12.484049],[122.466763,12.484049]]],[[[122.460321,12.484036],[122.460289,12.484152],[122.460309,12.484165],[122.460321,12.484036]]],[[[122.469155,12.484053],[122.469088,12.484141],[122.469155,12.48419],[122.469155,12.484053]]],[[[122.469339,12.484235],[122.469287,12.484308],[122.469339,12.484341],[122.469339,12.484235]]],[[[122.650941,12.480562],[122.652597,12.481287],[122.652595,12.482734],[122.650018,12.482731],[122.647808,12.483813],[122.646519,12.483812],[122.64468,12.483086],[122.643945,12.482],[122.641921,12.481997],[122.643025,12.481998],[122.643943,12.483446],[122.646613,12.484354],[122.647991,12.484356],[122.649649,12.483273],[122.653146,12.483639],[122.654067,12.482917],[122.654437,12.48129],[122.653702,12.480385],[122.65223,12.480021],[122.650941,12.480562]]],[[[122.460504,12.484217],[122.460444,12.484353],[122.460496,12.484367],[122.460504,12.484217]]],[[[122.466429,12.484229],[122.46621,12.484409],[122.466469,12.4843],[122.466429,12.484229]]],[[[122.465657,12.484408],[122.465985,12.484502],[122.466026,12.484409],[122.465657,12.484408]]],[[[122.460688,12.484398],[122.4606,12.484562],[122.460688,12.484684],[122.460688,12.484398]]],[[[122.465289,12.484588],[122.465617,12.484657],[122.4656,12.484589],[122.465289,12.484588]]],[[[122.465289,12.484769],[122.465299,12.484764],[122.465289,12.484734],[122.465289,12.484769]]],[[[122.465289,12.484769],[122.465238,12.484799],[122.465289,12.484788],[122.465289,12.484769]]],[[[122.52081,12.48416],[122.520258,12.484159],[122.52044,12.484883],[122.52081,12.48416]]],[[[122.460871,12.48476],[122.4608,12.484841],[122.460871,12.484904],[122.460871,12.48476]]],[[[122.464921,12.484768],[122.464957,12.484888],[122.465033,12.484769],[122.464921,12.484768]]],[[[122.46492,12.484949],[122.464908,12.484955],[122.46492,12.484959],[122.46492,12.484949]]],[[[122.469887,12.484959],[122.46989,12.484963],[122.46989,12.484959],[122.469887,12.484959]]],[[[122.461055,12.484941],[122.461016,12.485028],[122.461055,12.485045],[122.461055,12.484941]]],[[[122.520624,12.484883],[122.520808,12.485245],[122.520809,12.484884],[122.520624,12.484883]]],[[[122.520256,12.485244],[122.519703,12.485424],[122.520255,12.485425],[122.520256,12.485244]]],[[[122.520808,12.485245],[122.520992,12.485426],[122.520992,12.485246],[122.520808,12.485245]]],[[[122.520623,12.485426],[122.520439,12.485606],[122.520623,12.485607],[122.520623,12.485426]]],[[[122.521176,12.485427],[122.521175,12.485788],[122.521543,12.485789],[122.521543,12.485608],[122.521176,12.485427]]],[[[122.461239,12.485123],[122.461053,12.485846],[122.461237,12.485846],[122.461239,12.485123]]],[[[122.521911,12.48579],[122.521727,12.48597],[122.521911,12.485971],[122.521911,12.48579]]],[[[122.509027,12.485947],[122.508843,12.486128],[122.509027,12.486128],[122.509027,12.485947]]],[[[122.509763,12.485949],[122.509579,12.486129],[122.509763,12.48613],[122.509763,12.485949]]],[[[122.518966,12.486146],[122.519335,12.485423],[122.518783,12.485423],[122.518966,12.486146]]],[[[122.508107,12.486127],[122.507922,12.486307],[122.508106,12.486308],[122.508107,12.486127]]],[[[122.462524,12.486484],[122.463262,12.485669],[122.464917,12.48505],[122.46271,12.485487],[122.462524,12.486484]]],[[[122.507554,12.486307],[122.50737,12.486487],[122.507554,12.486487],[122.507554,12.486307]]],[[[122.509947,12.486311],[122.509762,12.486491],[122.509946,12.486492],[122.509947,12.486311]]],[[[122.52191,12.486332],[122.521726,12.486513],[122.52191,12.486513],[122.52191,12.486332]]],[[[122.461236,12.48657],[122.461216,12.48658],[122.461236,12.4866],[122.461236,12.48657]]],[[[122.46234,12.486641],[122.462448,12.486572],[122.46234,12.486572],[122.46234,12.486641]]],[[[122.504057,12.4863],[122.503872,12.486661],[122.504056,12.486662],[122.504057,12.4863]]],[[[122.522278,12.486695],[122.521909,12.486875],[122.522277,12.486876],[122.522278,12.486695]]],[[[122.471478,12.486646],[122.471176,12.485685],[122.469371,12.484614],[122.469888,12.485502],[122.471478,12.486646]]],[[[122.461971,12.486933],[122.461918,12.48696],[122.462083,12.486933],[122.461971,12.486933]]],[[[122.503503,12.487203],[122.503688,12.487023],[122.503503,12.487023],[122.503503,12.487203]]],[[[122.509946,12.486853],[122.509761,12.487215],[122.509945,12.487215],[122.509946,12.486853]]],[[[122.522461,12.487057],[122.522093,12.487237],[122.522461,12.487238],[122.522461,12.487057]]],[[[122.471726,12.487133],[122.471694,12.487192],[122.471725,12.487239],[122.471726,12.487133]]],[[[122.52246,12.487599],[122.522276,12.487418],[122.522276,12.487599],[122.52246,12.487599]]],[[[122.471736,12.487594],[122.471909,12.487509],[122.471725,12.487537],[122.471736,12.487594]]],[[[122.472092,12.487857],[122.471974,12.487747],[122.472,12.48784],[122.472092,12.487857]]],[[[122.631605,12.487771],[122.632343,12.487048],[122.632159,12.486686],[122.631239,12.486685],[122.63087,12.487227],[122.631605,12.487771]]],[[[122.472276,12.487857],[122.472135,12.488022],[122.472276,12.488046],[122.472276,12.487857]]],[[[122.612279,12.488105],[122.612095,12.487924],[122.612095,12.488105],[122.612279,12.488105]]],[[[122.522644,12.4876],[122.522643,12.488142],[122.522827,12.488143],[122.522644,12.4876]]],[[[122.477245,12.488229],[122.477061,12.488409],[122.477245,12.48841],[122.477245,12.488229]]],[[[122.477429,12.488229],[122.47873,12.488412],[122.479424,12.488345],[122.47927,12.487871],[122.47743,12.487867],[122.477429,12.488229]]],[[[122.522827,12.488143],[122.523011,12.488505],[122.523011,12.488143],[122.522827,12.488143]]],[[[122.477061,12.488409],[122.476876,12.48859],[122.47706,12.48859],[122.477061,12.488409]]],[[[122.523011,12.488505],[122.523194,12.488686],[122.523195,12.488505],[122.523011,12.488505]]],[[[122.476876,12.48859],[122.476692,12.488746],[122.476876,12.488711],[122.476876,12.48859]]],[[[122.472459,12.488581],[122.472345,12.488629],[122.472459,12.488755],[122.472459,12.488581]]],[[[122.519334,12.486147],[122.518962,12.488317],[122.519697,12.48886],[122.519334,12.486147]]],[[[122.476508,12.48877],[122.476598,12.488836],[122.476665,12.48877],[122.476508,12.48877]]],[[[122.523378,12.489048],[122.523194,12.488867],[122.523194,12.489047],[122.523378,12.489048]]],[[[122.47242,12.489061],[122.472458,12.488853],[122.472362,12.488836],[122.47242,12.489061]]],[[[122.476139,12.489131],[122.476482,12.488951],[122.476139,12.48895],[122.476139,12.489131]]],[[[122.502395,12.48901],[122.502211,12.48919],[122.502395,12.489191],[122.502395,12.48901]]],[[[122.515279,12.489033],[122.515464,12.488672],[122.514729,12.487947],[122.514727,12.488851],[122.515279,12.489033]]],[[[122.523378,12.489048],[122.523561,12.489229],[122.523562,12.489048],[122.523378,12.489048]]],[[[122.524114,12.48923],[122.524298,12.489049],[122.524114,12.489049],[122.524114,12.48923]]],[[[122.475308,12.489308],[122.475955,12.489131],[122.475219,12.489129],[122.475308,12.489308]]],[[[122.502211,12.48919],[122.502027,12.489371],[122.502211,12.489371],[122.502211,12.48919]]],[[[122.524113,12.489411],[122.523745,12.489229],[122.523745,12.48941],[122.524113,12.489411]]],[[[122.475034,12.48949],[122.475159,12.48931],[122.475034,12.48931],[122.475034,12.48949]]],[[[122.611541,12.48937],[122.611356,12.489551],[122.61154,12.489551],[122.611541,12.48937]]],[[[122.502027,12.489371],[122.501842,12.489551],[122.502026,12.489552],[122.502027,12.489371]]],[[[122.475034,12.489583],[122.474666,12.48949],[122.474665,12.489671],[122.475034,12.489583]]],[[[122.472825,12.489667],[122.472746,12.489719],[122.472825,12.489729],[122.472825,12.489667]]],[[[122.503319,12.487203],[122.503501,12.488288],[122.502581,12.488287],[122.502395,12.48901],[122.504053,12.48847],[122.504419,12.489737],[122.505712,12.487207],[122.506817,12.486667],[122.506451,12.485762],[122.506823,12.483592],[122.510504,12.483599],[122.510874,12.482515],[122.511794,12.482516],[122.512897,12.483603],[122.513633,12.483605],[122.51437,12.483063],[122.51474,12.481979],[122.514004,12.481978],[122.513266,12.482881],[122.511427,12.481973],[122.510323,12.482152],[122.509216,12.483235],[122.50664,12.482869],[122.505716,12.485037],[122.505164,12.484855],[122.504243,12.485396],[122.50424,12.487024],[122.503319,12.487203]]],[[[122.474665,12.489671],[122.474481,12.489851],[122.474665,12.489724],[122.474665,12.489671]]],[[[122.473745,12.48985],[122.473767,12.48987],[122.473799,12.48985],[122.473745,12.48985]]],[[[122.473381,12.489849],[122.473455,12.489879],[122.473525,12.489849],[122.473381,12.489849]]],[[[122.504235,12.489737],[122.50405,12.489917],[122.504234,12.489918],[122.504235,12.489737]]],[[[122.474093,12.489988],[122.474297,12.489851],[122.473819,12.48985],[122.474093,12.489988]]],[[[122.50221,12.489914],[122.501106,12.489731],[122.500921,12.490092],[122.50221,12.489914]]],[[[122.50405,12.489917],[122.503866,12.490098],[122.50405,12.490098],[122.50405,12.489917]]],[[[122.641001,12.481815],[122.638609,12.481269],[122.638055,12.482534],[122.636951,12.482171],[122.635661,12.483255],[122.634556,12.483434],[122.634186,12.48488],[122.635659,12.484521],[122.635656,12.486872],[122.634735,12.487232],[122.633813,12.488497],[122.634547,12.490126],[122.635284,12.489765],[122.635469,12.489042],[122.635652,12.489645],[122.635966,12.489131],[122.636209,12.485968],[122.636946,12.485427],[122.637501,12.483619],[122.641001,12.481815]]],[[[122.612276,12.489914],[122.611907,12.490275],[122.612276,12.490275],[122.612276,12.489914]]],[[[122.503681,12.490278],[122.503498,12.490097],[122.503497,12.490278],[122.503681,12.490278]]],[[[122.502393,12.490457],[122.502761,12.490096],[122.502394,12.489914],[122.502393,12.490457]]],[[[122.488284,12.49042],[122.487916,12.4906],[122.488284,12.490601],[122.488284,12.49042]]],[[[122.503681,12.490278],[122.503865,12.49064],[122.503865,12.490279],[122.503681,12.490278]]],[[[122.486626,12.49096],[122.487732,12.4906],[122.486628,12.490417],[122.486626,12.49096]]],[[[122.627551,12.49102],[122.627735,12.491201],[122.627735,12.491021],[122.627551,12.49102]]],[[[122.487363,12.490961],[122.487546,12.491323],[122.487547,12.490961],[122.487363,12.490961]]],[[[122.627735,12.491201],[122.627919,12.491383],[122.627919,12.491202],[122.627735,12.491201]]],[[[122.592396,12.491331],[122.592211,12.491454],[122.592531,12.491331],[122.592396,12.491331]]],[[[122.61209,12.491179],[122.611722,12.491541],[122.61209,12.491541],[122.61209,12.491179]]],[[[122.627919,12.491383],[122.628103,12.491564],[122.628103,12.491383],[122.627919,12.491383]]],[[[122.628103,12.491564],[122.628287,12.491745],[122.628287,12.491564],[122.628103,12.491564]]],[[[122.628287,12.491745],[122.62847,12.491926],[122.628471,12.491745],[122.628287,12.491745]]],[[[122.487361,12.492046],[122.487545,12.491866],[122.487361,12.491865],[122.487361,12.492046]]],[[[122.612279,12.488286],[122.611541,12.48937],[122.613013,12.489553],[122.613196,12.490458],[122.615218,12.492088],[122.615219,12.491546],[122.615956,12.491004],[122.614668,12.490279],[122.61375,12.488831],[122.61283,12.488829],[122.612279,12.488286]]],[[[122.509752,12.491917],[122.509568,12.492098],[122.509752,12.492098],[122.509752,12.491917]]],[[[122.62847,12.491926],[122.629022,12.492108],[122.629023,12.491927],[122.62847,12.491926]]],[[[122.634912,12.492116],[122.634912,12.492186],[122.634944,12.492116],[122.634912,12.492116]]],[[[122.485336,12.492042],[122.485152,12.492223],[122.485336,12.492223],[122.485336,12.492042]]],[[[122.487361,12.492046],[122.487176,12.492227],[122.48736,12.492227],[122.487361,12.492046]]],[[[122.49141,12.492054],[122.491594,12.492235],[122.491594,12.492054],[122.49141,12.492054]]],[[[122.615586,12.492089],[122.615429,12.492269],[122.615586,12.49227],[122.615586,12.492089]]],[[[122.509384,12.492097],[122.509199,12.492278],[122.509383,12.492278],[122.509384,12.492097]]],[[[122.629022,12.492108],[122.62939,12.492289],[122.62939,12.492108],[122.629022,12.492108]]],[[[122.624052,12.492282],[122.624021,12.492327],[122.624052,12.492333],[122.624052,12.492282]]],[[[122.485704,12.492224],[122.485519,12.492404],[122.485703,12.492405],[122.485704,12.492224]]],[[[122.487176,12.492407],[122.486808,12.492226],[122.486808,12.492407],[122.487176,12.492407]]],[[[122.615586,12.49227],[122.615769,12.492451],[122.61577,12.49227],[122.615586,12.49227]]],[[[122.509015,12.492277],[122.508831,12.492458],[122.509015,12.492458],[122.509015,12.492277]]],[[[122.634544,12.492296],[122.634686,12.492439],[122.63483,12.492296],[122.634544,12.492296]]],[[[122.62442,12.492463],[122.624401,12.492482],[122.62442,12.492489],[122.62442,12.492463]]],[[[122.508095,12.492457],[122.508462,12.492638],[122.508463,12.492457],[122.508095,12.492457]]],[[[122.620371,12.492638],[122.620371,12.492638],[122.620372,12.492638],[122.620371,12.492638]]],[[[122.634544,12.492477],[122.634359,12.492651],[122.634544,12.492541],[122.634544,12.492477]]],[[[122.615954,12.492451],[122.615896,12.492663],[122.615953,12.492702],[122.615954,12.492451]]],[[[122.616122,12.492813],[122.616137,12.492822],[122.616137,12.492813],[122.616122,12.492813]]],[[[122.62939,12.49247],[122.630126,12.492652],[122.631325,12.491879],[122.632887,12.492836],[122.634346,12.492657],[122.633071,12.492656],[122.632704,12.491751],[122.6316,12.491569],[122.63068,12.491567],[122.630311,12.49229],[122.62939,12.49247]]],[[[122.599755,12.49297],[122.599724,12.493025],[122.599755,12.49304],[122.599755,12.49297]]],[[[122.616505,12.492994],[122.616469,12.493016],[122.616505,12.493042],[122.616505,12.492994]]],[[[122.627552,12.49084],[122.626817,12.489573],[122.626819,12.488487],[122.625714,12.488486],[122.625714,12.488848],[122.626266,12.488848],[122.62608,12.490295],[122.62663,12.491743],[122.627734,12.492287],[122.627733,12.492648],[122.62626,12.493078],[122.628101,12.492649],[122.628102,12.492106],[122.626815,12.4912],[122.626449,12.489753],[122.627552,12.49084]]],[[[122.618188,12.49324],[122.618806,12.493171],[122.619369,12.492998],[122.618714,12.492997],[122.618188,12.49324]]],[[[122.617609,12.493177],[122.61697,12.49324],[122.617609,12.493275],[122.617609,12.493177]]],[[[122.519505,12.49302],[122.519322,12.492477],[122.519875,12.491935],[122.520426,12.492479],[122.520613,12.491394],[122.520615,12.489947],[122.51988,12.489403],[122.520065,12.488861],[122.519328,12.489041],[122.51951,12.490126],[122.518955,12.492114],[122.517483,12.491931],[122.517848,12.493198],[122.519505,12.49302]]],[[[122.597183,12.489958],[122.598103,12.490436],[122.598766,12.492064],[122.599756,12.492427],[122.600342,12.493318],[122.601779,12.493696],[122.603252,12.493337],[122.603806,12.491891],[122.60491,12.492073],[122.607121,12.491172],[122.607672,12.491354],[122.608222,12.492802],[122.608959,12.492803],[122.610986,12.491178],[122.610987,12.490635],[122.611723,12.490455],[122.611356,12.489551],[122.610436,12.489368],[122.6097,12.489548],[122.609881,12.491176],[122.609328,12.491718],[122.608408,12.491717],[122.607673,12.490811],[122.605833,12.490809],[122.603807,12.491167],[122.602701,12.492432],[122.602149,12.492431],[122.599205,12.491703],[122.597554,12.488445],[122.597001,12.488987],[122.597183,12.489958]],[[122.597184,12.489711],[122.597369,12.488807],[122.597553,12.488807],[122.597552,12.48953],[122.597184,12.489711]]],[[[122.610804,12.489731],[122.610068,12.48973],[122.610067,12.489911],[122.610803,12.490092],[122.610804,12.489731]]],[[[122.583004,12.493849],[122.583142,12.493872],[122.583275,12.493849],[122.583004,12.493849]]],[[[122.507909,12.493361],[122.507728,12.491371],[122.509019,12.490107],[122.511229,12.489388],[122.511415,12.488484],[122.511048,12.488121],[122.509024,12.487756],[122.507734,12.488296],[122.50773,12.490467],[122.506621,12.492996],[122.506803,12.494082],[122.507909,12.493361]]],[[[122.509021,12.489022],[122.509389,12.489204],[122.509389,12.489023],[122.509021,12.489022]]],[[[122.509936,12.491917],[122.51325,12.491743],[122.513984,12.492467],[122.514167,12.493372],[122.51214,12.494453],[122.516007,12.493556],[122.515091,12.491022],[122.514355,12.491021],[122.513986,12.491563],[122.510121,12.491556],[122.509936,12.491917]]],[[[122.579909,12.494387],[122.580795,12.494388],[122.58174,12.494209],[122.579909,12.494387]]],[[[122.504409,12.49462],[122.504594,12.49444],[122.50441,12.494439],[122.504409,12.49462]]],[[[122.51214,12.49461],[122.511036,12.494451],[122.511035,12.494632],[122.51214,12.49461]]],[[[122.519504,12.493381],[122.520607,12.494649],[122.520975,12.49465],[122.519873,12.493201],[122.519504,12.493381]]],[[[122.576193,12.494743],[122.576193,12.494764],[122.576355,12.494743],[122.576193,12.494743]]],[[[122.510115,12.494811],[122.510851,12.494632],[122.510115,12.494631],[122.510115,12.494811]]],[[[122.520975,12.49465],[122.521526,12.494832],[122.521527,12.494651],[122.520975,12.49465]]],[[[122.559259,12.494715],[122.559075,12.494896],[122.559259,12.494896],[122.559259,12.494715]]],[[[122.572879,12.494918],[122.572695,12.494958],[122.572948,12.494918],[122.572879,12.494918]]],[[[122.504409,12.49462],[122.504225,12.494981],[122.504409,12.494982],[122.504409,12.49462]]],[[[122.509194,12.49481],[122.50993,12.494992],[122.509931,12.494811],[122.509194,12.49481]]],[[[122.52171,12.495013],[122.522263,12.494833],[122.521711,12.494832],[122.52171,12.495013]]],[[[122.522999,12.494834],[122.52263,12.495015],[122.522999,12.495015],[122.522999,12.494834]]],[[[122.504225,12.494981],[122.50404,12.495162],[122.504224,12.495162],[122.504225,12.494981]]],[[[122.509194,12.495133],[122.508274,12.494989],[122.508273,12.49517],[122.509194,12.495133]]],[[[122.523367,12.495016],[122.523182,12.49516],[122.523366,12.495197],[122.523367,12.495016]]],[[[122.508273,12.495298],[122.507721,12.495169],[122.507721,12.49535],[122.508273,12.495298]]],[[[122.523734,12.495378],[122.52355,12.495197],[122.52355,12.495329],[122.523734,12.495378]]],[[[122.544717,12.495415],[122.544901,12.495234],[122.544717,12.495234],[122.544717,12.495415]]],[[[122.504224,12.495343],[122.504039,12.495524],[122.504223,12.495524],[122.504224,12.495343]]],[[[122.523918,12.495379],[122.523813,12.495463],[122.523918,12.495557],[122.523918,12.495379]]],[[[122.531834,12.495031],[122.531648,12.495573],[122.531833,12.495573],[122.531834,12.495031]]],[[[122.57159,12.495459],[122.57159,12.49563],[122.571739,12.495459],[122.57159,12.495459]]],[[[122.507721,12.49545],[122.5068,12.495529],[122.5068,12.49571],[122.507721,12.49545]]],[[[122.571406,12.495639],[122.571405,12.495771],[122.571577,12.49564],[122.571406,12.495639]]],[[[122.544717,12.495415],[122.544532,12.495776],[122.544716,12.495776],[122.544717,12.495415]]],[[[122.531833,12.495573],[122.532016,12.495935],[122.532017,12.495574],[122.531833,12.495573]]],[[[122.544532,12.495776],[122.544348,12.495957],[122.544532,12.495957],[122.544532,12.495776]]],[[[122.49582,12.49586],[122.495635,12.496016],[122.49582,12.495896],[122.49582,12.49586]]],[[[122.544348,12.495957],[122.544164,12.496137],[122.544348,12.496137],[122.544348,12.495957]]],[[[122.571037,12.496],[122.570853,12.496171],[122.571037,12.496043],[122.571037,12.496]]],[[[122.495451,12.49604],[122.495451,12.496195],[122.495606,12.49604],[122.495451,12.49604]]],[[[122.490544,12.496181],[122.490667,12.495669],[122.490482,12.495669],[122.490544,12.496181]]],[[[122.570669,12.496181],[122.570668,12.496291],[122.570838,12.496181],[122.570669,12.496181]]],[[[122.559809,12.496163],[122.559625,12.496344],[122.559809,12.496344],[122.559809,12.496163]]],[[[122.500541,12.496421],[122.500909,12.496241],[122.500541,12.49606],[122.500541,12.496421]]],[[[122.506616,12.495709],[122.50588,12.495708],[122.505881,12.495165],[122.504777,12.494621],[122.504409,12.494982],[122.50459,12.496429],[122.50496,12.495525],[122.505695,12.495888],[122.506616,12.495709]]],[[[122.570484,12.496361],[122.5703,12.496457],[122.570484,12.496371],[122.570484,12.496361]]],[[[122.524469,12.496284],[122.524102,12.495741],[122.523917,12.495798],[122.523987,12.496309],[122.524469,12.496284]]],[[[122.495267,12.496402],[122.495266,12.49648],[122.495314,12.496402],[122.495267,12.496402]]],[[[122.490481,12.496504],[122.49048,12.496507],[122.490481,12.496508],[122.490481,12.496504]]],[[[122.50353,12.496555],[122.504406,12.496429],[122.503301,12.496427],[122.50353,12.496555]]],[[[122.500541,12.496421],[122.500356,12.496602],[122.50054,12.496602],[122.500541,12.496421]]],[[[122.570116,12.496541],[122.569931,12.496674],[122.570116,12.496565],[122.570116,12.496541]]],[[[122.4995,12.49659],[122.500052,12.496703],[122.500052,12.496591],[122.4995,12.49659]]],[[[122.495082,12.496763],[122.495082,12.496853],[122.495127,12.496763],[122.495082,12.496763]]],[[[122.569747,12.496722],[122.569563,12.49686],[122.569747,12.496777],[122.569747,12.496722]]],[[[122.569379,12.496902],[122.569195,12.497026],[122.569379,12.496943],[122.569379,12.496902]]],[[[122.56901,12.497082],[122.568826,12.497191],[122.56901,12.497109],[122.56901,12.497082]]],[[[122.494897,12.497124],[122.494897,12.497234],[122.49496,12.497124],[122.494897,12.497124]]],[[[122.490385,12.497297],[122.49048,12.496754],[122.490481,12.496552],[122.490385,12.497297]]],[[[122.568642,12.497263],[122.568458,12.497345],[122.568642,12.497268],[122.568642,12.497263]]],[[[122.490479,12.497297],[122.490558,12.497478],[122.490657,12.497297],[122.490479,12.497297]]],[[[122.56809,12.497443],[122.568089,12.497499],[122.568224,12.497443],[122.56809,12.497443]]],[[[122.567721,12.497623],[122.567721,12.497653],[122.567792,12.497623],[122.567721,12.497623]]],[[[122.494528,12.497485],[122.494815,12.497705],[122.494859,12.497305],[122.494528,12.497485]]],[[[122.567353,12.497803],[122.567353,12.497874],[122.567446,12.497803],[122.567353,12.497803]]],[[[122.528699,12.497919],[122.528884,12.497739],[122.5287,12.497738],[122.528699,12.497919]]],[[[122.529435,12.49792],[122.529068,12.497739],[122.529067,12.49792],[122.529435,12.49792]]],[[[122.494711,12.497934],[122.494842,12.497849],[122.494712,12.497855],[122.494711,12.497934]]],[[[122.557966,12.497788],[122.559255,12.497064],[122.559074,12.495619],[122.558337,12.495799],[122.558338,12.495076],[122.557602,12.495074],[122.556867,12.49435],[122.555578,12.494528],[122.556865,12.495435],[122.556862,12.497243],[122.555941,12.497863],[122.557966,12.497788]]],[[[122.5668,12.498164],[122.566616,12.498242],[122.5668,12.498226],[122.5668,12.498164]]],[[[122.529435,12.49792],[122.529619,12.498282],[122.52962,12.497921],[122.529435,12.49792]]],[[[122.529066,12.498462],[122.529251,12.498282],[122.529067,12.498281],[122.529066,12.498462]]],[[[122.543423,12.498487],[122.544528,12.498127],[122.543977,12.497584],[122.544164,12.496137],[122.543423,12.498487]]],[[[122.565511,12.498343],[122.565811,12.498524],[122.566242,12.498344],[122.565879,12.498343],[122.565511,12.498343]]],[[[122.48331,12.492943],[122.485398,12.494574],[122.48895,12.494219],[122.489068,12.493892],[122.489335,12.49422],[122.489649,12.493667],[122.489015,12.493315],[122.489016,12.492773],[122.490488,12.492775],[122.489684,12.493678],[122.490756,12.493072],[122.490299,12.495446],[122.49122,12.494947],[122.491587,12.49549],[122.491585,12.496756],[122.490888,12.497298],[122.492758,12.498544],[122.493238,12.498387],[122.493239,12.497845],[122.493974,12.498569],[122.4948,12.4982],[122.494159,12.498208],[122.494348,12.495315],[122.496373,12.495318],[122.496004,12.495815],[122.496753,12.495839],[122.497661,12.495321],[122.498038,12.496528],[122.4995,12.49659],[122.498949,12.495685],[122.498029,12.495502],[122.498215,12.494599],[122.497664,12.494236],[122.497111,12.494416],[122.496926,12.495139],[122.496374,12.494595],[122.495453,12.495136],[122.493797,12.494952],[122.493063,12.493685],[122.494351,12.493868],[122.494718,12.494411],[122.496007,12.494052],[122.496191,12.494414],[122.496192,12.493871],[122.493984,12.493505],[122.495459,12.492242],[122.493985,12.492782],[122.493065,12.49278],[122.492514,12.492237],[122.490673,12.492595],[122.490674,12.492052],[122.49141,12.491873],[122.490675,12.491329],[122.49031,12.489881],[122.488838,12.489698],[122.488468,12.490421],[122.489573,12.490242],[122.490492,12.490786],[122.490304,12.492594],[122.484966,12.492946],[122.482394,12.490409],[122.482398,12.4886],[122.480375,12.487873],[122.47931,12.488052],[122.480373,12.488777],[122.482213,12.488962],[122.481843,12.489865],[122.48074,12.489501],[122.480554,12.490405],[122.481474,12.490226],[122.48331,12.492943]],[[122.484596,12.493669],[122.484229,12.493487],[122.484229,12.493125],[122.484596,12.493669]]],[[[122.493239,12.497664],[122.493242,12.496398],[122.49269,12.496216],[122.492504,12.49712],[122.493239,12.497664]]],[[[122.491775,12.493501],[122.492144,12.49314],[122.491592,12.493139],[122.491775,12.493501]]],[[[122.491224,12.492777],[122.491592,12.492958],[122.491592,12.492778],[122.491224,12.492777]]],[[[122.487727,12.493132],[122.486438,12.49331],[122.486069,12.493852],[122.486989,12.494035],[122.487727,12.493132]]],[[[122.565327,12.498523],[122.565143,12.49862],[122.565327,12.498582],[122.565327,12.498523]]],[[[122.529066,12.498462],[122.528882,12.498643],[122.529066,12.498643],[122.529066,12.498462]]],[[[122.529861,12.498645],[122.529803,12.498464],[122.529802,12.498644],[122.529861,12.498645]]],[[[122.528698,12.498642],[122.52833,12.498642],[122.528699,12.497919],[122.527778,12.49846],[122.527961,12.498822],[122.528698,12.498642]]],[[[122.543423,12.498487],[122.543239,12.498848],[122.543423,12.498849],[122.543423,12.498487]]],[[[122.56367,12.498882],[122.563669,12.499006],[122.563795,12.498882],[122.56367,12.498882]]],[[[122.53919,12.498661],[122.538821,12.498841],[122.538821,12.499022],[122.539189,12.499022],[122.53919,12.498661]]],[[[122.563485,12.499063],[122.563513,12.499098],[122.563573,12.499063],[122.563485,12.499063]]],[[[122.529434,12.499005],[122.529529,12.499084],[122.529597,12.499006],[122.529434,12.499005]]],[[[122.524468,12.496553],[122.527224,12.499182],[122.527776,12.499364],[122.527594,12.498641],[122.524468,12.496553]]],[[[122.529433,12.499186],[122.529249,12.499367],[122.529335,12.499367],[122.529433,12.499186]]],[[[122.529249,12.499367],[122.529244,12.499379],[122.529249,12.499387],[122.529249,12.499367]]],[[[122.529065,12.499501],[122.529211,12.499367],[122.529065,12.499367],[122.529065,12.499501]]],[[[122.52802,12.499546],[122.528144,12.499365],[122.52796,12.499365],[122.52802,12.499546]]],[[[122.529442,12.494122],[122.53073,12.494305],[122.531649,12.495031],[122.531099,12.493944],[122.528524,12.492855],[122.52742,12.492853],[122.52595,12.491584],[122.525397,12.491764],[122.525763,12.493212],[122.526683,12.493213],[122.52705,12.493937],[122.529074,12.494483],[122.530357,12.497018],[122.529987,12.498458],[122.531093,12.497562],[122.532194,12.499372],[122.531824,12.500078],[122.532561,12.500096],[122.532379,12.500492],[122.532927,12.50082],[122.533482,12.499374],[122.531277,12.497381],[122.531279,12.496477],[122.531831,12.496297],[122.531648,12.495573],[122.529809,12.494846],[122.529442,12.494122]],[[122.529258,12.494122],[122.528891,12.493941],[122.529259,12.493941],[122.529258,12.494122]],[[122.528891,12.493941],[122.528707,12.493759],[122.528891,12.49376],[122.528891,12.493941]]],[[[122.537713,12.500828],[122.536793,12.500646],[122.536793,12.500827],[122.537713,12.500828]]],[[[122.536793,12.500827],[122.536608,12.501007],[122.536793,12.501008],[122.536793,12.500827]]],[[[122.532927,12.501182],[122.532743,12.501058],[122.532927,12.501261],[122.532927,12.501182]]],[[[122.536424,12.501007],[122.535688,12.501187],[122.534582,12.502089],[122.535502,12.50191],[122.536424,12.501007]]],[[[122.534398,12.502089],[122.533767,12.502268],[122.534397,12.50227],[122.534398,12.502089]]],[[[122.544713,12.497947],[122.546734,12.499759],[122.548024,12.499037],[122.548944,12.49922],[122.549127,12.499763],[122.547838,12.500303],[122.545813,12.500119],[122.543976,12.498307],[122.543606,12.499211],[122.543055,12.498848],[122.542685,12.49939],[122.541028,12.49993],[122.539371,12.499927],[122.538636,12.499383],[122.537713,12.500648],[122.53955,12.502821],[122.541207,12.502824],[122.545812,12.500661],[122.545991,12.503555],[122.544333,12.504638],[122.544331,12.505542],[122.545988,12.505626],[122.548567,12.504464],[122.548752,12.503741],[122.552784,12.500471],[122.554029,12.498686],[122.552075,12.497778],[122.550048,12.499222],[122.549497,12.498678],[122.547104,12.498855],[122.545818,12.497587],[122.544713,12.497947]],[[122.546367,12.499035],[122.546184,12.498492],[122.546552,12.498673],[122.546367,12.499035]]]]}},{"type":"Feature","properties":{"haz":3},"geometry":{"type":"MultiPolygon","coordinates":[[[[122.604537,12.300051],[122.603985,12.300231],[122.604536,12.300412],[122.604537,12.300051]]],[[[122.601443,12.30077],[122.602145,12.300771],[122.602146,12.3],[122.601443,12.30077]]],[[[122.600371,12.301491],[122.601224,12.301131],[122.601409,12.300801],[122.600371,12.301491]]],[[[122.600304,12.301672],[122.600169,12.301603],[122.600013,12.301672],[122.600304,12.301672]]],[[[122.597648,12.303296],[122.598647,12.302936],[122.599936,12.301691],[122.597648,12.303296]]],[[[122.597542,12.303477],[122.59744,12.303419],[122.597327,12.303476],[122.597542,12.303477]]],[[[122.597174,12.303657],[122.597108,12.303616],[122.597061,12.303657],[122.597174,12.303657]]],[[[122.59699,12.303838],[122.59691,12.303772],[122.596797,12.303837],[122.59699,12.303838]]],[[[122.596622,12.304018],[122.596576,12.303986],[122.596516,12.304018],[122.596622,12.304018]]],[[[122.578045,12.304352],[122.577929,12.304344],[122.577917,12.304351],[122.578045,12.304352]]],[[[122.57786,12.304532],[122.577775,12.304459],[122.577665,12.304532],[122.57786,12.304532]]],[[[122.577492,12.304713],[122.577405,12.304681],[122.5773,12.304712],[122.577492,12.304713]]],[[[122.577124,12.304893],[122.576974,12.304805],[122.576891,12.304892],[122.577124,12.304893]]],[[[122.580068,12.304536],[122.579699,12.304716],[122.579699,12.304897],[122.580067,12.304897],[122.580068,12.304536]]],[[[122.590182,12.305636],[122.590551,12.304552],[122.591103,12.304552],[122.591654,12.305277],[122.592758,12.304736],[122.593677,12.305099],[122.594046,12.304557],[122.596068,12.305102],[122.595886,12.304198],[122.596254,12.304105],[122.590277,12.304413],[122.587689,12.303176],[122.584525,12.303366],[122.58101,12.302804],[122.580169,12.302927],[122.578105,12.304171],[122.580254,12.303089],[122.581173,12.30309],[122.582459,12.304358],[122.584482,12.304542],[122.584482,12.304181],[122.582828,12.303816],[122.587059,12.30328],[122.587241,12.304547],[122.588161,12.304367],[122.58871,12.305634],[122.589631,12.305274],[122.590182,12.305636]]],[[[122.656036,12.30012],[122.658793,12.301751],[122.661731,12.305191],[122.663631,12.305917],[122.661768,12.304689],[122.659778,12.301978],[122.656036,12.30012]]],[[[122.663856,12.306056],[122.663753,12.306098],[122.663937,12.306098],[122.663856,12.306056]]],[[[122.66427,12.306267],[122.664121,12.30628],[122.664289,12.30628],[122.66427,12.306267]]],[[[122.664615,12.306361],[122.664672,12.307185],[122.665039,12.307185],[122.666693,12.308634],[122.667049,12.308634],[122.664615,12.306361]]],[[[122.667061,12.308641],[122.66706,12.308996],[122.667762,12.309178],[122.667494,12.308989],[122.667061,12.308641]]],[[[122.667855,12.309232],[122.667796,12.309359],[122.668022,12.309359],[122.667855,12.309232]]],[[[122.668234,12.309503],[122.668163,12.30954],[122.668304,12.30954],[122.668234,12.309503]]],[[[122.668549,12.309702],[122.668531,12.309721],[122.668576,12.309721],[122.668549,12.309702]]],[[[122.669979,12.310265],[122.668715,12.309785],[122.670665,12.312256],[122.669979,12.310265]]],[[[122.670773,12.312531],[122.670735,12.312618],[122.670815,12.312618],[122.670773,12.312531]]],[[[122.670936,12.312975],[122.670918,12.31298],[122.670939,12.31298],[122.670936,12.312975]]],[[[122.671134,12.313515],[122.671101,12.313522],[122.671137,12.313523],[122.671134,12.313515]]],[[[122.671326,12.314754],[122.671284,12.314789],[122.671332,12.314789],[122.671326,12.314754]]],[[[122.671476,12.315219],[122.671467,12.315332],[122.671548,12.315332],[122.671476,12.315219]]],[[[122.566807,12.315186],[122.566439,12.315366],[122.566807,12.315366],[122.566807,12.315186]]],[[[122.671678,12.31558],[122.67165,12.315693],[122.671698,12.315694],[122.671678,12.31558]]],[[[122.671834,12.316052],[122.671834,12.316055],[122.671836,12.316055],[122.671834,12.316052]]],[[[122.672786,12.317127],[122.672752,12.317142],[122.672798,12.317142],[122.672786,12.317127]]],[[[122.673675,12.318039],[122.673671,12.318047],[122.673686,12.318047],[122.673675,12.318039]]],[[[122.67389,12.318218],[122.673855,12.318228],[122.673904,12.318228],[122.67389,12.318218]]],[[[122.674086,12.31839],[122.674038,12.318409],[122.674115,12.318409],[122.674086,12.31839]]],[[[122.674304,12.318556],[122.674222,12.31859],[122.674344,12.31859],[122.674304,12.318556]]],[[[122.674604,12.318763],[122.67459,12.318772],[122.674613,12.318772],[122.674604,12.318763]]],[[[122.677791,12.321804],[122.677345,12.321669],[122.677868,12.322031],[122.677791,12.321804]]],[[[122.677951,12.322158],[122.677896,12.322212],[122.67798,12.322212],[122.677951,12.322158]]],[[[122.559989,12.322771],[122.562381,12.322594],[122.562015,12.321146],[122.561096,12.320602],[122.561282,12.319517],[122.561649,12.320241],[122.562384,12.320423],[122.562567,12.321147],[122.563487,12.321149],[122.563673,12.319521],[122.564593,12.319704],[122.56441,12.318799],[122.565698,12.318439],[122.5657,12.317354],[122.566622,12.31627],[122.564968,12.315364],[122.564602,12.314097],[122.565522,12.313737],[122.566256,12.314823],[122.567178,12.313558],[122.569019,12.312476],[122.569021,12.31121],[122.567734,12.310666],[122.567735,12.310123],[122.568472,12.309692],[122.565018,12.31085],[122.565135,12.311391],[122.564408,12.311782],[122.563744,12.31146],[122.563802,12.310883],[122.561842,12.313859],[122.560783,12.316866],[122.561248,12.317423],[122.560415,12.317991],[122.560306,12.319719],[122.561095,12.321507],[122.560543,12.321506],[122.560544,12.320948],[122.559989,12.322771]]],[[[122.565893,12.311929],[122.567181,12.31175],[122.567182,12.311026],[122.566262,12.311025],[122.565893,12.311929]]],[[[122.681023,12.326899],[122.681018,12.326918],[122.681033,12.326918],[122.681023,12.326899]]],[[[122.681209,12.327275],[122.681201,12.32728],[122.681211,12.32728],[122.681209,12.327275]]],[[[122.682545,12.33011],[122.682485,12.330175],[122.682569,12.330175],[122.682545,12.33011]]],[[[122.682669,12.330446],[122.682669,12.330718],[122.682769,12.330718],[122.682669,12.330446]]],[[[122.557419,12.330724],[122.559613,12.327473],[122.562007,12.32603],[122.560719,12.326027],[122.560905,12.325304],[122.560353,12.325123],[122.559803,12.323856],[122.558428,12.32686],[122.557419,12.330724]]],[[[122.557399,12.331448],[122.55734,12.331105],[122.55723,12.331448],[122.557399,12.331448]]],[[[122.557215,12.331628],[122.557173,12.331584],[122.557157,12.331628],[122.557215,12.331628]]],[[[122.557031,12.33199],[122.557012,12.331973],[122.557002,12.33199],[122.557031,12.33199]]],[[[122.556846,12.332532],[122.556828,12.332441],[122.556807,12.332532],[122.556846,12.332532]]],[[[122.55623,12.335063],[122.556843,12.334341],[122.556661,12.333003],[122.55623,12.335063]]],[[[122.556105,12.335156],[122.556051,12.335223],[122.556105,12.335317],[122.556105,12.335156]]],[[[122.556105,12.335425],[122.556104,12.335399],[122.556096,12.335425],[122.556105,12.335425]]],[[[122.684501,12.336666],[122.6845,12.337593],[122.684578,12.337593],[122.684554,12.337163],[122.684501,12.336666]]],[[[122.683759,12.341752],[122.684311,12.341572],[122.683944,12.340848],[122.684313,12.340125],[122.685968,12.340669],[122.686335,12.341289],[122.686294,12.34046],[122.684683,12.338451],[122.684682,12.339221],[122.683394,12.339762],[122.682288,12.341207],[122.683392,12.341209],[122.683759,12.341752]]],[[[122.683575,12.341752],[122.683391,12.341932],[122.683575,12.341932],[122.683575,12.341752]]],[[[122.683391,12.342294],[122.683207,12.342113],[122.682838,12.342474],[122.683391,12.342294]]],[[[122.685587,12.351882],[122.685403,12.351339],[122.685219,12.351882],[122.685587,12.351882]]],[[[122.687397,12.351884],[122.686215,12.348422],[122.685961,12.346276],[122.685588,12.350978],[122.686325,12.349893],[122.686691,12.351341],[122.687397,12.351884]]],[[[122.687477,12.352012],[122.687426,12.352246],[122.687585,12.352246],[122.687477,12.352012]]],[[[122.548533,12.352953],[122.548531,12.352955],[122.548533,12.352955],[122.548533,12.352953]]],[[[122.68761,12.352291],[122.687609,12.35297],[122.68869,12.353513],[122.687843,12.352758],[122.68761,12.352291]]],[[[122.547612,12.353677],[122.547595,12.353674],[122.547591,12.353677],[122.547612,12.353677]]],[[[122.688796,12.353591],[122.688712,12.353694],[122.688895,12.353694],[122.688796,12.353591]]],[[[122.547428,12.353858],[122.547418,12.353836],[122.547397,12.353858],[122.547428,12.353858]]],[[[122.547243,12.354038],[122.547189,12.354013],[122.547152,12.354038],[122.547243,12.354038]]],[[[122.543062,12.359022],[122.543023,12.359095],[122.543087,12.359096],[122.543062,12.359022]]],[[[122.538398,12.362886],[122.53833,12.362801],[122.538174,12.362885],[122.538398,12.362886]]],[[[122.534898,12.365231],[122.534863,12.365183],[122.534775,12.365231],[122.534898,12.365231]]],[[[122.534714,12.365411],[122.534612,12.365324],[122.534479,12.365411],[122.534714,12.365411]]],[[[122.531769,12.365949],[122.531733,12.365924],[122.531713,12.365949],[122.531769,12.365949]]],[[[122.532177,12.365921],[122.532137,12.365949],[122.532211,12.36595],[122.532177,12.365921]]],[[[122.533425,12.365952],[122.533408,12.365942],[122.533375,12.365952],[122.533425,12.365952]]],[[[122.531585,12.366129],[122.53149,12.366109],[122.531466,12.366129],[122.531585,12.366129]]],[[[122.691533,12.366148],[122.69271,12.364889],[122.691712,12.363658],[122.691818,12.361909],[122.691463,12.360683],[122.691645,12.362017],[122.691277,12.362378],[122.68999,12.361654],[122.690361,12.359484],[122.69143,12.36057],[122.69003,12.35808],[122.688896,12.353695],[122.688526,12.35496],[122.689262,12.355323],[122.689993,12.359483],[122.687964,12.36346],[122.688331,12.364184],[122.690539,12.364005],[122.691461,12.36274],[122.691535,12.364494],[122.689143,12.364672],[122.690247,12.364673],[122.690245,12.36612],[122.691533,12.36576],[122.691533,12.366148]]],[[[122.531217,12.36631],[122.53119,12.366292],[122.531164,12.36631],[122.531217,12.36631]]],[[[122.531033,12.36649],[122.530991,12.366479],[122.530978,12.36649],[122.531033,12.36649]]],[[[122.691349,12.366483],[122.691348,12.366616],[122.691408,12.366483],[122.691349,12.366483]]],[[[122.530848,12.366671],[122.530827,12.366622],[122.530792,12.366671],[122.530848,12.366671]]],[[[122.691164,12.366845],[122.691164,12.366929],[122.691232,12.366845],[122.691164,12.366845]]],[[[122.530664,12.367032],[122.530636,12.367011],[122.530628,12.367032],[122.530664,12.367032]]],[[[122.69098,12.367025],[122.69098,12.367172],[122.691093,12.367025],[122.69098,12.367025]]],[[[122.690796,12.367206],[122.690796,12.367352],[122.690947,12.367206],[122.690796,12.367206]]],[[[122.530478,12.367936],[122.530479,12.36756],[122.53045,12.367509],[122.530169,12.367589],[122.530478,12.367936]]],[[[122.690059,12.368236],[122.690468,12.36775],[122.690652,12.367517],[122.690771,12.367387],[122.690059,12.367928],[122.690059,12.368236]]],[[[122.689875,12.36829],[122.689874,12.368439],[122.69001,12.36829],[122.689875,12.36829]]],[[[122.529002,12.368476],[122.529558,12.367934],[122.529973,12.367935],[122.529243,12.367896],[122.529002,12.368476]]],[[[122.689842,12.368471],[122.68969,12.368651],[122.68969,12.368671],[122.689842,12.368471]]],[[[122.689506,12.368832],[122.689506,12.368961],[122.689585,12.368832],[122.689506,12.368832]]],[[[122.689322,12.369013],[122.689322,12.369193],[122.689458,12.369013],[122.689322,12.369013]]],[[[122.689321,12.369194],[122.689137,12.369374],[122.689137,12.369438],[122.689321,12.369194]]],[[[122.688953,12.369555],[122.688953,12.369728],[122.689063,12.369555],[122.688953,12.369555]]],[[[122.688949,12.369736],[122.688769,12.369916],[122.688769,12.369978],[122.688949,12.369736]]],[[[122.688585,12.370097],[122.688584,12.370277],[122.688682,12.370097],[122.688585,12.370097]]],[[[122.687848,12.371001],[122.687848,12.371079],[122.687912,12.371001],[122.687848,12.371001]]],[[[122.687663,12.371362],[122.687663,12.371388],[122.687676,12.371362],[122.687663,12.371362]]],[[[122.689061,12.371417],[122.688584,12.370278],[122.688032,12.370639],[122.689061,12.371417]]],[[[122.521685,12.3719],[122.521339,12.37175],[122.521297,12.371899],[122.521685,12.3719]]],[[[122.686741,12.37317],[122.686741,12.373211],[122.686762,12.37317],[122.686741,12.37317]]],[[[122.515342,12.37308],[122.514831,12.373153],[122.516073,12.373337],[122.515342,12.37308]]],[[[122.513726,12.373513],[122.513595,12.373507],[122.513564,12.373513],[122.513726,12.373513]]],[[[122.51299,12.373693],[122.51245,12.373623],[122.512305,12.373692],[122.51299,12.373693]]],[[[122.512254,12.373741],[122.512158,12.373872],[122.512254,12.373872],[122.512254,12.373741]]],[[[122.51207,12.374016],[122.51205,12.374053],[122.51207,12.374053],[122.51207,12.374016]]],[[[122.512982,12.378214],[122.512613,12.378575],[122.512981,12.378576],[122.512982,12.378214]]],[[[122.502677,12.37936],[122.502586,12.379461],[122.502677,12.379462],[122.502677,12.37936]]],[[[122.502492,12.379642],[122.502436,12.379629],[122.502424,12.379642],[122.502492,12.379642]]],[[[122.502308,12.379772],[122.502262,12.379822],[122.502308,12.379823],[122.502308,12.379772]]],[[[122.685629,12.379868],[122.685629,12.380584],[122.685768,12.380584],[122.685711,12.38038],[122.685629,12.379868]]],[[[122.501571,12.380631],[122.501492,12.380725],[122.50157,12.380725],[122.501571,12.380631]]],[[[122.501386,12.380852],[122.501341,12.380906],[122.501386,12.380906],[122.501386,12.380852]]],[[[122.685833,12.380854],[122.685812,12.381126],[122.685918,12.381126],[122.685833,12.380854]]],[[[122.500649,12.381611],[122.500632,12.381628],[122.500649,12.381628],[122.500649,12.381611]]],[[[122.500464,12.381809],[122.500453,12.381797],[122.500437,12.381809],[122.500464,12.381809]]],[[[122.50028,12.381989],[122.500259,12.381973],[122.500243,12.381989],[122.50028,12.381989]]],[[[122.500096,12.38217],[122.500072,12.382156],[122.500058,12.38217],[122.500096,12.38217]]],[[[122.499912,12.382345],[122.499907,12.38235],[122.499912,12.38235],[122.499912,12.382345]]],[[[122.690052,12.385171],[122.690039,12.385291],[122.690061,12.385291],[122.690052,12.385171]]],[[[122.483444,12.386419],[122.484398,12.38624],[122.48359,12.386218],[122.483444,12.386419]]],[[[122.493637,12.387704],[122.495113,12.385198],[122.493229,12.385981],[122.490422,12.385392],[122.489469,12.385801],[122.487721,12.385631],[122.486648,12.386244],[122.486831,12.386787],[122.48775,12.387151],[122.490326,12.386975],[122.49198,12.387882],[122.493637,12.387704]]],[[[122.480941,12.388017],[122.480907,12.388042],[122.480941,12.388042],[122.480941,12.388017]]],[[[122.507444,12.388151],[122.507079,12.386704],[122.507631,12.386705],[122.50837,12.385078],[122.507634,12.384896],[122.507448,12.386162],[122.506711,12.386341],[122.506713,12.385256],[122.505978,12.384712],[122.505979,12.38417],[122.507453,12.383449],[122.507643,12.379832],[122.507277,12.379108],[122.505806,12.378563],[122.505625,12.377116],[122.506361,12.376755],[122.509302,12.378208],[122.509488,12.377304],[122.507833,12.376758],[122.507834,12.376215],[122.509122,12.376218],[122.509304,12.377122],[122.512616,12.376948],[122.513535,12.377492],[122.514273,12.376408],[122.512619,12.375501],[122.512805,12.374235],[122.511663,12.374382],[122.511227,12.375401],[122.510423,12.375474],[122.510912,12.374211],[122.50765,12.376215],[122.50659,12.375788],[122.50564,12.376789],[122.505505,12.378091],[122.504608,12.377641],[122.504998,12.376525],[122.503061,12.37892],[122.503782,12.37874],[122.503964,12.379826],[122.503043,12.380366],[122.502673,12.381632],[122.50304,12.382175],[122.501197,12.383618],[122.501196,12.384161],[122.501748,12.384343],[122.503956,12.383985],[122.504507,12.384348],[122.505605,12.387425],[122.506156,12.387968],[122.506893,12.387608],[122.507444,12.388151]]],[[[122.505611,12.38435],[122.505795,12.384169],[122.505611,12.384169],[122.505611,12.38435]]],[[[122.505618,12.380552],[122.506354,12.380915],[122.506723,12.380011],[122.505988,12.379648],[122.505618,12.380552]]],[[[122.480757,12.38815],[122.480656,12.388222],[122.480757,12.388223],[122.480757,12.38815]]],[[[122.482597,12.388226],[122.483149,12.387865],[122.483253,12.386464],[122.481659,12.387501],[122.48223,12.387502],[122.482597,12.388226]]],[[[122.480572,12.388403],[122.480531,12.388313],[122.480434,12.388403],[122.480572,12.388403]]],[[[122.480388,12.388446],[122.48024,12.388583],[122.480388,12.388584],[122.480388,12.388446]]],[[[122.480204,12.388764],[122.480098,12.388716],[122.480045,12.388764],[122.480204,12.388764]]],[[[122.691873,12.389995],[122.691873,12.390176],[122.691975,12.390176],[122.691873,12.389995]]],[[[122.692057,12.390315],[122.692056,12.390357],[122.692082,12.390357],[122.692057,12.390315]]],[[[122.692254,12.390642],[122.69224,12.390719],[122.692304,12.390719],[122.692254,12.390642]]],[[[122.478912,12.390932],[122.479648,12.390572],[122.479651,12.389122],[122.476705,12.390436],[122.478912,12.390932]]],[[[122.692608,12.391175],[122.692607,12.391262],[122.692669,12.391262],[122.692608,12.391175]]],[[[122.692791,12.391437],[122.692791,12.391443],[122.692795,12.391443],[122.692791,12.391437]]],[[[122.692975,12.391702],[122.692975,12.391805],[122.69307,12.391805],[122.692975,12.391702]]],[[[122.693159,12.391891],[122.693159,12.391986],[122.693265,12.391987],[122.693159,12.391891]]],[[[122.467502,12.391995],[122.467395,12.391776],[122.467413,12.391995],[122.467502,12.391995]]],[[[122.693342,12.392056],[122.693342,12.392167],[122.693466,12.392168],[122.693342,12.392056]]],[[[122.46419,12.392169],[122.464126,12.392125],[122.464106,12.392169],[122.46419,12.392169]]],[[[122.465194,12.392171],[122.465125,12.392048],[122.46502,12.392171],[122.465194,12.392171]]],[[[122.462819,12.392347],[122.462634,12.39225],[122.462617,12.392347],[122.462819,12.392347]]],[[[122.693553,12.392245],[122.693526,12.392349],[122.693692,12.392349],[122.693553,12.392245]]],[[[122.462219,12.392527],[122.462493,12.392347],[122.462405,12.39208],[122.462219,12.392527]]],[[[122.461981,12.392707],[122.461945,12.392675],[122.461877,12.392707],[122.461981,12.392707]]],[[[122.69371,12.392362],[122.693894,12.392711],[122.694172,12.392711],[122.694093,12.392636],[122.69371,12.392362]]],[[[122.461613,12.392888],[122.461562,12.392864],[122.461525,12.392887],[122.461613,12.392888]]],[[[122.69436,12.392872],[122.694261,12.392892],[122.69439,12.392892],[122.69436,12.392872]]],[[[122.461244,12.393249],[122.461429,12.39293],[122.460958,12.393248],[122.461244,12.393249]]],[[[122.460876,12.393429],[122.460752,12.393375],[122.460636,12.393428],[122.460876,12.393429]]],[[[122.460507,12.393609],[122.460245,12.393571],[122.46001,12.393608],[122.460507,12.393609]]],[[[122.459771,12.393969],[122.459366,12.393619],[122.458851,12.393786],[122.459771,12.393969]]],[[[122.453406,12.395222],[122.45335,12.395183],[122.453333,12.395222],[122.453406,12.395222]]],[[[122.453328,12.395295],[122.453326,12.395298],[122.453328,12.3953],[122.453328,12.395295]]],[[[122.695222,12.395912],[122.695178,12.395968],[122.695237,12.395968],[122.695222,12.395912]]],[[[122.695178,12.396148],[122.695177,12.396291],[122.695294,12.396149],[122.695178,12.396148]]],[[[122.451118,12.396665],[122.451059,12.396641],[122.451009,12.396664],[122.451118,12.396665]]],[[[122.450933,12.396845],[122.450817,12.396789],[122.450759,12.396845],[122.450933,12.396845]]],[[[122.450565,12.397025],[122.450551,12.397023],[122.450547,12.397025],[122.450565,12.397025]]],[[[122.450381,12.397206],[122.450357,12.397177],[122.450317,12.397205],[122.450381,12.397206]]],[[[122.698318,12.398183],[122.698303,12.398322],[122.698322,12.398322],[122.698318,12.398183]]],[[[122.690758,12.399218],[122.691128,12.397952],[122.692968,12.397774],[122.693705,12.39687],[122.696644,12.397778],[122.69635,12.397011],[122.695066,12.397097],[122.695048,12.396329],[122.694625,12.396329],[122.695731,12.394642],[122.695761,12.39389],[122.694812,12.393797],[122.695363,12.394883],[122.694627,12.394882],[122.69481,12.395605],[122.692786,12.395603],[122.692969,12.396689],[122.690944,12.397591],[122.690391,12.398313],[122.69039,12.399037],[122.690758,12.399218]]],[[[122.697378,12.402843],[122.697378,12.402924],[122.697405,12.402843],[122.697378,12.402843]]],[[[122.697194,12.403023],[122.697194,12.403041],[122.697208,12.403023],[122.697194,12.403023]]],[[[122.697008,12.403443],[122.697118,12.403204],[122.696825,12.40366],[122.697008,12.403443]]],[[[122.696641,12.403746],[122.696641,12.403899],[122.696753,12.403746],[122.696641,12.403746]]],[[[122.696087,12.40525],[122.696333,12.404789],[122.696572,12.404108],[122.696272,12.404288],[122.696272,12.404831],[122.696088,12.404831],[122.696087,12.40525]]],[[[122.696059,12.405373],[122.695903,12.405554],[122.695903,12.405594],[122.696059,12.405373]]],[[[122.695718,12.405735],[122.695718,12.405888],[122.695828,12.405735],[122.695718,12.405735]]],[[[122.695582,12.406225],[122.69535,12.406096],[122.695533,12.40658],[122.695582,12.406225]]],[[[122.694059,12.408627],[122.694059,12.408707],[122.694095,12.408627],[122.694059,12.408627]]],[[[122.693691,12.408807],[122.693833,12.408885],[122.693954,12.408807],[122.693691,12.408807]]],[[[122.693507,12.408988],[122.693638,12.409051],[122.693674,12.408988],[122.693507,12.408988]]],[[[122.693462,12.409182],[122.693505,12.409168],[122.693451,12.409168],[122.693462,12.409182]]],[[[122.693322,12.40934],[122.693397,12.409276],[122.693322,12.409168],[122.693322,12.40934]]],[[[122.692275,12.410071],[122.692304,12.410117],[122.692351,12.410071],[122.692275,12.410071]]],[[[122.692237,12.410203],[122.692217,12.410245],[122.692219,12.410245],[122.692237,12.410203]]],[[[122.691725,12.410647],[122.692,12.41052],[122.692139,12.410252],[122.691849,12.410252],[122.691725,12.410647]]],[[[122.690559,12.41187],[122.691561,12.411088],[122.69056,12.411335],[122.690559,12.41187]]],[[[122.690375,12.411878],[122.690375,12.412001],[122.690548,12.411878],[122.690375,12.411878]]],[[[122.690007,12.412239],[122.690007,12.412246],[122.690019,12.412239],[122.690007,12.412239]]],[[[122.687979,12.415131],[122.688603,12.41446],[122.689271,12.412238],[122.688535,12.412237],[122.687798,12.413141],[122.687427,12.414949],[122.687979,12.415131]]],[[[122.688531,12.415119],[122.688709,12.415067],[122.688532,12.414779],[122.688531,12.415119]]],[[[122.686887,12.418746],[122.686934,12.418765],[122.68698,12.418747],[122.686887,12.418746]]],[[[122.68598,12.420155],[122.686889,12.418939],[122.686135,12.418926],[122.6854,12.418021],[122.685215,12.418564],[122.686134,12.419288],[122.68598,12.420155]]],[[[122.685765,12.420192],[122.68589,12.420395],[122.685908,12.420192],[122.685765,12.420192]]],[[[122.685581,12.420554],[122.685581,12.420646],[122.685659,12.420554],[122.685581,12.420554]]],[[[122.685493,12.420734],[122.685396,12.421057],[122.68542,12.421058],[122.685493,12.420734]]],[[[122.684751,12.424351],[122.6847,12.424135],[122.684472,12.42435],[122.684751,12.424351]]],[[[122.682816,12.424529],[122.684153,12.424169],[122.684202,12.423468],[122.684659,12.423511],[122.685349,12.421096],[122.684106,12.422903],[122.682264,12.423986],[122.682816,12.424529]]],[[[122.685168,12.424894],[122.685023,12.424803],[122.685023,12.424894],[122.685168,12.424894]]],[[[122.685229,12.426368],[122.685206,12.426341],[122.685206,12.426388],[122.685229,12.426368]]],[[[122.684836,12.427425],[122.685332,12.426918],[122.685137,12.426521],[122.684836,12.427425]]],[[[122.685204,12.427422],[122.685204,12.427426],[122.685205,12.427426],[122.685204,12.427422]]],[[[122.687019,12.428875],[122.686859,12.429021],[122.687022,12.4289],[122.687019,12.428875]]],[[[122.683667,12.431844],[122.684056,12.431367],[122.684412,12.429751],[122.685417,12.429304],[122.684651,12.428691],[122.683731,12.42869],[122.684281,12.430138],[122.683667,12.431844]]],[[[122.682903,12.433655],[122.68364,12.433428],[122.683538,12.432126],[122.68299,12.432487],[122.682903,12.433655]]],[[[122.682252,12.433933],[122.6817,12.433752],[122.6817,12.433933],[122.682252,12.433933]]],[[[122.68262,12.433934],[122.682621,12.433996],[122.682709,12.433934],[122.68262,12.433934]]],[[[122.682084,12.43536],[122.682549,12.434465],[122.682361,12.434295],[122.682067,12.434476],[122.682084,12.43536]]],[[[122.681882,12.435741],[122.681882,12.435893],[122.681961,12.435742],[122.681882,12.435741]]],[[[122.681697,12.436103],[122.681697,12.436148],[122.681757,12.436103],[122.681697,12.436103]]],[[[122.681662,12.436284],[122.681513,12.436464],[122.681513,12.43648],[122.681662,12.436284]]],[[[122.681329,12.436645],[122.681329,12.436663],[122.681351,12.436645],[122.681329,12.436645]]],[[[122.681145,12.436826],[122.681144,12.436891],[122.681196,12.436826],[122.681145,12.436826]]],[[[122.674954,12.43935],[122.674884,12.439568],[122.674886,12.439568],[122.674954,12.43935]]],[[[122.678565,12.439536],[122.678565,12.439625],[122.678711,12.439536],[122.678565,12.439536]]],[[[122.6747,12.439712],[122.6747,12.439848],[122.674751,12.439712],[122.6747,12.439712]]],[[[122.674516,12.439892],[122.674516,12.440047],[122.674673,12.439893],[122.674516,12.439892]]],[[[122.674332,12.440073],[122.674346,12.440179],[122.67449,12.440073],[122.674332,12.440073]]],[[[122.678335,12.439997],[122.67746,12.439896],[122.676726,12.438448],[122.675622,12.438447],[122.675069,12.43917],[122.67523,12.439578],[122.676031,12.439436],[122.677096,12.440074],[122.678109,12.440315],[122.678335,12.439997]]],[[[122.674073,12.440254],[122.673963,12.44035],[122.674033,12.440361],[122.674073,12.440254]]],[[[122.673857,12.440511],[122.673887,12.440434],[122.673779,12.440434],[122.673857,12.440511]]],[[[122.673674,12.440796],[122.673594,12.440896],[122.673656,12.440894],[122.673674,12.440796]]],[[[122.67341,12.441338],[122.67341,12.441411],[122.67343,12.441344],[122.67341,12.441338]]],[[[122.673424,12.441556],[122.67341,12.441519],[122.67341,12.441577],[122.673424,12.441556]]],[[[122.673225,12.4417],[122.673225,12.441781],[122.673306,12.4417],[122.673225,12.4417]]],[[[122.66917,12.44694],[122.670561,12.44692],[122.671115,12.445842],[122.671635,12.44573],[122.673203,12.44188],[122.672304,12.442603],[122.671933,12.444773],[122.669724,12.445493],[122.66917,12.44694]]],[[[122.668249,12.447481],[122.668771,12.448024],[122.669151,12.44712],[122.668249,12.447481]]],[[[122.66825,12.4473],[122.667515,12.446395],[122.667513,12.447661],[122.66696,12.448022],[122.667143,12.448926],[122.66825,12.4473]]],[[[122.668983,12.449831],[122.668983,12.449833],[122.668983,12.449833],[122.668983,12.449831]]],[[[122.669038,12.450918],[122.669344,12.450798],[122.669271,12.450701],[122.669038,12.450918]]],[[[122.668243,12.452183],[122.668243,12.452256],[122.668252,12.4522],[122.668243,12.452183]]],[[[122.668219,12.452364],[122.668059,12.452545],[122.668059,12.452586],[122.668219,12.452364]]],[[[122.667875,12.452725],[122.667875,12.452845],[122.667929,12.452725],[122.667875,12.452725]]],[[[122.667506,12.452906],[122.667747,12.45302],[122.667776,12.452906],[122.667506,12.452906]]],[[[122.667322,12.453086],[122.667374,12.453239],[122.667502,12.453087],[122.667322,12.453086]]],[[[122.667062,12.453306],[122.666954,12.453267],[122.666954,12.453282],[122.667062,12.453306]]],[[[122.666585,12.453509],[122.66683,12.453448],[122.666586,12.453447],[122.666585,12.453509]]],[[[122.666426,12.453628],[122.666217,12.453712],[122.66643,12.453641],[122.666426,12.453628]]],[[[122.666033,12.45375],[122.665665,12.453627],[122.665665,12.453726],[122.666033,12.45375]]],[[[122.664743,12.455151],[122.665646,12.454027],[122.665584,12.453808],[122.664928,12.454169],[122.664743,12.455151]]],[[[122.668858,12.46174],[122.668818,12.461775],[122.668905,12.461775],[122.668858,12.46174]]],[[[122.664585,12.461951],[122.666059,12.460687],[122.668748,12.461594],[122.66678,12.460387],[122.665199,12.46039],[122.66469,12.459895],[122.664435,12.458969],[122.664933,12.457923],[122.664388,12.457218],[122.66463,12.455871],[122.664559,12.455434],[122.664038,12.458152],[122.663486,12.458151],[122.662747,12.459778],[122.661459,12.460138],[122.661458,12.4605],[122.662377,12.461225],[122.66385,12.461226],[122.664585,12.461951]]],[[[122.669027,12.461915],[122.669002,12.461956],[122.669058,12.461956],[122.669027,12.461915]]],[[[122.669185,12.462861],[122.669185,12.462897],[122.669217,12.462861],[122.669185,12.462861]]],[[[122.668817,12.463041],[122.668816,12.463098],[122.668919,12.463041],[122.668817,12.463041]]],[[[122.668632,12.463222],[122.668632,12.463309],[122.668682,12.46324],[122.668632,12.463222]]],[[[122.666238,12.464807],[122.668194,12.463975],[122.668467,12.463402],[122.666238,12.464807]]],[[[122.666054,12.464846],[122.666054,12.464855],[122.666091,12.464846],[122.666054,12.464846]]],[[[122.662557,12.464661],[122.662373,12.465023],[122.662557,12.465023],[122.662557,12.464661]]],[[[122.662924,12.465204],[122.662741,12.465023],[122.66274,12.465204],[122.662924,12.465204]]],[[[122.663292,12.465385],[122.662924,12.465747],[122.661452,12.465564],[122.660899,12.465925],[122.660898,12.466829],[122.661817,12.467554],[122.661816,12.46823],[122.663433,12.46629],[122.663292,12.465385]]],[[[122.661632,12.468458],[122.661632,12.468566],[122.661687,12.468458],[122.661632,12.468458]]],[[[122.654453,12.469353],[122.654452,12.469896],[122.65482,12.470077],[122.654821,12.469535],[122.654453,12.469353]]],[[[122.450037,12.473164],[122.450024,12.473168],[122.450037,12.473187],[122.450037,12.473164]]],[[[122.450145,12.473345],[122.45022,12.473455],[122.450221,12.473345],[122.450145,12.473345]]],[[[122.450404,12.473526],[122.450303,12.473567],[122.450404,12.473688],[122.450404,12.473526]]],[[[122.450585,12.475154],[122.450521,12.475196],[122.450585,12.475219],[122.450585,12.475154]]],[[[122.45132,12.475517],[122.451276,12.475559],[122.45132,12.475591],[122.45132,12.475517]]],[[[122.64966,12.475315],[122.649843,12.475677],[122.650211,12.475678],[122.650028,12.475316],[122.64966,12.475315]]],[[[122.451504,12.475699],[122.451477,12.475739],[122.451504,12.475781],[122.451504,12.475699]]],[[[122.451688,12.47588],[122.451611,12.475928],[122.451687,12.476043],[122.451688,12.47588]]],[[[122.454807,12.480553],[122.454073,12.47914],[122.45426,12.477694],[122.451699,12.476061],[122.452769,12.477753],[122.453209,12.477629],[122.454807,12.480553]]],[[[122.45499,12.48077],[122.454946,12.480788],[122.45499,12.480814],[122.45499,12.48077]]],[[[122.455174,12.480951],[122.455151,12.480962],[122.455174,12.480982],[122.455174,12.480951]]],[[[122.455541,12.481494],[122.455525,12.4815],[122.455541,12.481514],[122.455541,12.481494]]],[[[122.455724,12.481675],[122.455648,12.481675],[122.455724,12.481708],[122.455724,12.481675]]],[[[122.456634,12.482039],[122.456644,12.482063],[122.456644,12.482039],[122.456634,12.482039]]],[[[122.45654,12.482039],[122.456047,12.48201],[122.456325,12.482224],[122.45654,12.482039]]],[[[122.520629,12.48217],[122.520445,12.482351],[122.520629,12.482351],[122.520629,12.48217]]],[[[122.456929,12.482367],[122.456828,12.482039],[122.45675,12.482449],[122.456929,12.482367]]],[[[122.520997,12.482714],[122.520813,12.482532],[122.520813,12.482713],[122.520997,12.482714]]],[[[122.520997,12.482714],[122.52118,12.482895],[122.521181,12.482714],[122.520997,12.482714]]],[[[122.457066,12.482716],[122.459034,12.483129],[122.458115,12.482765],[122.457932,12.482042],[122.459405,12.482045],[122.459406,12.481502],[122.458854,12.48132],[122.458488,12.480415],[122.457752,12.480414],[122.457066,12.482716]]],[[[122.521179,12.483437],[122.521364,12.483076],[122.52118,12.483076],[122.521179,12.483437]]],[[[122.45909,12.483675],[122.459218,12.483491],[122.459142,12.483491],[122.45909,12.483675]]],[[[122.459401,12.483853],[122.459401,12.483854],[122.459401,12.483853],[122.459401,12.483853]]],[[[122.459275,12.483853],[122.4593,12.483862],[122.459326,12.483853],[122.459275,12.483853]]],[[[122.467683,12.48387],[122.467499,12.48394],[122.467774,12.48387],[122.467683,12.48387]]],[[[122.646151,12.483992],[122.646038,12.48404],[122.646151,12.484091],[122.646151,12.483992]]],[[[122.646519,12.484173],[122.6464,12.484247],[122.646519,12.484306],[122.646519,12.484173]]],[[[122.638661,12.483583],[122.643753,12.483531],[122.644653,12.484152],[122.645599,12.483962],[122.643943,12.483446],[122.643025,12.481998],[122.641921,12.481816],[122.640448,12.481995],[122.639895,12.482718],[122.637685,12.483438],[122.6375,12.484332],[122.638661,12.483583]]],[[[122.466194,12.484453],[122.466398,12.48441],[122.466026,12.484409],[122.466194,12.484453]]],[[[122.637493,12.484342],[122.637316,12.484523],[122.637316,12.484603],[122.637493,12.484342]]],[[[122.647592,12.484617],[122.649074,12.483971],[122.653639,12.484318],[122.656631,12.482319],[122.657151,12.480682],[122.655748,12.477853],[122.654627,12.477957],[122.652836,12.479344],[122.65213,12.478216],[122.652544,12.477216],[122.653039,12.47738],[122.657429,12.472693],[122.658374,12.472228],[122.660366,12.472213],[122.660587,12.472101],[122.660832,12.471712],[122.658683,12.47171],[122.656846,12.468814],[122.655742,12.468631],[122.65721,12.472431],[122.655921,12.472791],[122.655735,12.474057],[122.653158,12.474235],[122.653157,12.474777],[122.652236,12.475319],[122.653156,12.475862],[122.652971,12.476224],[122.651498,12.476765],[122.64837,12.476037],[122.645241,12.476395],[122.645239,12.477842],[122.643949,12.479468],[122.644132,12.48001],[122.648732,12.480921],[122.649469,12.48056],[122.649469,12.480017],[122.64855,12.479474],[122.648183,12.478207],[122.650024,12.477848],[122.650576,12.478029],[122.65039,12.479838],[122.650941,12.480381],[122.652782,12.480022],[122.654437,12.48129],[122.654067,12.482917],[122.653146,12.483639],[122.649649,12.483273],[122.647991,12.484356],[122.646613,12.484354],[122.647592,12.484617]]],[[[122.65076,12.478391],[122.651311,12.478935],[122.652048,12.478936],[122.651681,12.47785],[122.650945,12.477849],[122.65076,12.478391]]],[[[122.653893,12.475321],[122.654629,12.475322],[122.654814,12.474779],[122.65371,12.474778],[122.653893,12.475321]]],[[[122.469338,12.484661],[122.46929,12.484693],[122.469338,12.48474],[122.469338,12.484661]]],[[[122.465289,12.484769],[122.465289,12.484788],[122.465299,12.484769],[122.465289,12.484769]]],[[[122.469337,12.48491],[122.469305,12.484877],[122.46931,12.484904],[122.469337,12.48491]]],[[[122.46492,12.484949],[122.464931,12.484962],[122.464957,12.484949],[122.46492,12.484949]]],[[[122.469521,12.484958],[122.469487,12.485072],[122.469521,12.485127],[122.469521,12.484958]]],[[[122.461055,12.485148],[122.461054,12.485149],[122.461055,12.485171],[122.461055,12.485148]]],[[[122.464645,12.485334],[122.464806,12.485261],[122.464552,12.485129],[122.464645,12.485334]]],[[[122.464183,12.485309],[122.464347,12.485404],[122.46444,12.48531],[122.464183,12.485309]]],[[[122.461054,12.485484],[122.461049,12.485467],[122.461054,12.485578],[122.461054,12.485484]]],[[[122.463815,12.48549],[122.46409,12.485551],[122.464112,12.48549],[122.463815,12.48549]]],[[[122.469752,12.485585],[122.469705,12.485139],[122.469461,12.4852],[122.469752,12.485585]]],[[[122.463433,12.48567],[122.463654,12.485712],[122.463724,12.48567],[122.463433,12.48567]]],[[[122.470448,12.485879],[122.470256,12.485683],[122.47017,12.485683],[122.470448,12.485879]]],[[[122.461053,12.485846],[122.461021,12.485856],[122.461053,12.485903],[122.461053,12.485846]]],[[[122.470808,12.485865],[122.470711,12.485901],[122.470808,12.485963],[122.470808,12.485865]]],[[[122.521727,12.48597],[122.521543,12.485789],[122.521543,12.48597],[122.521727,12.48597]]],[[[122.463177,12.485899],[122.463347,12.485669],[122.463078,12.48598],[122.463177,12.485899]]],[[[122.462893,12.48603],[122.462908,12.486123],[122.46303,12.486031],[122.462893,12.48603]]],[[[122.470992,12.486046],[122.470971,12.486126],[122.470991,12.486153],[122.470992,12.486046]]],[[[122.462709,12.486211],[122.462742,12.486221],[122.462767,12.486211],[122.462709,12.486211]]],[[[122.471175,12.486228],[122.471116,12.486341],[122.471175,12.486531],[122.471175,12.486228]]],[[[122.521726,12.486151],[122.52191,12.486694],[122.522094,12.486694],[122.522095,12.486152],[122.521726,12.486151]]],[[[122.471359,12.48659],[122.471277,12.486779],[122.471358,12.48688],[122.471359,12.48659]]],[[[122.522277,12.486876],[122.522093,12.487056],[122.522277,12.487056],[122.522277,12.486876]]],[[[122.503503,12.487384],[122.50424,12.487024],[122.504241,12.48612],[122.503503,12.487384]]],[[[122.522461,12.487238],[122.522276,12.487418],[122.52246,12.487418],[122.522461,12.487238]]],[[[122.471725,12.487537],[122.47171,12.487566],[122.471725,12.487587],[122.471725,12.487537]]],[[[122.472092,12.487857],[122.472086,12.487859],[122.472092,12.487862],[122.472092,12.487857]]],[[[122.47979,12.48828],[122.480006,12.488234],[122.479753,12.488234],[122.47979,12.48828]]],[[[122.479459,12.488233],[122.479532,12.488323],[122.479604,12.488233],[122.479459,12.488233]]],[[[122.480006,12.488278],[122.47999,12.488311],[122.480006,12.488342],[122.480006,12.488278]]],[[[122.4793,12.488414],[122.47931,12.488421],[122.479358,12.488414],[122.4793,12.488414]]],[[[122.47873,12.488412],[122.478763,12.488451],[122.478786,12.488413],[122.47873,12.488412]]],[[[122.472275,12.4884],[122.47225,12.488407],[122.472275,12.488475],[122.472275,12.4884]]],[[[122.477065,12.48872],[122.477271,12.488442],[122.478718,12.488232],[122.477245,12.488229],[122.477065,12.48872]]],[[[122.636021,12.488904],[122.636881,12.485889],[122.637002,12.485246],[122.636209,12.485968],[122.636021,12.488904]]],[[[122.47606,12.489219],[122.475955,12.489131],[122.475955,12.489241],[122.47606,12.489219]]],[[[122.475586,12.489311],[122.47559,12.489313],[122.475604,12.489311],[122.475586,12.489311]]],[[[122.475402,12.48931],[122.475417,12.489317],[122.475473,12.48931],[122.475402,12.48931]]],[[[122.475034,12.48949],[122.475043,12.489585],[122.47517,12.489491],[122.475034,12.48949]]],[[[122.472457,12.489544],[122.472443,12.489567],[122.472457,12.489592],[122.472457,12.489544]]],[[[122.474665,12.489671],[122.474665,12.489724],[122.47469,12.489696],[122.474665,12.489671]]],[[[122.474481,12.489851],[122.474451,12.489866],[122.474491,12.489851],[122.474481,12.489851]]],[[[122.597367,12.489892],[122.597552,12.48953],[122.597553,12.488807],[122.597184,12.489349],[122.597367,12.489892]]],[[[122.474297,12.489851],[122.474316,12.489929],[122.474405,12.489851],[122.474297,12.489851]]],[[[122.597183,12.489892],[122.597134,12.489921],[122.597183,12.489958],[122.597183,12.489892]]],[[[122.480555,12.489682],[122.481843,12.489865],[122.482213,12.488962],[122.480237,12.488596],[122.480555,12.489682]]],[[[122.480554,12.490039],[122.480527,12.490031],[122.480548,12.49005],[122.480554,12.490039]]],[[[122.610068,12.48973],[122.610435,12.490092],[122.610803,12.490092],[122.610804,12.489731],[122.610068,12.48973]]],[[[122.503865,12.490279],[122.504235,12.489737],[122.504053,12.48847],[122.50258,12.488829],[122.501842,12.489551],[122.502577,12.490095],[122.503865,12.490279]]],[[[122.598103,12.490436],[122.597735,12.490387],[122.598102,12.490772],[122.598103,12.490436]]],[[[122.598286,12.490798],[122.598175,12.490834],[122.598286,12.490943],[122.598286,12.490798]]],[[[122.630863,12.491929],[122.630863,12.491996],[122.630967,12.491929],[122.630863,12.491929]]],[[[122.631784,12.49193],[122.631652,12.492],[122.631783,12.492094],[122.631784,12.49193]]],[[[122.615218,12.492088],[122.615163,12.492094],[122.615218,12.492125],[122.615218,12.492088]]],[[[122.630679,12.49211],[122.630679,12.492254],[122.630775,12.49211],[122.630679,12.49211]]],[[[122.515499,12.49199],[122.515457,12.492289],[122.515551,12.492289],[122.515499,12.49199]]],[[[122.615586,12.49227],[122.615552,12.492387],[122.615585,12.492407],[122.615586,12.49227]]],[[[122.515673,12.492426],[122.515641,12.49247],[122.515715,12.49247],[122.515673,12.492426]]],[[[122.634544,12.492477],[122.634544,12.492541],[122.634633,12.492477],[122.634544,12.492477]]],[[[122.615769,12.492451],[122.615666,12.492482],[122.615769,12.492556],[122.615769,12.492451]]],[[[122.483127,12.4924],[122.481474,12.490226],[122.480548,12.49039],[122.481096,12.4913],[122.483127,12.4924]]],[[[122.515825,12.4927],[122.515824,12.492755],[122.51583,12.492731],[122.515825,12.4927]]],[[[122.520995,12.483437],[122.520074,12.483797],[122.519524,12.483073],[122.518051,12.482889],[122.517869,12.481804],[122.516032,12.479992],[122.515108,12.48198],[122.513633,12.483605],[122.512897,12.483603],[122.511794,12.482516],[122.510874,12.482515],[122.510504,12.483599],[122.506823,12.483592],[122.506633,12.486486],[122.509763,12.485949],[122.509945,12.487215],[122.509391,12.487938],[122.510128,12.487758],[122.511415,12.488484],[122.511229,12.489388],[122.509019,12.490107],[122.507728,12.491371],[122.507726,12.492818],[122.510121,12.491556],[122.513986,12.491563],[122.514355,12.491021],[122.515091,12.491022],[122.515458,12.491875],[122.516883,12.491576],[122.517482,12.492192],[122.517667,12.49175],[122.518955,12.492114],[122.51951,12.490126],[122.519328,12.489041],[122.519697,12.48886],[122.518962,12.488317],[122.51915,12.486147],[122.518783,12.485423],[122.521175,12.485608],[122.520257,12.484702],[122.520258,12.484159],[122.521179,12.483799],[122.520995,12.483437]]],[[[122.51897,12.483976],[122.518787,12.483433],[122.518602,12.483794],[122.51897,12.483976]]],[[[122.515464,12.488672],[122.515097,12.487948],[122.514729,12.487947],[122.515095,12.489214],[122.515464,12.488672]]],[[[122.633301,12.492913],[122.633893,12.492838],[122.632887,12.492836],[122.631801,12.492111],[122.632498,12.492767],[122.633301,12.492913]]],[[[122.484966,12.492946],[122.490304,12.492594],[122.490492,12.490786],[122.489573,12.490242],[122.487363,12.49078],[122.487545,12.492046],[122.487176,12.492407],[122.484048,12.49204],[122.484966,12.492946]]],[[[122.491592,12.492778],[122.491224,12.492958],[122.491592,12.492958],[122.491592,12.492778]]],[[[122.483334,12.492959],[122.483201,12.492842],[122.483321,12.492961],[122.483334,12.492959]]],[[[122.51589,12.492941],[122.515824,12.493013],[122.515903,12.493013],[122.51589,12.492941]]],[[[122.483494,12.492943],[122.483459,12.493025],[122.483493,12.493018],[122.483494,12.492943]]],[[[122.626812,12.493009],[122.629736,12.493],[122.630257,12.492758],[122.630663,12.492291],[122.629574,12.492651],[122.62847,12.492107],[122.626449,12.489753],[122.626815,12.4912],[122.628102,12.492106],[122.627917,12.492829],[122.626812,12.493009]]],[[[122.598766,12.492064],[122.599049,12.492696],[122.600307,12.493294],[122.599756,12.492427],[122.598766,12.492064]]],[[[122.483831,12.493318],[122.483636,12.493124],[122.483636,12.493158],[122.483831,12.493318]]],[[[122.490671,12.493318],[122.490668,12.493323],[122.490671,12.493338],[122.490671,12.493318]]],[[[122.490119,12.493498],[122.490118,12.493552],[122.490205,12.493498],[122.490119,12.493498]]],[[[122.49067,12.49368],[122.490594,12.493637],[122.490592,12.49368],[122.49067,12.49368]]],[[[122.490486,12.493724],[122.490482,12.493729],[122.490486,12.493747],[122.490486,12.493724]]],[[[122.48435,12.493751],[122.484412,12.493668],[122.484292,12.493668],[122.48435,12.493751]]],[[[122.489566,12.493678],[122.489605,12.493709],[122.489649,12.493678],[122.489566,12.493678]]],[[[122.484593,12.493849],[122.484596,12.49385],[122.484596,12.493849],[122.484593,12.493849]]],[[[122.48966,12.493863],[122.489873,12.493722],[122.489875,12.493683],[122.489684,12.493678],[122.48966,12.493863]]],[[[122.490486,12.493861],[122.490475,12.493885],[122.490486,12.493902],[122.490486,12.493861]]],[[[122.528891,12.493941],[122.528707,12.493759],[122.528706,12.49394],[122.528891,12.493941]]],[[[122.484964,12.494031],[122.484814,12.494031],[122.484964,12.494104],[122.484964,12.494031]]],[[[122.528891,12.493941],[122.529258,12.494122],[122.529259,12.493941],[122.528891,12.493941]]],[[[122.606002,12.494166],[122.608288,12.493546],[122.611969,12.491655],[122.613681,12.491396],[122.61485,12.491903],[122.61485,12.491726],[122.613196,12.490458],[122.613013,12.489553],[122.611541,12.48937],[122.611356,12.490093],[122.611723,12.490455],[122.610987,12.490635],[122.610986,12.491178],[122.608959,12.492803],[122.608222,12.492802],[122.607672,12.491354],[122.607121,12.491172],[122.60491,12.492073],[122.603806,12.491891],[122.603621,12.492976],[122.602331,12.493697],[122.600777,12.493514],[122.606002,12.494166]]],[[[122.611722,12.491179],[122.61209,12.491541],[122.61209,12.491179],[122.611722,12.491179]]],[[[122.611908,12.489913],[122.612276,12.490275],[122.612276,12.489914],[122.611908,12.489913]]],[[[122.485138,12.494212],[122.485148,12.494224],[122.485148,12.494212],[122.485138,12.494212]]],[[[122.488198,12.494218],[122.488215,12.49423],[122.488245,12.494218],[122.488198,12.494218]]],[[[122.488461,12.494218],[122.488432,12.494242],[122.488466,12.494218],[122.488461,12.494218]]],[[[122.488499,12.494219],[122.488527,12.494246],[122.488555,12.494219],[122.488499,12.494219]]],[[[122.487908,12.494217],[122.487908,12.494293],[122.487997,12.494218],[122.487908,12.494217]]],[[[122.488606,12.494317],[122.488711,12.494263],[122.488618,12.494219],[122.488606,12.494317]]],[[[122.488084,12.49435],[122.488047,12.494218],[122.488023,12.494332],[122.488084,12.49435]]],[[[122.488898,12.494425],[122.489024,12.494261],[122.488753,12.494219],[122.488898,12.494425]]],[[[122.580795,12.494388],[122.581121,12.494414],[122.581217,12.494389],[122.580795,12.494388]]],[[[122.486639,12.494577],[122.486654,12.494584],[122.486685,12.494577],[122.486639,12.494577]]],[[[122.485398,12.494574],[122.485409,12.49459],[122.48543,12.494574],[122.485398,12.494574]]],[[[122.485772,12.494575],[122.485827,12.49461],[122.485847,12.494575],[122.485772,12.494575]]],[[[122.51214,12.494453],[122.516158,12.494222],[122.517023,12.493931],[122.516008,12.493135],[122.515638,12.493917],[122.51214,12.494453]]],[[[122.486787,12.494577],[122.48679,12.494633],[122.486824,12.494624],[122.486787,12.494577]]],[[[122.485601,12.494575],[122.48553,12.494666],[122.485625,12.494673],[122.485601,12.494575]]],[[[122.510851,12.494632],[122.511486,12.494679],[122.51202,12.494634],[122.510851,12.494632]]],[[[122.490398,12.494946],[122.490486,12.494074],[122.49044,12.494048],[122.490398,12.494946]]],[[[122.504409,12.494982],[122.504593,12.49462],[122.504409,12.49462],[122.504409,12.494982]]],[[[122.520628,12.494935],[122.522216,12.495014],[122.520607,12.494649],[122.519505,12.493201],[122.5184,12.493379],[122.517454,12.492793],[122.520628,12.494935]]],[[[122.509257,12.495127],[122.509752,12.495065],[122.510795,12.494813],[122.509931,12.494811],[122.509257,12.495127]]],[[[122.493797,12.494952],[122.49619,12.494956],[122.496007,12.494052],[122.494718,12.494411],[122.494351,12.493868],[122.493063,12.493685],[122.493797,12.494952]]],[[[122.52263,12.495015],[122.522262,12.495012],[122.523182,12.49516],[122.52263,12.495015]]],[[[122.508273,12.49517],[122.508567,12.495215],[122.509025,12.495171],[122.508273,12.49517]]],[[[122.52355,12.495197],[122.523354,12.495227],[122.52355,12.495329],[122.52355,12.495197]]],[[[122.523734,12.495378],[122.52368,12.495394],[122.523734,12.495418],[122.523734,12.495378]]],[[[122.507905,12.49535],[122.507721,12.49545],[122.508077,12.49535],[122.507905,12.49535]]],[[[122.490183,12.495423],[122.490299,12.495446],[122.490299,12.495307],[122.490183,12.495423]]],[[[122.504409,12.494982],[122.50404,12.495343],[122.504408,12.495524],[122.504409,12.494982]]],[[[122.507353,12.49553],[122.507352,12.495556],[122.507443,12.49553],[122.507353,12.49553]]],[[[122.529258,12.494303],[122.529809,12.494846],[122.531648,12.495573],[122.531098,12.494487],[122.529258,12.494303]]],[[[122.490483,12.495488],[122.49047,12.495589],[122.490482,12.495689],[122.490483,12.495488]]],[[[122.48873,12.495679],[122.489233,12.495208],[122.489335,12.49422],[122.48873,12.495679]]],[[[122.5068,12.49571],[122.5068,12.495744],[122.506888,12.49571],[122.5068,12.49571]]],[[[122.490482,12.495728],[122.490472,12.495803],[122.490482,12.495845],[122.490482,12.495728]]],[[[122.49582,12.49586],[122.49582,12.495896],[122.495881,12.49586],[122.49582,12.49586]]],[[[122.571221,12.49582],[122.571221,12.495912],[122.571341,12.49582],[122.571221,12.49582]]],[[[122.531648,12.495573],[122.531832,12.495935],[122.531833,12.495573],[122.531648,12.495573]]],[[[122.497844,12.496003],[122.497477,12.495321],[122.497292,12.495824],[122.497844,12.496003]]],[[[122.571037,12.496],[122.571037,12.496043],[122.571098,12.496],[122.571037,12.496]]],[[[122.523917,12.495921],[122.523851,12.495836],[122.523917,12.496174],[122.523917,12.495921]]],[[[122.570484,12.496361],[122.570484,12.496371],[122.570507,12.496361],[122.570484,12.496361]]],[[[122.498764,12.496408],[122.49858,12.496479],[122.498764,12.496506],[122.498764,12.496408]]],[[[122.503301,12.496427],[122.503231,12.496501],[122.503301,12.496512],[122.503301,12.496427]]],[[[122.498028,12.496407],[122.498004,12.496492],[122.498027,12.496521],[122.498028,12.496407]]],[[[122.524468,12.496465],[122.524395,12.496526],[122.524468,12.496553],[122.524468,12.496465]]],[[[122.504529,12.496532],[122.505219,12.496422],[122.506402,12.49589],[122.50496,12.495525],[122.504529,12.496532]]],[[[122.570116,12.496541],[122.570116,12.496565],[122.570156,12.496542],[122.570116,12.496541]]],[[[122.4995,12.49659],[122.499291,12.496633],[122.499499,12.49667],[122.4995,12.49659]]],[[[122.499988,12.496601],[122.500774,12.496643],[122.50207,12.496424],[122.499988,12.496601]]],[[[122.569747,12.496722],[122.569747,12.496777],[122.569851,12.496722],[122.569747,12.496722]]],[[[122.569379,12.496902],[122.569379,12.496943],[122.569469,12.496902],[122.569379,12.496902]]],[[[122.56901,12.497082],[122.56901,12.497109],[122.569069,12.497082],[122.56901,12.497082]]],[[[122.568642,12.497263],[122.568642,12.497268],[122.568655,12.497263],[122.568642,12.497263]]],[[[122.525387,12.497371],[122.525379,12.497398],[122.525387,12.497406],[122.525387,12.497371]]],[[[122.558703,12.497246],[122.558518,12.497427],[122.558839,12.497247],[122.558703,12.497246]]],[[[122.489937,12.497478],[122.490479,12.497359],[122.490479,12.497297],[122.489937,12.497478]]],[[[122.490558,12.497478],[122.49054,12.497509],[122.490557,12.497509],[122.490558,12.497478]]],[[[122.558334,12.497427],[122.558334,12.497531],[122.558518,12.497427],[122.558334,12.497427]]],[[[122.544162,12.497222],[122.543977,12.497584],[122.544161,12.497584],[122.544162,12.497222]]],[[[122.525571,12.497552],[122.525505,12.497616],[122.525571,12.497616],[122.525571,12.497552]]],[[[122.55815,12.497607],[122.55815,12.497657],[122.558199,12.497607],[122.55815,12.497607]]],[[[122.493242,12.496398],[122.49269,12.496216],[122.492504,12.49712],[122.493424,12.497664],[122.493242,12.496398]]],[[[122.491623,12.497809],[122.491583,12.49748],[122.491169,12.497479],[122.491623,12.497809]]],[[[122.525755,12.497733],[122.525722,12.497775],[122.525754,12.497828],[122.525755,12.497733]]],[[[122.557966,12.497788],[122.557965,12.497912],[122.558055,12.497788],[122.557966,12.497788]]],[[[122.491951,12.497924],[122.491948,12.497935],[122.491951,12.49794],[122.491951,12.497924]]],[[[122.49174,12.497907],[122.491767,12.497733],[122.491647,12.497933],[122.49174,12.497907]]],[[[122.49195,12.498029],[122.491941,12.497969],[122.49188,12.497995],[122.49195,12.498029]]],[[[122.525938,12.497914],[122.525891,12.497972],[122.525938,12.498033],[122.525938,12.497914]]],[[[122.557781,12.497968],[122.557709,12.49805],[122.55793,12.497969],[122.557781,12.497968]]],[[[122.53056,12.49806],[122.53054,12.498084],[122.530575,12.498066],[122.53056,12.49806]]],[[[122.567168,12.497984],[122.566984,12.498125],[122.567201,12.497984],[122.567168,12.497984]]],[[[122.526122,12.498095],[122.52607,12.498142],[122.526122,12.498198],[122.526122,12.498095]]],[[[122.5668,12.498164],[122.5668,12.498226],[122.566924,12.498164],[122.5668,12.498164]]],[[[122.492032,12.498204],[122.492046,12.498236],[122.492092,12.498204],[122.492032,12.498204]]],[[[122.494711,12.498209],[122.494722,12.49825],[122.494794,12.498209],[122.494711,12.498209]]],[[[122.492134,12.498257],[122.4921,12.498289],[122.492134,12.498344],[122.492134,12.498257]]],[[[122.492172,12.498385],[122.492181,12.498392],[122.492201,12.498385],[122.492172,12.498385]]],[[[122.530355,12.498103],[122.530515,12.498218],[122.53051,12.498103],[122.530355,12.498103]]],[[[122.492502,12.498386],[122.492385,12.498386],[122.492502,12.498446],[122.492502,12.498386]]],[[[122.494342,12.498389],[122.494342,12.498463],[122.494416,12.498391],[122.494342,12.498389]]],[[[122.494526,12.49839],[122.494504,12.49847],[122.494614,12.49839],[122.494526,12.49839]]],[[[122.530072,12.498464],[122.530088,12.498487],[122.530103,12.498464],[122.530072,12.498464]]],[[[122.494342,12.498477],[122.494342,12.498487],[122.494342,12.498487],[122.494342,12.498477]]],[[[122.565511,12.498524],[122.565327,12.498582],[122.565811,12.498524],[122.565511,12.498524]]],[[[122.526651,12.498586],[122.52649,12.498277],[122.526214,12.498276],[122.526309,12.498402],[122.526651,12.498586]]],[[[122.494,12.498621],[122.493239,12.497845],[122.493054,12.498508],[122.494,12.498621]]],[[[122.52833,12.498642],[122.529435,12.498282],[122.529435,12.49792],[122.528884,12.497739],[122.52833,12.498642]]],[[[122.529802,12.498644],[122.529802,12.498695],[122.529861,12.498645],[122.529802,12.498644]]],[[[122.526857,12.498639],[122.526683,12.498639],[122.526857,12.498756],[122.526857,12.498639]]],[[[122.527041,12.49882],[122.527001,12.498877],[122.527041,12.498904],[122.527041,12.49882]]],[[[122.529639,12.498861],[122.529618,12.498825],[122.529618,12.498927],[122.529639,12.498861]]],[[[122.529618,12.498945],[122.529618,12.498976],[122.529639,12.498956],[122.529618,12.498945]]],[[[122.543792,12.498307],[122.543239,12.498848],[122.543422,12.49921],[122.543975,12.498669],[122.543792,12.498307]]],[[[122.529433,12.499186],[122.529469,12.499215],[122.529504,12.499186],[122.529433,12.499186]]],[[[122.527408,12.499262],[122.527225,12.499002],[122.527036,12.499054],[122.527408,12.499262]]],[[[122.52796,12.499365],[122.527943,12.499378],[122.52796,12.49941],[122.52796,12.499365]]],[[[122.529335,12.499367],[122.529288,12.499458],[122.529366,12.499413],[122.529335,12.499367]]],[[[122.527613,12.499364],[122.527778,12.499452],[122.527825,12.499386],[122.527613,12.499364]]],[[[122.528161,12.499546],[122.528175,12.499549],[122.528191,12.499546],[122.528161,12.499546]]],[[[122.52802,12.499546],[122.52803,12.499557],[122.528056,12.499546],[122.52802,12.499546]]],[[[122.528421,12.49961],[122.528603,12.499547],[122.528199,12.499546],[122.528421,12.49961]]],[[[122.529027,12.499571],[122.528958,12.499607],[122.529052,12.499609],[122.529027,12.499571]]],[[[122.528816,12.499644],[122.528877,12.499547],[122.528622,12.499547],[122.528816,12.499644]]],[[[122.531825,12.499914],[122.532194,12.499372],[122.531459,12.498647],[122.53146,12.497924],[122.531093,12.497562],[122.530725,12.497561],[122.53054,12.497741],[122.53054,12.498044],[122.530819,12.497608],[122.531402,12.498054],[122.530905,12.498987],[122.531825,12.499914]]],[[[122.532008,12.500095],[122.531859,12.500095],[122.532008,12.500191],[122.532008,12.500095]]],[[[122.53256,12.500277],[122.532193,12.500095],[122.532192,12.500185],[122.53256,12.500277]]],[[[122.54416,12.498307],[122.544343,12.499031],[122.545079,12.499032],[122.545813,12.500119],[122.547838,12.500303],[122.549127,12.499763],[122.548944,12.49922],[122.548024,12.499037],[122.546366,12.499758],[122.545816,12.498672],[122.544896,12.498128],[122.54416,12.498307]]],[[[122.532376,12.500457],[122.532375,12.500477],[122.532376,12.500481],[122.532376,12.500457]]],[[[122.532635,12.50089],[122.532615,12.50082],[122.532608,12.500875],[122.532635,12.50089]]],[[[122.551702,12.501033],[122.551702,12.501057],[122.551727,12.501033],[122.551702,12.501033]]],[[[122.532743,12.501001],[122.532693,12.501006],[122.532743,12.501058],[122.532743,12.501001]]],[[[122.551517,12.501213],[122.551517,12.501237],[122.551542,12.501213],[122.551517,12.501213]]],[[[122.551333,12.501394],[122.551333,12.501467],[122.551367,12.501394],[122.551333,12.501394]]],[[[122.548506,12.504483],[122.548848,12.504412],[122.548967,12.503867],[122.550688,12.502449],[122.551283,12.501575],[122.548752,12.503741],[122.548506,12.504483]]],[[[122.548198,12.504644],[122.548198,12.504769],[122.548346,12.504644],[122.548198,12.504644]]],[[[122.54783,12.504824],[122.54783,12.504959],[122.54799,12.504825],[122.54783,12.504824]]],[[[122.547487,12.505005],[122.5475,12.505008],[122.547524,12.505005],[122.547487,12.505005]]],[[[122.546724,12.505365],[122.546724,12.505481],[122.54677,12.505416],[122.546724,12.505365]]],[[[122.544883,12.505639],[122.545098,12.50557],[122.545164,12.505543],[122.544883,12.505543],[122.544883,12.505639]]],[[[122.545988,12.505626],[122.546494,12.505546],[122.545988,12.505545],[122.545988,12.505626]]],[[[122.544515,12.505542],[122.544333,12.504638],[122.545991,12.503555],[122.545812,12.500661],[122.541207,12.502824],[122.53955,12.502821],[122.538082,12.500648],[122.536793,12.500827],[122.535134,12.50209],[122.533767,12.502268],[122.539811,12.505246],[122.542416,12.504348],[122.54356,12.505371],[122.544515,12.505542]]]]}}]}