{"type":"FeatureCollection","features":[{"type":"Feature","properties":{"haz":1},"geometry":{"type":"MultiPolygon","coordinates":[[[[122.605639,12.301137],[122.60564,12.300595],[122.606192,12.3],[122.605456,12.300052],[122.605639,12.301137]]],[[[122.605087,12.301137],[122.604167,12.301316],[122.605087,12.301317],[122.605087,12.301137]]],[[[122.605455,12.301137],[122.605271,12.301318],[122.605455,12.301318],[122.605455,12.301137]]],[[[122.654565,12.300118],[122.656953,12.302292],[122.657321,12.302292],[122.655116,12.300119],[122.654565,12.300118]]],[[[122.65732,12.302473],[122.658055,12.303197],[122.658423,12.303198],[122.657689,12.302293],[122.65732,12.302473]]],[[[122.658423,12.303198],[122.658607,12.303379],[122.658607,12.303198],[122.658423,12.303198]]],[[[122.658607,12.303379],[122.65879,12.30356],[122.658791,12.303379],[122.658607,12.303379]]],[[[122.65879,12.30356],[122.658974,12.303741],[122.658974,12.30356],[122.65879,12.30356]]],[[[122.658974,12.303741],[122.659158,12.303922],[122.659158,12.303741],[122.658974,12.303741]]],[[[122.659342,12.303922],[122.659525,12.304646],[122.659893,12.304647],[122.659342,12.303922]]],[[[122.659893,12.304647],[122.660076,12.304828],[122.660077,12.304647],[122.659893,12.304647]]],[[[122.660076,12.304828],[122.66026,12.305009],[122.66026,12.304828],[122.660076,12.304828]]],[[[122.66026,12.305009],[122.660444,12.30519],[122.660444,12.305009],[122.66026,12.305009]]],[[[122.660444,12.30519],[122.660627,12.305371],[122.660628,12.30519],[122.660444,12.30519]]],[[[122.660627,12.305371],[122.660811,12.305552],[122.660811,12.305371],[122.660627,12.305371]]],[[[122.586504,12.30545],[122.586687,12.305631],[122.586688,12.30545],[122.586504,12.30545]]],[[[122.601034,12.305652],[122.601954,12.305473],[122.602142,12.30276],[122.603799,12.301135],[122.603064,12.300953],[122.601774,12.302398],[122.601586,12.305472],[122.601034,12.305652]]],[[[122.660811,12.305552],[122.660995,12.305733],[122.660995,12.305552],[122.660811,12.305552]]],[[[122.587055,12.305631],[122.586871,12.305812],[122.587055,12.305812],[122.587055,12.305631]]],[[[122.660995,12.305733],[122.661179,12.305914],[122.661179,12.305733],[122.660995,12.305733]]],[[[122.57418,12.305973],[122.574364,12.305793],[122.57418,12.305806],[122.57418,12.305973]]],[[[122.661179,12.305914],[122.661362,12.306095],[122.661362,12.305914],[122.661179,12.305914]]],[[[122.586504,12.305269],[122.585401,12.305086],[122.584848,12.305628],[122.583745,12.305446],[122.58356,12.305807],[122.584296,12.305627],[122.585215,12.306171],[122.585216,12.305629],[122.586504,12.305269]]],[[[122.588342,12.305995],[122.587974,12.305814],[122.587239,12.305813],[122.58779,12.306175],[122.588342,12.305995]]],[[[122.60085,12.305652],[122.600665,12.306194],[122.600849,12.306195],[122.60085,12.305652]]],[[[122.601953,12.305834],[122.601953,12.306196],[122.60232,12.306197],[122.602321,12.306016],[122.601953,12.305834]]],[[[122.573996,12.305973],[122.573995,12.306335],[122.574363,12.306335],[122.574363,12.306155],[122.573996,12.305973]]],[[[122.66173,12.306096],[122.661546,12.306457],[122.661914,12.306458],[122.66173,12.306096]]],[[[122.588342,12.306176],[122.588525,12.306538],[122.588526,12.306176],[122.588342,12.306176]]],[[[122.592204,12.306543],[122.593675,12.306546],[122.593676,12.306184],[122.592204,12.306182],[122.592204,12.306543]]],[[[122.594227,12.306366],[122.594043,12.306546],[122.594227,12.306546],[122.594227,12.306366]]],[[[122.594411,12.306366],[122.595883,12.306368],[122.59625,12.306549],[122.596067,12.306187],[122.594411,12.306366]]],[[[122.661914,12.306458],[122.662097,12.306639],[122.662097,12.306458],[122.661914,12.306458]]],[[[122.59202,12.306543],[122.591836,12.306724],[122.59202,12.306724],[122.59202,12.306543]]],[[[122.59625,12.306549],[122.596802,12.306731],[122.596802,12.30655],[122.59625,12.306549]]],[[[122.59717,12.306551],[122.598825,12.306553],[122.600481,12.306013],[122.59993,12.305651],[122.59717,12.306551]]],[[[122.583376,12.305807],[122.582272,12.306348],[122.581352,12.306165],[122.581167,12.306889],[122.582271,12.306709],[122.583376,12.305807]]],[[[122.591835,12.306905],[122.5911,12.306723],[122.5911,12.306904],[122.591835,12.306905]]],[[[122.594043,12.306727],[122.593675,12.306546],[122.593675,12.306907],[122.594043,12.306727]]],[[[122.574362,12.307059],[122.574547,12.306517],[122.574363,12.306516],[122.574362,12.307059]]],[[[122.662097,12.30682],[122.662464,12.307182],[122.662832,12.307182],[122.662465,12.306639],[122.662097,12.30682]]],[[[122.574362,12.307059],[122.574178,12.307239],[122.574361,12.30724],[122.574362,12.307059]]],[[[122.574178,12.307239],[122.573993,12.30742],[122.574177,12.30742],[122.574178,12.307239]]],[[[122.590916,12.306903],[122.590364,12.307083],[122.589445,12.306539],[122.588525,12.306538],[122.590179,12.307445],[122.590916,12.306903]]],[[[122.662832,12.307363],[122.663199,12.307725],[122.663567,12.307726],[122.6632,12.307183],[122.662832,12.307363]]],[[[122.573993,12.30742],[122.573808,12.307962],[122.573992,12.307963],[122.573993,12.30742]]],[[[122.573992,12.307963],[122.574176,12.308144],[122.574176,12.307963],[122.573992,12.307963]]],[[[122.580983,12.306888],[122.57988,12.306706],[122.578407,12.307789],[122.575832,12.307604],[122.576017,12.306881],[122.576753,12.306882],[122.576754,12.306339],[122.576202,12.306519],[122.576387,12.305615],[122.574548,12.305664],[122.576019,12.305795],[122.575466,12.306337],[122.57528,12.307965],[122.578406,12.30815],[122.580983,12.306888]]],[[[122.663567,12.307907],[122.663935,12.308269],[122.664302,12.308269],[122.663935,12.307726],[122.663567,12.307907]]],[[[122.664302,12.30845],[122.66467,12.308812],[122.665037,12.308813],[122.66467,12.30827],[122.664302,12.30845]]],[[[122.665037,12.308813],[122.665221,12.308994],[122.665221,12.308813],[122.665037,12.308813]]],[[[122.574176,12.308325],[122.574544,12.308325],[122.575646,12.30905],[122.574912,12.308145],[122.574176,12.308325]]],[[[122.665221,12.308994],[122.665405,12.309175],[122.665405,12.308994],[122.665221,12.308994]]],[[[122.575829,12.309593],[122.575462,12.309412],[122.575461,12.309773],[122.575829,12.309593]]],[[[122.575277,12.309773],[122.574909,12.310134],[122.574358,12.309229],[122.573438,12.309589],[122.572887,12.309227],[122.572149,12.310311],[122.570677,12.31067],[122.570674,12.312841],[122.569754,12.31302],[122.570857,12.313022],[122.571228,12.311395],[122.572148,12.311215],[122.572333,12.310492],[122.573068,12.310855],[122.573437,12.310132],[122.574541,12.309772],[122.574908,12.310496],[122.57546,12.310316],[122.575277,12.309773]]],[[[122.665405,12.309356],[122.667609,12.311348],[122.667608,12.312252],[122.668527,12.313158],[122.670366,12.313341],[122.668711,12.312615],[122.665773,12.309175],[122.665405,12.309356]]],[[[122.569753,12.313201],[122.569018,12.313019],[122.569017,12.313381],[122.569753,12.313201]]],[[[122.670366,12.313341],[122.67055,12.313522],[122.67055,12.313341],[122.670366,12.313341]]],[[[122.67055,12.313522],[122.670733,12.313703],[122.670733,12.313522],[122.67055,12.313522]]],[[[122.670917,12.313884],[122.670733,12.314065],[122.670917,12.314065],[122.670917,12.313884]]],[[[122.568095,12.315188],[122.56736,12.314644],[122.567359,12.315006],[122.568095,12.315188]]],[[[122.567727,12.315006],[122.567911,12.314826],[122.567728,12.314825],[122.567727,12.315006]]],[[[122.568834,12.31338],[122.568832,12.314104],[122.567729,12.313921],[122.567728,12.314283],[122.56828,12.314465],[122.568463,12.315188],[122.569382,12.315371],[122.568834,12.31338]]],[[[122.569015,12.314827],[122.568831,12.315008],[122.569015,12.315008],[122.569015,12.314827]]],[[[122.568094,12.315911],[122.567909,12.316092],[122.568093,12.316092],[122.568094,12.315911]]],[[[122.569748,12.316275],[122.569382,12.315551],[122.568829,12.316093],[122.569748,12.316275]]],[[[122.567908,12.316996],[122.568092,12.316815],[122.567908,12.316815],[122.567908,12.316996]]],[[[122.567724,12.316996],[122.567171,12.317537],[122.56717,12.318442],[122.567907,12.317358],[122.567724,12.316996]]],[[[122.567537,12.318623],[122.567353,12.318804],[122.567537,12.318804],[122.567537,12.318623]]],[[[122.675141,12.319287],[122.674957,12.319315],[122.675141,12.319315],[122.675141,12.319287]]],[[[122.56772,12.319528],[122.567904,12.319166],[122.56772,12.319166],[122.56772,12.319528]]],[[[122.56772,12.319528],[122.567536,12.319708],[122.56772,12.319709],[122.56772,12.319528]]],[[[122.567536,12.319708],[122.567351,12.319889],[122.567535,12.319889],[122.567536,12.319708]]],[[[122.567167,12.319889],[122.566982,12.320612],[122.56643,12.320792],[122.566245,12.321515],[122.567166,12.320793],[122.567167,12.319889]]],[[[122.679268,12.323841],[122.679182,12.324022],[122.679366,12.324022],[122.679268,12.323841]]],[[[122.564768,12.324949],[122.565136,12.324588],[122.564957,12.322055],[122.565877,12.321876],[122.566061,12.321515],[122.565141,12.321513],[122.564404,12.322597],[122.564768,12.324949]]],[[[122.680168,12.32547],[122.6801,12.325651],[122.68026,12.325651],[122.680168,12.32547]]],[[[122.564215,12.325671],[122.564582,12.325853],[122.564583,12.325491],[122.564215,12.325671]]],[[[122.564766,12.326034],[122.56495,12.325853],[122.564766,12.325853],[122.564766,12.326034]]],[[[122.564766,12.326396],[122.564031,12.325852],[122.563846,12.326394],[122.564766,12.326396]]],[[[122.565133,12.326577],[122.564765,12.326757],[122.565133,12.326758],[122.565133,12.326577]]],[[[122.681124,12.327099],[122.681017,12.32728],[122.681201,12.32728],[122.681124,12.327099]]],[[[122.68128,12.327461],[122.681201,12.327642],[122.681353,12.327642],[122.68128,12.327461]]],[[[122.567338,12.328027],[122.567339,12.327304],[122.566603,12.327303],[122.56642,12.32676],[122.565317,12.326758],[122.566236,12.326941],[122.566419,12.327483],[122.567338,12.328027]]],[[[122.567154,12.328208],[122.566602,12.328026],[122.566602,12.328207],[122.567154,12.328208]]],[[[122.681833,12.328547],[122.681751,12.328727],[122.681909,12.328728],[122.681833,12.328547]]],[[[122.566602,12.328207],[122.566233,12.328568],[122.566601,12.328931],[122.566602,12.328207]]],[[[122.566417,12.32893],[122.566233,12.329111],[122.566417,12.329111],[122.566417,12.32893]]],[[[122.566233,12.329111],[122.566048,12.329472],[122.566232,12.329473],[122.566233,12.329111]]],[[[122.566048,12.329472],[122.565864,12.329834],[122.566047,12.329834],[122.566048,12.329472]]],[[[122.565864,12.329834],[122.565679,12.330014],[122.565863,12.330015],[122.565864,12.329834]]],[[[122.565679,12.330014],[122.565495,12.330195],[122.565679,12.330195],[122.565679,12.330014]]],[[[122.682485,12.330175],[122.682301,12.330356],[122.682485,12.330356],[122.682485,12.330175]]],[[[122.682844,12.33108],[122.682668,12.331261],[122.682852,12.331261],[122.682844,12.33108]]],[[[122.565311,12.330195],[122.564573,12.331459],[122.563653,12.331639],[122.564757,12.331641],[122.56531,12.331099],[122.565311,12.330195]]],[[[122.563285,12.331819],[122.563469,12.331638],[122.563285,12.331638],[122.563285,12.331819]]],[[[122.563285,12.331819],[122.563101,12.332],[122.563285,12.332],[122.563285,12.331819]]],[[[122.563101,12.332],[122.562916,12.33218],[122.5631,12.33218],[122.563101,12.332]]],[[[122.562733,12.33218],[122.562548,12.33236],[122.562732,12.332361],[122.562733,12.33218]]],[[[122.683442,12.332383],[122.683402,12.332527],[122.683534,12.332528],[122.683442,12.332383]]],[[[122.560524,12.332719],[122.562365,12.332179],[122.561448,12.33055],[122.560711,12.331091],[122.560528,12.330549],[122.559792,12.330547],[122.558687,12.33145],[122.55887,12.331993],[122.559789,12.332175],[122.560895,12.331273],[122.561077,12.332358],[122.560525,12.332357],[122.560524,12.332719]]],[[[122.560159,12.331452],[122.559975,12.33109],[122.559975,12.331452],[122.560159,12.331452]]],[[[122.559606,12.331632],[122.559239,12.331089],[122.559055,12.331631],[122.559606,12.331632]]],[[[122.560156,12.33308],[122.559421,12.332536],[122.558868,12.333078],[122.558681,12.334705],[122.559052,12.333259],[122.560156,12.33308]]],[[[122.684447,12.334699],[122.684319,12.33488],[122.684467,12.33488],[122.684447,12.334699]]],[[[122.558497,12.335067],[122.558681,12.334886],[122.558497,12.334886],[122.558497,12.335067]]],[[[122.558497,12.335067],[122.558313,12.335247],[122.558497,12.335248],[122.558497,12.335067]]],[[[122.558313,12.335247],[122.558128,12.335428],[122.558312,12.335428],[122.558313,12.335247]]],[[[122.557944,12.335789],[122.558128,12.335609],[122.557944,12.335608],[122.557944,12.335789]]],[[[122.557944,12.335789],[122.55776,12.33597],[122.557944,12.33597],[122.557944,12.335789]]],[[[122.55776,12.33597],[122.557575,12.336331],[122.557759,12.336332],[122.55776,12.33597]]],[[[122.55739,12.337054],[122.557575,12.336512],[122.557391,12.336512],[122.55739,12.337054]]],[[[122.68413,12.338858],[122.684315,12.338678],[122.684131,12.338678],[122.68413,12.338858]]],[[[122.554444,12.338858],[122.554259,12.339039],[122.554443,12.339039],[122.554444,12.338858]]],[[[122.68413,12.338858],[122.683946,12.339039],[122.68413,12.339039],[122.68413,12.338858]]],[[[122.683946,12.339039],[122.683762,12.33922],[122.683946,12.33922],[122.683946,12.339039]]],[[[122.554813,12.337955],[122.554628,12.338678],[122.555363,12.339221],[122.555915,12.339222],[122.556284,12.338499],[122.557203,12.339044],[122.557756,12.33814],[122.557758,12.337055],[122.557573,12.337778],[122.555916,12.338499],[122.555549,12.337775],[122.556469,12.337776],[122.55647,12.337234],[122.555735,12.336509],[122.555549,12.337594],[122.554813,12.337955]],[[122.554997,12.337955],[122.555364,12.338498],[122.554996,12.338497],[122.554997,12.337955]]],[[[122.554259,12.33922],[122.554116,12.3394],[122.554259,12.3394],[122.554259,12.33922]]],[[[122.554074,12.339943],[122.55389,12.339823],[122.55389,12.339942],[122.554074,12.339943]]],[[[122.553705,12.340304],[122.553522,12.340213],[122.553521,12.340304],[122.553705,12.340304]]],[[[122.682657,12.340304],[122.682473,12.340484],[122.682657,12.340484],[122.682657,12.340304]]],[[[122.684863,12.341391],[122.685047,12.341211],[122.684863,12.34121],[122.684863,12.341391]]],[[[122.685783,12.341392],[122.685599,12.341211],[122.685599,12.341392],[122.685783,12.341392]]],[[[122.684863,12.341391],[122.684679,12.341572],[122.684863,12.341572],[122.684863,12.341391]]],[[[122.685783,12.341392],[122.685967,12.341573],[122.685967,12.341393],[122.685783,12.341392]]],[[[122.681552,12.341749],[122.681736,12.341569],[122.681552,12.341568],[122.681552,12.341749]]],[[[122.681552,12.341749],[122.681367,12.34193],[122.681551,12.34193],[122.681552,12.341749]]],[[[122.681551,12.342292],[122.681367,12.342472],[122.681551,12.342473],[122.681551,12.342292]]],[[[122.682102,12.342654],[122.681919,12.342473],[122.681918,12.342654],[122.682102,12.342654]]],[[[122.682102,12.342654],[122.682286,12.342835],[122.682286,12.342654],[122.682102,12.342654]]],[[[122.682286,12.342835],[122.68247,12.343016],[122.68247,12.342835],[122.682286,12.342835]]],[[[122.683022,12.343017],[122.682654,12.343197],[122.683022,12.343198],[122.683022,12.343017]]],[[[122.552597,12.343196],[122.552573,12.34331],[122.552596,12.3435],[122.552597,12.343196]]],[[[122.552779,12.3441],[122.552706,12.344903],[122.552778,12.345005],[122.552779,12.3441]]],[[[122.552961,12.345367],[122.552954,12.345548],[122.552961,12.345548],[122.552961,12.345367]]],[[[122.685962,12.345914],[122.685777,12.346095],[122.685961,12.346095],[122.685962,12.345914]]],[[[122.552959,12.346633],[122.552795,12.346813],[122.552959,12.346814],[122.552959,12.346633]]],[[[122.685777,12.346818],[122.685592,12.346999],[122.685776,12.346999],[122.685777,12.346818]]],[[[122.685592,12.34718],[122.685408,12.34736],[122.685592,12.347361],[122.685592,12.34718]]],[[[122.552773,12.347537],[122.552676,12.347255],[122.552673,12.347537],[122.552773,12.347537]]],[[[122.685408,12.347541],[122.685224,12.347722],[122.685408,12.347722],[122.685408,12.347541]]],[[[122.552036,12.348621],[122.55187,12.348801],[122.552035,12.348801],[122.552036,12.348621]]],[[[122.551113,12.350247],[122.550929,12.350427],[122.551113,12.350428],[122.551113,12.350247]]],[[[122.685589,12.350254],[122.685404,12.350435],[122.685588,12.350435],[122.685589,12.350254]]],[[[122.550744,12.35097],[122.550703,12.350839],[122.550617,12.350969],[122.550744,12.35097]]],[[[122.550007,12.351692],[122.550191,12.351511],[122.550045,12.351511],[122.550007,12.351692]]],[[[122.550006,12.352054],[122.549823,12.351818],[122.549822,12.352053],[122.550006,12.352054]]],[[[122.549822,12.352053],[122.549638,12.352234],[122.549822,12.352234],[122.549822,12.352053]]],[[[122.549638,12.352415],[122.54927,12.352324],[122.54927,12.352414],[122.549638,12.352415]]],[[[122.684298,12.352423],[122.684482,12.352243],[122.684298,12.352242],[122.684298,12.352423]]],[[[122.684298,12.352423],[122.684114,12.352604],[122.684298,12.352604],[122.684298,12.352423]]],[[[122.54927,12.352414],[122.549085,12.352775],[122.549269,12.352776],[122.54927,12.352414]]],[[[122.684665,12.352966],[122.684482,12.352785],[122.684482,12.352966],[122.684665,12.352966]]],[[[122.684665,12.352966],[122.684849,12.353147],[122.684849,12.352966],[122.684665,12.352966]]],[[[122.549085,12.353137],[122.5489,12.353318],[122.549084,12.353318],[122.549085,12.353137]]],[[[122.548164,12.353678],[122.54798,12.353859],[122.548164,12.353859],[122.548164,12.353678]]],[[[122.547611,12.354039],[122.547796,12.353858],[122.547612,12.353858],[122.547611,12.354039]]],[[[122.547611,12.354039],[122.547427,12.35422],[122.547611,12.35422],[122.547611,12.354039]]],[[[122.547427,12.35422],[122.547243,12.3544],[122.547427,12.3544],[122.547427,12.35422]]],[[[122.547243,12.354581],[122.546875,12.3544],[122.546875,12.35458],[122.547243,12.354581]]],[[[122.546875,12.35458],[122.54669,12.354761],[122.546874,12.354761],[122.546875,12.35458]]],[[[122.546506,12.355122],[122.54669,12.354942],[122.546506,12.354941],[122.546506,12.355122]]],[[[122.546506,12.355122],[122.546321,12.355303],[122.546505,12.355303],[122.546506,12.355122]]],[[[122.546321,12.355303],[122.546137,12.355483],[122.546321,12.355484],[122.546321,12.355303]]],[[[122.546137,12.355664],[122.545952,12.356026],[122.546136,12.356026],[122.546137,12.355664]]],[[[122.545767,12.356568],[122.545952,12.356387],[122.545768,12.356387],[122.545767,12.356568]]],[[[122.545399,12.356929],[122.545342,12.356812],[122.545215,12.356929],[122.545399,12.356929]]],[[[122.545767,12.356568],[122.545583,12.356929],[122.545767,12.35693],[122.545767,12.356568]]],[[[122.688523,12.358035],[122.688155,12.357492],[122.685948,12.357489],[122.685949,12.356585],[122.684847,12.354956],[122.685032,12.354413],[122.684849,12.35369],[122.684663,12.355136],[122.685581,12.356404],[122.685579,12.35785],[122.687603,12.357672],[122.688523,12.358035]]],[[[122.688522,12.358396],[122.688521,12.359301],[122.688705,12.359301],[122.68889,12.358397],[122.688522,12.358396]]],[[[122.543555,12.359458],[122.543371,12.359217],[122.543371,12.359458],[122.543555,12.359458]]],[[[122.688521,12.359482],[122.688153,12.3593],[122.688153,12.359481],[122.688521,12.359482]]],[[[122.688153,12.359481],[122.687969,12.359662],[122.688153,12.359662],[122.688153,12.359481]]],[[[122.687969,12.359662],[122.687785,12.359842],[122.687969,12.359843],[122.687969,12.359662]]],[[[122.543002,12.359819],[122.542818,12.359999],[122.543002,12.36],[122.543002,12.359819]]],[[[122.687785,12.359842],[122.6876,12.360204],[122.687784,12.360204],[122.687785,12.359842]]],[[[122.542082,12.36036],[122.542039,12.360274],[122.541933,12.36036],[122.542082,12.36036]]],[[[122.6876,12.360204],[122.687416,12.360385],[122.6876,12.360385],[122.6876,12.360204]]],[[[122.541897,12.36054],[122.541765,12.360512],[122.541742,12.36054],[122.541897,12.36054]]],[[[122.543922,12.360001],[122.544289,12.360364],[122.54429,12.360002],[122.543922,12.360001]]],[[[122.687416,12.360385],[122.687232,12.360565],[122.687416,12.360565],[122.687416,12.360385]]],[[[122.687232,12.360565],[122.687048,12.360746],[122.687232,12.360746],[122.687232,12.360565]]],[[[122.543185,12.360362],[122.543,12.360904],[122.543184,12.360904],[122.543185,12.360362]]],[[[122.687048,12.360746],[122.686864,12.360927],[122.687048,12.360927],[122.687048,12.360746]]],[[[122.54392,12.361086],[122.543737,12.360724],[122.543736,12.361086],[122.54392,12.361086]]],[[[122.686864,12.360927],[122.686679,12.361107],[122.686863,12.361107],[122.686864,12.360927]]],[[[122.541344,12.361082],[122.54116,12.361263],[122.541344,12.361263],[122.541344,12.361082]]],[[[122.54392,12.361086],[122.544104,12.361268],[122.544104,12.361087],[122.54392,12.361086]]],[[[122.543367,12.361447],[122.543184,12.361085],[122.543183,12.361447],[122.543367,12.361447]]],[[[122.686679,12.361107],[122.686495,12.361469],[122.686679,12.361469],[122.686679,12.361107]]],[[[122.540976,12.361624],[122.540823,12.361605],[122.540816,12.361624],[122.540976,12.361624]]],[[[122.544288,12.361268],[122.543367,12.361447],[122.543367,12.361628],[122.544287,12.36163],[122.544288,12.361268]]],[[[122.686495,12.361469],[122.686311,12.361649],[122.686495,12.36165],[122.686495,12.361469]]],[[[122.685207,12.361829],[122.685023,12.361648],[122.685023,12.361829],[122.685207,12.361829]]],[[[122.685943,12.36183],[122.686127,12.361649],[122.685943,12.361649],[122.685943,12.36183]]],[[[122.685942,12.362011],[122.685207,12.361829],[122.685207,12.36201],[122.685942,12.362011]]],[[[122.540423,12.362166],[122.540238,12.362346],[122.540422,12.362346],[122.540423,12.362166]]],[[[122.685574,12.362372],[122.68539,12.362191],[122.68539,12.362372],[122.685574,12.362372]]],[[[122.53987,12.362346],[122.539686,12.362526],[122.53987,12.362526],[122.53987,12.362346]]],[[[122.685574,12.362372],[122.685758,12.362553],[122.685758,12.362372],[122.685574,12.362372]]],[[[122.686677,12.362735],[122.686493,12.362916],[122.686677,12.362916],[122.686677,12.362735]]],[[[122.687045,12.362916],[122.686861,12.363097],[122.687045,12.363097],[122.687045,12.362916]]],[[[122.53766,12.363789],[122.537476,12.363969],[122.53766,12.36397],[122.53766,12.363789]]],[[[122.537661,12.363427],[122.538029,12.363608],[122.538211,12.364332],[122.538213,12.363428],[122.537661,12.363427]]],[[[122.538027,12.364332],[122.537843,12.364512],[122.538027,12.364513],[122.538027,12.364332]]],[[[122.538763,12.364333],[122.538579,12.364514],[122.538763,12.364514],[122.538763,12.364333]]],[[[122.540051,12.364335],[122.540788,12.363432],[122.539317,12.363249],[122.539134,12.362525],[122.538763,12.364152],[122.540051,12.364335]]],[[[122.5395,12.363611],[122.540236,12.363793],[122.540053,12.363431],[122.5395,12.363611]]],[[[122.537291,12.364692],[122.537475,12.364512],[122.537292,12.363969],[122.537291,12.364692]]],[[[122.686015,12.364849],[122.687228,12.363821],[122.687229,12.363278],[122.686016,12.364126],[122.686015,12.364849]]],[[[122.538393,12.365418],[122.538578,12.364875],[122.538394,12.364875],[122.538393,12.365418]]],[[[122.535266,12.365412],[122.535082,12.365593],[122.535266,12.365593],[122.535266,12.365412]]],[[[122.538393,12.365418],[122.538209,12.365598],[122.538393,12.365598],[122.538393,12.365418]]],[[[122.535082,12.365593],[122.534897,12.365773],[122.535081,12.365774],[122.535082,12.365593]]],[[[122.536553,12.365776],[122.536739,12.364872],[122.536371,12.364872],[122.536553,12.365776]]],[[[122.534897,12.365773],[122.534713,12.365954],[122.534897,12.365954],[122.534897,12.365773]]],[[[122.538025,12.365598],[122.537656,12.365959],[122.536737,12.365957],[122.53784,12.36614],[122.538025,12.365598]]],[[[122.534529,12.366134],[122.534344,12.366315],[122.534528,12.366315],[122.534529,12.366134]]],[[[122.685829,12.366477],[122.686014,12.366296],[122.68583,12.366296],[122.685829,12.366477]]],[[[122.53416,12.366315],[122.533976,12.366495],[122.53416,12.366496],[122.53416,12.366315]]],[[[122.53545,12.365413],[122.535816,12.366498],[122.536,12.366499],[122.536002,12.365052],[122.53545,12.365413]]],[[[122.536001,12.365594],[122.535817,12.365775],[122.536001,12.365775],[122.536001,12.365594]]],[[[122.533608,12.366675],[122.533792,12.366495],[122.533608,12.366495],[122.533608,12.366675]]],[[[122.533424,12.366675],[122.533423,12.367218],[122.532871,12.367217],[122.53232,12.366492],[122.532134,12.367758],[122.533607,12.367399],[122.533424,12.366675]]],[[[122.532134,12.367758],[122.53195,12.367939],[122.532134,12.367939],[122.532134,12.367758]]],[[[122.53195,12.367939],[122.531766,12.368119],[122.53195,12.368119],[122.53195,12.367939]]],[[[122.684725,12.366837],[122.684171,12.368283],[122.684355,12.368826],[122.68454,12.368103],[122.686012,12.367743],[122.685829,12.366477],[122.684725,12.366837]],[[122.684909,12.366837],[122.685093,12.367199],[122.684909,12.367199],[122.684909,12.366837]]],[[[122.531582,12.368119],[122.531581,12.368661],[122.531028,12.368841],[122.531764,12.368843],[122.531582,12.368119]]],[[[122.53066,12.369022],[122.530844,12.368841],[122.53066,12.368841],[122.53066,12.369022]]],[[[122.684354,12.369188],[122.68417,12.369369],[122.684354,12.369369],[122.684354,12.369188]]],[[[122.53066,12.369202],[122.529924,12.369382],[122.529923,12.369563],[122.53066,12.369202]]],[[[122.529923,12.369744],[122.529739,12.369563],[122.529739,12.369743],[122.529923,12.369744]]],[[[122.529739,12.369743],[122.529555,12.369924],[122.529739,12.369924],[122.529739,12.369743]]],[[[122.529555,12.369924],[122.52937,12.370104],[122.529554,12.370105],[122.529555,12.369924]]],[[[122.52937,12.370104],[122.529186,12.370285],[122.52937,12.370285],[122.52937,12.370104]]],[[[122.529001,12.370646],[122.529186,12.370466],[122.529002,12.370466],[122.529001,12.370646]]],[[[122.687112,12.370638],[122.686928,12.370819],[122.687112,12.370819],[122.687112,12.370638]]],[[[122.529001,12.370646],[122.528817,12.370827],[122.529001,12.370827],[122.529001,12.370646]]],[[[122.527713,12.371006],[122.527529,12.370825],[122.527529,12.371006],[122.527713,12.371006]]],[[[122.528817,12.370827],[122.528633,12.371007],[122.528817,12.371008],[122.528817,12.370827]]],[[[122.687664,12.370639],[122.68748,12.371181],[122.687664,12.371181],[122.687664,12.370639]]],[[[122.527345,12.371005],[122.527161,12.371186],[122.527345,12.371186],[122.527345,12.371005]]],[[[122.527713,12.371006],[122.527897,12.371187],[122.527897,12.371006],[122.527713,12.371006]]],[[[122.526793,12.371366],[122.526977,12.371185],[122.526793,12.371185],[122.526793,12.371366]]],[[[122.528633,12.371007],[122.528448,12.371369],[122.528632,12.371369],[122.528633,12.371007]]],[[[122.687479,12.371362],[122.687295,12.371542],[122.687479,12.371543],[122.687479,12.371362]]],[[[122.528632,12.371369],[122.528816,12.37155],[122.528816,12.371369],[122.528632,12.371369]]],[[[122.526792,12.371728],[122.526608,12.371547],[122.52624,12.371727],[122.526792,12.371728]]],[[[122.527344,12.371548],[122.526976,12.371728],[122.527344,12.371729],[122.527344,12.371548]]],[[[122.528816,12.37155],[122.529,12.371732],[122.529,12.371551],[122.528816,12.37155]]],[[[122.528816,12.371731],[122.528631,12.371912],[122.528815,12.371912],[122.528816,12.371731]]],[[[122.520904,12.371898],[122.52072,12.372079],[122.520904,12.372079],[122.520904,12.371898]]],[[[122.5244,12.372085],[122.524216,12.372014],[122.524216,12.372085],[122.5244,12.372085]]],[[[122.519984,12.372258],[122.520168,12.372078],[122.520079,12.372078],[122.519984,12.372258]]],[[[122.52164,12.37208],[122.521088,12.37226],[122.52164,12.372261],[122.52164,12.37208]]],[[[122.521865,12.372164],[122.521824,12.372262],[122.521913,12.372262],[122.521865,12.372164]]],[[[122.528263,12.372092],[122.528079,12.372272],[122.528263,12.372273],[122.528263,12.372092]]],[[[122.519984,12.372439],[122.5198,12.372383],[122.5198,12.372439],[122.519984,12.372439]]],[[[122.527159,12.372452],[122.526975,12.372271],[122.526975,12.372451],[122.527159,12.372452]]],[[[122.527895,12.372272],[122.52771,12.372453],[122.527894,12.372453],[122.527895,12.372272]]],[[[122.527159,12.372452],[122.527526,12.372633],[122.527526,12.372452],[122.527159,12.372452]]],[[[122.684534,12.372805],[122.685454,12.372626],[122.685456,12.371179],[122.686744,12.370818],[122.684721,12.370635],[122.683985,12.370273],[122.684169,12.369911],[122.683986,12.369549],[122.683432,12.370995],[122.684353,12.370635],[122.68472,12.370997],[122.684903,12.372263],[122.684534,12.372805]]],[[[122.686557,12.37335],[122.686373,12.373531],[122.686557,12.373531],[122.686557,12.37335]]],[[[122.518326,12.373521],[122.518141,12.373702],[122.518325,12.373702],[122.518326,12.373521]]],[[[122.516302,12.373699],[122.517037,12.373881],[122.517038,12.3737],[122.516302,12.373699]]],[[[122.516301,12.37388],[122.516117,12.37406],[122.516301,12.37406],[122.516301,12.37388]]],[[[122.686372,12.373893],[122.686188,12.374073],[122.686372,12.374073],[122.686372,12.373893]]],[[[122.516117,12.37406],[122.515932,12.374421],[122.516116,12.374422],[122.516117,12.37406]]],[[[122.513541,12.374236],[122.513724,12.374598],[122.514092,12.374599],[122.513909,12.374237],[122.513541,12.374236]]],[[[122.686188,12.374435],[122.686004,12.374616],[122.686188,12.374616],[122.686188,12.374435]]],[[[122.685994,12.375158],[122.685819,12.375339],[122.685958,12.375339],[122.685994,12.375158]]],[[[122.516116,12.374603],[122.51593,12.375507],[122.516298,12.375869],[122.516668,12.374604],[122.516116,12.374603]]],[[[122.685818,12.375701],[122.685634,12.375881],[122.685818,12.375881],[122.685818,12.375701]]],[[[122.515929,12.37623],[122.515745,12.376411],[122.515929,12.376411],[122.515929,12.37623]]],[[[122.685634,12.376424],[122.685449,12.376604],[122.685633,12.376605],[122.685634,12.376424]]],[[[122.515744,12.376591],[122.51556,12.376772],[122.515744,12.376772],[122.515744,12.376591]]],[[[122.685264,12.378051],[122.685448,12.377328],[122.685264,12.377328],[122.685264,12.378051]]],[[[122.513901,12.378397],[122.513717,12.378577],[122.513901,12.378578],[122.513901,12.378397]]],[[[122.514086,12.378035],[122.514453,12.378579],[122.514454,12.378217],[122.514086,12.378035]]],[[[122.510589,12.378752],[122.510958,12.378211],[122.510406,12.37821],[122.510589,12.378752]]],[[[122.513717,12.378577],[122.513533,12.378758],[122.513717,12.378758],[122.513717,12.378577]]],[[[122.514453,12.378579],[122.514637,12.37876],[122.514637,12.378579],[122.514453,12.378579]]],[[[122.513533,12.378758],[122.513348,12.378938],[122.513532,12.378939],[122.513533,12.378758]]],[[[122.514636,12.378941],[122.515556,12.378942],[122.51556,12.377134],[122.515373,12.378761],[122.514636,12.378941]]],[[[122.513348,12.379119],[122.51298,12.378938],[122.51298,12.379118],[122.513348,12.379119]]],[[[122.51298,12.379299],[122.512612,12.379118],[122.512612,12.379299],[122.51298,12.379299]]],[[[122.512612,12.379299],[122.512426,12.380203],[122.51261,12.380203],[122.512612,12.379299]]],[[[122.68508,12.378051],[122.684895,12.378412],[122.684893,12.380221],[122.685263,12.378594],[122.68508,12.378051]]],[[[122.685261,12.380402],[122.685077,12.380583],[122.685261,12.380583],[122.685261,12.380402]]],[[[122.512426,12.380383],[122.512241,12.380745],[122.512425,12.380745],[122.512426,12.380383]]],[[[122.685444,12.380764],[122.68526,12.380945],[122.685444,12.380945],[122.685444,12.380764]]],[[[122.512425,12.380926],[122.512241,12.381107],[122.512425,12.381107],[122.512425,12.380926]]],[[[122.685628,12.381126],[122.685444,12.381307],[122.685628,12.381307],[122.685628,12.381126]]],[[[122.512976,12.381289],[122.51224,12.381287],[122.51224,12.381468],[122.512791,12.38165],[122.512976,12.381289]]],[[[122.512976,12.38147],[122.513159,12.381651],[122.51316,12.38147],[122.512976,12.38147]]],[[[122.686363,12.38185],[122.686179,12.382031],[122.686363,12.382031],[122.686363,12.38185]]],[[[122.686914,12.382213],[122.68673,12.382393],[122.686914,12.382394],[122.686914,12.382213]]],[[[122.687282,12.382404],[122.687098,12.382575],[122.687282,12.382575],[122.687282,12.382404]]],[[[122.510584,12.381646],[122.511688,12.381467],[122.510401,12.380922],[122.509849,12.381102],[122.509479,12.382006],[122.51003,12.38273],[122.510582,12.382731],[122.510764,12.383817],[122.510584,12.381646]]],[[[122.510947,12.384179],[122.510762,12.384721],[122.510946,12.384721],[122.510947,12.384179]]],[[[122.511129,12.385264],[122.510945,12.385083],[122.510945,12.385264],[122.511129,12.385264]]],[[[122.511129,12.385264],[122.511313,12.385445],[122.511313,12.385265],[122.511129,12.385264]]],[[[122.500274,12.385425],[122.499905,12.385606],[122.500273,12.385606],[122.500274,12.385425]]],[[[122.50101,12.385427],[122.500641,12.385607],[122.501009,12.385608],[122.50101,12.385427]]],[[[122.511313,12.385445],[122.511496,12.385627],[122.511497,12.385446],[122.511313,12.385445]]],[[[122.511496,12.385627],[122.51168,12.385989],[122.51168,12.385627],[122.511496,12.385627]]],[[[122.498985,12.385604],[122.499344,12.385906],[122.499353,12.385605],[122.498985,12.385604]]],[[[122.504136,12.385975],[122.503216,12.386154],[122.504136,12.386156],[122.504136,12.385975]]],[[[122.501745,12.385609],[122.502298,12.385248],[122.501562,12.385247],[122.501193,12.385789],[122.502112,12.386333],[122.502848,12.386334],[122.501745,12.385609]]],[[[122.484439,12.386783],[122.484624,12.386602],[122.48444,12.386602],[122.484439,12.386783]]],[[[122.485176,12.386603],[122.484991,12.386784],[122.485175,12.386784],[122.485176,12.386603]]],[[[122.49695,12.386625],[122.496582,12.386806],[122.49695,12.386806],[122.49695,12.386625]]],[[[122.497686,12.386627],[122.497502,12.386807],[122.497686,12.386808],[122.497686,12.386627]]],[[[122.498238,12.386628],[122.498054,12.386808],[122.498238,12.386809],[122.498238,12.386628]]],[[[122.496398,12.386805],[122.495294,12.386984],[122.496398,12.386986],[122.496398,12.386805]]],[[[122.484439,12.386783],[122.484255,12.387144],[122.484439,12.387144],[122.484439,12.386783]]],[[[122.494926,12.387164],[122.49511,12.386984],[122.494926,12.386983],[122.494926,12.387164]]],[[[122.494926,12.387164],[122.494741,12.387345],[122.494925,12.387345],[122.494926,12.387164]]],[[[122.494741,12.387345],[122.494557,12.387525],[122.494741,12.387526],[122.494741,12.387345]]],[[[122.484255,12.387144],[122.484069,12.387686],[122.484253,12.387687],[122.484255,12.387144]]],[[[122.494557,12.387525],[122.494373,12.387706],[122.494557,12.387706],[122.494557,12.387525]]],[[[122.505605,12.387605],[122.505421,12.387786],[122.505605,12.387786],[122.505605,12.387605]]],[[[122.494372,12.387887],[122.494188,12.388067],[122.494372,12.388067],[122.494372,12.387887]]],[[[122.690914,12.388005],[122.690771,12.388186],[122.690955,12.388186],[122.690914,12.388005]]],[[[122.506156,12.388149],[122.505972,12.388329],[122.506156,12.38833],[122.506156,12.388149]]],[[[122.509836,12.388156],[122.511677,12.387255],[122.511679,12.38617],[122.509099,12.388335],[122.510019,12.388699],[122.509836,12.388156]]],[[[122.484069,12.387686],[122.483699,12.388771],[122.484067,12.388952],[122.484069,12.387686]]],[[[122.491611,12.388786],[122.491426,12.388966],[122.49161,12.388967],[122.491611,12.388786]]],[[[122.492715,12.388788],[122.492346,12.388968],[122.492714,12.388969],[122.492715,12.388788]]],[[[122.494002,12.388971],[122.494187,12.388429],[122.494003,12.388428],[122.494002,12.388971]]],[[[122.691138,12.388909],[122.690954,12.38909],[122.691138,12.38909],[122.691138,12.388909]]],[[[122.484067,12.388952],[122.484251,12.389134],[122.484251,12.388953],[122.484067,12.388952]]],[[[122.490874,12.388965],[122.49069,12.389146],[122.490874,12.389146],[122.490874,12.388965]]],[[[122.493266,12.38915],[122.492898,12.388969],[122.492898,12.38915],[122.493266,12.38915]]],[[[122.490138,12.389145],[122.490506,12.389326],[122.490506,12.389145],[122.490138,12.389145]]],[[[122.494001,12.389333],[122.493818,12.389152],[122.493266,12.389331],[122.494001,12.389333]]],[[[122.509466,12.38924],[122.50873,12.389058],[122.508729,12.38942],[122.509466,12.38924]]],[[[122.509466,12.38924],[122.509649,12.389421],[122.50965,12.38924],[122.509466,12.38924]]],[[[122.510018,12.389241],[122.509833,12.389422],[122.510017,12.389422],[122.510018,12.389241]]],[[[122.484434,12.389496],[122.48425,12.389314],[122.48425,12.389495],[122.484434,12.389496]]],[[[122.490138,12.389325],[122.489953,12.389506],[122.490137,12.389506],[122.490138,12.389325]]],[[[122.508913,12.38942],[122.509097,12.389601],[122.509097,12.38942],[122.508913,12.38942]]],[[[122.691506,12.389452],[122.691321,12.389633],[122.691505,12.389633],[122.691506,12.389452]]],[[[122.483514,12.389494],[122.483146,12.389674],[122.483514,12.389675],[122.483514,12.389494]]],[[[122.484434,12.389496],[122.484618,12.389677],[122.484618,12.389496],[122.484434,12.389496]]],[[[122.489953,12.389506],[122.489769,12.389687],[122.489953,12.389687],[122.489953,12.389506]]],[[[122.509097,12.389601],[122.509281,12.389782],[122.509281,12.389601],[122.509097,12.389601]]],[[[122.484249,12.389857],[122.483882,12.389675],[122.483881,12.389856],[122.484249,12.389857]]],[[[122.484618,12.389677],[122.484801,12.389858],[122.484802,12.389677],[122.484618,12.389677]]],[[[122.487561,12.389682],[122.487195,12.388597],[122.485357,12.38787],[122.485175,12.386965],[122.485173,12.38805],[122.486827,12.388777],[122.487561,12.389682]]],[[[122.506521,12.389596],[122.506705,12.389959],[122.506888,12.389959],[122.506889,12.389597],[122.506521,12.389596]]],[[[122.507441,12.389779],[122.506891,12.388874],[122.506523,12.388873],[122.506522,12.389416],[122.507441,12.389779]]],[[[122.509281,12.389782],[122.509464,12.389964],[122.509465,12.389783],[122.509281,12.389782]]],[[[122.691689,12.389814],[122.691505,12.389995],[122.691689,12.389995],[122.691689,12.389814]]],[[[122.484249,12.389857],[122.484433,12.390038],[122.484433,12.389857],[122.484249,12.389857]]],[[[122.484801,12.389858],[122.484985,12.390039],[122.484985,12.389858],[122.484801,12.389858]]],[[[122.487561,12.389863],[122.487745,12.390044],[122.487745,12.389864],[122.487561,12.389863]]],[[[122.489584,12.390048],[122.489769,12.389867],[122.489585,12.389867],[122.489584,12.390048]]],[[[122.50744,12.38996],[122.507808,12.390141],[122.507808,12.389961],[122.50744,12.38996]]],[[[122.482593,12.390216],[122.482961,12.389855],[122.482962,12.389674],[122.482409,12.389853],[122.482593,12.390216]]],[[[122.484433,12.390038],[122.484616,12.390219],[122.484617,12.390039],[122.484433,12.390038]]],[[[122.487745,12.390044],[122.487928,12.390226],[122.487929,12.390045],[122.487745,12.390044]]],[[[122.489584,12.390048],[122.4894,12.390228],[122.489584,12.390229],[122.489584,12.390048]]],[[[122.508176,12.390142],[122.507992,12.390323],[122.508176,12.390323],[122.508176,12.390142]]],[[[122.509648,12.390326],[122.509464,12.390144],[122.509464,12.390325],[122.509648,12.390326]]],[[[122.482409,12.390215],[122.482224,12.390396],[122.482408,12.390396],[122.482409,12.390215]]],[[[122.508728,12.390324],[122.508543,12.390504],[122.508727,12.390505],[122.508728,12.390324]]],[[[122.509648,12.390326],[122.509831,12.390507],[122.509832,12.390326],[122.509648,12.390326]]],[[[122.475785,12.39047],[122.4756,12.390564],[122.475784,12.390564],[122.475785,12.39047]]],[[[122.482408,12.390396],[122.482592,12.390577],[122.482592,12.390396],[122.482408,12.390396]]],[[[122.484616,12.390219],[122.484984,12.390582],[122.484984,12.39022],[122.484616,12.390219]]],[[[122.507072,12.39014],[122.506887,12.390682],[122.507255,12.390683],[122.507072,12.39014]]],[[[122.509831,12.390507],[122.510015,12.390688],[122.510015,12.390507],[122.509831,12.390507]]],[[[122.692056,12.390538],[122.691872,12.390719],[122.692056,12.390719],[122.692056,12.390538]]],[[[122.476152,12.390565],[122.475968,12.390745],[122.476152,12.390746],[122.476152,12.390565]]],[[[122.482592,12.390577],[122.482776,12.390758],[122.482776,12.390578],[122.482592,12.390577]]],[[[122.509463,12.390687],[122.509279,12.390867],[122.509463,12.390868],[122.509463,12.390687]]],[[[122.510015,12.390688],[122.510199,12.390869],[122.510199,12.390688],[122.510015,12.390688]]],[[[122.481304,12.390756],[122.480751,12.390935],[122.481303,12.390936],[122.481304,12.390756]]],[[[122.50983,12.391049],[122.509647,12.390868],[122.509646,12.391049],[122.50983,12.391049]]],[[[122.69224,12.3909],[122.692056,12.391081],[122.69224,12.391081],[122.69224,12.3909]]],[[[122.480567,12.390935],[122.480199,12.391115],[122.480567,12.391116],[122.480567,12.390935]]],[[[122.482223,12.390938],[122.481855,12.391118],[122.482223,12.391119],[122.482223,12.390938]]],[[[122.48296,12.390759],[122.482591,12.390939],[122.482591,12.39112],[122.482959,12.39112],[122.48296,12.390759]]],[[[122.50983,12.391049],[122.510014,12.391231],[122.510014,12.39105],[122.50983,12.391049]]],[[[122.51075,12.391051],[122.510566,12.391232],[122.51075,12.391232],[122.51075,12.391051]]],[[[122.469895,12.391276],[122.469712,12.391175],[122.469712,12.391276],[122.469895,12.391276]]],[[[122.479831,12.391115],[122.479647,12.391295],[122.479831,12.391295],[122.479831,12.391115]]],[[[122.510382,12.391412],[122.510198,12.391231],[122.510198,12.391412],[122.510382,12.391412]]],[[[122.511302,12.391233],[122.511117,12.391413],[122.511301,12.391414],[122.511302,12.391233]]],[[[122.469528,12.391275],[122.469343,12.391456],[122.469527,12.391456],[122.469528,12.391275]]],[[[122.478175,12.391292],[122.47799,12.391473],[122.478174,12.391473],[122.478175,12.391292]]],[[[122.510382,12.391412],[122.510565,12.391593],[122.510566,12.391412],[122.510382,12.391412]]],[[[122.511485,12.391595],[122.511301,12.391775],[122.511485,12.391776],[122.511485,12.391595]]],[[[122.511853,12.391776],[122.512589,12.391416],[122.511853,12.391415],[122.511853,12.391776]]],[[[122.692239,12.391804],[122.692423,12.391262],[122.692239,12.391262],[122.692239,12.391804]]],[[[122.468607,12.391635],[122.468423,12.391816],[122.468606,12.391816],[122.468607,12.391635]]],[[[122.692239,12.391804],[122.692055,12.391985],[122.692239,12.391985],[122.692239,12.391804]]],[[[122.468239,12.391815],[122.468054,12.391996],[122.468238,12.391996],[122.468239,12.391815]]],[[[122.47891,12.391836],[122.478725,12.392017],[122.478909,12.392017],[122.47891,12.391836]]],[[[122.690951,12.391984],[122.690582,12.392164],[122.69095,12.392165],[122.690951,12.391984]]],[[[122.692055,12.391985],[122.69187,12.392166],[122.692054,12.392166],[122.692055,12.391985]]],[[[122.69187,12.392347],[122.691318,12.392165],[122.691318,12.392346],[122.69187,12.392347]]],[[[122.465662,12.392353],[122.465612,12.392347],[122.465478,12.392353],[122.465662,12.392353]]],[[[122.467501,12.392357],[122.467317,12.392537],[122.467501,12.392537],[122.467501,12.392357]]],[[[122.690214,12.392526],[122.69003,12.392706],[122.690214,12.392706],[122.690214,12.392526]]],[[[122.461981,12.392707],[122.461797,12.392888],[122.461981,12.392888],[122.461981,12.392707]]],[[[122.461612,12.393068],[122.461429,12.39293],[122.461428,12.393068],[122.461612,12.393068]]],[[[122.461244,12.393249],[122.46106,12.393429],[122.461244,12.393429],[122.461244,12.393249]]],[[[122.458851,12.393786],[122.458667,12.393967],[122.458851,12.393967],[122.458851,12.393786]]],[[[122.460507,12.39379],[122.460323,12.39397],[122.460507,12.393971],[122.460507,12.39379]]],[[[122.690029,12.393249],[122.689844,12.393972],[122.690028,12.393972],[122.690029,12.393249]]],[[[122.45885,12.39451],[122.458665,12.39469],[122.458849,12.394691],[122.45885,12.39451]]],[[[122.459218,12.394511],[122.459033,12.394691],[122.459217,12.394691],[122.459218,12.394511]]],[[[122.690211,12.394696],[122.690028,12.394515],[122.690027,12.394696],[122.690211,12.394696]]],[[[122.690211,12.394696],[122.690395,12.394877],[122.690395,12.394696],[122.690211,12.394696]]],[[[122.690395,12.395058],[122.690763,12.395239],[122.690946,12.395782],[122.690947,12.395058],[122.690395,12.395058]]],[[[122.45167,12.396304],[122.451487,12.396237],[122.451486,12.396304],[122.45167,12.396304]]],[[[122.690578,12.395782],[122.690394,12.396143],[122.690392,12.397228],[122.690762,12.396324],[122.690578,12.395782]]],[[[122.450565,12.397206],[122.45038,12.397386],[122.450564,12.397387],[122.450565,12.397206]]],[[[122.689656,12.397408],[122.688368,12.397407],[122.688368,12.397588],[122.689104,12.397769],[122.689656,12.397408]]],[[[122.690208,12.397228],[122.690024,12.397589],[122.689656,12.39777],[122.690208,12.397771],[122.690208,12.397228]]],[[[122.697917,12.397941],[122.697751,12.39796],[122.697935,12.39796],[122.697917,12.397941]]],[[[122.695543,12.3985],[122.696279,12.39832],[122.696279,12.398139],[122.695359,12.398319],[122.695358,12.398862],[122.695726,12.399043],[122.695543,12.3985]]],[[[122.689654,12.399217],[122.689839,12.398494],[122.689655,12.398493],[122.689654,12.399217]]],[[[122.698315,12.399191],[122.698302,12.399227],[122.698334,12.399227],[122.698315,12.399191]]],[[[122.689654,12.399217],[122.68947,12.399397],[122.689654,12.399398],[122.689654,12.399217]]],[[[122.68947,12.399397],[122.689286,12.399578],[122.68947,12.399578],[122.68947,12.399397]]],[[[122.689286,12.399578],[122.689102,12.399759],[122.689285,12.399759],[122.689286,12.399578]]],[[[122.695541,12.399766],[122.695726,12.399585],[122.695542,12.399585],[122.695541,12.399766]]],[[[122.689102,12.399759],[122.688917,12.399939],[122.689101,12.39994],[122.689102,12.399759]]],[[[122.695541,12.399766],[122.695357,12.399947],[122.695541,12.399947],[122.695541,12.399766]]],[[[122.688917,12.399939],[122.688733,12.40012],[122.688917,12.40012],[122.688917,12.399939]]],[[[122.688733,12.40012],[122.688549,12.400301],[122.688733,12.400301],[122.688733,12.40012]]],[[[122.692415,12.398677],[122.693702,12.399041],[122.693885,12.400126],[122.695173,12.400127],[122.693886,12.399583],[122.694255,12.398499],[122.692415,12.398677]]],[[[122.688365,12.4003],[122.688181,12.400481],[122.688365,12.400481],[122.688365,12.4003]]],[[[122.687628,12.400661],[122.687444,12.400842],[122.687628,12.400842],[122.687628,12.400661]]],[[[122.68726,12.400842],[122.687076,12.401022],[122.68726,12.401023],[122.68726,12.400842]]],[[[122.686892,12.401022],[122.686708,12.401203],[122.686892,12.401203],[122.686892,12.401022]]],[[[122.686524,12.401203],[122.68634,12.401383],[122.686524,12.401384],[122.686524,12.401203]]],[[[122.684867,12.401562],[122.685052,12.401382],[122.684868,12.401382],[122.684867,12.401562]]],[[[122.685972,12.401383],[122.685419,12.401563],[122.685971,12.401564],[122.685972,12.401383]]],[[[122.684867,12.401562],[122.684683,12.401924],[122.684867,12.401924],[122.684867,12.401562]]],[[[122.684683,12.401924],[122.684499,12.402105],[122.684683,12.402105],[122.684683,12.401924]]],[[[122.684499,12.402105],[122.684315,12.402285],[122.684499,12.402285],[122.684499,12.402105]]],[[[122.697194,12.402843],[122.697378,12.402662],[122.697194,12.402662],[122.697194,12.402843]]],[[[122.697194,12.402843],[122.69701,12.403023],[122.697194,12.403023],[122.697194,12.402843]]],[[[122.692047,12.398677],[122.691126,12.399399],[122.690757,12.400484],[122.689468,12.400844],[122.68965,12.402653],[122.689097,12.403557],[122.690018,12.402473],[122.689652,12.401025],[122.691308,12.400666],[122.692047,12.398677]]],[[[122.684129,12.403551],[122.684131,12.402285],[122.683947,12.402285],[122.683578,12.402827],[122.684129,12.403551]]],[[[122.684129,12.403732],[122.684313,12.403913],[122.684313,12.403732],[122.684129,12.403732]]],[[[122.689097,12.403738],[122.688545,12.403737],[122.688545,12.403918],[122.689097,12.403738]]],[[[122.684313,12.403913],[122.684496,12.404094],[122.684497,12.403913],[122.684313,12.403913]]],[[[122.696272,12.404108],[122.696088,12.404288],[122.696272,12.404288],[122.696272,12.404108]]],[[[122.688361,12.403918],[122.687072,12.404459],[122.684864,12.404095],[122.684496,12.404275],[122.685415,12.404999],[122.686703,12.405182],[122.688361,12.403918]]],[[[122.695903,12.405192],[122.695719,12.405373],[122.695903,12.405373],[122.695903,12.405192]]],[[[122.695166,12.406096],[122.694982,12.406276],[122.695166,12.406277],[122.695166,12.406096]]],[[[122.694796,12.408085],[122.694612,12.408265],[122.694796,12.408243],[122.694796,12.408085]]],[[[122.694059,12.408446],[122.693875,12.408626],[122.694059,12.408627],[122.694059,12.408446]]],[[[122.693691,12.408626],[122.693507,12.408807],[122.693691,12.408807],[122.693691,12.408626]]],[[[122.691849,12.410071],[122.692402,12.409891],[122.69185,12.40989],[122.691849,12.410071]]],[[[122.69056,12.410793],[122.690376,12.410974],[122.69056,12.410974],[122.69056,12.410793]]],[[[122.689272,12.411153],[122.689088,12.411334],[122.689272,12.411334],[122.689272,12.411153]]],[[[122.687982,12.412599],[122.687798,12.412779],[122.687982,12.412779],[122.687982,12.412599]]],[[[122.68706,12.414406],[122.686876,12.414587],[122.68706,12.414587],[122.68706,12.414406]]],[[[122.688163,12.415312],[122.687979,12.415492],[122.688163,12.415492],[122.688163,12.415312]]],[[[122.688757,12.416578],[122.688713,12.416759],[122.6888,12.416759],[122.688757,12.416578]]],[[[122.68816,12.417663],[122.68816,12.417735],[122.688253,12.417663],[122.68816,12.417663]]],[[[122.685584,12.41766],[122.6854,12.41784],[122.685584,12.417841],[122.685584,12.41766]]],[[[122.684664,12.41802],[122.684479,12.418201],[122.684663,12.418201],[122.684664,12.41802]]],[[[122.686135,12.418203],[122.685951,12.418384],[122.686135,12.418384],[122.686135,12.418203]]],[[[122.686687,12.418565],[122.686503,12.418746],[122.686687,12.418746],[122.686687,12.418565]]],[[[122.685398,12.419287],[122.685214,12.419106],[122.685214,12.419287],[122.685398,12.419287]]],[[[122.685398,12.419287],[122.685582,12.419468],[122.685582,12.419288],[122.685398,12.419287]]],[[[122.685581,12.420192],[122.685397,12.420373],[122.685581,12.420373],[122.685581,12.420192]]],[[[122.682817,12.423263],[122.682633,12.423444],[122.682817,12.423444],[122.682817,12.423263]]],[[[122.681896,12.424166],[122.681712,12.424347],[122.681896,12.424347],[122.681896,12.424166]]],[[[122.681343,12.424889],[122.681159,12.424708],[122.681159,12.424889],[122.681343,12.424889]]],[[[122.681343,12.424889],[122.681527,12.42507],[122.681527,12.424889],[122.681343,12.424889]]],[[[122.681895,12.425071],[122.681711,12.425251],[122.681895,12.425252],[122.681895,12.425071]]],[[[122.682631,12.425252],[122.682447,12.425433],[122.682631,12.425433],[122.682631,12.425252]]],[[[122.684837,12.426702],[122.684653,12.426883],[122.684837,12.426883],[122.684837,12.426702]]],[[[122.684653,12.427063],[122.684468,12.427244],[122.684652,12.427244],[122.684653,12.427063]]],[[[122.686599,12.428295],[122.686491,12.428332],[122.686654,12.428332],[122.686599,12.428295]]],[[[122.685571,12.428331],[122.685387,12.428511],[122.685571,12.428511],[122.685571,12.428331]]],[[[122.686859,12.428694],[122.686675,12.428874],[122.686859,12.428875],[122.686859,12.428694]]],[[[122.683913,12.429956],[122.683729,12.430137],[122.683913,12.430137],[122.683913,12.429956]]],[[[122.683729,12.430318],[122.683544,12.430498],[122.683728,12.430499],[122.683729,12.430318]]],[[[122.683544,12.430679],[122.68336,12.43086],[122.683544,12.43086],[122.683544,12.430679]]],[[[122.68336,12.431041],[122.683176,12.431221],[122.68336,12.431222],[122.68336,12.431041]]],[[[122.682623,12.431944],[122.682438,12.432125],[122.682622,12.432125],[122.682623,12.431944]]],[[[122.682069,12.432848],[122.681885,12.433029],[122.682069,12.433029],[122.682069,12.432848]]],[[[122.674891,12.434286],[122.675075,12.434106],[122.674891,12.434105],[122.674891,12.434286]]],[[[122.675075,12.434287],[122.675259,12.434468],[122.675259,12.434287],[122.675075,12.434287]]],[[[122.674891,12.434286],[122.674706,12.434648],[122.67489,12.434648],[122.674891,12.434286]]],[[[122.674706,12.434648],[122.674522,12.434828],[122.674706,12.434829],[122.674706,12.434648]]],[[[122.675995,12.434649],[122.67581,12.43483],[122.675994,12.43483],[122.675995,12.434649]]],[[[122.6817,12.434294],[122.681515,12.434837],[122.681699,12.434837],[122.6817,12.434294]]],[[[122.676178,12.435011],[122.675994,12.435192],[122.676178,12.435192],[122.676178,12.435011]]],[[[122.681515,12.435198],[122.68133,12.435379],[122.681514,12.435379],[122.681515,12.435198]]],[[[122.681146,12.435741],[122.68133,12.43556],[122.681146,12.43556],[122.681146,12.435741]]],[[[122.681146,12.435741],[122.680962,12.435921],[122.681146,12.435921],[122.681146,12.435741]]],[[[122.674704,12.436637],[122.67452,12.436818],[122.674704,12.436818],[122.674704,12.436637]]],[[[122.674887,12.43718],[122.674703,12.436999],[122.674703,12.43718],[122.674887,12.43718]]],[[[122.680776,12.437368],[122.680776,12.437483],[122.680822,12.437368],[122.680776,12.437368]]],[[[122.674887,12.43718],[122.675071,12.437542],[122.675071,12.43718],[122.674887,12.43718]]],[[[122.676543,12.437544],[122.676359,12.437724],[122.676543,12.437725],[122.676543,12.437544]]],[[[122.680591,12.437729],[122.680591,12.4379],[122.680673,12.43773],[122.680591,12.437729]]],[[[122.67507,12.437904],[122.674886,12.438265],[122.67507,12.438265],[122.67507,12.437904]]],[[[122.677647,12.438088],[122.677462,12.438268],[122.677646,12.438268],[122.677647,12.438088]]],[[[122.674885,12.438627],[122.674701,12.438808],[122.674885,12.438808],[122.674885,12.438627]]],[[[122.679508,12.438813],[122.679486,12.438632],[122.679486,12.438813],[122.679508,12.438813]]],[[[122.679302,12.438994],[122.679117,12.439157],[122.679302,12.439015],[122.679302,12.438994]]],[[[122.674701,12.438988],[122.674517,12.439169],[122.674701,12.439169],[122.674701,12.438988]]],[[[122.674148,12.439711],[122.674332,12.439531],[122.674148,12.43953],[122.674148,12.439711]]],[[[122.674148,12.439711],[122.673964,12.439892],[122.674148,12.439892],[122.674148,12.439711]]],[[[122.673964,12.439892],[122.67378,12.440072],[122.673964,12.440073],[122.673964,12.439892]]],[[[122.67378,12.440072],[122.673595,12.440253],[122.673779,12.440253],[122.67378,12.440072]]],[[[122.673042,12.441518],[122.672857,12.441699],[122.673041,12.441699],[122.673042,12.441518]]],[[[122.672673,12.44188],[122.672489,12.44206],[122.672673,12.442061],[122.672673,12.44188]]],[[[122.66844,12.442236],[122.668256,12.442417],[122.66844,12.442417],[122.66844,12.442236]]],[[[122.672305,12.442241],[122.67212,12.442422],[122.672304,12.442422],[122.672305,12.442241]]],[[[122.667337,12.441692],[122.667703,12.442778],[122.667704,12.441874],[122.668256,12.442055],[122.667889,12.441512],[122.667337,12.441692]]],[[[122.667151,12.442596],[122.666967,12.442958],[122.667151,12.442958],[122.667151,12.442596]]],[[[122.668623,12.44296],[122.668439,12.443141],[122.668623,12.443141],[122.668623,12.44296]]],[[[122.672119,12.443326],[122.671935,12.443507],[122.672119,12.443507],[122.672119,12.443326]]],[[[122.668807,12.443503],[122.668622,12.443683],[122.668806,12.443684],[122.668807,12.443503]]],[[[122.667519,12.44332],[122.666415,12.443138],[122.665678,12.44368],[122.667519,12.44332]]],[[[122.66623,12.443861],[122.666413,12.444042],[122.666414,12.443862],[122.66623,12.443861]]],[[[122.66899,12.443865],[122.668806,12.444045],[122.66899,12.444046],[122.66899,12.443865]]],[[[122.666413,12.444042],[122.666597,12.444223],[122.666598,12.444043],[122.666413,12.444042]]],[[[122.666597,12.444223],[122.666781,12.444405],[122.666781,12.444224],[122.666597,12.444223]]],[[[122.669174,12.444227],[122.668989,12.444407],[122.669173,12.444407],[122.669174,12.444227]]],[[[122.669357,12.444589],[122.669173,12.444769],[122.669357,12.444769],[122.669357,12.444589]]],[[[122.670829,12.44459],[122.670645,12.444771],[122.670829,12.444771],[122.670829,12.44459]]],[[[122.669909,12.44477],[122.669541,12.444951],[122.669909,12.444951],[122.669909,12.44477]]],[[[122.670277,12.444771],[122.670093,12.444951],[122.670277,12.444951],[122.670277,12.444771]]],[[[122.666409,12.44766],[122.666225,12.44784],[122.666409,12.44784],[122.666409,12.44766]]],[[[122.666776,12.448203],[122.666592,12.448383],[122.666776,12.448383],[122.666776,12.448203]]],[[[122.667143,12.449107],[122.666959,12.449288],[122.667143,12.449288],[122.667143,12.449107]]],[[[122.66751,12.450012],[122.667326,12.449831],[122.667326,12.450012],[122.66751,12.450012]]],[[[122.66751,12.450193],[122.668245,12.450556],[122.668429,12.451279],[122.668614,12.450194],[122.66751,12.450193]]],[[[122.668245,12.451279],[122.66806,12.45164],[122.668244,12.451641],[122.668245,12.451279]]],[[[122.66806,12.45164],[122.667876,12.451821],[122.66806,12.451821],[122.66806,12.45164]]],[[[122.667691,12.452183],[122.667876,12.452002],[122.667692,12.452002],[122.667691,12.452183]]],[[[122.667691,12.452183],[122.667507,12.452363],[122.667691,12.452363],[122.667691,12.452183]]],[[[122.66401,12.452359],[122.664378,12.45254],[122.664378,12.452359],[122.66401,12.452359]]],[[[122.66401,12.45254],[122.663826,12.45272],[122.66401,12.452721],[122.66401,12.45254]]],[[[122.667139,12.452725],[122.666954,12.452905],[122.667138,12.452905],[122.667139,12.452725]]],[[[122.664562,12.45254],[122.664378,12.453083],[122.664562,12.453083],[122.664562,12.45254]]],[[[122.664562,12.453083],[122.664745,12.453264],[122.664746,12.453083],[122.664562,12.453083]]],[[[122.666586,12.453086],[122.666402,12.453266],[122.666586,12.453266],[122.666586,12.453086]]],[[[122.664745,12.453264],[122.666217,12.453447],[122.666218,12.453266],[122.664745,12.453264]]],[[[122.663826,12.45272],[122.663456,12.454348],[122.663823,12.45471],[122.663826,12.45272]]],[[[122.660879,12.454706],[122.661983,12.455069],[122.661983,12.454708],[122.660879,12.454706]]],[[[122.661983,12.455069],[122.662166,12.45525],[122.662167,12.455069],[122.661983,12.455069]]],[[[122.664007,12.45471],[122.663823,12.455252],[122.664007,12.455253],[122.664007,12.45471]]],[[[122.662166,12.45525],[122.66235,12.455431],[122.66235,12.455251],[122.662166,12.45525]]],[[[122.663823,12.455252],[122.663638,12.455433],[122.663822,12.455433],[122.663823,12.455252]]],[[[122.66235,12.455431],[122.662534,12.455613],[122.662534,12.455432],[122.66235,12.455431]]],[[[122.663638,12.455614],[122.66327,12.455433],[122.66327,12.455613],[122.663638,12.455614]]],[[[122.66198,12.456697],[122.661796,12.456878],[122.66198,12.456878],[122.66198,12.456697]]],[[[122.66106,12.457058],[122.660876,12.457238],[122.66106,12.457238],[122.66106,12.457058]]],[[[122.663487,12.457247],[122.663302,12.457609],[122.663486,12.457609],[122.663487,12.457247]]],[[[122.660695,12.454887],[122.660324,12.457057],[122.659771,12.457237],[122.660139,12.45778],[122.660691,12.457238],[122.660695,12.454887]]],[[[122.662749,12.458693],[122.662565,12.458874],[122.662749,12.458874],[122.662749,12.458693]]],[[[122.66238,12.459054],[122.662196,12.459235],[122.66238,12.459235],[122.66238,12.459054]]],[[[122.660907,12.460138],[122.660722,12.460318],[122.660906,12.460318],[122.660907,12.460138]]],[[[122.660721,12.461042],[122.660906,12.460861],[122.660722,12.460861],[122.660721,12.461042]]],[[[122.660721,12.461042],[122.660537,12.461222],[122.660721,12.461222],[122.660721,12.461042]]],[[[122.659617,12.461402],[122.659249,12.461221],[122.659249,12.461402],[122.659617,12.461402]]],[[[122.662009,12.461224],[122.661825,12.461405],[122.662009,12.461405],[122.662009,12.461224]]],[[[122.659617,12.461402],[122.659984,12.461583],[122.659985,12.461402],[122.659617,12.461402]]],[[[122.661273,12.461404],[122.661089,12.461585],[122.661273,12.461585],[122.661273,12.461404]]],[[[122.662561,12.461406],[122.662377,12.461586],[122.662561,12.461587],[122.662561,12.461406]]],[[[122.663481,12.461407],[122.663297,12.461587],[122.663481,12.461588],[122.663481,12.461407]]],[[[122.66385,12.461407],[122.663665,12.461588],[122.663849,12.461588],[122.66385,12.461407]]],[[[122.660721,12.461584],[122.660536,12.461765],[122.66072,12.461765],[122.660721,12.461584]]],[[[122.667714,12.461593],[122.666978,12.461773],[122.667714,12.461774],[122.667714,12.461593]]],[[[122.661088,12.461766],[122.660904,12.461946],[122.661088,12.461946],[122.661088,12.461766]]],[[[122.666426,12.461772],[122.666057,12.461953],[122.666425,12.461953],[122.666426,12.461772]]],[[[122.664953,12.462313],[122.664768,12.462494],[122.664952,12.462494],[122.664953,12.462313]]],[[[122.665321,12.462313],[122.665136,12.462494],[122.66532,12.462494],[122.665321,12.462313]]],[[[122.669186,12.462318],[122.669001,12.462499],[122.669185,12.462499],[122.669186,12.462318]]],[[[122.66808,12.463221],[122.667896,12.463402],[122.66808,12.463402],[122.66808,12.463221]]],[[[122.667712,12.463401],[122.667528,12.463582],[122.667712,12.463582],[122.667712,12.463401]]],[[[122.667344,12.463582],[122.667159,12.463763],[122.667343,12.463763],[122.667344,12.463582]]],[[[122.666975,12.463762],[122.666791,12.463943],[122.666975,12.463943],[122.666975,12.463762]]],[[[122.661821,12.464479],[122.661637,12.46466],[122.661821,12.46466],[122.661821,12.464479]]],[[[122.663477,12.464481],[122.663293,12.464662],[122.663477,12.464662],[122.663477,12.464481]]],[[[122.661269,12.46484],[122.661084,12.465021],[122.661268,12.465021],[122.661269,12.46484]]],[[[122.652986,12.465372],[122.652802,12.465553],[122.652986,12.465553],[122.652986,12.465372]]],[[[122.653354,12.465373],[122.65317,12.465554],[122.653354,12.465554],[122.653354,12.465373]]],[[[122.660532,12.465382],[122.660347,12.465563],[122.660531,12.465563],[122.660532,12.465382]]],[[[122.66458,12.465522],[122.664766,12.464664],[122.663662,12.464482],[122.664028,12.465567],[122.66458,12.465522]]],[[[122.652617,12.465915],[122.652801,12.465734],[122.652617,12.465734],[122.652617,12.465915]]],[[[122.652617,12.465915],[122.652433,12.466095],[122.652617,12.466095],[122.652617,12.465915]]],[[[122.652433,12.466095],[122.652249,12.466276],[122.652433,12.466276],[122.652433,12.466095]]],[[[122.660531,12.466105],[122.660346,12.466829],[122.66053,12.466829],[122.660531,12.466105]]],[[[122.654272,12.466821],[122.654088,12.467002],[122.654272,12.467002],[122.654272,12.466821]]],[[[122.652984,12.467],[122.652799,12.467362],[122.652983,12.467362],[122.652984,12.467]]],[[[122.654087,12.467544],[122.653904,12.467182],[122.653903,12.467544],[122.654087,12.467544]]],[[[122.659793,12.467551],[122.659609,12.46737],[122.659609,12.467551],[122.659793,12.467551]]],[[[122.654087,12.467544],[122.654271,12.467725],[122.654271,12.467544],[122.654087,12.467544]]],[[[122.659793,12.467551],[122.659976,12.467732],[122.659977,12.467552],[122.659793,12.467551]]],[[[122.654823,12.467907],[122.654639,12.467726],[122.654639,12.467907],[122.654823,12.467907]]],[[[122.654823,12.467907],[122.655007,12.468088],[122.655007,12.467907],[122.654823,12.467907]]],[[[122.660712,12.467914],[122.660528,12.468095],[122.660712,12.468095],[122.660712,12.467914]]],[[[122.655559,12.468089],[122.655375,12.468269],[122.655559,12.468269],[122.655559,12.468089]]],[[[122.656663,12.468271],[122.656479,12.468451],[122.656663,12.468452],[122.656663,12.468271]]],[[[122.653533,12.46899],[122.653349,12.469171],[122.653533,12.469171],[122.653533,12.46899]]],[[[122.658134,12.469358],[122.65795,12.469539],[122.658134,12.469539],[122.658134,12.469358]]],[[[122.661221,12.469362],[122.661078,12.469542],[122.661144,12.469543],[122.661221,12.469362]]],[[[122.661078,12.469723],[122.660894,12.469904],[122.66102,12.469904],[122.661078,12.469723]]],[[[122.653164,12.470075],[122.653716,12.469895],[122.653717,12.469352],[122.65298,12.470075],[122.65206,12.469712],[122.652429,12.468989],[122.653165,12.46899],[122.652798,12.468266],[122.651877,12.469169],[122.651141,12.468987],[122.651876,12.46935],[122.652243,12.470255],[122.653164,12.470075]]],[[[122.660894,12.470085],[122.660709,12.470265],[122.660893,12.470266],[122.660894,12.470085]]],[[[122.650218,12.470433],[122.650588,12.469529],[122.650404,12.469529],[122.650218,12.470433]]],[[[122.651138,12.470615],[122.650771,12.470434],[122.65077,12.470614],[122.651138,12.470615]]],[[[122.651138,12.470615],[122.651322,12.470796],[122.651323,12.470615],[122.651138,12.470615]]],[[[122.659421,12.470626],[122.659236,12.470806],[122.65942,12.470806],[122.659421,12.470626]]],[[[122.652058,12.470797],[122.65169,12.470977],[122.652058,12.470978],[122.652058,12.470797]]],[[[122.655739,12.470983],[122.655555,12.471163],[122.655739,12.471163],[122.655739,12.470983]]],[[[122.659604,12.471168],[122.65942,12.470987],[122.65942,12.471168],[122.659604,12.471168]]],[[[122.660524,12.471169],[122.660708,12.470989],[122.660524,12.470989],[122.660524,12.471169]]],[[[122.652426,12.471159],[122.652242,12.47134],[122.652426,12.47134],[122.652426,12.471159]]],[[[122.659604,12.471168],[122.659972,12.47135],[122.659972,12.471169],[122.659604,12.471168]]],[[[122.660524,12.47135],[122.660156,12.471169],[122.660156,12.47135],[122.660524,12.47135]]],[[[122.65261,12.471521],[122.652425,12.471702],[122.652609,12.471702],[122.65261,12.471521]]],[[[122.653162,12.471703],[122.652977,12.471883],[122.653161,12.471884],[122.653162,12.471703]]],[[[122.654266,12.471885],[122.653529,12.472065],[122.654265,12.472066],[122.654266,12.471885]]],[[[122.655185,12.472429],[122.655186,12.471886],[122.654633,12.472066],[122.655185,12.472429]]],[[[122.655369,12.472429],[122.655553,12.47261],[122.655553,12.472429],[122.655369,12.472429]]],[[[122.450406,12.472803],[122.450221,12.472983],[122.450405,12.472984],[122.450406,12.472803]]],[[[122.450773,12.472984],[122.450589,12.473165],[122.450773,12.473165],[122.450773,12.472984]]],[[[122.652423,12.47351],[122.652239,12.473691],[122.652423,12.473691],[122.652423,12.47351]]],[[[122.655368,12.473514],[122.654815,12.473694],[122.655367,12.473695],[122.655368,12.473514]]],[[[122.654079,12.473693],[122.653895,12.473874],[122.654079,12.473874],[122.654079,12.473693]]],[[[122.642852,12.47404],[122.642668,12.473678],[122.642668,12.47404],[122.642852,12.47404]]],[[[122.642852,12.47404],[122.643036,12.474222],[122.643036,12.474041],[122.642852,12.47404]]],[[[122.652422,12.474053],[122.652237,12.474776],[122.652421,12.474776],[122.652422,12.474053]]],[[[122.642851,12.474583],[122.642666,12.474944],[122.64285,12.474945],[122.642851,12.474583]]],[[[122.643771,12.474765],[122.643587,12.474946],[122.643771,12.474946],[122.643771,12.474765]]],[[[122.646715,12.47495],[122.646348,12.474768],[122.646347,12.474949],[122.646715,12.47495]]],[[[122.646715,12.47495],[122.646899,12.475131],[122.6469,12.47495],[122.646715,12.47495]]],[[[122.648924,12.474953],[122.64874,12.475133],[122.648924,12.475134],[122.648924,12.474953]]],[[[122.643218,12.475126],[122.643034,12.475307],[122.643218,12.475307],[122.643218,12.475126]]],[[[122.650212,12.475316],[122.650028,12.475135],[122.650028,12.475316],[122.650212,12.475316]]],[[[122.646531,12.475311],[122.646347,12.475492],[122.646531,12.475492],[122.646531,12.475311]]],[[[122.647083,12.475312],[122.646899,12.475493],[122.647083,12.475493],[122.647083,12.475312]]],[[[122.649108,12.475315],[122.648923,12.475495],[122.649107,12.475495],[122.649108,12.475315]]],[[[122.650212,12.475316],[122.650396,12.475497],[122.650396,12.475316],[122.650212,12.475316]]],[[[122.451505,12.475337],[122.45132,12.475517],[122.451504,12.475518],[122.451505,12.475337]]],[[[122.645058,12.47549],[122.644874,12.475671],[122.645058,12.475671],[122.645058,12.47549]]],[[[122.6515,12.475499],[122.651316,12.475679],[122.6515,12.475679],[122.6515,12.475499]]],[[[122.452056,12.475519],[122.451872,12.475699],[122.452056,12.4757],[122.452056,12.475519]]],[[[122.646162,12.475672],[122.64561,12.475853],[122.646162,12.475853],[122.646162,12.475672]]],[[[122.648739,12.475676],[122.648555,12.475856],[122.648739,12.475857],[122.648739,12.475676]]],[[[122.452792,12.475701],[122.45224,12.475881],[122.452792,12.475882],[122.452792,12.475701]]],[[[122.453711,12.476246],[122.453527,12.476426],[122.453711,12.476427],[122.453711,12.476246]]],[[[122.454079,12.476427],[122.453895,12.476608],[122.454079,12.476608],[122.454079,12.476427]]],[[[122.644872,12.476937],[122.644688,12.477117],[122.644872,12.477118],[122.644872,12.476937]]],[[[122.454262,12.476789],[122.454077,12.477332],[122.454261,12.477332],[122.454262,12.476789]]],[[[122.643767,12.477659],[122.643583,12.477839],[122.643767,12.47784],[122.643767,12.477659]]],[[[122.644503,12.47766],[122.643951,12.47784],[122.644503,12.477841],[122.644503,12.47766]]],[[[122.454442,12.478779],[122.454258,12.47896],[122.454442,12.47896],[122.454442,12.478779]]],[[[122.644133,12.479287],[122.643949,12.479468],[122.644133,12.479468],[122.644133,12.479287]]],[[[122.454625,12.479322],[122.454441,12.479503],[122.454625,12.479503],[122.454625,12.479322]]],[[[122.457754,12.479328],[122.457569,12.479509],[122.457753,12.479509],[122.457754,12.479328]]],[[[122.457755,12.478967],[122.458306,12.47951],[122.458858,12.479511],[122.457755,12.478967]]],[[[122.520818,12.479639],[122.520635,12.479277],[122.520634,12.479638],[122.520818,12.479639]]],[[[122.459226,12.479512],[122.459041,12.479693],[122.459225,12.479693],[122.459226,12.479512]]],[[[122.52137,12.479821],[122.520818,12.479639],[122.520818,12.47982],[122.52137,12.479821]]],[[[122.643028,12.479647],[122.642844,12.479828],[122.643028,12.479828],[122.643028,12.479647]]],[[[122.522291,12.479461],[122.521554,12.480002],[122.522474,12.479823],[122.522291,12.479461]]],[[[122.459593,12.479875],[122.459409,12.480055],[122.459593,12.480056],[122.459593,12.479875]]],[[[122.51732,12.480175],[122.517505,12.479633],[122.517138,12.479451],[122.51732,12.480175]]],[[[122.522842,12.480185],[122.523026,12.479824],[122.522474,12.480184],[122.522842,12.480185]]],[[[122.641371,12.480007],[122.641003,12.480187],[122.641371,12.480188],[122.641371,12.480007]]],[[[122.641739,12.480007],[122.641555,12.480188],[122.641739,12.480188],[122.641739,12.480007]]],[[[122.637874,12.480183],[122.637506,12.480363],[122.637874,12.480364],[122.637874,12.480183]]],[[[122.522842,12.480185],[122.523025,12.480366],[122.523026,12.480185],[122.522842,12.480185]]],[[[122.650205,12.480199],[122.650021,12.48038],[122.650205,12.48038],[122.650205,12.480199]]],[[[122.515848,12.480353],[122.515663,12.480534],[122.515847,12.480534],[122.515848,12.480353]]],[[[122.643579,12.480371],[122.643395,12.480552],[122.643579,12.480552],[122.643579,12.480371]]],[[[122.64542,12.480374],[122.645051,12.480554],[122.64542,12.480555],[122.64542,12.480374]]],[[[122.636217,12.480542],[122.636033,12.480723],[122.636217,12.480723],[122.636217,12.480542]]],[[[122.523394,12.480005],[122.523209,12.480728],[122.523393,12.480728],[122.523394,12.480005]]],[[[122.641923,12.48055],[122.64137,12.48073],[122.641922,12.480731],[122.641923,12.48055]]],[[[122.64634,12.480556],[122.646155,12.480737],[122.64634,12.480737],[122.64634,12.480556]]],[[[122.651125,12.480562],[122.650941,12.480743],[122.651125,12.480743],[122.651125,12.480562]]],[[[122.45996,12.480599],[122.459775,12.480779],[122.459959,12.48078],[122.45996,12.480599]]],[[[122.517688,12.480176],[122.517503,12.480718],[122.517871,12.480899],[122.517688,12.480176]]],[[[122.640818,12.480729],[122.640634,12.48091],[122.640818,12.48091],[122.640818,12.480729]]],[[[122.646708,12.480737],[122.646523,12.480918],[122.646707,12.480918],[122.646708,12.480737]]],[[[122.649468,12.480922],[122.649652,12.480741],[122.649468,12.480741],[122.649468,12.480922]]],[[[122.651493,12.480743],[122.651309,12.480924],[122.651493,12.480924],[122.651493,12.480743]]],[[[122.515294,12.481076],[122.515478,12.480895],[122.515294,12.480895],[122.515294,12.481076]]],[[[122.517871,12.480899],[122.518055,12.481081],[122.518055,12.4809],[122.517871,12.480899]]],[[[122.639345,12.480908],[122.639161,12.481089],[122.639345,12.481089],[122.639345,12.480908]]],[[[122.523209,12.480909],[122.523024,12.48109],[122.523208,12.48109],[122.523209,12.480909]]],[[[122.640081,12.48109],[122.639897,12.480909],[122.639897,12.48109],[122.640081,12.48109]]],[[[122.640265,12.48109],[122.64045,12.48091],[122.640266,12.48091],[122.640265,12.48109]]],[[[122.649468,12.480922],[122.649284,12.481102],[122.649468,12.481103],[122.649468,12.480922]]],[[[122.515294,12.481076],[122.51511,12.481256],[122.515294,12.481257],[122.515294,12.481076]]],[[[122.518055,12.481081],[122.518238,12.481262],[122.518239,12.481081],[122.518055,12.481081]]],[[[122.521367,12.481267],[122.521184,12.481086],[122.521183,12.481267],[122.521367,12.481267]]],[[[122.640265,12.48109],[122.640081,12.481271],[122.640265,12.481271],[122.640265,12.48109]]],[[[122.647075,12.48128],[122.646891,12.481099],[122.646891,12.48128],[122.647075,12.48128]]],[[[122.518238,12.481262],[122.518606,12.481443],[122.518607,12.481263],[122.518238,12.481262]]],[[[122.521367,12.481267],[122.521735,12.481449],[122.521735,12.481268],[122.521367,12.481267]]],[[[122.522288,12.481269],[122.522103,12.48145],[122.522287,12.48145],[122.522288,12.481269]]],[[[122.640265,12.481271],[122.640449,12.481452],[122.640449,12.481272],[122.640265,12.481271]]],[[[122.647075,12.48128],[122.647443,12.481462],[122.647443,12.481281],[122.647075,12.48128]]],[[[122.648916,12.481283],[122.648547,12.481463],[122.648915,12.481464],[122.648916,12.481283]]],[[[122.640817,12.481453],[122.640633,12.481634],[122.640817,12.481634],[122.640817,12.481453]]],[[[122.641921,12.481454],[122.641185,12.481634],[122.641921,12.481635],[122.641921,12.481454]]],[[[122.651492,12.481648],[122.651677,12.481105],[122.651493,12.481105],[122.651492,12.481648]]],[[[122.643025,12.481637],[122.642473,12.481817],[122.643025,12.481818],[122.643025,12.481637]]],[[[122.643946,12.481638],[122.643577,12.481818],[122.643945,12.481819],[122.643946,12.481638]]],[[[122.647443,12.481462],[122.647811,12.481824],[122.648363,12.481463],[122.647443,12.481462]]],[[[122.456093,12.481676],[122.455908,12.481857],[122.456092,12.481857],[122.456093,12.481676]]],[[[122.511244,12.481792],[122.510875,12.481972],[122.511243,12.481973],[122.511244,12.481792]]],[[[122.513452,12.481796],[122.513268,12.481976],[122.513452,12.481977],[122.513452,12.481796]]],[[[122.514925,12.481798],[122.51474,12.481979],[122.514924,12.481979],[122.514925,12.481798]]],[[[122.520262,12.481627],[122.520078,12.481989],[122.520262,12.481989],[122.520262,12.481627]]],[[[122.651676,12.481648],[122.651859,12.48201],[122.65186,12.481648],[122.651676,12.481648]]],[[[122.510507,12.481971],[122.50977,12.482151],[122.510507,12.482152],[122.510507,12.481971]]],[[[122.520629,12.48217],[122.520446,12.481989],[122.520445,12.48217],[122.520629,12.48217]]],[[[122.644497,12.482],[122.644313,12.482181],[122.644497,12.482181],[122.644497,12.482]]],[[[122.513267,12.482157],[122.513083,12.482338],[122.513267,12.482338],[122.513267,12.482157]]],[[[122.520629,12.48217],[122.520813,12.482352],[122.520814,12.482171],[122.520629,12.48217]]],[[[122.645049,12.482182],[122.644681,12.482362],[122.645049,12.482363],[122.645049,12.482182]]],[[[122.651307,12.48219],[122.650755,12.48237],[122.651307,12.482371],[122.651307,12.48219]]],[[[122.651859,12.48201],[122.652043,12.482372],[122.652043,12.48201],[122.651859,12.48201]]],[[[122.50977,12.482332],[122.509586,12.482512],[122.50977,12.482513],[122.50977,12.482332]]],[[[122.634742,12.48253],[122.635478,12.482169],[122.634743,12.481445],[122.635296,12.480722],[122.634376,12.480721],[122.634191,12.481806],[122.634742,12.48253]]],[[[122.520813,12.482352],[122.520997,12.482533],[122.520997,12.482352],[122.520813,12.482352]]],[[[122.650018,12.482369],[122.64965,12.48255],[122.650018,12.48255],[122.650018,12.482369]]],[[[122.651859,12.482553],[122.651491,12.482371],[122.651491,12.482552],[122.651859,12.482553]]],[[[122.507929,12.482509],[122.507561,12.482689],[122.507929,12.48269],[122.507929,12.482509]]],[[[122.509217,12.482692],[122.509402,12.482512],[122.509218,12.482512],[122.509217,12.482692]]],[[[122.518606,12.481624],[122.518788,12.48271],[122.518972,12.48271],[122.518975,12.481263],[122.518606,12.481624]]],[[[122.520628,12.482713],[122.520445,12.482532],[122.520444,12.482713],[122.520628,12.482713]]],[[[122.506825,12.482688],[122.50664,12.482869],[122.506824,12.482869],[122.506825,12.482688]]],[[[122.508665,12.482691],[122.508481,12.482872],[122.508665,12.482872],[122.508665,12.482691]]],[[[122.509217,12.482692],[122.509033,12.482873],[122.509217,12.482873],[122.509217,12.482692]]],[[[122.634558,12.48253],[122.634373,12.482891],[122.634557,12.482891],[122.634558,12.48253]]],[[[122.51934,12.482711],[122.519156,12.482891],[122.51934,12.482892],[122.51934,12.482711]]],[[[122.520628,12.482713],[122.520812,12.482894],[122.520813,12.482713],[122.520628,12.482713]]],[[[122.645416,12.482906],[122.645601,12.482725],[122.645233,12.482363],[122.645416,12.482906]]],[[[122.634373,12.482891],[122.634189,12.483072],[122.634373,12.483072],[122.634373,12.482891]]],[[[122.520076,12.483074],[122.519708,12.482892],[122.519708,12.483073],[122.520076,12.483074]]],[[[122.520812,12.482894],[122.520996,12.483075],[122.520996,12.482894],[122.520812,12.482894]]],[[[122.645784,12.482906],[122.64652,12.483088],[122.646521,12.482907],[122.645784,12.482906]]],[[[122.520076,12.483074],[122.520259,12.483255],[122.52026,12.483074],[122.520076,12.483074]]],[[[122.64652,12.483269],[122.647993,12.483271],[122.649466,12.482549],[122.64781,12.482366],[122.647625,12.48309],[122.64652,12.483269]]],[[[122.505535,12.483409],[122.505719,12.483229],[122.505535,12.483228],[122.505535,12.483409]]],[[[122.634189,12.483072],[122.634004,12.483433],[122.634188,12.483433],[122.634189,12.483072]]],[[[122.520996,12.483256],[122.520811,12.483437],[122.520995,12.483437],[122.520996,12.483256]]],[[[122.521548,12.483076],[122.521363,12.483438],[122.521547,12.483438],[122.521548,12.483076]]],[[[122.634004,12.483433],[122.63382,12.483614],[122.634004,12.483614],[122.634004,12.483433]]],[[[122.520627,12.483436],[122.520259,12.483617],[122.520627,12.483617],[122.520627,12.483436]]],[[[122.468236,12.483509],[122.467868,12.483689],[122.468236,12.48369],[122.468236,12.483509]]],[[[122.505535,12.483409],[122.50535,12.483771],[122.505534,12.483771],[122.505535,12.483409]]],[[[122.63382,12.483614],[122.633636,12.483794],[122.63382,12.483795],[122.63382,12.483614]]],[[[122.521363,12.483619],[122.521179,12.483799],[122.521363,12.483799],[122.521363,12.483619]]],[[[122.468788,12.483691],[122.468604,12.483809],[122.468787,12.483872],[122.468788,12.483691]]],[[[122.633636,12.483794],[122.633451,12.483975],[122.633635,12.483975],[122.633636,12.483794]]],[[[122.466578,12.484048],[122.466394,12.484229],[122.466578,12.484147],[122.466578,12.484048]]],[[[122.469339,12.484235],[122.469155,12.484053],[122.469155,12.48419],[122.469339,12.484235]]],[[[122.469339,12.484235],[122.469523,12.484416],[122.469523,12.484235],[122.469339,12.484235]]],[[[122.465473,12.484408],[122.465289,12.484588],[122.465473,12.484589],[122.465473,12.484408]]],[[[122.469707,12.484416],[122.469614,12.484597],[122.469706,12.484597],[122.469707,12.484416]]],[[[122.464921,12.484587],[122.464736,12.484768],[122.464921,12.484768],[122.464921,12.484587]]],[[[122.469706,12.484597],[122.46989,12.484778],[122.46989,12.484597],[122.469706,12.484597]]],[[[122.472283,12.484602],[122.472835,12.484784],[122.472835,12.484603],[122.472283,12.484602]]],[[[122.461239,12.484942],[122.461055,12.484761],[122.461055,12.484941],[122.461239,12.484942]]],[[[122.464368,12.484767],[122.464184,12.484948],[122.464368,12.484948],[122.464368,12.484767]]],[[[122.46989,12.484778],[122.470074,12.484959],[122.470074,12.484779],[122.46989,12.484778]]],[[[122.472835,12.484784],[122.473202,12.484965],[122.473203,12.484785],[122.472835,12.484784]]],[[[122.461239,12.484942],[122.461423,12.485123],[122.461423,12.484942],[122.461239,12.484942]]],[[[122.464,12.484947],[122.463631,12.485127],[122.464,12.485128],[122.464,12.484947]]],[[[122.470625,12.485141],[122.470258,12.48496],[122.470257,12.485141],[122.470625,12.485141]]],[[[122.52136,12.485065],[122.521178,12.48398],[122.520994,12.48398],[122.520992,12.485065],[122.52136,12.485065]]],[[[122.462711,12.485126],[122.462527,12.485306],[122.462711,12.485307],[122.462711,12.485126]]],[[[122.470625,12.485141],[122.470993,12.485323],[122.470993,12.485142],[122.470625,12.485141]]],[[[122.472282,12.485145],[122.471914,12.484963],[122.471913,12.485325],[122.472282,12.485145]]],[[[122.505166,12.48377],[122.50406,12.484492],[122.504059,12.485396],[122.504244,12.484673],[122.50535,12.484132],[122.505166,12.48377]]],[[[122.462343,12.485306],[122.46179,12.485486],[122.462342,12.485487],[122.462343,12.485306]]],[[[122.471913,12.485506],[122.471177,12.485323],[122.471177,12.485504],[122.471913,12.485506]]],[[[122.633267,12.483975],[122.632347,12.483974],[122.632714,12.485059],[122.631608,12.4856],[122.632713,12.485421],[122.633267,12.483975]]],[[[122.520991,12.485607],[122.520623,12.485787],[122.520991,12.485788],[122.520991,12.485607]]],[[[122.472833,12.485688],[122.472648,12.485869],[122.472833,12.485869],[122.472833,12.485688]]],[[[122.519519,12.485605],[122.519334,12.485966],[122.519518,12.485966],[122.519519,12.485605]]],[[[122.461421,12.485846],[122.461237,12.486027],[122.461421,12.486027],[122.461421,12.485846]]],[[[122.462157,12.486029],[122.461973,12.485848],[122.461973,12.486028],[122.462157,12.486029]]],[[[122.47228,12.485868],[122.472096,12.486048],[122.47228,12.486049],[122.47228,12.485868]]],[[[122.462157,12.486029],[122.462341,12.48621],[122.462341,12.486029],[122.462157,12.486029]]],[[[122.471912,12.486048],[122.471727,12.486229],[122.471912,12.486229],[122.471912,12.486048]]],[[[122.519702,12.486328],[122.519518,12.486147],[122.519518,12.486328],[122.519702,12.486328]]],[[[122.525594,12.484711],[122.526146,12.484712],[122.526145,12.485436],[122.525223,12.486338],[122.526513,12.485798],[122.527068,12.48399],[122.52578,12.483988],[122.525594,12.484711]]],[[[122.47412,12.486233],[122.474304,12.486414],[122.474304,12.486234],[122.47412,12.486233]]],[[[122.519702,12.486328],[122.519885,12.48651],[122.519886,12.486329],[122.519702,12.486328]]],[[[122.525226,12.484711],[122.524674,12.484529],[122.523383,12.486335],[122.524487,12.486518],[122.524489,12.485433],[122.525226,12.484711]]],[[[122.524855,12.486518],[122.525039,12.486338],[122.524855,12.486338],[122.524855,12.486518]]],[[[122.474121,12.486052],[122.473569,12.48569],[122.473202,12.484965],[122.473751,12.486594],[122.474121,12.486052]]],[[[122.507186,12.486487],[122.507001,12.486667],[122.507185,12.486668],[122.507186,12.486487]]],[[[122.524855,12.486518],[122.52467,12.486699],[122.524854,12.486699],[122.524855,12.486518]]],[[[122.506633,12.486667],[122.506449,12.486847],[122.506633,12.486847],[122.506633,12.486667]]],[[[122.629214,12.486863],[122.629399,12.486321],[122.631425,12.485419],[122.6294,12.485597],[122.629214,12.486863]]],[[[122.520253,12.48651],[122.520069,12.486872],[122.520437,12.486872],[122.520253,12.48651]]],[[[122.474488,12.486415],[122.474119,12.486957],[122.474486,12.487138],[122.474488,12.486415]]],[[[122.503319,12.487022],[122.503135,12.487203],[122.503319,12.487203],[122.503319,12.487022]]],[[[122.62903,12.486863],[122.628845,12.487224],[122.629029,12.487224],[122.62903,12.486863]]],[[[122.479088,12.487147],[122.478719,12.487327],[122.479087,12.487328],[122.479088,12.487147]]],[[[122.478535,12.487327],[122.478351,12.487507],[122.478535,12.487508],[122.478535,12.487327]]],[[[122.479824,12.487329],[122.479639,12.48751],[122.479823,12.48751],[122.479824,12.487329]]],[[[122.48056,12.487331],[122.480375,12.487511],[122.480559,12.487512],[122.48056,12.487331]]],[[[122.509577,12.487395],[122.509392,12.487576],[122.509576,12.487576],[122.509577,12.487395]]],[[[122.521172,12.487416],[122.521356,12.487597],[122.521356,12.487416],[122.521172,12.487416]]],[[[122.478167,12.487507],[122.477798,12.487687],[122.478166,12.487688],[122.478167,12.487507]]],[[[122.480928,12.487512],[122.480743,12.487693],[122.480927,12.487693],[122.480928,12.487512]]],[[[122.477246,12.487867],[122.47743,12.487687],[122.477246,12.487686],[122.477246,12.487867]]],[[[122.503134,12.487926],[122.503319,12.487384],[122.503135,12.487384],[122.503134,12.487926]]],[[[122.508472,12.487755],[122.508287,12.487936],[122.508471,12.487936],[122.508472,12.487755]]],[[[122.628844,12.487767],[122.62866,12.487947],[122.628844,12.487948],[122.628844,12.487767]]],[[[122.521356,12.487597],[122.521539,12.487959],[122.52154,12.487598],[122.521356,12.487597]]],[[[122.477246,12.487867],[122.477061,12.488048],[122.477245,12.488048],[122.477246,12.487867]]],[[[122.481663,12.487876],[122.481295,12.488056],[122.481663,12.488056],[122.481663,12.487876]]],[[[122.59737,12.488083],[122.597002,12.487902],[122.597002,12.488083],[122.59737,12.488083]]],[[[122.501661,12.487923],[122.501477,12.488104],[122.501661,12.488104],[122.501661,12.487923]]],[[[122.502029,12.487924],[122.501845,12.488105],[122.502029,12.488105],[122.502029,12.487924]]],[[[122.502581,12.487925],[122.502397,12.488106],[122.502581,12.488106],[122.502581,12.487925]]],[[[122.503134,12.487926],[122.502949,12.488107],[122.503133,12.488107],[122.503134,12.487926]]],[[[122.507919,12.488116],[122.508103,12.487935],[122.507919,12.487935],[122.507919,12.488116]]],[[[122.624611,12.487942],[122.624427,12.488122],[122.624611,12.488123],[122.624611,12.487942]]],[[[122.626635,12.488125],[122.626267,12.487944],[122.626267,12.488125],[122.626635,12.488125]]],[[[122.507919,12.488116],[122.507734,12.488296],[122.507918,12.488297],[122.507919,12.488116]]],[[[122.625715,12.488305],[122.625899,12.488124],[122.625715,12.488124],[122.625715,12.488305]]],[[[122.626635,12.488125],[122.626819,12.488306],[122.626819,12.488126],[122.626635,12.488125]]],[[[122.522827,12.488143],[122.522643,12.488323],[122.522827,12.488323],[122.522827,12.488143]]],[[[122.502212,12.488467],[122.502029,12.488286],[122.502028,12.488467],[122.502212,12.488467]]],[[[122.507734,12.488296],[122.50755,12.488477],[122.507734,12.488477],[122.507734,12.488296]]],[[[122.624794,12.488304],[122.62461,12.488484],[122.624794,12.488485],[122.624794,12.488304]]],[[[122.625163,12.488304],[122.624978,12.488485],[122.625162,12.488485],[122.625163,12.488304]]],[[[122.625715,12.488305],[122.62553,12.488486],[122.625714,12.488486],[122.625715,12.488305]]],[[[122.626819,12.488306],[122.627003,12.488488],[122.627003,12.488307],[122.626819,12.488306]]],[[[122.476877,12.488409],[122.476692,12.488589],[122.476876,12.48859],[122.476877,12.488409]]],[[[122.482398,12.48842],[122.482214,12.4886],[122.482398,12.4886],[122.482398,12.48842]]],[[[122.502212,12.488467],[122.502396,12.488648],[122.502396,12.488467],[122.502212,12.488467]]],[[[122.521172,12.487235],[122.520621,12.486873],[122.520804,12.487235],[122.519883,12.487776],[122.520065,12.48868],[122.520251,12.487776],[122.521172,12.487235]]],[[[122.524486,12.486699],[122.523566,12.486516],[122.523197,12.48742],[122.522646,12.486695],[122.523383,12.486335],[122.522463,12.485791],[122.523385,12.48525],[122.52136,12.485246],[122.522279,12.486152],[122.523194,12.488686],[122.524115,12.488326],[122.524116,12.487783],[122.525037,12.487604],[122.524486,12.486699]]],[[[122.523749,12.487421],[122.523564,12.487601],[122.523748,12.487602],[122.523749,12.487421]]],[[[122.525219,12.488689],[122.525035,12.488508],[122.525035,12.488689],[122.525219,12.488689]]],[[[122.597003,12.487721],[122.596266,12.48772],[122.596081,12.488805],[122.596633,12.488444],[122.597003,12.487721]]],[[[122.597555,12.487903],[122.599578,12.48881],[122.600682,12.488631],[122.600683,12.488088],[122.599578,12.488448],[122.597555,12.487903]]],[[[122.625346,12.488666],[122.625162,12.488847],[122.625346,12.488847],[122.625346,12.488666]]],[[[122.520249,12.488681],[122.520433,12.488862],[122.520433,12.488681],[122.520249,12.488681]]],[[[122.524667,12.488688],[122.524482,12.488869],[122.524666,12.488869],[122.524667,12.488688]]],[[[122.525219,12.488689],[122.525403,12.48887],[122.525403,12.48869],[122.525219,12.488689]]],[[[122.600866,12.488812],[122.600682,12.488992],[122.600866,12.488993],[122.600866,12.488812]]],[[[122.502396,12.488829],[122.502211,12.48901],[122.502395,12.48901],[122.502396,12.488829]]],[[[122.506997,12.489018],[122.507181,12.488838],[122.506997,12.488837],[122.506997,12.489018]]],[[[122.627187,12.488669],[122.627002,12.48903],[122.627186,12.48903],[122.627187,12.488669]]],[[[122.475771,12.488949],[122.475587,12.48913],[122.475771,12.48913],[122.475771,12.488949]]],[[[122.489391,12.489156],[122.488839,12.488974],[122.488839,12.489155],[122.489391,12.489156]]],[[[122.596081,12.488805],[122.595896,12.489166],[122.59608,12.489166],[122.596081,12.488805]]],[[[122.604547,12.488998],[122.604731,12.489179],[122.604731,12.488998],[122.604547,12.488998]]],[[[122.611541,12.489008],[122.611357,12.489189],[122.611541,12.489189],[122.611541,12.489008]]],[[[122.504972,12.489015],[122.504788,12.489195],[122.504972,12.489195],[122.504972,12.489015]]],[[[122.506997,12.489018],[122.506812,12.489199],[122.506996,12.489199],[122.506997,12.489018]]],[[[122.628661,12.487224],[122.627925,12.487042],[122.628106,12.489213],[122.628474,12.489213],[122.628293,12.487585],[122.628661,12.487224]]],[[[122.524114,12.489049],[122.523745,12.489229],[122.524114,12.48923],[122.524114,12.489049]]],[[[122.525218,12.489051],[122.525034,12.489232],[122.525218,12.489232],[122.525218,12.489051]]],[[[122.482581,12.489143],[122.482396,12.489324],[122.48258,12.489324],[122.482581,12.489143]]],[[[122.489391,12.489156],[122.489759,12.489338],[122.489759,12.489157],[122.489391,12.489156]]],[[[122.604731,12.489179],[122.604915,12.48936],[122.604915,12.48918],[122.604731,12.489179]]],[[[122.502027,12.48919],[122.501842,12.489371],[122.502027,12.489371],[122.502027,12.48919]]],[[[122.506812,12.489199],[122.506628,12.489379],[122.506812,12.48938],[122.506812,12.489199]]],[[[122.627738,12.489393],[122.627922,12.489212],[122.627738,12.489212],[122.627738,12.489393]]],[[[122.520616,12.489224],[122.520432,12.489404],[122.520616,12.489405],[122.520616,12.489224]]],[[[122.47485,12.489309],[122.474666,12.48949],[122.47485,12.48949],[122.47485,12.489309]]],[[[122.489759,12.489338],[122.489942,12.489519],[122.489943,12.489338],[122.489759,12.489338]]],[[[122.599393,12.489533],[122.600129,12.489534],[122.600129,12.489353],[122.599393,12.489171],[122.599393,12.489533]]],[[[122.604915,12.48936],[122.605098,12.489542],[122.605099,12.489361],[122.604915,12.48936]]],[[[122.6097,12.489367],[122.609516,12.489548],[122.6097,12.489548],[122.6097,12.489367]]],[[[122.610252,12.489368],[122.610068,12.489549],[122.610252,12.489549],[122.610252,12.489368]]],[[[122.506628,12.489379],[122.506444,12.48956],[122.506628,12.48956],[122.506628,12.489379]]],[[[122.625529,12.489571],[122.625714,12.489028],[122.62553,12.489028],[122.625529,12.489571]]],[[[122.526874,12.489235],[122.527242,12.489416],[122.527243,12.489235],[122.526874,12.489235]]],[[[122.594607,12.489526],[122.595159,12.489708],[122.595159,12.489527],[122.594607,12.489526]]],[[[122.595895,12.489528],[122.595528,12.489347],[122.595527,12.489708],[122.595895,12.489528]]],[[[122.600129,12.489534],[122.600681,12.489716],[122.600681,12.489535],[122.600129,12.489534]]],[[[122.474297,12.48967],[122.474113,12.48985],[122.474297,12.489851],[122.474297,12.48967]]],[[[122.490678,12.489701],[122.490494,12.489882],[122.490678,12.489882],[122.490678,12.489701]]],[[[122.594607,12.489707],[122.594422,12.489887],[122.594607,12.489888],[122.594607,12.489707]]],[[[122.604547,12.488817],[122.604179,12.488817],[122.604178,12.489902],[122.604362,12.489902],[122.604547,12.488817]]],[[[122.608963,12.489728],[122.608779,12.489909],[122.608963,12.489909],[122.608963,12.489728]]],[[[122.525586,12.489413],[122.525401,12.489956],[122.525585,12.489956],[122.525586,12.489413]]],[[[122.594422,12.489887],[122.594238,12.490068],[122.594422,12.489936],[122.594422,12.489887]]],[[[122.506627,12.489922],[122.506442,12.490102],[122.506627,12.490103],[122.506627,12.489922]]],[[[122.625345,12.48957],[122.625344,12.489932],[122.62516,12.490113],[122.625528,12.490113],[122.625345,12.48957]]],[[[122.526874,12.489597],[122.526689,12.490139],[122.526873,12.490139],[122.526874,12.489597]]],[[[122.488653,12.490059],[122.488468,12.49024],[122.488653,12.49024],[122.488653,12.490059]]],[[[122.594238,12.490068],[122.594054,12.490249],[122.594102,12.490249],[122.594238,12.490068]]],[[[122.604361,12.490083],[122.604177,12.490264],[122.604361,12.490264],[122.604361,12.490083]]],[[[122.605098,12.489722],[122.605465,12.490266],[122.605834,12.490085],[122.605651,12.489542],[122.605098,12.489722]]],[[[122.500737,12.490092],[122.500552,12.490272],[122.500736,12.490273],[122.500737,12.490092]]],[[[122.503314,12.490097],[122.502945,12.490277],[122.503313,12.490278],[122.503314,12.490097]]],[[[122.616325,12.4901],[122.615959,12.488834],[122.614672,12.487747],[122.615042,12.486843],[122.614859,12.486119],[122.614305,12.487204],[122.613384,12.487202],[122.613568,12.487564],[122.613016,12.487744],[122.614487,12.488108],[122.614486,12.489013],[122.615774,12.489195],[122.615957,12.4901],[122.616325,12.4901]]],[[[122.614671,12.488651],[122.615223,12.488833],[122.615223,12.488652],[122.614671,12.488651]]],[[[122.625528,12.490113],[122.625712,12.490294],[122.625712,12.490114],[122.625528,12.490113]]],[[[122.482763,12.490229],[122.482578,12.490409],[122.482762,12.49041],[122.482763,12.490229]]],[[[122.486628,12.490236],[122.486443,12.490417],[122.486628,12.490417],[122.486628,12.490236]]],[[[122.594054,12.490249],[122.593869,12.490429],[122.593924,12.490429],[122.594054,12.490249]]],[[[122.606018,12.490266],[122.605833,12.490447],[122.606017,12.490447],[122.606018,12.490266]]],[[[122.50681,12.490284],[122.506626,12.490464],[122.50681,12.490465],[122.50681,12.490284]]],[[[122.599209,12.489533],[122.599023,12.490618],[122.599207,12.490618],[122.599209,12.489533]]],[[[122.603624,12.490625],[122.603809,12.490444],[122.603625,12.490444],[122.603624,12.490625]]],[[[122.502393,12.490276],[122.502208,12.490637],[122.502392,12.490638],[122.502393,12.490276]]],[[[122.503681,12.490459],[122.503497,12.49064],[122.503681,12.49064],[122.503681,12.490459]]],[[[122.504049,12.49046],[122.503865,12.49064],[122.504049,12.490641],[122.504049,12.49046]]],[[[122.616509,12.490281],[122.616324,12.490643],[122.616692,12.490643],[122.616509,12.490281]]],[[[122.625895,12.490656],[122.625712,12.490475],[122.625711,12.490656],[122.625895,12.490656]]],[[[122.593501,12.490609],[122.593317,12.49079],[122.593501,12.490789],[122.593501,12.490609]]],[[[122.603624,12.490805],[122.603256,12.490624],[122.603256,12.490805],[122.603624,12.490805]]],[[[122.606201,12.490628],[122.606017,12.490809],[122.606201,12.490809],[122.606201,12.490628]]],[[[122.608778,12.490813],[122.608963,12.49009],[122.607673,12.490811],[122.608778,12.490813]]],[[[122.625895,12.490656],[122.626079,12.490837],[122.626079,12.490657],[122.625895,12.490656]]],[[[122.49086,12.490787],[122.490676,12.490967],[122.49086,12.490968],[122.49086,12.490787]]],[[[122.599391,12.490618],[122.599206,12.49098],[122.599574,12.49098],[122.599391,12.490618]]],[[[122.607121,12.490811],[122.606937,12.490991],[122.607121,12.490991],[122.607121,12.490811]]],[[[122.502576,12.490819],[122.502392,12.490999],[122.502576,12.491],[122.502576,12.490819]]],[[[122.486995,12.49096],[122.48681,12.491141],[122.486994,12.491141],[122.486995,12.49096]]],[[[122.592948,12.49097],[122.592396,12.49115],[122.592948,12.491146],[122.592948,12.49097]]],[[[122.599574,12.49098],[122.599942,12.491162],[122.599943,12.490981],[122.599574,12.49098]]],[[[122.503864,12.491002],[122.50368,12.491183],[122.503864,12.491183],[122.503864,12.491002]]],[[[122.483497,12.491134],[122.483313,12.491315],[122.483497,12.491315],[122.483497,12.491134]]],[[[122.599942,12.491162],[122.60031,12.491343],[122.60031,12.491162],[122.599942,12.491162]]],[[[122.502575,12.49118],[122.502391,12.491361],[122.502575,12.491361],[122.502575,12.49118]]],[[[122.507177,12.491008],[122.506992,12.491369],[122.507176,12.49137],[122.507177,12.491008]]],[[[122.627737,12.489755],[122.627186,12.489211],[122.628287,12.491202],[122.63068,12.491206],[122.633446,12.487954],[122.632525,12.487953],[122.629578,12.489938],[122.627737,12.489755]]],[[[122.526319,12.491042],[122.524846,12.49104],[122.52411,12.4914],[122.525214,12.491402],[122.526319,12.491042]]],[[[122.601046,12.491344],[122.600494,12.491524],[122.601046,12.491525],[122.601046,12.491344]]],[[[122.603072,12.490805],[122.603071,12.491166],[122.602887,12.491528],[122.603255,12.491347],[122.603072,12.490805]]],[[[122.626263,12.491019],[122.626078,12.491561],[122.626262,12.491561],[122.626263,12.491019]]],[[[122.496196,12.49152],[122.496012,12.491701],[122.496196,12.491701],[122.496196,12.49152]]],[[[122.601598,12.491526],[122.60123,12.491706],[122.601598,12.491707],[122.601598,12.491526]]],[[[122.602887,12.491528],[122.602702,12.491708],[122.602886,12.491709],[122.602887,12.491528]]],[[[122.623501,12.491738],[122.623317,12.491557],[122.623317,12.491738],[122.623501,12.491738]]],[[[122.491411,12.491692],[122.491226,12.491873],[122.49141,12.491873],[122.491411,12.491692]]],[[[122.495828,12.4917],[122.495091,12.49188],[122.495828,12.491881],[122.495828,12.4917]]],[[[122.496564,12.491702],[122.49638,12.491882],[122.496564,12.491883],[122.496564,12.491702]]],[[[122.602702,12.491889],[122.601782,12.491707],[122.601782,12.491888],[122.602702,12.491889]]],[[[122.623501,12.491738],[122.623869,12.49192],[122.623869,12.491739],[122.623501,12.491738]]],[[[122.512697,12.491742],[122.512513,12.491922],[122.512697,12.491922],[122.512697,12.491742]]],[[[122.521164,12.491757],[122.52098,12.491937],[122.521164,12.491938],[122.521164,12.491757]]],[[[122.487361,12.491865],[122.487177,12.492046],[122.487361,12.492046],[122.487361,12.491865]]],[[[122.491962,12.491874],[122.491594,12.492054],[122.491962,12.492055],[122.491962,12.491874]]],[[[122.507175,12.491912],[122.506991,12.492093],[122.507175,12.492093],[122.507175,12.491912]]],[[[122.512329,12.491922],[122.512145,12.492102],[122.512329,12.492103],[122.512329,12.491922]]],[[[122.513065,12.492104],[122.512881,12.491923],[122.512881,12.492104],[122.513065,12.492104]]],[[[122.52098,12.491937],[122.520795,12.492118],[122.520979,12.492118],[122.52098,12.491937]]],[[[122.48552,12.492043],[122.485336,12.492223],[122.48552,12.492223],[122.48552,12.492043]]],[[[122.620739,12.492277],[122.62258,12.492099],[122.623133,12.491738],[122.62074,12.491915],[122.620739,12.492277]]],[[[122.509752,12.492098],[122.509567,12.492278],[122.509751,12.492279],[122.509752,12.492098]]],[[[122.510672,12.49228],[122.510304,12.492099],[122.510304,12.49228],[122.510672,12.49228]]],[[[122.624237,12.49192],[122.624052,12.492282],[122.624421,12.492282],[122.624237,12.49192]]],[[[122.511776,12.492102],[122.511408,12.492282],[122.511776,12.492282],[122.511776,12.492102]]],[[[122.513065,12.492104],[122.513249,12.492285],[122.513249,12.492104],[122.513065,12.492104]]],[[[122.590369,12.492232],[122.590185,12.492372],[122.590369,12.492279],[122.590369,12.492232]]],[[[122.486072,12.492225],[122.485887,12.492405],[122.486071,12.492405],[122.486072,12.492225]]],[[[122.486624,12.492226],[122.48644,12.492406],[122.486624,12.492406],[122.486624,12.492226]]],[[[122.493066,12.492238],[122.492882,12.492418],[122.493066,12.492419],[122.493066,12.492238]]],[[[122.509383,12.492278],[122.509199,12.492459],[122.509383,12.492459],[122.509383,12.492278]]],[[[122.510672,12.49228],[122.511224,12.492462],[122.511224,12.492281],[122.510672,12.49228]]],[[[122.624421,12.492282],[122.624788,12.492463],[122.624789,12.492283],[122.624421,12.492282]]],[[[122.633807,12.492476],[122.634728,12.492115],[122.634913,12.491573],[122.633808,12.491933],[122.633807,12.492476]]],[[[122.495826,12.492424],[122.496194,12.492605],[122.496195,12.492424],[122.495826,12.492424]]],[[[122.497667,12.492427],[122.497483,12.492608],[122.497667,12.492608],[122.497667,12.492427]]],[[[122.509015,12.492458],[122.50883,12.492639],[122.509015,12.492639],[122.509015,12.492458]]],[[[122.624788,12.492463],[122.624972,12.492645],[122.624973,12.492464],[122.624788,12.492463]]],[[[122.626261,12.492646],[122.626446,12.491923],[122.626078,12.491923],[122.626261,12.492646]]],[[[122.520795,12.492299],[122.52061,12.49266],[122.520794,12.49266],[122.520795,12.492299]]],[[[122.495826,12.492785],[122.495458,12.492604],[122.495458,12.492785],[122.495826,12.492785]]],[[[122.496562,12.492787],[122.496378,12.492606],[122.496378,12.492787],[122.496562,12.492787]]],[[[122.620371,12.492276],[122.618715,12.492093],[122.61761,12.492453],[122.617428,12.491006],[122.616692,12.490643],[122.617241,12.492815],[122.620371,12.492276]]],[[[122.624972,12.492645],[122.625156,12.492826],[122.625156,12.492645],[122.624972,12.492645]]],[[[122.626261,12.492646],[122.626076,12.492827],[122.62626,12.492827],[122.626261,12.492646]]],[[[122.519874,12.492659],[122.519505,12.492839],[122.519874,12.49284],[122.519874,12.492659]]],[[[122.62534,12.492826],[122.625191,12.492844],[122.62534,12.492901],[122.62534,12.492826]]],[[[122.495458,12.492785],[122.495273,12.492965],[122.495457,12.492966],[122.495458,12.492785]]],[[[122.496562,12.492787],[122.496746,12.492968],[122.496746,12.492787],[122.496562,12.492787]]],[[[122.626076,12.493008],[122.625708,12.492826],[122.625708,12.493007],[122.626076,12.493008]]],[[[122.496746,12.492968],[122.496929,12.493149],[122.49693,12.492968],[122.496746,12.492968]]],[[[122.497298,12.49315],[122.497482,12.492969],[122.497298,12.492969],[122.497298,12.49315]]],[[[122.508278,12.492999],[122.508093,12.49318],[122.508277,12.49318],[122.508278,12.492999]]],[[[122.551531,12.493256],[122.551716,12.492894],[122.551347,12.493255],[122.551531,12.493256]]],[[[122.552452,12.492896],[122.5519,12.493076],[122.551899,12.493256],[122.552451,12.493257],[122.552452,12.492896]]],[[[122.579877,12.493121],[122.579692,12.493301],[122.579876,12.493301],[122.579877,12.493121]]],[[[122.497297,12.493331],[122.496929,12.493149],[122.496929,12.49333],[122.497297,12.493331]]],[[[122.520057,12.493382],[122.520241,12.493021],[122.519873,12.49302],[122.520057,12.493382]]],[[[122.58006,12.493483],[122.580244,12.493302],[122.58006,12.493302],[122.58006,12.493483]]],[[[122.495273,12.492965],[122.494904,12.493326],[122.495456,12.493508],[122.495273,12.492965]]],[[[122.50662,12.493358],[122.506436,12.493539],[122.50662,12.493539],[122.50662,12.493358]]],[[[122.507908,12.493541],[122.508093,12.493361],[122.507909,12.493361],[122.507908,12.493541]]],[[[122.520241,12.493383],[122.520424,12.493564],[122.520425,12.493383],[122.520241,12.493383]]],[[[122.572882,12.493471],[122.572697,12.493652],[122.572881,12.493652],[122.572882,12.493471]]],[[[122.58006,12.493483],[122.579876,12.493663],[122.58006,12.493663],[122.58006,12.493483]]],[[[122.496376,12.493691],[122.496008,12.493509],[122.496008,12.49369],[122.496376,12.493691]]],[[[122.496929,12.493511],[122.497481,12.493693],[122.497481,12.493512],[122.496929,12.493511]]],[[[122.507908,12.493541],[122.507724,12.493722],[122.507908,12.493722],[122.507908,12.493541]]],[[[122.523925,12.491942],[122.524296,12.490135],[122.5208,12.489405],[122.522086,12.490673],[122.521164,12.491757],[122.522269,12.491397],[122.522823,12.490313],[122.523743,12.490495],[122.523741,12.49158],[122.523373,12.491761],[122.52374,12.492304],[122.52466,12.492305],[122.52521,12.493753],[122.525579,12.49303],[122.525027,12.492849],[122.524661,12.491944],[122.523925,12.491942]]],[[[122.526866,12.493756],[122.526682,12.493937],[122.526866,12.493937],[122.526866,12.493756]]],[[[122.578955,12.494023],[122.579139,12.493662],[122.578955,12.493662],[122.578955,12.494023]]],[[[122.512141,12.494092],[122.512694,12.493369],[122.513615,12.49319],[122.513432,12.492466],[122.512142,12.493549],[122.512141,12.494092]]],[[[122.520424,12.493745],[122.520792,12.494107],[122.520976,12.494107],[122.520793,12.493565],[122.520424,12.493745]]],[[[122.582084,12.494028],[122.5819,12.494134],[122.582084,12.494069],[122.582084,12.494028]]],[[[122.578955,12.494023],[122.57877,12.494204],[122.578955,12.494204],[122.578955,12.494023]]],[[[122.579139,12.494024],[122.579323,12.494205],[122.579323,12.494024],[122.579139,12.494024]]],[[[122.579875,12.494206],[122.58006,12.493844],[122.579875,12.493844],[122.579875,12.494206]]],[[[122.496928,12.493873],[122.496376,12.493691],[122.496559,12.494234],[122.496928,12.493873]]],[[[122.579323,12.494205],[122.579507,12.49425],[122.579507,12.494205],[122.579323,12.494205]]],[[[122.507171,12.494263],[122.507355,12.494083],[122.507171,12.494083],[122.507171,12.494263]]],[[[122.57877,12.494204],[122.578586,12.494284],[122.57877,12.494267],[122.57877,12.494204]]],[[[122.526318,12.491404],[122.52687,12.491405],[122.527789,12.492492],[122.530548,12.49322],[122.531467,12.494307],[122.531101,12.49304],[122.529077,12.492675],[122.528342,12.491769],[122.527422,12.491768],[122.527239,12.491225],[122.526318,12.491404]]],[[[122.551345,12.49416],[122.551161,12.49434],[122.551345,12.494341],[122.551345,12.49416]]],[[[122.553002,12.494162],[122.552818,12.494343],[122.553002,12.494343],[122.553002,12.494162]]],[[[122.579875,12.494206],[122.579691,12.49431],[122.579875,12.494373],[122.579875,12.494206]]],[[[122.504594,12.494259],[122.50441,12.494439],[122.504594,12.49444],[122.504594,12.494259]]],[[[122.511773,12.494091],[122.51122,12.49409],[122.511038,12.493366],[122.511036,12.49409],[122.510484,12.49445],[122.511773,12.494091]]],[[[122.521527,12.49447],[122.521343,12.494651],[122.521527,12.494651],[122.521527,12.49447]]],[[[122.558707,12.494534],[122.558523,12.494714],[122.558707,12.494714],[122.558707,12.494534]]],[[[122.573064,12.494557],[122.573248,12.494738],[122.573248,12.494557],[122.573064,12.494557]]],[[[122.496743,12.494596],[122.496558,12.494776],[122.496742,12.494777],[122.496743,12.494596]]],[[[122.506066,12.494623],[122.505881,12.494804],[122.506065,12.494804],[122.506066,12.494623]]],[[[122.522999,12.494654],[122.522815,12.494834],[122.522999,12.494834],[122.522999,12.494654]]],[[[122.573248,12.494738],[122.573432,12.494878],[122.573432,12.494738],[122.573248,12.494738]]],[[[122.557603,12.494713],[122.557418,12.494893],[122.557602,12.494894],[122.557603,12.494713]]],[[[122.573064,12.494376],[122.572697,12.494014],[122.572327,12.494917],[122.572695,12.494918],[122.573064,12.494376]]],[[[122.504225,12.494801],[122.50404,12.494981],[122.504225,12.494981],[122.504225,12.494801]]],[[[122.507722,12.494807],[122.510115,12.494631],[122.510115,12.49445],[122.508459,12.494266],[122.507722,12.494807]]],[[[122.523367,12.494835],[122.523183,12.495016],[122.523367,12.495016],[122.523367,12.494835]]],[[[122.551345,12.494521],[122.55116,12.495064],[122.551344,12.495064],[122.551345,12.494521]]],[[[122.554841,12.494889],[122.554657,12.49507],[122.554841,12.49507],[122.554841,12.494889]]],[[[122.572327,12.494917],[122.572143,12.495098],[122.572327,12.495033],[122.572327,12.494917]]],[[[122.499503,12.494963],[122.499318,12.495143],[122.499502,12.495143],[122.499503,12.494963]]],[[[122.507354,12.494987],[122.507169,12.495168],[122.507353,12.495168],[122.507354,12.494987]]],[[[122.523735,12.495017],[122.52355,12.495197],[122.523735,12.495197],[122.523735,12.495017]]],[[[122.544717,12.495234],[122.544902,12.495053],[122.544718,12.495053],[122.544717,12.495234]]],[[[122.554473,12.495069],[122.554289,12.49525],[122.554473,12.49525],[122.554473,12.495069]]],[[[122.499871,12.495144],[122.499686,12.495325],[122.49987,12.495325],[122.499871,12.495144]]],[[[122.544717,12.495234],[122.544533,12.495414],[122.544717,12.495415],[122.544717,12.495234]]],[[[122.555577,12.495433],[122.555025,12.495251],[122.555025,12.495432],[122.555577,12.495433]]],[[[122.57159,12.495459],[122.571774,12.495278],[122.57159,12.495278],[122.57159,12.495459]]],[[[122.504039,12.495524],[122.503856,12.495342],[122.503855,12.495523],[122.504039,12.495524]]],[[[122.506987,12.494263],[122.506435,12.494081],[122.50625,12.494443],[122.506432,12.495528],[122.506985,12.495348],[122.506617,12.494986],[122.506987,12.494263]]],[[[122.544533,12.495414],[122.544349,12.495595],[122.544533,12.495595],[122.544533,12.495414]]],[[[122.550975,12.495606],[122.551159,12.495425],[122.550975,12.495425],[122.550975,12.495606]]],[[[122.554472,12.495431],[122.55484,12.495612],[122.55484,12.495432],[122.554472,12.495431]]],[[[122.57159,12.495459],[122.571406,12.495639],[122.57159,12.49563],[122.57159,12.495459]]],[[[122.504039,12.495524],[122.504223,12.495705],[122.504223,12.495524],[122.504039,12.495524]]],[[[122.524286,12.49556],[122.524102,12.495741],[122.524286,12.495741],[122.524286,12.49556]]],[[[122.544901,12.495596],[122.544716,12.495776],[122.544901,12.495777],[122.544901,12.495596]]],[[[122.550975,12.495606],[122.55079,12.495787],[122.550975,12.495787],[122.550975,12.495606]]],[[[122.554472,12.495793],[122.55392,12.495611],[122.55392,12.495792],[122.554472,12.495793]]],[[[122.555945,12.495433],[122.55576,12.495795],[122.556128,12.495795],[122.555945,12.495433]]],[[[122.571222,12.495639],[122.570853,12.495819],[122.571221,12.49582],[122.571222,12.495639]]],[[[122.553919,12.495973],[122.553367,12.495791],[122.553367,12.495972],[122.553919,12.495973]]],[[[122.556128,12.495795],[122.556312,12.495977],[122.556312,12.495796],[122.556128,12.495795]]],[[[122.499989,12.496059],[122.500237,12.495868],[122.499989,12.495878],[122.499989,12.496059]]],[[[122.500726,12.495879],[122.500541,12.49606],[122.500725,12.49606],[122.500726,12.495879]]],[[[122.524469,12.495922],[122.524285,12.496103],[122.524469,12.496103],[122.524469,12.495922]]],[[[122.544164,12.495956],[122.54398,12.496137],[122.544164,12.496137],[122.544164,12.495956]]],[[[122.550606,12.495967],[122.550422,12.496148],[122.550606,12.496148],[122.550606,12.495967]]],[[[122.553367,12.496153],[122.552999,12.495971],[122.552999,12.496152],[122.553367,12.496153]]],[[[122.491034,12.496213],[122.49085,12.496032],[122.49085,12.496212],[122.491034,12.496213]]],[[[122.499685,12.495867],[122.4995,12.496229],[122.499684,12.496229],[122.499685,12.495867]]],[[[122.524837,12.496285],[122.524653,12.496103],[122.524653,12.496284],[122.524837,12.496285]]],[[[122.569933,12.495818],[122.570669,12.496181],[122.570669,12.495819],[122.569933,12.495818]]],[[[122.491034,12.496213],[122.491217,12.496394],[122.491218,12.496213],[122.491034,12.496213]]],[[[122.501645,12.496243],[122.501461,12.496423],[122.501645,12.496424],[122.501645,12.496243]]],[[[122.503117,12.496426],[122.502934,12.496245],[122.502933,12.496416],[122.503117,12.496426]]],[[[122.524837,12.496285],[122.525021,12.496466],[122.525021,12.496285],[122.524837,12.496285]]],[[[122.550237,12.496328],[122.550053,12.496509],[122.550237,12.496509],[122.550237,12.496328]]],[[[122.552999,12.496152],[122.552814,12.496513],[122.552998,12.496514],[122.552999,12.496152]]],[[[122.499988,12.49642],[122.499804,12.496601],[122.499988,12.496601],[122.499988,12.49642]]],[[[122.556496,12.495977],[122.556311,12.4967],[122.556495,12.4967],[122.556496,12.495977]]],[[[122.495082,12.496763],[122.495268,12.495678],[122.494716,12.495677],[122.494714,12.496581],[122.495082,12.496763]]],[[[122.494899,12.49622],[122.495083,12.496039],[122.494899,12.496039],[122.494899,12.49622]]],[[[122.525572,12.496828],[122.525388,12.496647],[122.525388,12.496828],[122.525572,12.496828]]],[[[122.53183,12.496839],[122.531647,12.496658],[122.531646,12.496839],[122.53183,12.496839]]],[[[122.559808,12.496887],[122.559808,12.496907],[122.559944,12.496887],[122.559808,12.496887]]],[[[122.494898,12.496763],[122.494713,12.496943],[122.494897,12.496943],[122.494898,12.496763]]],[[[122.525572,12.496828],[122.525756,12.49701],[122.525756,12.496829],[122.525572,12.496828]]],[[[122.53183,12.496839],[122.532014,12.497021],[122.532014,12.49684],[122.53183,12.496839]]],[[[122.543794,12.49686],[122.54361,12.49704],[122.543794,12.497041],[122.543794,12.49686]]],[[[122.549869,12.496689],[122.5495,12.49687],[122.5495,12.49705],[122.549868,12.497051],[122.549869,12.496689]]],[[[122.556311,12.4967],[122.556126,12.497061],[122.55631,12.497062],[122.556311,12.4967]]],[[[122.490664,12.496935],[122.49048,12.497116],[122.490664,12.497116],[122.490664,12.496935]]],[[[122.491216,12.496936],[122.491032,12.497117],[122.491216,12.497117],[122.491216,12.496936]]],[[[122.525756,12.49701],[122.52594,12.497191],[122.52594,12.49701],[122.525756,12.49701]]],[[[122.539009,12.496852],[122.53864,12.497213],[122.539008,12.497213],[122.539009,12.496852]]],[[[122.545266,12.497224],[122.546003,12.497044],[122.546003,12.496864],[122.545083,12.496862],[122.545266,12.497224]]],[[[122.550236,12.497232],[122.550052,12.497051],[122.550052,12.497232],[122.550236,12.497232]]],[[[122.556126,12.497061],[122.555942,12.497242],[122.556126,12.497242],[122.556126,12.497061]]],[[[122.52594,12.497191],[122.526307,12.497372],[122.526308,12.497191],[122.52594,12.497191]]],[[[122.532381,12.497383],[122.532198,12.497202],[122.532197,12.497383],[122.532381,12.497383]]],[[[122.533118,12.497203],[122.532934,12.497384],[122.533118,12.497384],[122.533118,12.497203]]],[[[122.539192,12.497395],[122.539376,12.497214],[122.539192,12.497214],[122.539192,12.497395]]],[[[122.545082,12.497224],[122.544898,12.497404],[122.545082,12.497405],[122.545082,12.497224]]],[[[122.555942,12.497242],[122.555757,12.497422],[122.555941,12.497423],[122.555942,12.497242]]],[[[122.526307,12.497372],[122.526675,12.497554],[122.526676,12.497373],[122.526307,12.497372]]],[[[122.532381,12.497383],[122.532749,12.497564],[122.53275,12.497384],[122.532381,12.497383]]],[[[122.543609,12.497402],[122.543425,12.497583],[122.543609,12.497583],[122.543609,12.497402]]],[[[122.549131,12.497411],[122.548947,12.497592],[122.549131,12.497592],[122.549131,12.497411]]],[[[122.550236,12.497232],[122.550419,12.497594],[122.55042,12.497233],[122.550236,12.497232]]],[[[122.55263,12.496513],[122.552628,12.497417],[122.55318,12.497599],[122.552813,12.497237],[122.55263,12.496513]]],[[[122.555757,12.497603],[122.555205,12.497422],[122.555205,12.497602],[122.555757,12.497603]]],[[[122.567906,12.497442],[122.567721,12.497623],[122.567905,12.497576],[122.567906,12.497442]]],[[[122.526675,12.497554],[122.526859,12.497735],[122.526859,12.497554],[122.526675,12.497554]]],[[[122.5287,12.497738],[122.528704,12.495206],[122.526865,12.494299],[122.52668,12.495022],[122.528336,12.495386],[122.52815,12.49629],[122.5287,12.497738]]],[[[122.53956,12.497576],[122.539375,12.497757],[122.539559,12.497757],[122.53956,12.497576]]],[[[122.56588,12.497801],[122.566065,12.49762],[122.565881,12.49762],[122.56588,12.497801]]],[[[122.567537,12.497622],[122.567353,12.497803],[122.567537,12.497735],[122.567537,12.497622]]],[[[122.526859,12.497735],[122.527227,12.497916],[122.527227,12.497736],[122.526859,12.497735]]],[[[122.528516,12.497738],[122.528331,12.497918],[122.528515,12.497919],[122.528516,12.497738]]],[[[122.544529,12.497765],[122.544345,12.497946],[122.544529,12.497946],[122.544529,12.497765]]],[[[122.544897,12.497766],[122.544713,12.497947],[122.544897,12.497947],[122.544897,12.497766]]],[[[122.549314,12.497954],[122.54913,12.497773],[122.54913,12.497954],[122.549314,12.497954]]],[[[122.56588,12.497801],[122.565696,12.497981],[122.56588,12.497982],[122.56588,12.497801]]],[[[122.567169,12.497803],[122.566984,12.497983],[122.567168,12.497984],[122.567169,12.497803]]],[[[122.527227,12.497916],[122.527595,12.498098],[122.527595,12.497917],[122.527227,12.497916]]],[[[122.528331,12.497918],[122.528147,12.498099],[122.528331,12.498099],[122.528331,12.497918]]],[[[122.539559,12.497938],[122.539375,12.498118],[122.539559,12.498119],[122.539559,12.497938]]],[[[122.549314,12.497954],[122.549498,12.498135],[122.549498,12.497955],[122.549314,12.497954]]],[[[122.55318,12.497599],[122.5541,12.498143],[122.554837,12.497602],[122.55318,12.497599]]],[[[122.565512,12.497981],[122.565327,12.498161],[122.565511,12.498162],[122.565512,12.497981]]],[[[122.566432,12.497982],[122.566248,12.498163],[122.566432,12.498163],[122.566432,12.497982]]],[[[122.5668,12.497983],[122.566616,12.498164],[122.5668,12.498164],[122.5668,12.497983]]],[[[122.527595,12.498098],[122.527778,12.498279],[122.527779,12.498098],[122.527595,12.498098]]],[[[122.532749,12.497745],[122.532932,12.498288],[122.5333,12.498289],[122.533117,12.497565],[122.532749,12.497745]]],[[[122.539192,12.497395],[122.539006,12.498299],[122.53919,12.498299],[122.539192,12.497395]]],[[[122.548211,12.497229],[122.547659,12.497228],[122.54766,12.496505],[122.546004,12.496502],[122.547107,12.496865],[122.547474,12.49759],[122.548395,12.497591],[122.548945,12.498315],[122.548211,12.497229]]],[[[122.550419,12.497775],[122.549498,12.498135],[122.549498,12.498316],[122.550602,12.498137],[122.550419,12.497775]]],[[[122.565327,12.498342],[122.565143,12.498523],[122.565327,12.498523],[122.565327,12.498342]]],[[[122.529435,12.498463],[122.52925,12.498643],[122.529434,12.498644],[122.529435,12.498463]]],[[[122.529435,12.498282],[122.529802,12.498644],[122.529803,12.498283],[122.529435,12.498282]]],[[[122.543239,12.498487],[122.543055,12.498667],[122.543239,12.498668],[122.543239,12.498487]]],[[[122.564222,12.498702],[122.564222,12.498733],[122.564374,12.498703],[122.564222,12.498702]]],[[[122.52925,12.498643],[122.529066,12.498824],[122.52925,12.498824],[122.52925,12.498643]]],[[[122.529066,12.498824],[122.528881,12.499005],[122.529065,12.499005],[122.529066,12.498824]]],[[[122.529249,12.499186],[122.529434,12.499005],[122.529249,12.499005],[122.529249,12.499186]]],[[[122.527961,12.499003],[122.528697,12.499185],[122.528697,12.499004],[122.527961,12.499003]]],[[[122.529249,12.499186],[122.529065,12.499367],[122.529249,12.499367],[122.529249,12.499186]]],[[[122.538636,12.499202],[122.538452,12.499383],[122.538636,12.499383],[122.538636,12.499202]]],[[[122.542686,12.499209],[122.542501,12.49939],[122.542685,12.49939],[122.542686,12.499209]]],[[[122.539556,12.499566],[122.539372,12.499746],[122.539556,12.499746],[122.539556,12.499566]]],[[[122.540844,12.499749],[122.54066,12.499929],[122.540844,12.499929],[122.540844,12.499749]]],[[[122.533665,12.499917],[122.533481,12.500098],[122.533665,12.500098],[122.533665,12.499917]]],[[[122.536425,12.500826],[122.53624,12.501007],[122.536424,12.501007],[122.536425,12.500826]]],[[[122.535872,12.501006],[122.535688,12.501187],[122.535872,12.501187],[122.535872,12.501006]]],[[[122.533478,12.501906],[122.53346,12.501915],[122.533478,12.501928],[122.533478,12.501906]]],[[[122.53403,12.501907],[122.533846,12.502088],[122.53403,12.502088],[122.53403,12.501907]]]]}},{"type":"Feature","properties":{"haz":2},"geometry":{"type":"MultiPolygon","coordinates":[[[[122.58577,12.303821],[122.585586,12.304001],[122.58577,12.304002],[122.58577,12.303821]]],[[[122.58669,12.303822],[122.586322,12.304003],[122.58669,12.304003],[122.58669,12.303822]]],[[[122.57878,12.304715],[122.579884,12.304355],[122.580069,12.303812],[122.578781,12.304172],[122.57878,12.304715]]],[[[122.578412,12.304533],[122.578044,12.304894],[122.578412,12.304895],[122.578412,12.304533]]],[[[122.574548,12.305793],[122.57449,12.305687],[122.574215,12.305793],[122.574548,12.305793]]],[[[122.604905,12.300051],[122.605087,12.300956],[122.602698,12.300048],[122.602144,12.301494],[122.599936,12.302033],[122.599014,12.303479],[122.597358,12.303657],[122.596437,12.30456],[122.597357,12.304381],[122.598276,12.304925],[122.597171,12.306008],[122.596619,12.305646],[122.59478,12.305824],[122.59478,12.305462],[122.593492,12.305822],[122.593125,12.30546],[122.591468,12.306362],[122.591101,12.305999],[122.589813,12.306359],[122.58963,12.305997],[122.58871,12.306177],[122.587975,12.305271],[122.586872,12.305269],[122.586689,12.304546],[122.582457,12.305444],[122.580802,12.30526],[122.57933,12.305801],[122.579144,12.306705],[122.577857,12.306883],[122.577489,12.306702],[122.578226,12.305799],[122.577492,12.305074],[122.574732,12.305613],[122.576387,12.305615],[122.576202,12.306519],[122.576754,12.306339],[122.576753,12.306882],[122.576017,12.306881],[122.575832,12.307604],[122.577303,12.307787],[122.579327,12.307428],[122.57988,12.306706],[122.581167,12.306889],[122.581352,12.306165],[122.582272,12.306348],[122.585401,12.305086],[122.590364,12.307083],[122.591836,12.306724],[122.592204,12.306182],[122.596986,12.306551],[122.600298,12.305651],[122.600665,12.306194],[122.60085,12.305471],[122.601586,12.305472],[122.601774,12.302398],[122.603064,12.300953],[122.605271,12.301318],[122.60564,12.3],[122.604905,12.300051]]],[[[122.599197,12.304022],[122.598829,12.304202],[122.598829,12.304383],[122.599196,12.304383],[122.599197,12.304022]]],[[[122.654932,12.300119],[122.661362,12.306095],[122.665773,12.309175],[122.668711,12.312615],[122.670366,12.31316],[122.6711,12.314608],[122.670918,12.31298],[122.669631,12.312255],[122.669081,12.310807],[122.667978,12.310625],[122.664855,12.307727],[122.661914,12.305915],[122.656403,12.300482],[122.654932,12.300119]]],[[[122.671284,12.314789],[122.6711,12.314969],[122.671283,12.31497],[122.671284,12.314789]]],[[[122.671452,12.315151],[122.671283,12.315331],[122.671467,12.315332],[122.671452,12.315151]]],[[[122.671651,12.315513],[122.671467,12.315693],[122.67165,12.315693],[122.671651,12.315513]]],[[[122.671753,12.315874],[122.67165,12.316055],[122.671834,12.316055],[122.671753,12.315874]]],[[[122.671833,12.316417],[122.67195,12.316236],[122.671834,12.316236],[122.671833,12.316417]]],[[[122.672017,12.316417],[122.672201,12.316598],[122.672079,12.316417],[122.672017,12.316417]]],[[[122.672201,12.316598],[122.672385,12.31678],[122.672385,12.316711],[122.672201,12.316598]]],[[[122.672385,12.31678],[122.672569,12.316961],[122.672447,12.31678],[122.672385,12.31678]]],[[[122.672569,12.316961],[122.672752,12.317142],[122.672752,12.317092],[122.672569,12.316961]]],[[[122.672752,12.317142],[122.672935,12.317323],[122.672798,12.317142],[122.672752,12.317142]]],[[[122.674406,12.318771],[122.674222,12.31859],[122.674222,12.318771],[122.674406,12.318771]]],[[[122.674406,12.318771],[122.674589,12.318953],[122.67459,12.318772],[122.674406,12.318771]]],[[[122.567537,12.318804],[122.567171,12.317537],[122.567908,12.316996],[122.56791,12.315911],[122.569381,12.315913],[122.569382,12.315371],[122.568463,12.315188],[122.567729,12.313921],[122.568464,12.314284],[122.569018,12.313019],[122.570674,12.312841],[122.570677,12.31067],[122.572149,12.310311],[122.572887,12.309227],[122.573438,12.309589],[122.574358,12.309229],[122.575276,12.310135],[122.575646,12.30905],[122.573808,12.307962],[122.574362,12.307059],[122.57418,12.305806],[122.573443,12.306231],[122.573995,12.306516],[122.573626,12.307058],[122.572739,12.306563],[122.569392,12.309245],[122.570126,12.310127],[122.569758,12.310669],[122.569939,12.312297],[122.56865,12.312837],[122.568281,12.313741],[122.567178,12.313739],[122.567361,12.314282],[122.566624,12.314643],[122.56791,12.315549],[122.567726,12.315911],[122.56699,12.315729],[122.567356,12.316814],[122.566436,12.317355],[122.566618,12.318441],[122.567169,12.318984],[122.567537,12.318804]]],[[[122.56736,12.314644],[122.568095,12.315188],[122.568096,12.314645],[122.56736,12.314644]]],[[[122.572521,12.308141],[122.572888,12.308323],[122.572889,12.307961],[122.572521,12.308141]]],[[[122.674855,12.319059],[122.674773,12.319134],[122.674957,12.319134],[122.674855,12.319059]]],[[[122.677042,12.321279],[122.676978,12.321307],[122.677092,12.321307],[122.677042,12.321279]]],[[[122.677345,12.32185],[122.677161,12.321488],[122.677161,12.321849],[122.677345,12.32185]]],[[[122.677345,12.32185],[122.677529,12.322031],[122.677529,12.32185],[122.677345,12.32185]]],[[[122.677529,12.322031],[122.677712,12.322212],[122.677713,12.322031],[122.677529,12.322031]]],[[[122.677712,12.322212],[122.677896,12.322393],[122.677896,12.322212],[122.677712,12.322212]]],[[[122.677896,12.322393],[122.67808,12.322574],[122.678057,12.322393],[122.677896,12.322393]]],[[[122.678373,12.32273],[122.678264,12.322755],[122.678399,12.322755],[122.678373,12.32273]]],[[[122.678489,12.322829],[122.678447,12.322936],[122.6786,12.322936],[122.678489,12.322829]]],[[[122.678745,12.323098],[122.678631,12.323117],[122.678753,12.323117],[122.678745,12.323098]]],[[[122.679066,12.323585],[122.678998,12.32366],[122.679122,12.32366],[122.679066,12.323585]]],[[[122.679388,12.324022],[122.679365,12.324203],[122.679496,12.324203],[122.679388,12.324022]]],[[[122.679568,12.324384],[122.679549,12.324565],[122.679642,12.324565],[122.679568,12.324384]]],[[[122.679739,12.324746],[122.679733,12.324927],[122.679837,12.324927],[122.679739,12.324746]]],[[[122.67997,12.325125],[122.679916,12.325289],[122.680069,12.325289],[122.67997,12.325125]]],[[[122.680497,12.326068],[122.680467,12.326194],[122.680579,12.326194],[122.680497,12.326068]]],[[[122.680684,12.326375],[122.68065,12.326556],[122.680807,12.326556],[122.680684,12.326375]]],[[[122.680922,12.326737],[122.680834,12.326918],[122.681018,12.326918],[122.680922,12.326737]]],[[[122.681459,12.327823],[122.681384,12.328004],[122.681567,12.328004],[122.681459,12.327823]]],[[[122.681646,12.328185],[122.681568,12.328365],[122.681737,12.328366],[122.681646,12.328185]]],[[[122.681976,12.328909],[122.681935,12.329089],[122.682071,12.32909],[122.681976,12.328909]]],[[[122.682183,12.329271],[122.682118,12.329451],[122.682268,12.329451],[122.682183,12.329271]]],[[[122.682425,12.329813],[122.682301,12.330175],[122.682485,12.330175],[122.682425,12.329813]]],[[[122.682668,12.330899],[122.682485,12.330718],[122.682484,12.330899],[122.682668,12.330899]]],[[[122.682668,12.330899],[122.682844,12.33108],[122.682814,12.330899],[122.682668,12.330899]]],[[[122.68293,12.331623],[122.682851,12.331803],[122.683005,12.331804],[122.68293,12.331623]]],[[[122.557582,12.331991],[122.557214,12.332352],[122.557582,12.332352],[122.557582,12.331991]]],[[[122.683586,12.332609],[122.683586,12.332709],[122.683649,12.332709],[122.683586,12.332609]]],[[[122.68377,12.332898],[122.68377,12.33307],[122.68388,12.333071],[122.68377,12.332898]]],[[[122.683983,12.333252],[122.683953,12.333432],[122.684072,12.333433],[122.683983,12.333252]]],[[[122.684249,12.333794],[122.684136,12.333975],[122.684298,12.333975],[122.684249,12.333794]]],[[[122.684412,12.334518],[122.684319,12.334699],[122.684447,12.334699],[122.684412,12.334518]]],[[[122.68446,12.336146],[122.684317,12.336327],[122.684473,12.336327],[122.68446,12.336146]]],[[[122.555434,12.33669],[122.555366,12.337051],[122.554813,12.337955],[122.555549,12.337594],[122.555434,12.33669]]],[[[122.567537,12.319166],[122.566432,12.319887],[122.566064,12.319887],[122.566065,12.319344],[122.565145,12.319343],[122.565695,12.32061],[122.564776,12.320246],[122.564221,12.322054],[122.5633,12.322776],[122.563849,12.324405],[122.563112,12.324946],[122.563112,12.325489],[122.563847,12.325671],[122.562558,12.326754],[122.563476,12.32784],[122.565684,12.327301],[122.565497,12.328929],[122.563289,12.329468],[122.563287,12.330734],[122.562369,12.329828],[122.559793,12.329824],[122.557952,12.330906],[122.558132,12.333438],[122.557394,12.334342],[122.557207,12.33615],[122.556655,12.33633],[122.556104,12.335786],[122.555551,12.336475],[122.55647,12.337234],[122.556469,12.337776],[122.555549,12.337775],[122.555916,12.338499],[122.557573,12.337778],[122.557391,12.336512],[122.558681,12.334886],[122.558868,12.333078],[122.559421,12.332536],[122.559972,12.332899],[122.561077,12.332358],[122.560895,12.331273],[122.559789,12.332175],[122.55887,12.331993],[122.559056,12.330908],[122.560528,12.330549],[122.560895,12.331092],[122.561448,12.33055],[122.561814,12.331636],[122.562916,12.33218],[122.565126,12.330918],[122.566417,12.32893],[122.566234,12.328207],[122.567154,12.328027],[122.566236,12.326941],[122.564765,12.326757],[122.563846,12.326032],[122.564768,12.324768],[122.564403,12.32332],[122.564773,12.321874],[122.566429,12.321334],[122.56643,12.320792],[122.56772,12.319528],[122.567537,12.319166]]],[[[122.554758,12.337954],[122.554463,12.338429],[122.554444,12.338677],[122.554812,12.338497],[122.554758,12.337954]]],[[[122.554444,12.338677],[122.55431,12.338858],[122.554444,12.338858],[122.554444,12.338677]]],[[[122.684314,12.338859],[122.6845,12.337231],[122.684316,12.337231],[122.684314,12.338859]]],[[[122.684314,12.338859],[122.68413,12.339039],[122.684314,12.339039],[122.684314,12.338859]]],[[[122.554259,12.33922],[122.554208,12.33914],[122.554182,12.33922],[122.554259,12.33922]]],[[[122.68413,12.339039],[122.683946,12.33922],[122.68413,12.33922],[122.68413,12.339039]]],[[[122.683946,12.339401],[122.683578,12.339219],[122.683578,12.3394],[122.683946,12.339401]]],[[[122.554075,12.339581],[122.554051,12.339558],[122.55404,12.339581],[122.554075,12.339581]]],[[[122.683578,12.3394],[122.683394,12.339581],[122.683578,12.339581],[122.683578,12.3394]]],[[[122.683025,12.339942],[122.68321,12.339762],[122.683026,12.339761],[122.683025,12.339942]]],[[[122.683025,12.339942],[122.682841,12.340123],[122.683025,12.340123],[122.683025,12.339942]]],[[[122.55389,12.340123],[122.553722,12.340022],[122.553619,12.340123],[122.55389,12.340123]]],[[[122.553521,12.340304],[122.553483,12.340246],[122.553425,12.340303],[122.553521,12.340304]]],[[[122.682841,12.340123],[122.682657,12.340304],[122.682841,12.340304],[122.682841,12.340123]]],[[[122.553337,12.340484],[122.5533,12.34047],[122.553286,12.340484],[122.553337,12.340484]]],[[[122.553153,12.340665],[122.553141,12.340649],[122.553128,12.340665],[122.553153,12.340665]]],[[[122.682473,12.340665],[122.682657,12.340484],[122.682473,12.340484],[122.682473,12.340665]]],[[[122.682473,12.340665],[122.682289,12.340846],[122.682473,12.340846],[122.682473,12.340665]]],[[[122.552968,12.341026],[122.552942,12.340993],[122.552936,12.341026],[122.552968,12.341026]]],[[[122.682289,12.340846],[122.682104,12.341026],[122.682288,12.341027],[122.682289,12.340846]]],[[[122.68192,12.341388],[122.682104,12.341207],[122.68192,12.341207],[122.68192,12.341388]]],[[[122.684863,12.34121],[122.684679,12.341391],[122.684863,12.341391],[122.684863,12.34121]]],[[[122.68192,12.341388],[122.681736,12.341569],[122.68192,12.341569],[122.68192,12.341388]]],[[[122.684679,12.341753],[122.684495,12.341572],[122.684311,12.341752],[122.684679,12.341753]]],[[[122.681551,12.34193],[122.681736,12.341749],[122.681552,12.341749],[122.681551,12.34193]]],[[[122.684311,12.341933],[122.683943,12.341752],[122.683943,12.341933],[122.684311,12.341933]]],[[[122.685047,12.341211],[122.685783,12.341212],[122.68615,12.341935],[122.685967,12.341031],[122.685047,12.341211]]],[[[122.683943,12.341933],[122.683759,12.342113],[122.683943,12.342114],[122.683943,12.341933]]],[[[122.683759,12.342113],[122.683575,12.342294],[122.683758,12.342294],[122.683759,12.342113]]],[[[122.552782,12.342473],[122.552762,12.342388],[122.552731,12.342473],[122.552782,12.342473]]],[[[122.683575,12.342294],[122.68339,12.342475],[122.683574,12.342475],[122.683575,12.342294]]],[[[122.686209,12.342297],[122.68615,12.342478],[122.686185,12.342478],[122.686209,12.342297]]],[[[122.681367,12.34193],[122.681551,12.342473],[122.682286,12.342654],[122.682287,12.342293],[122.681367,12.34193]]],[[[122.682286,12.342654],[122.68247,12.342835],[122.68247,12.342655],[122.682286,12.342654]]],[[[122.683206,12.342836],[122.68339,12.342656],[122.683206,12.342655],[122.683206,12.342836]]],[[[122.683206,12.343017],[122.68247,12.342835],[122.68247,12.343016],[122.683206,12.343017]]],[[[122.686042,12.344467],[122.685963,12.34501],[122.686004,12.34501],[122.686042,12.344467]]],[[[122.552778,12.345005],[122.552736,12.34515],[122.552777,12.345235],[122.552778,12.345005]]],[[[122.552961,12.345548],[122.552955,12.345549],[122.552961,12.345576],[122.552961,12.345548]]],[[[122.55296,12.346153],[122.552905,12.346462],[122.552852,12.346633],[122.552959,12.346633],[122.55296,12.346153]]],[[[122.685961,12.346095],[122.685777,12.346637],[122.685961,12.346638],[122.685961,12.346095]]],[[[122.552774,12.346994],[122.552756,12.346972],[122.552753,12.346994],[122.552774,12.346994]]],[[[122.685408,12.34736],[122.685776,12.347542],[122.685776,12.346999],[122.685408,12.34736]]],[[[122.685591,12.347903],[122.685775,12.348265],[122.685775,12.347903],[122.685591,12.347903]]],[[[122.552036,12.348621],[122.551984,12.348517],[122.551932,12.34862],[122.552036,12.348621]]],[[[122.551851,12.349163],[122.551789,12.349024],[122.55171,12.349163],[122.551851,12.349163]]],[[[122.685959,12.348446],[122.685774,12.34935],[122.685958,12.34935],[122.685959,12.348446]]],[[[122.551482,12.349524],[122.551667,12.349343],[122.551667,12.349231],[122.551482,12.349524]]],[[[122.551482,12.349705],[122.55134,12.349637],[122.551298,12.349705],[122.551482,12.349705]]],[[[122.551298,12.349885],[122.55117,12.349857],[122.551151,12.349885],[122.551298,12.349885]]],[[[122.685773,12.349893],[122.685589,12.350073],[122.685773,12.350074],[122.685773,12.349893]]],[[[122.551113,12.350066],[122.550951,12.350247],[122.551113,12.350247],[122.551113,12.350066]]],[[[122.550929,12.350608],[122.550864,12.350521],[122.550841,12.350608],[122.550929,12.350608]]],[[[122.685404,12.350616],[122.68522,12.350796],[122.685404,12.350797],[122.685404,12.350616]]],[[[122.55056,12.35115],[122.550509,12.351089],[122.550438,12.35115],[122.55056,12.35115]]],[[[122.685036,12.351158],[122.68522,12.350977],[122.685036,12.350977],[122.685036,12.351158]]],[[[122.550375,12.351331],[122.550295,12.351259],[122.550228,12.351331],[122.550375,12.351331]]],[[[122.550191,12.351511],[122.550059,12.351491],[122.550045,12.351511],[122.550191,12.351511]]],[[[122.550007,12.351692],[122.549954,12.351651],[122.549918,12.351692],[122.550007,12.351692]]],[[[122.685036,12.351158],[122.684851,12.351881],[122.685035,12.351881],[122.685036,12.351158]]],[[[122.549822,12.352053],[122.549759,12.351922],[122.549655,12.352053],[122.549822,12.352053]]],[[[122.549638,12.352234],[122.549536,12.352159],[122.549426,12.352233],[122.549638,12.352234]]],[[[122.54927,12.352414],[122.549168,12.352369],[122.549107,12.352414],[122.54927,12.352414]]],[[[122.549086,12.352434],[122.548901,12.352937],[122.548901,12.353137],[122.549085,12.353137],[122.549086,12.352434]]],[[[122.548164,12.353678],[122.5489,12.353679],[122.5489,12.353318],[122.548164,12.353317],[122.548164,12.353678]]],[[[122.54798,12.353859],[122.547612,12.353677],[122.547612,12.353858],[122.54798,12.353859]]],[[[122.547612,12.353858],[122.547427,12.354039],[122.547611,12.354039],[122.547612,12.353858]]],[[[122.547427,12.354039],[122.547243,12.354219],[122.547427,12.35422],[122.547427,12.354039]]],[[[122.547243,12.3544],[122.546922,12.354224],[122.546875,12.3544],[122.547243,12.3544]]],[[[122.546751,12.354399],[122.546524,12.354639],[122.546322,12.355122],[122.54669,12.354942],[122.546751,12.354399]]],[[[122.546322,12.355122],[122.546137,12.355303],[122.546321,12.355303],[122.546322,12.355122]]],[[[122.546137,12.355664],[122.546058,12.355431],[122.546001,12.355664],[122.546137,12.355664]]],[[[122.545768,12.356387],[122.545953,12.355845],[122.545951,12.355845],[122.545768,12.356387]]],[[[122.545767,12.356568],[122.545583,12.35653],[122.545583,12.356568],[122.545767,12.356568]]],[[[122.545583,12.356749],[122.54546,12.356689],[122.545399,12.356748],[122.545583,12.356749]]],[[[122.545215,12.356928],[122.545214,12.356929],[122.545215,12.356929],[122.545215,12.356928]]],[[[122.544662,12.357502],[122.544647,12.357526],[122.544662,12.357558],[122.544662,12.357502]]],[[[122.544477,12.358013],[122.54445,12.357977],[122.54442,12.358013],[122.544477,12.358013]]],[[[122.544293,12.358193],[122.544287,12.358187],[122.54428,12.358193],[122.544293,12.358193]]],[[[122.544109,12.358374],[122.544102,12.358367],[122.544097,12.358374],[122.544109,12.358374]]],[[[122.543555,12.359096],[122.543482,12.359063],[122.543466,12.359096],[122.543555,12.359096]]],[[[122.542948,12.359457],[122.542656,12.359726],[122.542591,12.359818],[122.543002,12.359819],[122.542948,12.359457]]],[[[122.543554,12.35982],[122.543371,12.359458],[122.54337,12.359819],[122.543554,12.35982]]],[[[122.54245,12.359999],[122.542427,12.359978],[122.542405,12.359999],[122.54245,12.359999]]],[[[122.542266,12.360179],[122.542223,12.360141],[122.542172,12.360179],[122.542266,12.360179]]],[[[122.543186,12.36],[122.543001,12.360361],[122.543185,12.360362],[122.543186,12.36]]],[[[122.541713,12.360721],[122.541655,12.360653],[122.541618,12.360721],[122.541713,12.360721]]],[[[122.541529,12.360901],[122.541481,12.360858],[122.541451,12.360901],[122.541529,12.360901]]],[[[122.541344,12.361082],[122.541292,12.361028],[122.541237,12.361082],[122.541344,12.361082]]],[[[122.54116,12.361443],[122.540993,12.361353],[122.540976,12.361443],[122.54116,12.361443]]],[[[122.543554,12.360001],[122.543184,12.361085],[122.544103,12.361448],[122.543736,12.361086],[122.543922,12.360001],[122.543554,12.360001]]],[[[122.540791,12.361805],[122.540771,12.361717],[122.540688,12.361804],[122.540791,12.361805]]],[[[122.540607,12.362166],[122.54045,12.362045],[122.540316,12.362165],[122.540607,12.362166]]],[[[122.540238,12.362346],[122.540079,12.36231],[122.53987,12.362346],[122.540238,12.362346]]],[[[122.538999,12.362396],[122.539686,12.362526],[122.539686,12.362345],[122.538999,12.362396]]],[[[122.53895,12.362706],[122.538766,12.362886],[122.53895,12.362887],[122.53895,12.362706]]],[[[122.539867,12.364154],[122.540053,12.363431],[122.5395,12.363611],[122.539867,12.364154]]],[[[122.538597,12.362886],[122.537661,12.363372],[122.538213,12.363428],[122.538211,12.364332],[122.538763,12.364333],[122.538597,12.362886]]],[[[122.538211,12.364332],[122.538027,12.364513],[122.538211,12.364513],[122.538211,12.364332]]],[[[122.538027,12.364513],[122.537843,12.364693],[122.538027,12.364694],[122.538027,12.364513]]],[[[122.538579,12.364333],[122.538394,12.364875],[122.538578,12.364875],[122.538579,12.364333]]],[[[122.536002,12.365052],[122.535635,12.364963],[122.535634,12.365051],[122.536002,12.365052]]],[[[122.535634,12.365232],[122.534714,12.365411],[122.534713,12.365773],[122.535634,12.365232]]],[[[122.536001,12.365594],[122.535817,12.365775],[122.536001,12.365775],[122.536001,12.365594]]],[[[122.53821,12.364875],[122.537289,12.365597],[122.53729,12.365054],[122.537842,12.364874],[122.537291,12.364692],[122.537661,12.363427],[122.536003,12.364814],[122.536739,12.364872],[122.537105,12.365958],[122.538209,12.365598],[122.53821,12.364875]]],[[[122.690612,12.366844],[122.69098,12.366663],[122.690981,12.366302],[122.690612,12.366844]]],[[[122.685093,12.366838],[122.684909,12.367199],[122.685093,12.367199],[122.685093,12.366838]]],[[[122.684667,12.351881],[122.684298,12.352785],[122.684849,12.352966],[122.684847,12.354956],[122.685949,12.356585],[122.685948,12.357489],[122.688155,12.357492],[122.688889,12.35912],[122.687785,12.359842],[122.686495,12.36165],[122.685391,12.36201],[122.687045,12.362916],[122.687228,12.363765],[122.686015,12.364849],[122.686012,12.367743],[122.68454,12.368103],[122.683985,12.370273],[122.686192,12.370818],[122.687664,12.370639],[122.687848,12.371001],[122.687849,12.370277],[122.686929,12.370276],[122.686194,12.369371],[122.686011,12.368286],[122.686932,12.367744],[122.688217,12.370278],[122.689506,12.36847],[122.689323,12.367928],[122.688587,12.367927],[122.688588,12.367384],[122.689877,12.3663],[122.68951,12.365215],[122.687779,12.364545],[122.687413,12.362917],[122.68631,12.362011],[122.686862,12.362012],[122.688152,12.360747],[122.689257,12.359482],[122.689442,12.358578],[122.68834,12.356768],[122.686869,12.356586],[122.685399,12.354776],[122.685769,12.353329],[122.686872,12.353511],[122.687239,12.354416],[122.687975,12.354236],[122.686691,12.351522],[122.685955,12.351521],[122.68577,12.352606],[122.68485,12.352605],[122.684667,12.351881]]],[[[122.687303,12.365032],[122.686383,12.36503],[122.686198,12.365935],[122.686566,12.366116],[122.687303,12.365032]]],[[[122.687301,12.366478],[122.686382,12.366296],[122.686381,12.366839],[122.687116,12.367202],[122.687301,12.366478]]],[[[122.687664,12.371181],[122.687479,12.371362],[122.687663,12.371362],[122.687664,12.371181]]],[[[122.526793,12.371185],[122.526609,12.371366],[122.526793,12.371366],[122.526793,12.371185]]],[[[122.687479,12.371543],[122.687295,12.371723],[122.687468,12.371724],[122.687479,12.371543]]],[[[122.520353,12.371838],[122.520904,12.371898],[122.520905,12.371717],[122.520353,12.371838]]],[[[122.520352,12.372078],[122.520168,12.371993],[122.520168,12.372078],[122.520352,12.372078]]],[[[122.520904,12.371898],[122.521272,12.37208],[122.521272,12.371973],[122.520904,12.371898]]],[[[122.687295,12.371904],[122.687111,12.372085],[122.687277,12.372085],[122.687295,12.371904]]],[[[122.521824,12.372262],[122.52164,12.37208],[122.52164,12.372261],[122.521824,12.372262]]],[[[122.68711,12.372266],[122.686926,12.372446],[122.68709,12.372447],[122.68711,12.372266]]],[[[122.534529,12.365773],[122.531769,12.36613],[122.530847,12.367394],[122.531213,12.368299],[122.529925,12.368659],[122.528634,12.370646],[122.527898,12.370283],[122.527101,12.370824],[122.526793,12.371185],[122.527897,12.371006],[122.527344,12.371729],[122.52624,12.371727],[122.526355,12.371365],[122.5244,12.372085],[122.527159,12.372452],[122.528447,12.372092],[122.528816,12.371731],[122.528449,12.371007],[122.529186,12.370104],[122.530292,12.369021],[122.531581,12.368661],[122.532319,12.367397],[122.532136,12.366673],[122.532504,12.366493],[122.532871,12.367217],[122.533423,12.367218],[122.533608,12.366495],[122.534713,12.366135],[122.534529,12.365773]]],[[[122.519615,12.372619],[122.519541,12.372602],[122.519518,12.372619],[122.519615,12.372619]]],[[[122.519431,12.3728],[122.519343,12.372771],[122.519287,12.3728],[122.519431,12.3728]]],[[[122.686926,12.372627],[122.686742,12.372808],[122.686905,12.372808],[122.686926,12.372627]]],[[[122.519063,12.37298],[122.519247,12.372823],[122.519063,12.372942],[122.519063,12.37298]]],[[[122.519062,12.373161],[122.518879,12.373057],[122.518878,12.373161],[122.519062,12.373161]]],[[[122.518878,12.373161],[122.518694,12.373341],[122.518878,12.373342],[122.518878,12.373161]]],[[[122.686741,12.372989],[122.686557,12.37335],[122.686678,12.37335],[122.686741,12.372989]]],[[[122.518694,12.373522],[122.518326,12.373423],[122.518326,12.373521],[122.518694,12.373522]]],[[[122.514095,12.373363],[122.514646,12.373696],[122.514647,12.373334],[122.514095,12.373363]]],[[[122.516302,12.373518],[122.518141,12.373702],[122.518142,12.373521],[122.516302,12.373518]]],[[[122.686557,12.373531],[122.686372,12.373893],[122.686457,12.373893],[122.686557,12.373531]]],[[[122.686372,12.374073],[122.686188,12.374435],[122.686252,12.374435],[122.686372,12.374073]]],[[[122.686188,12.374616],[122.686003,12.374977],[122.686053,12.374977],[122.686188,12.374616]]],[[[122.685958,12.375339],[122.685818,12.375701],[122.68586,12.375701],[122.685958,12.375339]]],[[[122.685818,12.375881],[122.685634,12.376243],[122.685734,12.376243],[122.685818,12.375881]]],[[[122.685633,12.376605],[122.685448,12.377328],[122.685545,12.377328],[122.685633,12.376605]]],[[[122.507645,12.378747],[122.508382,12.378387],[122.507646,12.378205],[122.507645,12.378747]]],[[[122.685445,12.380583],[122.685448,12.378051],[122.685264,12.378051],[122.685077,12.380402],[122.685445,12.380583]]],[[[122.501945,12.380184],[122.501938,12.380726],[122.502674,12.380908],[122.502491,12.380185],[122.501945,12.380184]]],[[[122.516118,12.373698],[122.514645,12.374419],[122.514094,12.373695],[122.513174,12.373693],[122.513172,12.374597],[122.514644,12.374781],[122.515561,12.376229],[122.513534,12.377853],[122.513165,12.378757],[122.512244,12.379117],[122.512057,12.380925],[122.512428,12.379298],[122.513348,12.378938],[122.514086,12.378035],[122.514637,12.37876],[122.515373,12.378761],[122.515376,12.377133],[122.516299,12.374965],[122.516118,12.373698]]],[[[122.514092,12.374599],[122.513909,12.374237],[122.513541,12.374236],[122.514092,12.374599]]],[[[122.685444,12.380764],[122.685628,12.381126],[122.685628,12.380764],[122.685444,12.380764]]],[[[122.51224,12.381287],[122.512425,12.381107],[122.512241,12.381107],[122.51224,12.381287]]],[[[122.685628,12.381126],[122.685811,12.381488],[122.685812,12.381126],[122.685628,12.381126]]],[[[122.512976,12.38147],[122.512791,12.38165],[122.512975,12.38165],[122.512976,12.38147]]],[[[122.685811,12.381488],[122.685995,12.381669],[122.685995,12.381488],[122.685811,12.381488]]],[[[122.685995,12.381669],[122.686179,12.38185],[122.686179,12.381669],[122.685995,12.381669]]],[[[122.686547,12.382032],[122.686363,12.38185],[122.686363,12.382031],[122.686547,12.382032]]],[[[122.686547,12.382032],[122.686914,12.382213],[122.686915,12.382132],[122.686547,12.382032]]],[[[122.686914,12.382213],[122.687098,12.382394],[122.687098,12.382246],[122.686914,12.382213]]],[[[122.687282,12.382575],[122.687405,12.382506],[122.687282,12.382404],[122.687282,12.382575]]],[[[122.687466,12.382575],[122.68762,12.382756],[122.687478,12.382575],[122.687466,12.382575]]],[[[122.687695,12.38287],[122.68765,12.382937],[122.687735,12.382937],[122.687695,12.38287]]],[[[122.687853,12.383106],[122.687833,12.383118],[122.687863,12.383118],[122.687853,12.383106]]],[[[122.688581,12.384009],[122.688568,12.384023],[122.688589,12.384023],[122.688581,12.384009]]],[[[122.689122,12.38456],[122.689119,12.384567],[122.689129,12.384567],[122.689122,12.38456]]],[[[122.689671,12.38511],[122.689807,12.385095],[122.689671,12.385005],[122.689671,12.38511]]],[[[122.506347,12.384532],[122.506897,12.385257],[122.507265,12.385257],[122.507083,12.384534],[122.506347,12.384532]]],[[[122.690039,12.385291],[122.689854,12.385472],[122.690038,12.385472],[122.690039,12.385291]]],[[[122.504504,12.385976],[122.503955,12.384528],[122.50009,12.385244],[122.501193,12.385608],[122.502298,12.385248],[122.501745,12.38579],[122.502296,12.386152],[122.504504,12.385976]]],[[[122.690122,12.385834],[122.690038,12.386195],[122.690212,12.386196],[122.690122,12.385834]]],[[[122.504504,12.386157],[122.504687,12.386338],[122.504688,12.386157],[122.504504,12.386157]]],[[[122.504687,12.386338],[122.504871,12.386519],[122.504871,12.386338],[122.504687,12.386338]]],[[[122.504871,12.386519],[122.505055,12.3867],[122.505055,12.386519],[122.504871,12.386519]]],[[[122.690318,12.386557],[122.690221,12.386738],[122.690373,12.386738],[122.690318,12.386557]]],[[[122.505055,12.3867],[122.505238,12.387062],[122.505239,12.3867],[122.505055,12.3867]]],[[[122.690456,12.386919],[122.690404,12.3871],[122.690556,12.3871],[122.690456,12.386919]]],[[[122.505238,12.387062],[122.505421,12.387424],[122.505422,12.387062],[122.505238,12.387062]]],[[[122.505421,12.387424],[122.505605,12.387605],[122.505605,12.387425],[122.505421,12.387424]]],[[[122.690628,12.387281],[122.690588,12.387643],[122.690764,12.387643],[122.690628,12.387281]]],[[[122.505605,12.387605],[122.505789,12.387787],[122.505789,12.387606],[122.505605,12.387605]]],[[[122.505789,12.387787],[122.505972,12.387968],[122.505973,12.387787],[122.505789,12.387787]]],[[[122.690837,12.387824],[122.690771,12.388005],[122.690914,12.388005],[122.690837,12.387824]]],[[[122.505972,12.387968],[122.506156,12.388149],[122.506156,12.387968],[122.505972,12.387968]]],[[[122.690954,12.388909],[122.691065,12.388367],[122.690955,12.388367],[122.690954,12.388909]]],[[[122.691299,12.38891],[122.691138,12.389271],[122.691322,12.389271],[122.691299,12.38891]]],[[[122.691322,12.389271],[122.691506,12.389452],[122.69148,12.389272],[122.691322,12.389271]]],[[[122.473211,12.389653],[122.47321,12.389655],[122.473212,12.389655],[122.473211,12.389653]]],[[[122.473394,12.389655],[122.47326,12.389546],[122.473283,12.389655],[122.473394,12.389655]]],[[[122.691577,12.389453],[122.691505,12.389814],[122.691689,12.389814],[122.691577,12.389453]]],[[[122.473788,12.389804],[122.473762,12.389837],[122.473819,12.389837],[122.473788,12.389804]]],[[[122.471738,12.390014],[122.471593,12.389949],[122.471504,12.390013],[122.471738,12.390014]]],[[[122.474498,12.390019],[122.474314,12.389959],[122.474314,12.390019],[122.474498,12.390019]]],[[[122.489584,12.390048],[122.490138,12.389145],[122.491427,12.388785],[122.493818,12.389152],[122.494926,12.386983],[122.497502,12.386807],[122.498054,12.386627],[122.497871,12.386265],[122.498422,12.386628],[122.498985,12.385725],[122.499905,12.385606],[122.499172,12.384157],[122.500647,12.382351],[122.49677,12.384816],[122.497136,12.385902],[122.494559,12.386621],[122.493451,12.388789],[122.492164,12.388244],[122.490139,12.388602],[122.489402,12.389324],[122.489584,12.390048]]],[[[122.474722,12.390177],[122.474681,12.3902],[122.474776,12.390201],[122.474722,12.390177]]],[[[122.691872,12.390357],[122.691689,12.389995],[122.691689,12.390357],[122.691872,12.390357]]],[[[122.475233,12.390382],[122.475211,12.390361],[122.475049,12.390292],[122.475049,12.390382],[122.475233,12.390382]]],[[[122.691872,12.390357],[122.692056,12.390538],[122.692056,12.390357],[122.691872,12.390357]]],[[[122.471001,12.390543],[122.470983,12.390555],[122.471001,12.390555],[122.471001,12.390543]]],[[[122.475968,12.390565],[122.475785,12.39047],[122.475784,12.390564],[122.475968,12.390565]]],[[[122.470817,12.390659],[122.470695,12.390735],[122.470817,12.390735],[122.470817,12.390659]]],[[[122.47652,12.390746],[122.476152,12.390565],[122.476152,12.390746],[122.47652,12.390746]]],[[[122.69224,12.3909],[122.692056,12.390719],[122.692056,12.3909],[122.69224,12.3909]]],[[[122.470448,12.390886],[122.470401,12.390915],[122.470448,12.390916],[122.470448,12.390886]]],[[[122.47652,12.390746],[122.476888,12.390928],[122.476888,12.390747],[122.47652,12.390746]]],[[[122.47008,12.391096],[122.470074,12.391079],[122.470025,12.391096],[122.47008,12.391096]]],[[[122.476888,12.390928],[122.477807,12.391111],[122.477808,12.39093],[122.476888,12.390928]]],[[[122.69242,12.3909],[122.692239,12.391262],[122.692423,12.391262],[122.69242,12.3909]]],[[[122.469712,12.391276],[122.469528,12.391223],[122.469528,12.391275],[122.469712,12.391276]]],[[[122.477807,12.391111],[122.478175,12.391292],[122.478175,12.391111],[122.477807,12.391111]]],[[[122.469343,12.391456],[122.468975,12.391402],[122.468975,12.391455],[122.469343,12.391456]]],[[[122.468423,12.391588],[122.468791,12.391636],[122.468791,12.391471],[122.468423,12.391588]]],[[[122.478358,12.391654],[122.478174,12.391473],[122.478174,12.391654],[122.478358,12.391654]]],[[[122.481305,12.390213],[122.479463,12.390933],[122.479094,12.391656],[122.480752,12.390755],[122.482591,12.39112],[122.482776,12.390758],[122.482225,12.390215],[122.483146,12.389493],[122.484984,12.39022],[122.483699,12.388771],[122.48444,12.386602],[122.485176,12.386603],[122.485724,12.388232],[122.487379,12.388778],[122.487928,12.390226],[122.4894,12.390048],[122.489032,12.390047],[122.489034,12.389504],[122.488666,12.389504],[122.488665,12.390046],[122.488113,12.389864],[122.488851,12.3886],[122.488669,12.387514],[122.485726,12.387509],[122.485698,12.386062],[122.483703,12.386781],[122.483149,12.388046],[122.483331,12.389132],[122.481309,12.387862],[122.480018,12.389487],[122.481305,12.390213]],[[122.481489,12.390213],[122.481672,12.390395],[122.481488,12.390394],[122.481489,12.390213]],[[122.481672,12.390395],[122.481856,12.390576],[122.481672,12.390575],[122.481672,12.390395]]],[[[122.512056,12.381287],[122.511321,12.381105],[122.511874,12.380202],[122.511511,12.37785],[122.510407,12.377848],[122.510037,12.378751],[122.50875,12.378568],[122.507826,12.380556],[122.507823,12.382365],[122.508373,12.383451],[122.509292,12.383814],[122.509657,12.385262],[122.509104,12.385622],[122.508917,12.38725],[122.507812,12.38779],[122.507811,12.388695],[122.508729,12.389781],[122.507625,12.389779],[122.507076,12.388331],[122.506156,12.388149],[122.506337,12.389596],[122.506891,12.388874],[122.50744,12.38996],[122.511485,12.391776],[122.511853,12.391415],[122.510015,12.390869],[122.50873,12.389058],[122.510018,12.389241],[122.510019,12.388699],[122.5091,12.388154],[122.511679,12.38617],[122.510762,12.384721],[122.510582,12.382731],[122.509846,12.382549],[122.50948,12.381644],[122.510401,12.380922],[122.510952,12.381466],[122.512056,12.381287]]],[[[122.510405,12.378571],[122.511142,12.378392],[122.510406,12.37821],[122.510405,12.378571]]],[[[122.478358,12.391654],[122.478542,12.391835],[122.478542,12.391655],[122.478358,12.391654]]],[[[122.479094,12.391656],[122.47891,12.391836],[122.479094,12.391837],[122.479094,12.391656]]],[[[122.478542,12.391835],[122.478725,12.392017],[122.478726,12.391836],[122.478542,12.391835]]],[[[122.467134,12.392175],[122.466919,12.391994],[122.466496,12.392174],[122.467134,12.392175]]],[[[122.46419,12.39235],[122.464006,12.392324],[122.464006,12.39235],[122.46419,12.39235]]],[[[122.465478,12.392344],[122.465194,12.392171],[122.464926,12.392319],[122.464926,12.392352],[122.465478,12.392344]]],[[[122.467134,12.392175],[122.467317,12.392356],[122.467318,12.392175],[122.467134,12.392175]]],[[[122.468423,12.391816],[122.467687,12.391814],[122.467685,12.392357],[122.468423,12.391816]]],[[[122.463821,12.39253],[122.463638,12.392476],[122.463637,12.39253],[122.463821,12.39253]]],[[[122.467685,12.392357],[122.467501,12.392537],[122.467685,12.392538],[122.467685,12.392357]]],[[[122.46235,12.392527],[122.462165,12.392708],[122.462349,12.392708],[122.46235,12.392527]]],[[[122.461797,12.392888],[122.461613,12.392844],[122.461613,12.392888],[122.461797,12.392888]]],[[[122.461428,12.393068],[122.461244,12.393249],[122.461428,12.393249],[122.461428,12.393068]]],[[[122.692973,12.393433],[122.692605,12.393613],[122.692973,12.393614],[122.692973,12.393433]]],[[[122.458483,12.393786],[122.458558,12.393748],[122.458483,12.393759],[122.458483,12.393786]]],[[[122.460139,12.393608],[122.460691,12.39379],[122.460691,12.393609],[122.460139,12.393608]]],[[[122.460139,12.39397],[122.459954,12.39415],[122.460138,12.394151],[122.460139,12.39397]]],[[[122.459035,12.393968],[122.45885,12.394329],[122.459034,12.394329],[122.459035,12.393968]]],[[[122.459954,12.394331],[122.459586,12.39415],[122.459586,12.39433],[122.459954,12.394331]]],[[[122.455415,12.394503],[122.455234,12.394436],[122.45517,12.394443],[122.45517,12.394502],[122.455415,12.394503]]],[[[122.459586,12.39433],[122.459402,12.394511],[122.459586,12.394511],[122.459586,12.39433]]],[[[122.459034,12.39451],[122.458849,12.394691],[122.459033,12.394691],[122.459034,12.39451]]],[[[122.453328,12.395584],[122.453144,12.395575],[122.453144,12.395583],[122.453328,12.395584]]],[[[122.452959,12.395764],[122.452903,12.395724],[122.452844,12.395764],[122.452959,12.395764]]],[[[122.451302,12.396484],[122.451486,12.396304],[122.451379,12.396303],[122.451302,12.396484]]],[[[122.451302,12.396665],[122.451118,12.396606],[122.451118,12.396665],[122.451302,12.396665]]],[[[122.450749,12.397025],[122.450933,12.396845],[122.450749,12.396851],[122.450749,12.397025]]],[[[122.450749,12.397025],[122.450565,12.397206],[122.450749,12.397206],[122.450749,12.397025]]],[[[122.450012,12.397567],[122.450196,12.397386],[122.450012,12.397441],[122.450012,12.397567]]],[[[122.450012,12.397567],[122.45,12.397747],[122.450011,12.397747],[122.450012,12.397567]]],[[[122.697015,12.397959],[122.69688,12.397942],[122.69684,12.397959],[122.697015,12.397959]]],[[[122.692423,12.391443],[122.69187,12.392347],[122.690214,12.392164],[122.690028,12.394515],[122.690947,12.395058],[122.690946,12.395782],[122.690392,12.39759],[122.689104,12.397588],[122.689839,12.398494],[122.689285,12.399759],[122.690206,12.399579],[122.690023,12.398313],[122.691682,12.395783],[122.691683,12.394698],[122.690213,12.393792],[122.690398,12.392345],[122.691133,12.393069],[122.692237,12.39307],[122.692606,12.392347],[122.693526,12.39271],[122.692423,12.391443]]],[[[122.689285,12.399759],[122.689101,12.39994],[122.689285,12.39994],[122.689285,12.399759]]],[[[122.689101,12.39994],[122.688917,12.40012],[122.689101,12.40012],[122.689101,12.39994]]],[[[122.688917,12.40012],[122.688733,12.400301],[122.688917,12.400301],[122.688917,12.40012]]],[[[122.698705,12.39977],[122.698669,12.400312],[122.698712,12.400312],[122.698705,12.39977]]],[[[122.688733,12.400482],[122.688365,12.4003],[122.688365,12.400481],[122.688733,12.400482]]],[[[122.698484,12.400674],[122.698484,12.400822],[122.698574,12.400674],[122.698484,12.400674]]],[[[122.687812,12.400662],[122.687628,12.400842],[122.687812,12.400842],[122.687812,12.400662]]],[[[122.68726,12.401023],[122.687444,12.400842],[122.68726,12.400842],[122.68726,12.401023]]],[[[122.686523,12.401564],[122.685972,12.401383],[122.685971,12.401564],[122.686523,12.401564]]],[[[122.698299,12.401759],[122.698483,12.40186],[122.698483,12.401759],[122.698299,12.401759]]],[[[122.697485,12.402481],[122.697378,12.402662],[122.697439,12.402662],[122.697485,12.402481]]],[[[122.696825,12.403385],[122.696641,12.403565],[122.696825,12.403566],[122.696825,12.403385]]],[[[122.696457,12.403927],[122.696641,12.403746],[122.696457,12.403746],[122.696457,12.403927]]],[[[122.696457,12.403927],[122.696272,12.404108],[122.696456,12.404108],[122.696457,12.403927]]],[[[122.688181,12.400481],[122.687444,12.401204],[122.686524,12.401203],[122.686523,12.401926],[122.688731,12.401929],[122.688361,12.403375],[122.68505,12.40301],[122.685235,12.401744],[122.685971,12.401745],[122.685052,12.401382],[122.684131,12.402285],[122.684129,12.403732],[122.6856,12.404457],[122.688545,12.403918],[122.68965,12.402653],[122.689468,12.400844],[122.690757,12.400484],[122.691863,12.398677],[122.694255,12.398499],[122.693886,12.399583],[122.695357,12.399947],[122.695726,12.399585],[122.695359,12.398319],[122.696647,12.397959],[122.694256,12.397413],[122.693335,12.398136],[122.691495,12.398315],[122.690389,12.400303],[122.688181,12.400481]]],[[[122.696088,12.404469],[122.695903,12.405192],[122.696087,12.405192],[122.696088,12.404469]]],[[[122.695534,12.405734],[122.695719,12.405554],[122.695535,12.405554],[122.695534,12.405734]]],[[[122.695534,12.405734],[122.69535,12.405915],[122.695534,12.405915],[122.695534,12.405734]]],[[[122.69535,12.405915],[122.695166,12.406096],[122.69535,12.406096],[122.69535,12.405915]]],[[[122.69535,12.406458],[122.695165,12.406638],[122.695349,12.406639],[122.69535,12.406458]]],[[[122.695246,12.407543],[122.695164,12.407723],[122.695178,12.407723],[122.695246,12.407543]]],[[[122.694612,12.408265],[122.694427,12.408347],[122.694611,12.408334],[122.694612,12.408265]]],[[[122.694102,12.408446],[122.694059,12.408627],[122.694095,12.408627],[122.694102,12.408446]]],[[[122.693507,12.408807],[122.693323,12.408987],[122.693507,12.408988],[122.693507,12.408807]]],[[[122.693322,12.409168],[122.693138,12.409349],[122.693317,12.409347],[122.693322,12.409168]]],[[[122.69277,12.40971],[122.69277,12.409786],[122.692851,12.40971],[122.69277,12.40971]]],[[[122.692586,12.409891],[122.692401,12.409985],[122.692586,12.409899],[122.692586,12.409891]]],[[[122.691849,12.410071],[122.691665,12.410252],[122.691849,12.410252],[122.691849,12.410071]]],[[[122.691643,12.410613],[122.691481,12.410432],[122.691481,12.410613],[122.691643,12.410613]]],[[[122.691112,12.410974],[122.69056,12.411155],[122.691112,12.411155],[122.691112,12.410974]]],[[[122.689087,12.411695],[122.689824,12.411515],[122.68964,12.410973],[122.690193,12.410612],[122.689641,12.410611],[122.689087,12.411695]]],[[[122.688903,12.411695],[122.688719,12.411876],[122.688903,12.411876],[122.688903,12.411695]]],[[[122.688719,12.411876],[122.688535,12.412057],[122.688719,12.412057],[122.688719,12.411876]]],[[[122.688535,12.412057],[122.688351,12.412237],[122.688535,12.412237],[122.688535,12.412057]]],[[[122.688351,12.412237],[122.688166,12.412418],[122.68835,12.412418],[122.688351,12.412237]]],[[[122.688166,12.412418],[122.687982,12.412599],[122.688166,12.412599],[122.688166,12.412418]]],[[[122.687798,12.41296],[122.687614,12.413141],[122.687798,12.413141],[122.687798,12.41296]]],[[[122.687613,12.413322],[122.687429,12.413683],[122.687613,12.413683],[122.687613,12.413322]]],[[[122.687244,12.414225],[122.687429,12.413864],[122.687245,12.413864],[122.687244,12.414225]]],[[[122.687244,12.414225],[122.68706,12.414587],[122.687244,12.414587],[122.687244,12.414225]]],[[[122.68706,12.414587],[122.686875,12.414948],[122.687059,12.414949],[122.68706,12.414587]]],[[[122.687059,12.414949],[122.687243,12.41513],[122.687243,12.414949],[122.687059,12.414949]]],[[[122.687243,12.41513],[122.687611,12.415311],[122.687611,12.41513],[122.687243,12.41513]]],[[[122.688347,12.415312],[122.688163,12.415492],[122.688347,12.415493],[122.688347,12.415312]]],[[[122.6888,12.416759],[122.688713,12.41694],[122.688856,12.41694],[122.6888,12.416759]]],[[[122.6854,12.41784],[122.685032,12.418021],[122.6854,12.418021],[122.6854,12.41784]]],[[[122.684663,12.418201],[122.684848,12.418021],[122.684664,12.41802],[122.684663,12.418201]]],[[[122.685952,12.418022],[122.685767,12.418203],[122.685951,12.418203],[122.685952,12.418022]]],[[[122.687424,12.418205],[122.687424,12.418211],[122.687431,12.418205],[122.687424,12.418205]]],[[[122.684663,12.418201],[122.684479,12.418563],[122.684663,12.418563],[122.684663,12.418201]]],[[[122.687193,12.418385],[122.687063,12.418566],[122.687151,12.418566],[122.687193,12.418385]]],[[[122.684663,12.418563],[122.684847,12.418744],[122.684847,12.418563],[122.684663,12.418563]]],[[[122.686503,12.418565],[122.686319,12.418746],[122.686503,12.418746],[122.686503,12.418565]]],[[[122.686871,12.418566],[122.686687,12.418746],[122.686871,12.418743],[122.686871,12.418566]]],[[[122.684847,12.418744],[122.685031,12.418925],[122.685031,12.418744],[122.684847,12.418744]]],[[[122.685031,12.418925],[122.685398,12.419106],[122.685399,12.418926],[122.685031,12.418925]]],[[[122.685398,12.419106],[122.685582,12.419288],[122.685582,12.419107],[122.685398,12.419106]]],[[[122.685766,12.419288],[122.685581,12.420011],[122.685765,12.420011],[122.685766,12.419288]]],[[[122.685397,12.420553],[122.685212,12.420734],[122.685396,12.420734],[122.685397,12.420553]]],[[[122.685028,12.421096],[122.685212,12.420915],[122.685028,12.420915],[122.685028,12.421096]]],[[[122.685028,12.421096],[122.684844,12.421276],[122.685028,12.421276],[122.685028,12.421096]]],[[[122.684843,12.421457],[122.684659,12.421638],[122.684843,12.421638],[122.684843,12.421457]]],[[[122.684659,12.421819],[122.684475,12.421999],[122.684659,12.421999],[122.684659,12.421819]]],[[[122.684106,12.422541],[122.68429,12.422361],[122.684106,12.42236],[122.684106,12.422541]]],[[[122.684106,12.422541],[122.683922,12.422722],[122.684106,12.422722],[122.684106,12.422541]]],[[[122.683922,12.422722],[122.683738,12.422903],[122.683922,12.422903],[122.683922,12.422722]]],[[[122.683554,12.422902],[122.683369,12.423083],[122.683553,12.423083],[122.683554,12.422902]]],[[[122.683185,12.423083],[122.683001,12.423263],[122.683185,12.423264],[122.683185,12.423083]]],[[[122.682449,12.423625],[122.682633,12.423444],[122.682449,12.423444],[122.682449,12.423625]]],[[[122.682449,12.423625],[122.682264,12.423805],[122.682448,12.423805],[122.682449,12.423625]]],[[[122.682264,12.423805],[122.68208,12.423986],[122.682264,12.423986],[122.682264,12.423805]]],[[[122.68208,12.423986],[122.681896,12.424166],[122.68208,12.424167],[122.68208,12.423986]]],[[[122.683552,12.424349],[122.683368,12.42453],[122.683552,12.42453],[122.683552,12.424349]]],[[[122.684472,12.424531],[122.684288,12.424457],[122.684288,12.424531],[122.684472,12.424531]]],[[[122.682999,12.42471],[122.683184,12.42453],[122.683,12.424529],[122.682999,12.42471]]],[[[122.684656,12.424712],[122.684747,12.424608],[122.684656,12.424562],[122.684656,12.424712]]],[[[122.682999,12.42471],[122.682815,12.424891],[122.682999,12.424891],[122.682999,12.42471]]],[[[122.68484,12.424712],[122.685023,12.424894],[122.685023,12.424803],[122.68484,12.424712]]],[[[122.681527,12.42507],[122.681896,12.424347],[122.681343,12.424708],[122.681527,12.42507]]],[[[122.682815,12.424891],[122.682631,12.425072],[122.682815,12.425072],[122.682815,12.424891]]],[[[122.682631,12.425072],[122.682447,12.425252],[122.682631,12.425252],[122.682631,12.425072]]],[[[122.685184,12.425075],[122.685023,12.425255],[122.685174,12.425255],[122.685184,12.425075]]],[[[122.681895,12.425071],[122.682078,12.425433],[122.682079,12.425071],[122.681895,12.425071]]],[[[122.682447,12.425433],[122.682078,12.425614],[122.682078,12.425794],[122.682446,12.425795],[122.682447,12.425433]]],[[[122.685164,12.425617],[122.685022,12.425979],[122.685162,12.425979],[122.685164,12.425617]]],[[[122.684652,12.427244],[122.684468,12.427425],[122.684652,12.427425],[122.684652,12.427244]]],[[[122.684468,12.427606],[122.684284,12.427786],[122.684468,12.427787],[122.684468,12.427606]]],[[[122.684099,12.428148],[122.684284,12.427967],[122.6841,12.427967],[122.684099,12.428148]]],[[[122.684099,12.428148],[122.683915,12.428329],[122.684099,12.428329],[122.684099,12.428148]]],[[[122.683546,12.428871],[122.683731,12.42869],[122.683547,12.42869],[122.683546,12.428871]]],[[[122.685821,12.428747],[122.685387,12.42833],[122.686017,12.42815],[122.685204,12.427788],[122.685203,12.428873],[122.685821,12.428747]]],[[[122.683546,12.428871],[122.683362,12.429051],[122.683546,12.429052],[122.683546,12.428871]]],[[[122.684098,12.429233],[122.683913,12.429775],[122.684097,12.429776],[122.684098,12.429233]]],[[[122.683913,12.430137],[122.683729,12.430318],[122.683913,12.430318],[122.683913,12.430137]]],[[[122.683544,12.43086],[122.683728,12.430499],[122.683544,12.430498],[122.683544,12.43086]]],[[[122.683544,12.43086],[122.68336,12.431222],[122.683544,12.431222],[122.683544,12.43086]]],[[[122.683176,12.431221],[122.682623,12.431763],[122.682622,12.432125],[122.683359,12.431764],[122.683176,12.431221]]],[[[122.682622,12.432125],[122.682438,12.432306],[122.682622,12.432306],[122.682622,12.432125]]],[[[122.682438,12.432306],[122.682254,12.432667],[122.682438,12.432668],[122.682438,12.432306]]],[[[122.682254,12.432667],[122.682069,12.433029],[122.682253,12.433029],[122.682254,12.432667]]],[[[122.682069,12.433029],[122.681885,12.433209],[122.682069,12.43321],[122.682069,12.433029]]],[[[122.681885,12.433209],[122.681701,12.43339],[122.681885,12.43339],[122.681885,12.433209]]],[[[122.681516,12.433752],[122.681701,12.433571],[122.681517,12.433571],[122.681516,12.433752]]],[[[122.681516,12.433752],[122.681332,12.434113],[122.681516,12.434113],[122.681516,12.433752]]],[[[122.681516,12.434113],[122.6817,12.434294],[122.6817,12.434114],[122.681516,12.434113]]],[[[122.68133,12.435379],[122.681698,12.43556],[122.681699,12.434837],[122.68133,12.435379]]],[[[122.674705,12.435552],[122.674521,12.435914],[122.674705,12.435914],[122.674705,12.435552]]],[[[122.674889,12.435552],[122.67581,12.435192],[122.676177,12.435916],[122.676178,12.435192],[122.674891,12.434286],[122.674889,12.435552]]],[[[122.67452,12.436456],[122.674153,12.436094],[122.674152,12.436456],[122.67452,12.436456]]],[[[122.676361,12.436278],[122.676176,12.436458],[122.67636,12.436458],[122.676361,12.436278]]],[[[122.67452,12.436456],[122.674704,12.436637],[122.674704,12.436456],[122.67452,12.436456]]],[[[122.67636,12.43682],[122.676544,12.436639],[122.67636,12.436639],[122.67636,12.43682]]],[[[122.681329,12.436103],[122.680962,12.435921],[122.68096,12.437006],[122.681329,12.436103]]],[[[122.67636,12.43682],[122.675991,12.437543],[122.676359,12.437724],[122.67636,12.43682]]],[[[122.676359,12.437724],[122.676727,12.437906],[122.676727,12.437725],[122.676359,12.437724]]],[[[122.676727,12.437906],[122.67691,12.438087],[122.676911,12.437906],[122.676727,12.437906]]],[[[122.677462,12.438268],[122.677094,12.438087],[122.677094,12.438268],[122.677462,12.438268]]],[[[122.680223,12.438272],[122.680101,12.438406],[122.680223,12.438305],[122.680223,12.438272]]],[[[122.674704,12.436818],[122.675071,12.43718],[122.674701,12.438808],[122.674885,12.439169],[122.675623,12.437181],[122.674704,12.436818]]],[[[122.678933,12.439285],[122.679083,12.439174],[122.678933,12.439174],[122.678933,12.439285]]],[[[122.677646,12.438268],[122.677461,12.439353],[122.677645,12.439354],[122.677646,12.438268]]],[[[122.678749,12.439355],[122.678565,12.439536],[122.678749,12.439527],[122.678749,12.439355]]],[[[122.6747,12.439531],[122.674333,12.43935],[122.674332,12.439711],[122.6747,12.439531]]],[[[122.677829,12.439354],[122.677645,12.439715],[122.678381,12.439642],[122.677829,12.439354]]],[[[122.674332,12.439711],[122.674148,12.439892],[122.674332,12.439892],[122.674332,12.439711]]],[[[122.674148,12.439892],[122.673964,12.440073],[122.674148,12.440073],[122.674148,12.439892]]],[[[122.673964,12.440073],[122.673779,12.440253],[122.673963,12.440254],[122.673964,12.440073]]],[[[122.673779,12.440253],[122.673595,12.440434],[122.673779,12.440434],[122.673779,12.440253]]],[[[122.673595,12.440434],[122.673411,12.440615],[122.673595,12.440615],[122.673595,12.440434]]],[[[122.673411,12.440795],[122.673226,12.440976],[122.67341,12.440976],[122.673411,12.440795]]],[[[122.673226,12.441157],[122.673042,12.441518],[122.673226,12.441519],[122.673226,12.441157]]],[[[122.668073,12.441512],[122.667889,12.441693],[122.668073,12.441693],[122.668073,12.441512]]],[[[122.672489,12.44206],[122.672305,12.442241],[122.672489,12.442241],[122.672489,12.44206]]],[[[122.672304,12.442422],[122.67212,12.442602],[122.672304,12.442603],[122.672304,12.442422]]],[[[122.672119,12.443507],[122.671935,12.443687],[122.672119,12.443688],[122.672119,12.443507]]],[[[122.67175,12.444411],[122.671934,12.44423],[122.67175,12.44423],[122.67175,12.444411]]],[[[122.666965,12.444405],[122.667149,12.444586],[122.667149,12.444405],[122.666965,12.444405]]],[[[122.67175,12.444411],[122.671566,12.444591],[122.67175,12.444591],[122.67175,12.444411]]],[[[122.668989,12.444407],[122.669173,12.444769],[122.669173,12.444407],[122.668989,12.444407]]],[[[122.671198,12.444591],[122.670829,12.444771],[122.671197,12.444772],[122.671198,12.444591]]],[[[122.669173,12.444769],[122.669541,12.444951],[122.669541,12.44477],[122.669173,12.444769]]],[[[122.670645,12.444771],[122.670277,12.444951],[122.670645,12.444952],[122.670645,12.444771]]],[[[122.669173,12.445131],[122.668805,12.444769],[122.668804,12.44513],[122.669173,12.445131]]],[[[122.66715,12.444043],[122.667883,12.445853],[122.667884,12.445491],[122.668436,12.445492],[122.668254,12.443864],[122.668989,12.444407],[122.667888,12.441874],[122.667703,12.442778],[122.667151,12.442596],[122.667519,12.44332],[122.66623,12.44368],[122.666781,12.444405],[122.66715,12.444043]],[[122.667517,12.444586],[122.667701,12.444767],[122.667517,12.444767],[122.667517,12.444586]]],[[[122.667699,12.445853],[122.667515,12.446033],[122.667699,12.446033],[122.667699,12.445853]]],[[[122.667515,12.446214],[122.667331,12.446395],[122.667515,12.446395],[122.667515,12.446214]]],[[[122.667146,12.447118],[122.66733,12.446937],[122.667146,12.446937],[122.667146,12.447118]]],[[[122.666962,12.447118],[122.666409,12.447479],[122.666592,12.448202],[122.667145,12.44748],[122.666962,12.447118]]],[[[122.66696,12.448565],[122.666776,12.448745],[122.66696,12.448745],[122.66696,12.448565]]],[[[122.667143,12.448926],[122.666959,12.449107],[122.667143,12.449107],[122.667143,12.448926]]],[[[122.668428,12.451641],[122.668981,12.450737],[122.668616,12.448928],[122.667695,12.44947],[122.667143,12.449288],[122.667694,12.450193],[122.668614,12.450194],[122.668428,12.451641]]],[[[122.668244,12.452002],[122.667876,12.451821],[122.667875,12.452183],[122.668244,12.452002]]],[[[122.667875,12.452545],[122.667691,12.452363],[122.667138,12.452905],[122.667875,12.452545]]],[[[122.667138,12.453086],[122.666586,12.453086],[122.666586,12.453266],[122.667138,12.453086]]],[[[122.666586,12.453447],[122.666218,12.453266],[122.666217,12.453447],[122.666586,12.453447]]],[[[122.662349,12.456155],[122.662165,12.456336],[122.662349,12.456336],[122.662349,12.456155]]],[[[122.662901,12.456156],[122.662717,12.456336],[122.662901,12.456336],[122.662901,12.456156]]],[[[122.663269,12.456518],[122.663085,12.456337],[122.663085,12.456518],[122.663269,12.456518]]],[[[122.661796,12.456697],[122.661981,12.456516],[122.661797,12.456516],[122.661796,12.456697]]],[[[122.663269,12.456518],[122.663453,12.456699],[122.663453,12.456518],[122.663269,12.456518]]],[[[122.661796,12.456697],[122.661612,12.456877],[122.661796,12.456878],[122.661796,12.456697]]],[[[122.663636,12.457242],[122.663452,12.457603],[122.663636,12.457603],[122.663636,12.457242]]],[[[122.661428,12.456877],[122.661798,12.455792],[122.664006,12.455976],[122.664376,12.454168],[122.665665,12.453446],[122.664745,12.453445],[122.664378,12.45254],[122.663826,12.45272],[122.664007,12.455253],[122.663638,12.455614],[122.66235,12.455612],[122.661983,12.455069],[122.660879,12.454887],[122.660322,12.457961],[122.661428,12.456877]]],[[[122.663486,12.457609],[122.663302,12.45797],[122.663486,12.45797],[122.663486,12.457609]]],[[[122.663117,12.458332],[122.663302,12.458151],[122.663118,12.458151],[122.663117,12.458332]]],[[[122.663117,12.458332],[122.662933,12.458512],[122.663117,12.458513],[122.663117,12.458332]]],[[[122.662933,12.458512],[122.662749,12.458693],[122.662933,12.458693],[122.662933,12.458512]]],[[[122.662564,12.459054],[122.662749,12.458874],[122.662565,12.458874],[122.662564,12.459054]]],[[[122.662564,12.459054],[122.66238,12.459235],[122.662564,12.459235],[122.662564,12.459054]]],[[[122.66238,12.459416],[122.661644,12.459234],[122.661275,12.459595],[122.66238,12.459416]]],[[[122.661275,12.459776],[122.660907,12.459595],[122.660907,12.459776],[122.661275,12.459776]]],[[[122.660907,12.459776],[122.660723,12.460137],[122.660907,12.460138],[122.660907,12.459776]]],[[[122.66109,12.460319],[122.660906,12.460861],[122.66109,12.460861],[122.66109,12.460319]]],[[[122.660721,12.461222],[122.660905,12.461042],[122.660721,12.461042],[122.660721,12.461222]]],[[[122.659617,12.461402],[122.659801,12.461221],[122.659617,12.461221],[122.659617,12.461402]]],[[[122.660721,12.461403],[122.660353,12.461222],[122.660353,12.461403],[122.660721,12.461403]]],[[[122.661457,12.461223],[122.661273,12.461404],[122.661457,12.461404],[122.661457,12.461223]]],[[[122.662377,12.461225],[122.662009,12.461405],[122.662377,12.461405],[122.662377,12.461225]]],[[[122.660353,12.461584],[122.659985,12.461402],[122.659984,12.461583],[122.660353,12.461584]]],[[[122.663297,12.461407],[122.662561,12.461587],[122.663297,12.461587],[122.663297,12.461407]]],[[[122.664034,12.461407],[122.663849,12.461588],[122.664033,12.461588],[122.664034,12.461407]]],[[[122.660905,12.461584],[122.66072,12.461765],[122.660904,12.461765],[122.660905,12.461584]]],[[[122.666978,12.461592],[122.666242,12.461772],[122.666978,12.461773],[122.666978,12.461592]]],[[[122.668266,12.461594],[122.667714,12.461774],[122.668266,12.461774],[122.668266,12.461594]]],[[[122.668634,12.461775],[122.66845,12.461956],[122.668634,12.461956],[122.668634,12.461775]]],[[[122.659433,12.461402],[122.659065,12.461401],[122.658696,12.461943],[122.659064,12.462125],[122.659433,12.461402]]],[[[122.669002,12.462137],[122.668818,12.461956],[122.668818,12.462137],[122.669002,12.462137]]],[[[122.665321,12.462313],[122.665505,12.461952],[122.666058,12.461772],[122.665321,12.461771],[122.665321,12.462313]]],[[[122.669002,12.462137],[122.669186,12.462318],[122.669175,12.462137],[122.669002,12.462137]]],[[[122.665137,12.462313],[122.664952,12.462494],[122.665136,12.462494],[122.665137,12.462313]]],[[[122.669001,12.46268],[122.669185,12.462499],[122.669001,12.462499],[122.669001,12.46268]]],[[[122.669001,12.46268],[122.668817,12.46286],[122.669001,12.46286],[122.669001,12.46268]]],[[[122.668817,12.463041],[122.668264,12.46304],[122.668264,12.463221],[122.668817,12.463041]]],[[[122.667896,12.463402],[122.667712,12.463582],[122.667896,12.463583],[122.667896,12.463402]]],[[[122.667343,12.463763],[122.667528,12.463582],[122.667344,12.463582],[122.667343,12.463763]]],[[[122.667343,12.463944],[122.666975,12.463762],[122.666975,12.463943],[122.667343,12.463944]]],[[[122.666607,12.464124],[122.666791,12.463943],[122.666607,12.463943],[122.666607,12.464124]]],[[[122.666607,12.464124],[122.666422,12.464304],[122.666606,12.464304],[122.666607,12.464124]]],[[[122.666422,12.464304],[122.666238,12.464485],[122.666422,12.464485],[122.666422,12.464304]]],[[[122.662189,12.46448],[122.661821,12.46466],[122.662189,12.464661],[122.662189,12.46448]]],[[[122.666238,12.464666],[122.66587,12.464484],[122.66587,12.464665],[122.666238,12.464666]]],[[[122.66587,12.464846],[122.665502,12.464665],[122.665501,12.464846],[122.66587,12.464846]]],[[[122.661084,12.465202],[122.661268,12.465021],[122.661084,12.465021],[122.661084,12.465202]]],[[[122.661084,12.465202],[122.6609,12.465382],[122.661084,12.465383],[122.661084,12.465202]]],[[[122.665133,12.465026],[122.664581,12.464844],[122.66458,12.465522],[122.664821,12.465381],[122.665133,12.465026]]],[[[122.660899,12.465563],[122.660532,12.465382],[122.660531,12.465563],[122.660899,12.465563]]],[[[122.660347,12.465743],[122.660163,12.465562],[122.660163,12.465743],[122.660347,12.465743]]],[[[122.662557,12.46448],[122.663661,12.465205],[122.66366,12.465928],[122.664512,12.465568],[122.664028,12.465567],[122.663661,12.464662],[122.662557,12.46448]]],[[[122.660347,12.465743],[122.660531,12.466105],[122.660531,12.465744],[122.660347,12.465743]]],[[[122.653721,12.466459],[122.653722,12.465373],[122.652986,12.465372],[122.652433,12.466095],[122.652616,12.466638],[122.652985,12.465915],[122.653537,12.465916],[122.653721,12.466459]]],[[[122.65372,12.466639],[122.653904,12.46682],[122.653904,12.46664],[122.65372,12.466639]]],[[[122.66053,12.466829],[122.660715,12.466287],[122.66053,12.466286],[122.66053,12.466829]]],[[[122.652984,12.466819],[122.6528,12.467],[122.652984,12.467],[122.652984,12.466819]]],[[[122.660529,12.467191],[122.660345,12.46701],[122.660161,12.46719],[122.660529,12.467191]]],[[[122.652799,12.467542],[122.652983,12.467362],[122.652799,12.467362],[122.652799,12.467542]]],[[[122.653904,12.467001],[122.653535,12.467724],[122.654639,12.467907],[122.653903,12.467544],[122.653904,12.467001]]],[[[122.654639,12.467907],[122.654823,12.468088],[122.654823,12.467907],[122.654639,12.467907]]],[[[122.659977,12.46719],[122.659976,12.467913],[122.661265,12.467915],[122.661265,12.467553],[122.659977,12.46719]]],[[[122.655375,12.468088],[122.655007,12.468269],[122.655375,12.468269],[122.655375,12.468088]]],[[[122.66108,12.468096],[122.661448,12.468277],[122.661448,12.468096],[122.66108,12.468096]]],[[[122.656479,12.468271],[122.655927,12.468451],[122.656479,12.468451],[122.656479,12.468271]]],[[[122.657031,12.468452],[122.656847,12.468633],[122.657031,12.468633],[122.657031,12.468452]]],[[[122.661632,12.468277],[122.661448,12.468639],[122.661447,12.468899],[122.661632,12.468277]]],[[[122.657214,12.468995],[122.65703,12.468814],[122.65703,12.468995],[122.657214,12.468995]]],[[[122.657214,12.468995],[122.657398,12.469176],[122.657398,12.468995],[122.657214,12.468995]]],[[[122.661263,12.469181],[122.661263,12.469256],[122.661293,12.469181],[122.661263,12.469181]]],[[[122.657766,12.469357],[122.657582,12.469176],[122.657582,12.469357],[122.657766,12.469357]]],[[[122.657766,12.469357],[122.65795,12.469539],[122.65795,12.469358],[122.657766,12.469357]]],[[[122.661144,12.469543],[122.661078,12.469723],[122.661083,12.469723],[122.661144,12.469543]]],[[[122.66102,12.469904],[122.660894,12.470085],[122.660948,12.470085],[122.66102,12.469904]]],[[[122.660708,12.47117],[122.660893,12.470266],[122.660709,12.470265],[122.660708,12.47117]]],[[[122.660708,12.47117],[122.660524,12.47135],[122.660708,12.471351],[122.660708,12.47117]]],[[[122.660524,12.471531],[122.659604,12.471349],[122.659237,12.470444],[122.65795,12.469539],[122.659052,12.471348],[122.660524,12.471531]]],[[[122.652609,12.471702],[122.655186,12.471886],[122.655553,12.472429],[122.655367,12.473695],[122.655736,12.473695],[122.655737,12.472429],[122.656658,12.47225],[122.655924,12.470621],[122.655003,12.47062],[122.654451,12.471162],[122.654452,12.470257],[122.6539,12.469714],[122.654086,12.468448],[122.652798,12.468085],[122.652799,12.467542],[122.652614,12.468266],[122.653717,12.469352],[122.653532,12.470075],[122.652243,12.470255],[122.651876,12.46935],[122.650588,12.469167],[122.650587,12.470433],[122.652058,12.470797],[122.652609,12.471702]],[[122.652978,12.471522],[122.652794,12.470979],[122.653162,12.470979],[122.652978,12.471522]]],[[[122.655555,12.471163],[122.655739,12.470983],[122.655555,12.470982],[122.655555,12.471163]]],[[[122.450405,12.472984],[122.450588,12.473707],[122.450772,12.473708],[122.450773,12.473165],[122.450405,12.472984]]],[[[122.654079,12.473693],[122.654631,12.473875],[122.654631,12.473694],[122.654079,12.473693]]],[[[122.655367,12.473876],[122.654999,12.473694],[122.654999,12.473875],[122.655367,12.473876]]],[[[122.654079,12.474055],[122.653711,12.473874],[122.653711,12.474055],[122.654079,12.474055]]],[[[122.450587,12.473888],[122.450506,12.474069],[122.450587,12.474069],[122.450587,12.473888]]],[[[122.652422,12.474415],[122.652791,12.473692],[122.652239,12.473691],[122.652422,12.474415]]],[[[122.652237,12.474957],[122.652421,12.474776],[122.652237,12.474776],[122.652237,12.474957]]],[[[122.64285,12.475126],[122.643587,12.474946],[122.643587,12.474403],[122.642851,12.474221],[122.64285,12.475126]]],[[[122.643955,12.474946],[122.64377,12.475127],[122.643955,12.475127],[122.643955,12.474946]]],[[[122.652237,12.474957],[122.652053,12.475138],[122.652237,12.475138],[122.652237,12.474957]]],[[[122.450585,12.475154],[122.45056,12.475092],[122.450494,12.475154],[122.450585,12.475154]]],[[[122.643218,12.475126],[122.643402,12.475307],[122.643402,12.475126],[122.643218,12.475126]]],[[[122.644322,12.475308],[122.644139,12.475127],[122.644138,12.475308],[122.644322,12.475308]]],[[[122.646531,12.47495],[122.646531,12.475311],[122.646899,12.475312],[122.646899,12.475131],[122.646531,12.47495]]],[[[122.450769,12.475155],[122.450676,12.475254],[122.450768,12.475315],[122.450769,12.475155]]],[[[122.652053,12.475138],[122.651868,12.475318],[122.652052,12.475318],[122.652053,12.475138]]],[[[122.643402,12.475307],[122.643586,12.475488],[122.643586,12.475307],[122.643402,12.475307]]],[[[122.644322,12.475308],[122.644506,12.475489],[122.644506,12.475309],[122.644322,12.475308]]],[[[122.451321,12.475337],[122.450952,12.475404],[122.45132,12.475517],[122.451321,12.475337]]],[[[122.643954,12.47567],[122.64377,12.475488],[122.64377,12.475669],[122.643954,12.47567]]],[[[122.644506,12.475489],[122.644874,12.475671],[122.644874,12.47549],[122.644506,12.475489]]],[[[122.646346,12.475673],[122.646531,12.475492],[122.646347,12.475492],[122.646346,12.475673]]],[[[122.65058,12.475497],[122.650396,12.475678],[122.65058,12.475678],[122.65058,12.475497]]],[[[122.651868,12.47568],[122.651684,12.475499],[122.6515,12.475679],[122.651868,12.47568]]],[[[122.451872,12.475699],[122.451688,12.475518],[122.451688,12.475699],[122.451872,12.475699]]],[[[122.643954,12.47567],[122.644138,12.475851],[122.644138,12.47567],[122.643954,12.47567]]],[[[122.644874,12.475671],[122.64561,12.475853],[122.64561,12.475672],[122.644874,12.475671]]],[[[122.646346,12.475673],[122.646162,12.475853],[122.646346,12.475854],[122.646346,12.475673]]],[[[122.647266,12.475855],[122.646899,12.475493],[122.646898,12.475854],[122.647266,12.475855]]],[[[122.651316,12.475679],[122.650763,12.475859],[122.651316,12.47586],[122.651316,12.475679]]],[[[122.644138,12.475851],[122.644321,12.476032],[122.644322,12.475851],[122.644138,12.475851]]],[[[122.648739,12.476038],[122.647266,12.475855],[122.647266,12.476036],[122.648739,12.476038]]],[[[122.648923,12.475857],[122.649291,12.476038],[122.649292,12.475134],[122.650028,12.474954],[122.648924,12.474772],[122.648923,12.475857]]],[[[122.644321,12.476032],[122.644505,12.476213],[122.644505,12.476032],[122.644321,12.476032]]],[[[122.644505,12.476213],[122.644689,12.476394],[122.644689,12.476213],[122.644505,12.476213]]],[[[122.644873,12.476756],[122.644688,12.476937],[122.644872,12.476937],[122.644873,12.476756]]],[[[122.451872,12.47588],[122.45371,12.476969],[122.454078,12.47697],[122.453344,12.475883],[122.451872,12.47588]]],[[[122.454261,12.477332],[122.454077,12.477512],[122.454261,12.477513],[122.454261,12.477332]]],[[[122.644687,12.47766],[122.644872,12.477479],[122.644688,12.477479],[122.644687,12.47766]]],[[[122.643951,12.47784],[122.643767,12.477659],[122.643767,12.47784],[122.643951,12.47784]]],[[[122.644503,12.47766],[122.643951,12.47784],[122.644318,12.478745],[122.644686,12.478383],[122.644503,12.47766]]],[[[122.454442,12.47896],[122.454257,12.47914],[122.454441,12.479141],[122.454442,12.47896]]],[[[122.644317,12.479106],[122.644133,12.479287],[122.644317,12.479287],[122.644317,12.479106]]],[[[122.643949,12.479468],[122.643764,12.479648],[122.643948,12.479648],[122.643949,12.479468]]],[[[122.649838,12.479475],[122.64984,12.47839],[122.64892,12.478208],[122.648734,12.479112],[122.649838,12.479475]]],[[[122.516401,12.479631],[122.515849,12.479811],[122.516401,12.479812],[122.516401,12.479631]]],[[[122.521738,12.47964],[122.52137,12.479821],[122.521738,12.479821],[122.521738,12.47964]]],[[[122.64358,12.479648],[122.643028,12.479828],[122.64358,12.479829],[122.64358,12.479648]]],[[[122.454808,12.479684],[122.454624,12.479865],[122.454808,12.479865],[122.454808,12.479684]]],[[[122.522658,12.479823],[122.521922,12.480002],[122.522658,12.480004],[122.522658,12.479823]]],[[[122.642292,12.479827],[122.642107,12.480008],[122.642291,12.480008],[122.642292,12.479827]]],[[[122.641923,12.480008],[122.641739,12.480188],[122.641923,12.480188],[122.641923,12.480008]]],[[[122.454992,12.480046],[122.454807,12.480227],[122.454991,12.480227],[122.454992,12.480046]]],[[[122.645052,12.480192],[122.643579,12.480371],[122.645052,12.480373],[122.645052,12.480192]]],[[[122.643395,12.480371],[122.641923,12.48055],[122.643395,12.480552],[122.643395,12.480371]]],[[[122.646156,12.480375],[122.64542,12.480555],[122.646156,12.480556],[122.646156,12.480375]]],[[[122.650573,12.4802],[122.649838,12.480018],[122.649653,12.48056],[122.650021,12.480199],[122.650573,12.4802]]],[[[122.650573,12.480381],[122.650941,12.480562],[122.650941,12.480381],[122.650573,12.480381]]],[[[122.646708,12.480737],[122.64634,12.480556],[122.64634,12.480737],[122.646708,12.480737]]],[[[122.649653,12.48056],[122.649468,12.480741],[122.649652,12.480741],[122.649653,12.48056]]],[[[122.651493,12.480743],[122.651125,12.480562],[122.651125,12.480743],[122.651493,12.480743]]],[[[122.515663,12.480715],[122.515478,12.480895],[122.515662,12.480896],[122.515663,12.480715]]],[[[122.523024,12.480909],[122.52321,12.480005],[122.522842,12.480004],[122.523024,12.480909]]],[[[122.640266,12.480729],[122.64137,12.48073],[122.641187,12.480187],[122.640266,12.480729]]],[[[122.649468,12.480741],[122.649284,12.480921],[122.649468,12.480922],[122.649468,12.480741]]],[[[122.640266,12.48091],[122.640081,12.48109],[122.640265,12.48109],[122.640266,12.48091]]],[[[122.455358,12.480951],[122.45529,12.481108],[122.455357,12.481132],[122.455358,12.480951]]],[[[122.520631,12.481085],[122.520447,12.481266],[122.520631,12.481266],[122.520631,12.481085]]],[[[122.45959,12.481321],[122.459961,12.480237],[122.459042,12.479512],[122.457569,12.479509],[122.457567,12.480594],[122.457937,12.47969],[122.458857,12.479873],[122.458856,12.480416],[122.459592,12.480236],[122.45959,12.481321]]],[[[122.521367,12.481448],[122.521,12.481086],[122.520999,12.481448],[122.521367,12.481448]]],[[[122.6491,12.480921],[122.647627,12.481281],[122.646708,12.480737],[122.647443,12.481462],[122.648547,12.481463],[122.6491,12.480921]]],[[[122.52284,12.480908],[122.522287,12.48145],[122.521367,12.481629],[122.522471,12.481631],[122.523024,12.48127],[122.52284,12.480908]]],[[[122.640633,12.481453],[122.639161,12.48127],[122.640633,12.481634],[122.640633,12.481453]]],[[[122.515109,12.481437],[122.514925,12.481798],[122.515109,12.481799],[122.515109,12.481437]]],[[[122.520447,12.481447],[122.520262,12.481808],[122.520446,12.481808],[122.520447,12.481447]]],[[[122.640633,12.481634],[122.641185,12.481815],[122.641185,12.481634],[122.640633,12.481634]]],[[[122.642473,12.481636],[122.641921,12.481816],[122.642473,12.481817],[122.642473,12.481636]]],[[[122.510875,12.481972],[122.510507,12.482152],[122.510875,12.482153],[122.510875,12.481972]]],[[[122.511795,12.481974],[122.511243,12.482154],[122.511795,12.482155],[122.511795,12.481974]]],[[[122.459404,12.482225],[122.459589,12.482045],[122.459405,12.482045],[122.459404,12.482225]]],[[[122.520445,12.48217],[122.520261,12.482351],[122.520445,12.482351],[122.520445,12.48217]]],[[[122.520813,12.482352],[122.520629,12.482532],[122.520813,12.482532],[122.520813,12.482352]]],[[[122.458668,12.482224],[122.458299,12.482585],[122.458667,12.482586],[122.458668,12.482224]]],[[[122.51842,12.482709],[122.51879,12.481625],[122.517503,12.480718],[122.517138,12.479451],[122.516769,12.479451],[122.517319,12.481079],[122.518422,12.481805],[122.51842,12.482709]]],[[[122.512347,12.482517],[122.513635,12.4827],[122.514372,12.481797],[122.513821,12.481616],[122.513083,12.482519],[122.512347,12.482517]]],[[[122.518788,12.48271],[122.519156,12.482891],[122.519156,12.48271],[122.518788,12.48271]]],[[[122.520996,12.482894],[122.520813,12.482713],[122.520812,12.482894],[122.520996,12.482894]]],[[[122.52118,12.482895],[122.521365,12.482714],[122.521181,12.482714],[122.52118,12.482895]]],[[[122.519708,12.483073],[122.51934,12.482892],[122.519339,12.483072],[122.519708,12.483073]]],[[[122.509401,12.483054],[122.510323,12.482152],[122.50977,12.482151],[122.509217,12.482873],[122.506825,12.482688],[122.508296,12.483233],[122.509401,12.483054]]],[[[122.52118,12.482895],[122.520996,12.483256],[122.52118,12.483257],[122.52118,12.482895]]],[[[122.519707,12.483254],[122.520075,12.483616],[122.520259,12.483617],[122.520076,12.483074],[122.519707,12.483254]]],[[[122.520811,12.483437],[122.520627,12.483617],[122.520811,12.483618],[122.520811,12.483437]]],[[[122.521363,12.483438],[122.521179,12.483618],[122.521363,12.483619],[122.521363,12.483438]]],[[[122.459404,12.482225],[122.459035,12.482767],[122.459401,12.483672],[122.459404,12.482225]]],[[[122.468604,12.483809],[122.46842,12.48369],[122.46842,12.483777],[122.468604,12.483809]]],[[[122.651493,12.480924],[122.651859,12.482553],[122.650018,12.482369],[122.647993,12.483271],[122.645784,12.483087],[122.644129,12.481819],[122.643025,12.481818],[122.643945,12.482],[122.645048,12.483267],[122.647808,12.483813],[122.649834,12.482731],[122.652226,12.482915],[122.65278,12.48183],[122.652045,12.480744],[122.651493,12.480924]]],[[[122.459401,12.483672],[122.459585,12.483853],[122.459585,12.483673],[122.459401,12.483672]]],[[[122.467684,12.483689],[122.467315,12.483869],[122.467683,12.48387],[122.467684,12.483689]]],[[[122.520994,12.48398],[122.521179,12.483799],[122.520995,12.483799],[122.520994,12.48398]]],[[[122.459856,12.483991],[122.459769,12.483854],[122.459769,12.484003],[122.459856,12.483991]]],[[[122.467131,12.483868],[122.466947,12.484023],[122.467131,12.483993],[122.467131,12.483868]]],[[[122.468972,12.483872],[122.468787,12.48389],[122.468971,12.484037],[122.468972,12.483872]]],[[[122.466763,12.484049],[122.466578,12.484147],[122.466762,12.484077],[122.466763,12.484049]]],[[[122.46621,12.484228],[122.465842,12.484408],[122.46621,12.484409],[122.46621,12.484228]]],[[[122.469523,12.484416],[122.469498,12.484457],[122.469522,12.484488],[122.469523,12.484416]]],[[[122.4656,12.484589],[122.465473,12.484408],[122.465473,12.484589],[122.4656,12.484589]]],[[[122.469706,12.484597],[122.469649,12.484638],[122.469706,12.484696],[122.469706,12.484597]]],[[[122.460871,12.48476],[122.460688,12.484579],[122.460712,12.48473],[122.460871,12.48476]]],[[[122.464921,12.484587],[122.465289,12.484769],[122.465289,12.484588],[122.464921,12.484587]]],[[[122.460871,12.48476],[122.461055,12.484941],[122.461055,12.484761],[122.460871,12.48476]]],[[[122.46492,12.484949],[122.464368,12.484767],[122.464368,12.484948],[122.46492,12.484949]]],[[[122.469727,12.484926],[122.469706,12.484959],[122.469773,12.484959],[122.469727,12.484926]]],[[[122.46989,12.484959],[122.469777,12.484778],[122.469887,12.484959],[122.46989,12.484959]]],[[[122.461055,12.484941],[122.461239,12.485123],[122.461239,12.484942],[122.461055,12.484941]]],[[[122.464368,12.485129],[122.464,12.484947],[122.464,12.485128],[122.464368,12.485129]]],[[[122.504427,12.485397],[122.5059,12.484857],[122.506087,12.48341],[122.50664,12.482869],[122.506088,12.482868],[122.50535,12.484132],[122.504244,12.484673],[122.504427,12.485397]]],[[[122.519335,12.485423],[122.519703,12.485605],[122.519703,12.485424],[122.519335,12.485423]]],[[[122.520439,12.485425],[122.520255,12.485606],[122.520439,12.485606],[122.520439,12.485425]]],[[[122.52081,12.483979],[122.520441,12.484521],[122.520808,12.485245],[122.521543,12.485608],[122.52081,12.483979]]],[[[122.504243,12.485396],[122.504058,12.485758],[122.504242,12.485758],[122.504243,12.485396]]],[[[122.521175,12.485608],[122.520991,12.485788],[122.521175,12.485788],[122.521175,12.485608]]],[[[122.521543,12.485608],[122.521727,12.485789],[122.521727,12.485609],[122.521543,12.485608]]],[[[122.521543,12.485789],[122.521359,12.48597],[122.521543,12.48597],[122.521543,12.485789]]],[[[122.521727,12.485789],[122.521911,12.485971],[122.521911,12.48579],[122.521727,12.485789]]],[[[122.509579,12.485948],[122.509027,12.486128],[122.509579,12.486129],[122.509579,12.485948]]],[[[122.521727,12.48597],[122.521542,12.486151],[122.521726,12.486151],[122.521727,12.48597]]],[[[122.521911,12.485971],[122.522095,12.486152],[122.522095,12.485971],[122.521911,12.485971]]],[[[122.504058,12.485938],[122.503873,12.4863],[122.504057,12.4863],[122.504058,12.485938]]],[[[122.508291,12.486127],[122.508106,12.486308],[122.50829,12.486308],[122.508291,12.486127]]],[[[122.461237,12.485846],[122.461162,12.486213],[122.461236,12.48634],[122.461237,12.485846]]],[[[122.507738,12.486307],[122.507554,12.486487],[122.507738,12.486488],[122.507738,12.486307]]],[[[122.461236,12.48657],[122.461153,12.486488],[122.461204,12.486569],[122.461236,12.48657]]],[[[122.463815,12.485128],[122.462342,12.485487],[122.461239,12.485123],[122.461237,12.485846],[122.462158,12.485848],[122.462448,12.486572],[122.462526,12.485668],[122.463815,12.485128]]],[[[122.507002,12.486486],[122.506817,12.486667],[122.507001,12.486667],[122.507002,12.486486]]],[[[122.461417,12.486751],[122.461419,12.486753],[122.461419,12.486751],[122.461417,12.486751]]],[[[122.473936,12.486233],[122.473935,12.486775],[122.474303,12.486776],[122.474304,12.486414],[122.473936,12.486233]]],[[[122.503688,12.486842],[122.503872,12.486661],[122.503688,12.486661],[122.503688,12.486842]]],[[[122.462156,12.486752],[122.462155,12.486846],[122.462218,12.486752],[122.462156,12.486752]]],[[[122.506265,12.486847],[122.506449,12.486666],[122.506265,12.486666],[122.506265,12.486847]]],[[[122.509946,12.486492],[122.509762,12.486853],[122.509946,12.486853],[122.509946,12.486492]]],[[[122.503688,12.486842],[122.503503,12.487023],[122.503688,12.487023],[122.503688,12.486842]]],[[[122.506265,12.486847],[122.50608,12.487027],[122.506264,12.487028],[122.506265,12.486847]]],[[[122.46989,12.484963],[122.47136,12.485866],[122.471649,12.487133],[122.471728,12.486048],[122.473385,12.485689],[122.472835,12.484784],[122.472283,12.484783],[122.471913,12.485506],[122.46989,12.484963]]],[[[122.503503,12.487023],[122.503319,12.487203],[122.503503,12.487203],[122.503503,12.487023]]],[[[122.50608,12.487027],[122.505896,12.487208],[122.50608,12.487208],[122.50608,12.487027]]],[[[122.503319,12.487203],[122.503135,12.487384],[122.503319,12.487384],[122.503319,12.487203]]],[[[122.505896,12.487208],[122.505711,12.487388],[122.505895,12.487389],[122.505896,12.487208]]],[[[122.509761,12.487215],[122.509577,12.487395],[122.509761,12.487396],[122.509761,12.487215]]],[[[122.523197,12.48742],[122.523566,12.486516],[122.52467,12.486699],[122.525776,12.485977],[122.526146,12.484712],[122.524858,12.484891],[122.524487,12.486518],[122.523383,12.486335],[122.522646,12.486695],[122.523197,12.48742]]],[[[122.471909,12.487314],[122.471837,12.487386],[122.471909,12.487435],[122.471909,12.487314]]],[[[122.613016,12.487202],[122.613568,12.487564],[122.613568,12.487384],[122.613016,12.487202]]],[[[122.522279,12.486152],[122.521909,12.486875],[122.522644,12.4876],[122.522279,12.486152]]],[[[122.523749,12.487421],[122.523564,12.487601],[122.523748,12.487602],[122.523749,12.487421]]],[[[122.472091,12.487617],[122.471909,12.487509],[122.471909,12.487617],[122.472091,12.487617]]],[[[122.505711,12.487569],[122.505527,12.48775],[122.505711,12.48775],[122.505711,12.487569]]],[[[122.509392,12.487576],[122.509208,12.487756],[122.509392,12.487757],[122.509392,12.487576]]],[[[122.472277,12.487676],[122.472092,12.487857],[122.472276,12.487857],[122.472277,12.487676]]],[[[122.508472,12.487755],[122.509023,12.487937],[122.509024,12.487756],[122.508472,12.487755]]],[[[122.522828,12.4876],[122.52246,12.48778],[122.522459,12.487961],[122.522827,12.487962],[122.522828,12.4876]]],[[[122.47743,12.487867],[122.477245,12.488048],[122.477429,12.488048],[122.47743,12.487867]]],[[[122.501845,12.488105],[122.501661,12.487923],[122.501661,12.488104],[122.501845,12.488105]]],[[[122.505526,12.487931],[122.505342,12.488111],[122.505526,12.488111],[122.505526,12.487931]]],[[[122.508471,12.488117],[122.508103,12.487935],[122.508103,12.488116],[122.508471,12.488117]]],[[[122.522827,12.487962],[122.523011,12.488143],[122.523012,12.487962],[122.522827,12.487962]]],[[[122.477245,12.488048],[122.477061,12.488228],[122.477245,12.488229],[122.477245,12.488048]]],[[[122.508103,12.488116],[122.507918,12.488297],[122.508102,12.488297],[122.508103,12.488116]]],[[[122.624794,12.488304],[122.624611,12.488123],[122.62461,12.488303],[122.624794,12.488304]]],[[[122.477061,12.488228],[122.476877,12.488409],[122.477061,12.488409],[122.477061,12.488228]]],[[[122.505157,12.488472],[122.505342,12.488292],[122.505158,12.488292],[122.505157,12.488472]]],[[[122.507918,12.488297],[122.507734,12.488477],[122.507918,12.488477],[122.507918,12.488297]]],[[[122.624794,12.488304],[122.624978,12.488485],[122.624979,12.488304],[122.624794,12.488304]]],[[[122.625899,12.488486],[122.626819,12.488487],[122.626819,12.488306],[122.625899,12.488124],[122.625899,12.488486]]],[[[122.47246,12.488039],[122.472275,12.488475],[122.472459,12.488581],[122.47246,12.488039]]],[[[122.477614,12.487868],[122.480743,12.487874],[122.482214,12.4886],[122.481847,12.488057],[122.47964,12.487329],[122.477614,12.487868]]],[[[122.612279,12.488286],[122.611727,12.487923],[122.611726,12.488647],[122.612279,12.488286]]],[[[122.501845,12.488285],[122.503317,12.488469],[122.503502,12.487565],[122.503133,12.488107],[122.502213,12.487924],[122.501845,12.488285]]],[[[122.524851,12.488689],[122.525035,12.488508],[122.524851,12.488508],[122.524851,12.488689]]],[[[122.505157,12.488472],[122.504972,12.488834],[122.505157,12.488834],[122.505157,12.488472]]],[[[122.511047,12.488664],[122.510862,12.488845],[122.511046,12.488845],[122.511047,12.488664]]],[[[122.523195,12.488143],[122.52301,12.488866],[122.523378,12.488867],[122.523195,12.488143]]],[[[122.524851,12.488689],[122.524666,12.488869],[122.52485,12.48887],[122.524851,12.488689]]],[[[122.476508,12.48877],[122.476323,12.48895],[122.476482,12.488951],[122.476508,12.48877]]],[[[122.611726,12.488828],[122.611541,12.489008],[122.611725,12.489009],[122.611726,12.488828]]],[[[122.523378,12.488867],[122.523562,12.489048],[122.523562,12.488867],[122.523378,12.488867]]],[[[122.525403,12.48887],[122.525034,12.489051],[122.525402,12.489051],[122.525403,12.48887]]],[[[122.476139,12.48895],[122.475771,12.48913],[122.476139,12.489131],[122.476139,12.48895]]],[[[122.482582,12.488782],[122.482397,12.489143],[122.482581,12.489143],[122.482582,12.488782]]],[[[122.509389,12.489023],[122.509021,12.489203],[122.509389,12.489204],[122.509389,12.489023]]],[[[122.524666,12.48905],[122.524114,12.489049],[122.524114,12.48923],[122.524666,12.48905]]],[[[122.475159,12.48931],[122.475035,12.489129],[122.475034,12.48931],[122.475159,12.48931]]],[[[122.611357,12.48937],[122.611541,12.489189],[122.611357,12.489189],[122.611357,12.48937]]],[[[122.504788,12.489195],[122.504603,12.489376],[122.504787,12.489376],[122.504788,12.489195]]],[[[122.524113,12.489411],[122.523562,12.489048],[122.523561,12.48941],[122.524113,12.489411]]],[[[122.610436,12.489368],[122.610252,12.489549],[122.610436,12.489549],[122.610436,12.489368]]],[[[122.611356,12.489551],[122.61062,12.489369],[122.61062,12.48955],[122.611356,12.489551]]],[[[122.474481,12.48967],[122.474666,12.48949],[122.474482,12.489489],[122.474481,12.48967]]],[[[122.473193,12.489776],[122.472825,12.489667],[122.472825,12.489729],[122.473193,12.489776]]],[[[122.474481,12.48967],[122.474297,12.489851],[122.474481,12.489851],[122.474481,12.48967]]],[[[122.500921,12.489911],[122.501106,12.489731],[122.500922,12.489731],[122.500921,12.489911]]],[[[122.525217,12.489955],[122.525402,12.489232],[122.525218,12.489232],[122.525217,12.489955]]],[[[122.490494,12.489701],[122.489391,12.489156],[122.488655,12.489155],[122.488653,12.490059],[122.488838,12.489517],[122.490494,12.489701]]],[[[122.594238,12.490068],[122.594238,12.490069],[122.594239,12.490068],[122.594238,12.490068]]],[[[122.501473,12.489912],[122.501289,12.490093],[122.501473,12.490093],[122.501473,12.489912]]],[[[122.502394,12.489914],[122.502209,12.490095],[122.502393,12.490095],[122.502394,12.489914]]],[[[122.482579,12.490048],[122.482395,12.490228],[122.482579,12.490228],[122.482579,12.490048]]],[[[122.490494,12.489882],[122.490677,12.490244],[122.490678,12.489882],[122.490494,12.489882]]],[[[122.500737,12.489911],[122.500736,12.490273],[122.501105,12.490273],[122.501105,12.490093],[122.500737,12.489911]]],[[[122.502945,12.490096],[122.502761,12.490277],[122.502945,12.490277],[122.502945,12.490096]]],[[[122.503497,12.490278],[122.503314,12.490097],[122.503313,12.490278],[122.503497,12.490278]]],[[[122.594054,12.490249],[122.594054,12.49029],[122.594102,12.490249],[122.594054,12.490249]]],[[[122.486628,12.490417],[122.486812,12.490237],[122.486628,12.490236],[122.486628,12.490417]]],[[[122.488468,12.49024],[122.488284,12.49042],[122.488468,12.490421],[122.488468,12.49024]]],[[[122.500736,12.490273],[122.500552,12.490453],[122.500736,12.490454],[122.500736,12.490273]]],[[[122.503497,12.490278],[122.503681,12.490459],[122.503681,12.490278],[122.503497,12.490278]]],[[[122.50405,12.490098],[122.503865,12.490459],[122.504049,12.49046],[122.50405,12.490098]]],[[[122.5254,12.490136],[122.525584,12.490499],[122.526688,12.4905],[122.526689,12.490139],[122.5254,12.490136]]],[[[122.482946,12.490591],[122.482762,12.49041],[122.482762,12.49059],[122.482946,12.490591]]],[[[122.48718,12.490418],[122.486995,12.490599],[122.487179,12.490599],[122.48718,12.490418]]],[[[122.487916,12.490419],[122.487732,12.4906],[122.487916,12.4906],[122.487916,12.490419]]],[[[122.593685,12.490429],[122.593846,12.490501],[122.593924,12.490429],[122.593685,12.490429]]],[[[122.500552,12.490453],[122.500368,12.490634],[122.500552,12.490634],[122.500552,12.490453]]],[[[122.482946,12.490591],[122.48313,12.490772],[122.48313,12.490591],[122.482946,12.490591]]],[[[122.593685,12.49061],[122.593501,12.490789],[122.593685,12.490634],[122.593685,12.49061]]],[[[122.607305,12.49063],[122.607673,12.490811],[122.607674,12.49063],[122.607305,12.49063]]],[[[122.502577,12.490457],[122.502392,12.490818],[122.502576,12.490819],[122.502577,12.490457]]],[[[122.48313,12.490772],[122.483313,12.490953],[122.483314,12.490772],[122.48313,12.490772]]],[[[122.486628,12.490417],[122.486442,12.490959],[122.486626,12.49096],[122.486628,12.490417]]],[[[122.606017,12.490809],[122.606201,12.49099],[122.606201,12.490809],[122.606017,12.490809]]],[[[122.607305,12.490811],[122.607121,12.490991],[122.607305,12.490992],[122.607305,12.490811]]],[[[122.500368,12.490634],[122.500183,12.490995],[122.500367,12.490996],[122.500368,12.490634]]],[[[122.503865,12.49064],[122.50368,12.491002],[122.503864,12.491002],[122.503865,12.49064]]],[[[122.483313,12.490953],[122.483497,12.491134],[122.483498,12.490954],[122.483313,12.490953]]],[[[122.486626,12.49096],[122.48681,12.491141],[122.486811,12.49096],[122.486626,12.49096]]],[[[122.487363,12.490961],[122.486994,12.491141],[122.487362,12.491142],[122.487363,12.490961]]],[[[122.593105,12.491061],[122.593499,12.49079],[122.592948,12.491146],[122.593105,12.491061]]],[[[122.502576,12.491],[122.502391,12.49118],[122.502575,12.49118],[122.502576,12.491]]],[[[122.50755,12.488477],[122.506444,12.48956],[122.507177,12.491189],[122.507915,12.490105],[122.50755,12.488477]]],[[[122.490859,12.491329],[122.490676,12.490967],[122.490675,12.491329],[122.490859,12.491329]]],[[[122.592212,12.49115],[122.592531,12.491331],[122.592938,12.491151],[122.592212,12.49115]]],[[[122.592211,12.491331],[122.592027,12.491506],[122.592211,12.491454],[122.592211,12.491331]]],[[[122.490859,12.491329],[122.491043,12.491511],[122.491043,12.49133],[122.490859,12.491329]]],[[[122.591843,12.491511],[122.591843,12.491571],[122.592011,12.491512],[122.591843,12.491511]]],[[[122.483496,12.491677],[122.483312,12.491496],[122.483312,12.491677],[122.483496,12.491677]]],[[[122.491043,12.491511],[122.491226,12.491692],[122.491227,12.491511],[122.491043,12.491511]]],[[[122.607673,12.490992],[122.608408,12.491717],[122.609328,12.491718],[122.609697,12.491357],[122.6097,12.489548],[122.609332,12.489367],[122.608779,12.489909],[122.608778,12.490813],[122.607673,12.490992]]],[[[122.512513,12.491741],[122.512698,12.491561],[122.512514,12.49156],[122.512513,12.491741]]],[[[122.591475,12.491692],[122.591475,12.491744],[122.591574,12.491692],[122.591475,12.491692]]],[[[122.483496,12.491677],[122.48368,12.491858],[122.48368,12.491677],[122.483496,12.491677]]],[[[122.487546,12.491323],[122.487361,12.491865],[122.487545,12.491866],[122.487546,12.491323]]],[[[122.50736,12.491551],[122.507175,12.491912],[122.507359,12.491913],[122.50736,12.491551]]],[[[122.484968,12.491861],[122.484048,12.49204],[122.484968,12.492042],[122.484968,12.491861]]],[[[122.491594,12.492054],[122.49141,12.491873],[122.49141,12.492054],[122.491594,12.492054]]],[[[122.590922,12.492052],[122.590738,12.492134],[122.590949,12.492052],[122.590922,12.492052]]],[[[122.494907,12.49206],[122.494723,12.492241],[122.494907,12.492241],[122.494907,12.49206]]],[[[122.497116,12.492064],[122.497299,12.492246],[122.4973,12.492065],[122.497116,12.492064]]],[[[122.509568,12.492098],[122.509383,12.492278],[122.509567,12.492278],[122.509568,12.492098]]],[[[122.590369,12.492232],[122.590369,12.492279],[122.590483,12.492233],[122.590369,12.492232]]],[[[122.512329,12.491741],[122.509752,12.491917],[122.509752,12.492098],[122.511408,12.492282],[122.512329,12.491741]]],[[[122.485888,12.492224],[122.485703,12.492405],[122.485887,12.492405],[122.485888,12.492224]]],[[[122.486808,12.492226],[122.486624,12.492406],[122.486808,12.492407],[122.486808,12.492226]]],[[[122.491594,12.492235],[122.492515,12.491875],[122.492513,12.492418],[122.492882,12.492418],[122.492882,12.492057],[122.492331,12.491513],[122.491594,12.492235]]],[[[122.494723,12.492241],[122.494538,12.492421],[122.494722,12.492422],[122.494723,12.492241]]],[[[122.606017,12.490628],[122.604363,12.488998],[122.604361,12.490264],[122.603256,12.490805],[122.602702,12.491889],[122.600494,12.491524],[122.599206,12.49098],[122.599024,12.489533],[122.599393,12.489171],[122.600865,12.489535],[122.600682,12.488631],[122.599578,12.48881],[122.597555,12.487903],[122.596634,12.487901],[122.595711,12.489709],[122.594422,12.489887],[122.596999,12.48986],[122.597186,12.488445],[122.597554,12.488445],[122.599205,12.491703],[122.602149,12.492431],[122.602701,12.492432],[122.603807,12.491167],[122.60528,12.49117],[122.606017,12.490628]]],[[[122.509199,12.492278],[122.509015,12.492458],[122.509199,12.492459],[122.509199,12.492278]]],[[[122.624421,12.492282],[122.624313,12.492448],[122.62442,12.492463],[122.624421,12.492282]]],[[[122.634544,12.492477],[122.634176,12.492295],[122.634176,12.492476],[122.634544,12.492477]]],[[[122.51969,12.492477],[122.520242,12.492478],[122.520243,12.492117],[122.519875,12.491935],[122.51969,12.492477]]],[[[122.590001,12.492413],[122.589817,12.492501],[122.590087,12.492413],[122.590001,12.492413]]],[[[122.490857,12.492595],[122.491226,12.492053],[122.490674,12.492052],[122.490857,12.492595]]],[[[122.492882,12.492418],[122.493065,12.492599],[122.493066,12.492419],[122.492882,12.492418]]],[[[122.494354,12.492421],[122.49417,12.492602],[122.494354,12.492602],[122.494354,12.492421]]],[[[122.508463,12.492457],[122.50883,12.492639],[122.508831,12.492458],[122.508463,12.492457]]],[[[122.624788,12.492463],[122.624542,12.492534],[122.624788,12.492639],[122.624788,12.492463]]],[[[122.633991,12.492476],[122.634177,12.491572],[122.634913,12.491573],[122.634544,12.492296],[122.634907,12.492198],[122.635652,12.489645],[122.635469,12.489042],[122.635284,12.489765],[122.634547,12.490126],[122.633813,12.488859],[122.634367,12.487413],[122.635656,12.486691],[122.635659,12.484701],[122.634002,12.485061],[122.634003,12.484518],[122.634556,12.483434],[122.635845,12.483074],[122.636398,12.482351],[122.638239,12.482354],[122.638424,12.48145],[122.639161,12.480908],[122.638241,12.480907],[122.636215,12.481989],[122.636031,12.481627],[122.638426,12.480365],[122.634928,12.480902],[122.634743,12.481445],[122.635478,12.482169],[122.634558,12.48253],[122.632897,12.48524],[122.629399,12.486321],[122.629029,12.487224],[122.628293,12.487585],[122.628474,12.489213],[122.627922,12.489212],[122.627737,12.489755],[122.628657,12.489937],[122.631051,12.489217],[122.632894,12.487772],[122.633446,12.487954],[122.63068,12.491206],[122.628287,12.491202],[122.626819,12.488487],[122.627001,12.489934],[122.62847,12.491926],[122.630311,12.49229],[122.63068,12.491567],[122.631784,12.491569],[122.632704,12.491751],[122.633071,12.492656],[122.633991,12.492476]]],[[[122.631605,12.488313],[122.633079,12.486687],[122.633817,12.485422],[122.62995,12.486864],[122.6305,12.488673],[122.631605,12.488313]]],[[[122.628844,12.487767],[122.62866,12.487947],[122.628844,12.487948],[122.628844,12.487767]]],[[[122.624972,12.492645],[122.6249,12.492698],[122.624972,12.492744],[122.624972,12.492645]]],[[[122.493433,12.4926],[122.493249,12.492781],[122.493433,12.492781],[122.493433,12.4926]]],[[[122.493986,12.492601],[122.493801,12.492782],[122.493985,12.492782],[122.493986,12.492601]]],[[[122.625156,12.492826],[122.625156,12.492827],[122.625156,12.492827],[122.625156,12.492826]]],[[[122.519506,12.492477],[122.519321,12.492839],[122.519505,12.492839],[122.519506,12.492477]]],[[[122.508462,12.492819],[122.508094,12.492637],[122.508094,12.492999],[122.508462,12.492819]]],[[[122.626266,12.488848],[122.624978,12.488666],[122.625714,12.489028],[122.625528,12.490113],[122.626446,12.491923],[122.626445,12.492647],[122.625675,12.493007],[122.627365,12.492829],[122.627734,12.492287],[122.62663,12.491743],[122.62608,12.490295],[122.626266,12.488848]]],[[[122.519151,12.485604],[122.519513,12.488498],[122.520615,12.489947],[122.520426,12.492841],[122.519505,12.492839],[122.519873,12.493201],[122.52061,12.493022],[122.520796,12.491937],[122.522086,12.490673],[122.521168,12.489586],[122.520432,12.489404],[122.520617,12.488862],[122.520065,12.48868],[122.519883,12.487776],[122.520805,12.487054],[122.520621,12.486692],[122.520069,12.486872],[122.519151,12.485604]]],[[[122.624053,12.492101],[122.623133,12.491738],[122.617241,12.492815],[122.616876,12.490825],[122.616324,12.490643],[122.615774,12.489195],[122.614486,12.489013],[122.614487,12.488108],[122.613567,12.488107],[122.613016,12.487564],[122.612095,12.487743],[122.612462,12.488648],[122.61375,12.488831],[122.614852,12.49046],[122.615956,12.491004],[122.615219,12.491546],[122.615218,12.492088],[122.616732,12.493176],[122.624053,12.492101]]],[[[122.506436,12.493358],[122.507174,12.492636],[122.507175,12.492093],[122.506437,12.492815],[122.506436,12.493358]]],[[[122.508094,12.492999],[122.507909,12.493361],[122.508093,12.493361],[122.508094,12.492999]]],[[[122.519873,12.493201],[122.520057,12.493382],[122.520057,12.493202],[122.519873,12.493201]]],[[[122.526683,12.493394],[122.526499,12.493213],[122.526499,12.493394],[122.526683,12.493394]]],[[[122.58006,12.493483],[122.579876,12.493301],[122.579876,12.493482],[122.58006,12.493483]]],[[[122.484229,12.493125],[122.484229,12.493487],[122.484597,12.493488],[122.484597,12.493307],[122.484229,12.493125]]],[[[122.489198,12.493496],[122.490303,12.493318],[122.490488,12.492775],[122.489015,12.492954],[122.489198,12.493496]]],[[[122.49196,12.49314],[122.491775,12.493501],[122.491959,12.493502],[122.49196,12.49314]]],[[[122.507909,12.493361],[122.507724,12.493541],[122.507908,12.493541],[122.507909,12.493361]]],[[[122.520057,12.493382],[122.52024,12.493564],[122.520241,12.493383],[122.520057,12.493382]]],[[[122.583925,12.493669],[122.583925,12.493691],[122.583975,12.49367],[122.583925,12.493669]]],[[[122.507724,12.493541],[122.50754,12.493722],[122.507724,12.493722],[122.507724,12.493541]]],[[[122.526683,12.493394],[122.526866,12.493756],[122.526867,12.493394],[122.526683,12.493394]]],[[[122.50754,12.493722],[122.507356,12.493902],[122.50754,12.493902],[122.50754,12.493722]]],[[[122.58282,12.493849],[122.583004,12.493884],[122.583004,12.493849],[122.58282,12.493849]]],[[[122.486436,12.494034],[122.487541,12.493674],[122.487542,12.493132],[122.486253,12.493491],[122.486436,12.494034]]],[[[122.582084,12.494028],[122.582084,12.494069],[122.58221,12.494028],[122.582084,12.494028]]],[[[122.52687,12.491405],[122.523926,12.491219],[122.523925,12.491942],[122.524661,12.491944],[122.525578,12.493392],[122.525397,12.491764],[122.52595,12.491584],[122.52742,12.492853],[122.528524,12.492855],[122.531283,12.494126],[122.530548,12.49322],[122.527789,12.492492],[122.52687,12.491405]]],[[[122.572697,12.493652],[122.572697,12.494014],[122.573065,12.494195],[122.573065,12.493833],[122.572697,12.493652]]],[[[122.581348,12.494027],[122.581531,12.494208],[122.581532,12.494027],[122.581348,12.494027]]],[[[122.507171,12.494263],[122.50662,12.49372],[122.506619,12.494262],[122.507171,12.494263]]],[[[122.578955,12.494023],[122.579323,12.494233],[122.579323,12.494205],[122.578955,12.494023]]],[[[122.556683,12.494349],[122.556867,12.494169],[122.556683,12.494169],[122.556683,12.494349]]],[[[122.581348,12.494027],[122.58006,12.493483],[122.579875,12.494373],[122.581348,12.494027]]],[[[122.497848,12.494236],[122.498031,12.494417],[122.498032,12.494236],[122.497848,12.494236]]],[[[122.512697,12.491922],[122.513249,12.492104],[122.513615,12.49319],[122.511036,12.494451],[122.512693,12.494273],[122.514167,12.493372],[122.51325,12.491743],[122.512697,12.491922]]],[[[122.531466,12.494488],[122.531283,12.494306],[122.531282,12.494487],[122.531466,12.494488]]],[[[122.556683,12.49453],[122.555579,12.494348],[122.555578,12.494528],[122.556683,12.49453]]],[[[122.556867,12.49435],[122.557051,12.494531],[122.557051,12.49435],[122.556867,12.49435]]],[[[122.497667,12.492246],[122.49693,12.492788],[122.496563,12.492063],[122.497116,12.491884],[122.49638,12.491701],[122.494907,12.491879],[122.495458,12.492423],[122.493984,12.493505],[122.496192,12.493871],[122.496374,12.494595],[122.496376,12.493691],[122.494905,12.493145],[122.495826,12.492424],[122.497298,12.49315],[122.497667,12.492246]]],[[[122.498031,12.494417],[122.498215,12.494599],[122.498215,12.494418],[122.498031,12.494417]]],[[[122.50441,12.494439],[122.504225,12.49462],[122.504409,12.49462],[122.50441,12.494439]]],[[[122.504777,12.494621],[122.504594,12.49444],[122.504593,12.49462],[122.504777,12.494621]]],[[[122.511035,12.494632],[122.510115,12.49445],[122.510115,12.494631],[122.511035,12.494632]]],[[[122.520424,12.493564],[122.520975,12.49465],[122.521343,12.494651],[122.520424,12.493564]]],[[[122.531466,12.494488],[122.53165,12.494669],[122.53165,12.494488],[122.531466,12.494488]]],[[[122.557051,12.494531],[122.557234,12.494712],[122.557235,12.494531],[122.557051,12.494531]]],[[[122.504777,12.494621],[122.504961,12.494802],[122.504961,12.494621],[122.504777,12.494621]]],[[[122.522815,12.494653],[122.521526,12.494832],[122.522815,12.494834],[122.522815,12.494653]]],[[[122.557234,12.494712],[122.557418,12.494893],[122.557419,12.494712],[122.557234,12.494712]]],[[[122.572696,12.494556],[122.573248,12.494884],[122.573248,12.494738],[122.572696,12.494556]]],[[[122.497848,12.494055],[122.496928,12.493692],[122.496374,12.494957],[122.496926,12.494958],[122.497296,12.494054],[122.497848,12.494055]]],[[[122.523183,12.494835],[122.522999,12.495015],[122.523183,12.495016],[122.523183,12.494835]]],[[[122.53165,12.494669],[122.531834,12.495031],[122.531834,12.494669],[122.53165,12.494669]]],[[[122.572695,12.494958],[122.572327,12.494917],[122.572327,12.495033],[122.572695,12.494958]]],[[[122.572143,12.495098],[122.571959,12.495195],[122.572166,12.495098],[122.572143,12.495098]]],[[[122.523551,12.495016],[122.523366,12.495197],[122.52355,12.495197],[122.523551,12.495016]]],[[[122.50404,12.495162],[122.503856,12.495342],[122.50404,12.495343],[122.50404,12.495162]]],[[[122.523918,12.495379],[122.523735,12.495197],[122.523734,12.495378],[122.523918,12.495379]]],[[[122.571774,12.495278],[122.571774,12.495385],[122.571875,12.495278],[122.571774,12.495278]]],[[[122.545086,12.495054],[122.544901,12.495415],[122.545085,12.495415],[122.545086,12.495054]]],[[[122.532017,12.495574],[122.531833,12.495393],[122.531833,12.495573],[122.532017,12.495574]]],[[[122.509931,12.49463],[122.507722,12.494807],[122.506616,12.495528],[122.506434,12.494624],[122.505145,12.494983],[122.505881,12.495165],[122.50588,12.495708],[122.5068,12.49571],[122.509931,12.49463]]],[[[122.524102,12.495379],[122.524,12.495741],[122.524102,12.495741],[122.524102,12.495379]]],[[[122.544348,12.495776],[122.544533,12.495595],[122.544349,12.495595],[122.544348,12.495776]]],[[[122.571406,12.495639],[122.571221,12.49582],[122.571405,12.495771],[122.571406,12.495639]]],[[[122.532017,12.495574],[122.5322,12.495936],[122.532201,12.495574],[122.532017,12.495574]]],[[[122.544348,12.495776],[122.544164,12.495956],[122.544348,12.495957],[122.544348,12.495776]]],[[[122.544532,12.495776],[122.544716,12.495957],[122.544716,12.495776],[122.544532,12.495776]]],[[[122.524102,12.495741],[122.524285,12.496103],[122.524286,12.495741],[122.524102,12.495741]]],[[[122.532016,12.495935],[122.531832,12.496116],[122.532016,12.496116],[122.532016,12.495935]]],[[[122.544532,12.495957],[122.544348,12.496137],[122.544532,12.496138],[122.544532,12.495957]]],[[[122.570838,12.496181],[122.570854,12.495458],[122.570117,12.495637],[122.570117,12.495999],[122.570669,12.495819],[122.570838,12.496181]]],[[[122.490591,12.496212],[122.490627,12.496237],[122.49064,12.496212],[122.490591,12.496212]]],[[[122.500909,12.496241],[122.500725,12.49606],[122.500725,12.496241],[122.500909,12.496241]]],[[[122.543795,12.496317],[122.54398,12.496137],[122.543796,12.496136],[122.543795,12.496317]]],[[[122.490665,12.496393],[122.490553,12.496385],[122.490535,12.496393],[122.490665,12.496393]]],[[[122.502933,12.496416],[122.502382,12.496244],[122.502381,12.496382],[122.502933,12.496416]]],[[[122.500909,12.496241],[122.501461,12.496423],[122.501461,12.496242],[122.500909,12.496241]]],[[[122.50459,12.496429],[122.504407,12.495705],[122.504222,12.496428],[122.50459,12.496429]]],[[[122.524653,12.496103],[122.524468,12.496465],[122.524837,12.496465],[122.524653,12.496103]]],[[[122.570668,12.496291],[122.570116,12.49618],[122.569932,12.496541],[122.570668,12.496291]]],[[[122.500541,12.496421],[122.500054,12.495325],[122.498583,12.494599],[122.498031,12.494779],[122.49803,12.495322],[122.499133,12.495866],[122.499132,12.496409],[122.49962,12.496601],[122.500541,12.496421]],[[122.500172,12.496421],[122.499684,12.49641],[122.499501,12.495867],[122.500173,12.495868],[122.500172,12.496421]]],[[[122.543795,12.496317],[122.543611,12.496679],[122.543795,12.496679],[122.543795,12.496317]]],[[[122.569932,12.496541],[122.569747,12.496722],[122.569931,12.496674],[122.569932,12.496541]]],[[[122.495127,12.496763],[122.495266,12.49648],[122.495267,12.496402],[122.495083,12.496401],[122.495127,12.496763]]],[[[122.569563,12.496721],[122.569379,12.496902],[122.569563,12.49686],[122.569563,12.496721]]],[[[122.559441,12.495982],[122.559809,12.496163],[122.55981,12.49544],[122.559075,12.494534],[122.557602,12.494894],[122.558338,12.495076],[122.558337,12.495799],[122.559074,12.495619],[122.559255,12.497064],[122.559808,12.496907],[122.559441,12.495982]]],[[[122.4914,12.497118],[122.491587,12.495671],[122.490668,12.494946],[122.490665,12.496197],[122.491218,12.496213],[122.4914,12.497118]]],[[[122.568826,12.497082],[122.568642,12.497263],[122.568826,12.497191],[122.568826,12.497082]]],[[[122.491216,12.497298],[122.49048,12.497116],[122.490479,12.497297],[122.491216,12.497298]]],[[[122.539008,12.497394],[122.539193,12.496852],[122.539009,12.496852],[122.539008,12.497394]]],[[[122.543794,12.497041],[122.543609,12.497402],[122.543793,12.497402],[122.543794,12.497041]]],[[[122.568458,12.497262],[122.568274,12.497422],[122.568458,12.497345],[122.568458,12.497262]]],[[[122.53275,12.497384],[122.533117,12.497565],[122.533118,12.497384],[122.53275,12.497384]]],[[[122.56809,12.497443],[122.567905,12.497576],[122.568089,12.497499],[122.56809,12.497443]]],[[[122.567721,12.497623],[122.567537,12.497735],[122.567721,12.497653],[122.567721,12.497623]]],[[[122.544348,12.496137],[122.544161,12.497765],[122.544345,12.497765],[122.544348,12.496137]]],[[[122.5287,12.497738],[122.528515,12.497919],[122.528699,12.497919],[122.5287,12.497738]]],[[[122.533117,12.497565],[122.533301,12.497927],[122.533301,12.497565],[122.533117,12.497565]]],[[[122.543609,12.497583],[122.543424,12.497944],[122.543608,12.497945],[122.543609,12.497583]]],[[[122.567353,12.497803],[122.567168,12.497984],[122.567353,12.497874],[122.567353,12.497803]]],[[[122.528515,12.497919],[122.528331,12.498099],[122.528515,12.4981],[122.528515,12.497919]]],[[[122.566984,12.497983],[122.5668,12.498164],[122.566984,12.498125],[122.566984,12.497983]]],[[[122.494527,12.498209],[122.494716,12.495677],[122.495268,12.495678],[122.495432,12.496221],[122.496373,12.495499],[122.494348,12.495496],[122.494159,12.498208],[122.494527,12.498209]]],[[[122.52925,12.498463],[122.529435,12.498282],[122.529251,12.498282],[122.52925,12.498463]]],[[[122.526866,12.493937],[122.527049,12.49448],[122.528704,12.495206],[122.5287,12.497738],[122.529436,12.497739],[122.529987,12.498458],[122.530357,12.497018],[122.529074,12.494483],[122.526866,12.493937]]],[[[122.543424,12.498125],[122.543239,12.498487],[122.543423,12.498487],[122.543424,12.498125]]],[[[122.565511,12.498343],[122.566242,12.498344],[122.566616,12.498164],[122.56588,12.497801],[122.565511,12.498343]]],[[[122.52925,12.498463],[122.529066,12.498643],[122.52925,12.498643],[122.52925,12.498463]]],[[[122.565143,12.498523],[122.564774,12.49862],[122.565143,12.49862],[122.565143,12.498523]]],[[[122.529066,12.498643],[122.528882,12.498824],[122.529066,12.498824],[122.529066,12.498643]]],[[[122.529618,12.498644],[122.529798,12.498725],[122.529802,12.498644],[122.529618,12.498644]]],[[[122.532565,12.497564],[122.531646,12.496839],[122.531831,12.496297],[122.531279,12.496477],[122.531277,12.4972],[122.533115,12.498831],[122.532565,12.497564]]],[[[122.529618,12.498825],[122.529434,12.499005],[122.529597,12.499006],[122.529618,12.498825]]],[[[122.543055,12.498848],[122.54287,12.499029],[122.543054,12.499029],[122.543055,12.498848]]],[[[122.546183,12.499034],[122.546368,12.498492],[122.546,12.498672],[122.546183,12.499034]]],[[[122.555394,12.494528],[122.554473,12.49525],[122.553184,12.495248],[122.552817,12.494886],[122.553004,12.492897],[122.551531,12.493075],[122.551159,12.495606],[122.549869,12.496689],[122.550602,12.498137],[122.549498,12.498316],[122.548579,12.497411],[122.548945,12.498315],[122.548577,12.498315],[122.548395,12.497591],[122.547474,12.49759],[122.54674,12.496684],[122.545266,12.497043],[122.544897,12.497947],[122.545818,12.497587],[122.547104,12.498855],[122.549497,12.498678],[122.550048,12.499222],[122.551891,12.497778],[122.554029,12.498686],[122.555058,12.497752],[122.556309,12.497785],[122.556862,12.497243],[122.556682,12.495073],[122.555394,12.494528]]],[[[122.552816,12.495247],[122.55245,12.494162],[122.551898,12.49398],[122.551526,12.495969],[122.552816,12.495247]]],[[[122.553183,12.495971],[122.552445,12.497055],[122.553731,12.498143],[122.555757,12.497603],[122.556495,12.4967],[122.556496,12.495977],[122.555577,12.495252],[122.553183,12.495971]]],[[[122.528698,12.498823],[122.527778,12.498641],[122.528331,12.498099],[122.527594,12.498279],[122.524837,12.496465],[122.525939,12.497733],[122.527594,12.498641],[122.527776,12.499364],[122.528698,12.498823]]],[[[122.533299,12.498831],[122.533114,12.499374],[122.533482,12.499374],[122.533299,12.498831]]],[[[122.528144,12.499365],[122.528986,12.499547],[122.529065,12.499367],[122.528144,12.499365]]],[[[122.538636,12.499383],[122.538452,12.499564],[122.538636,12.499564],[122.538636,12.499383]]],[[[122.538637,12.498841],[122.538636,12.499383],[122.539372,12.499565],[122.539376,12.497395],[122.538637,12.498841]],[[122.538821,12.499022],[122.53919,12.498661],[122.539189,12.499203],[122.538821,12.499022]]],[[[122.542317,12.499389],[122.542133,12.49957],[122.542317,12.49957],[122.542317,12.499389]]],[[[122.538452,12.499564],[122.538267,12.499744],[122.538451,12.499744],[122.538452,12.499564]]],[[[122.541581,12.499569],[122.541396,12.49975],[122.54158,12.49975],[122.541581,12.499569]]],[[[122.539556,12.499746],[122.539371,12.499927],[122.539555,12.499927],[122.539556,12.499746]]],[[[122.541028,12.499749],[122.540844,12.499929],[122.541028,12.49993],[122.541028,12.499749]]],[[[122.532928,12.500458],[122.533665,12.499917],[122.533666,12.499555],[122.532928,12.500458]]],[[[122.537898,12.500286],[122.537714,12.500467],[122.537898,12.500467],[122.537898,12.500286]]],[[[122.53753,12.500466],[122.537161,12.500647],[122.537529,12.500647],[122.53753,12.500466]]],[[[122.532927,12.50082],[122.532743,12.501001],[122.532927,12.501001],[122.532927,12.50082]]],[[[122.536609,12.500826],[122.536424,12.501007],[122.536608,12.501007],[122.536609,12.500826]]],[[[122.536056,12.501006],[122.535872,12.501187],[122.536056,12.501187],[122.536056,12.501006]]],[[[122.535688,12.501187],[122.535503,12.501367],[122.535687,12.501367],[122.535688,12.501187]]],[[[122.535135,12.501547],[122.535319,12.501367],[122.535135,12.501366],[122.535135,12.501547]]],[[[122.535135,12.501547],[122.534951,12.501728],[122.535135,12.501728],[122.535135,12.501547]]],[[[122.534951,12.501728],[122.534766,12.501908],[122.53495,12.501909],[122.534951,12.501728]]],[[[122.534582,12.501908],[122.53403,12.502088],[122.534582,12.502089],[122.534582,12.501908]]]]}},{"type":"Feature","properties":{"haz":3},"geometry":{"type":"MultiPolygon","coordinates":[[[[122.599197,12.304022],[122.598829,12.304202],[122.598829,12.304383],[122.599196,12.304383],[122.599197,12.304022]]],[[[122.576388,12.305253],[122.575965,12.305177],[122.575588,12.305252],[122.576388,12.305253]]],[[[122.575284,12.305371],[122.57513,12.305432],[122.575284,12.305433],[122.575284,12.305371]]],[[[122.574732,12.305591],[122.574678,12.305612],[122.574732,12.305613],[122.574732,12.305591]]],[[[122.573812,12.305967],[122.5738,12.305973],[122.573812,12.305973],[122.573812,12.305967]]],[[[122.573627,12.306153],[122.573538,12.306118],[122.5735,12.306153],[122.573627,12.306153]]],[[[122.572707,12.306581],[122.572499,12.306694],[122.572707,12.306695],[122.572707,12.306581]]],[[[122.572339,12.306794],[122.572213,12.306875],[122.572339,12.306875],[122.572339,12.306794]]],[[[122.577489,12.306883],[122.579144,12.306705],[122.57933,12.305801],[122.580802,12.30526],[122.585033,12.305086],[122.585585,12.304544],[122.586689,12.304546],[122.586872,12.305269],[122.587975,12.305271],[122.58871,12.306177],[122.58963,12.305997],[122.589813,12.306359],[122.591101,12.305999],[122.591468,12.306362],[122.593125,12.30546],[122.593492,12.305822],[122.59478,12.305462],[122.59478,12.305824],[122.596619,12.305646],[122.597171,12.306008],[122.598276,12.304925],[122.597357,12.304381],[122.596437,12.30456],[122.597358,12.303657],[122.599014,12.303479],[122.599936,12.302033],[122.602144,12.301494],[122.602698,12.300048],[122.603433,12.300049],[122.604535,12.300955],[122.605087,12.300956],[122.605088,12.300594],[122.604905,12.3],[122.602055,12.3],[122.596274,12.304105],[122.590277,12.304413],[122.587689,12.303176],[122.584525,12.303366],[122.580352,12.302856],[122.576659,12.305073],[122.577492,12.305074],[122.578226,12.305799],[122.577489,12.306883]]],[[[122.578044,12.304533],[122.578412,12.304895],[122.578412,12.304533],[122.578044,12.304533]]],[[[122.57878,12.304715],[122.579884,12.304355],[122.580069,12.303812],[122.578781,12.304172],[122.57878,12.304715]]],[[[122.586322,12.303822],[122.58669,12.304003],[122.58669,12.303822],[122.586322,12.303822]]],[[[122.58577,12.303821],[122.585586,12.304001],[122.58577,12.304002],[122.58577,12.303821]]],[[[122.572155,12.307055],[122.572001,12.307011],[122.57193,12.307055],[122.572155,12.307055]]],[[[122.573074,12.307057],[122.573995,12.306516],[122.572847,12.306514],[122.573074,12.307057]]],[[[122.571787,12.307145],[122.571643,12.307235],[122.571786,12.307236],[122.571787,12.307145]]],[[[122.571418,12.307383],[122.571369,12.307416],[122.571418,12.307416],[122.571418,12.307383]]],[[[122.571234,12.307597],[122.571159,12.307559],[122.571118,12.307596],[122.571234,12.307597]]],[[[122.57105,12.307658],[122.57092,12.307777],[122.57105,12.307777],[122.57105,12.307658]]],[[[122.570866,12.307827],[122.570723,12.307957],[122.570866,12.307958],[122.570866,12.307827]]],[[[122.570681,12.308138],[122.570617,12.308054],[122.570538,12.308138],[122.570681,12.308138]]],[[[122.570497,12.308181],[122.570367,12.308319],[122.570497,12.308319],[122.570497,12.308181]]],[[[122.572889,12.307961],[122.572521,12.308141],[122.57252,12.308322],[122.572888,12.308323],[122.572889,12.307961]]],[[[122.570313,12.308376],[122.570197,12.308499],[122.570313,12.308499],[122.570313,12.308376]]],[[[122.570129,12.30868],[122.570128,12.308572],[122.570019,12.30868],[122.570129,12.30868]]],[[[122.569945,12.308754],[122.569838,12.30886],[122.569944,12.308861],[122.569945,12.308754]]],[[[122.56976,12.309041],[122.569753,12.308944],[122.569637,12.309041],[122.56976,12.309041]]],[[[122.569576,12.309092],[122.569421,12.309221],[122.569576,12.309222],[122.569576,12.309092]]],[[[122.669772,12.310086],[122.668185,12.309473],[122.664803,12.306433],[122.661916,12.304836],[122.659778,12.301978],[122.655668,12.3],[122.661914,12.305915],[122.664855,12.307727],[122.667978,12.310625],[122.669081,12.310807],[122.669631,12.312255],[122.670918,12.31298],[122.6711,12.314789],[122.671452,12.315151],[122.6711,12.313381],[122.669772,12.310086]]],[[[122.671467,12.315194],[122.671467,12.315512],[122.671753,12.315874],[122.671652,12.315496],[122.671467,12.315194]]],[[[122.671894,12.31616],[122.671834,12.316236],[122.67195,12.316236],[122.671894,12.31616]]],[[[122.672061,12.316394],[122.672017,12.316417],[122.672079,12.316417],[122.672061,12.316394]]],[[[122.672207,12.316558],[122.672201,12.316598],[122.672264,12.316599],[122.672207,12.316558]]],[[[122.672417,12.31675],[122.672385,12.31678],[122.672447,12.31678],[122.672417,12.31675]]],[[[122.67258,12.316926],[122.672569,12.316961],[122.672606,12.316961],[122.67258,12.316926]]],[[[122.672786,12.317127],[122.672752,12.317142],[122.672798,12.317142],[122.672786,12.317127]]],[[[122.673084,12.31746],[122.672936,12.317504],[122.673116,12.317504],[122.673084,12.31746]]],[[[122.673197,12.317599],[122.673119,12.317685],[122.673285,12.317685],[122.673197,12.317599]]],[[[122.673342,12.317748],[122.673303,12.317866],[122.673486,12.317866],[122.673342,12.317748]]],[[[122.673487,12.317867],[122.674038,12.31859],[122.674344,12.31859],[122.674086,12.31839],[122.673487,12.317867]]],[[[122.674604,12.318763],[122.674589,12.318953],[122.674743,12.318953],[122.674604,12.318763]]],[[[122.675162,12.319304],[122.675141,12.319315],[122.675174,12.319315],[122.675162,12.319304]]],[[[122.675348,12.319483],[122.675325,12.319496],[122.675364,12.319496],[122.675348,12.319483]]],[[[122.675529,12.319612],[122.675508,12.319677],[122.67558,12.319677],[122.675529,12.319612]]],[[[122.675709,12.319844],[122.675692,12.319858],[122.675722,12.319858],[122.675709,12.319844]]],[[[122.675898,12.320023],[122.675876,12.320039],[122.675913,12.320039],[122.675898,12.320023]]],[[[122.676061,12.320215],[122.676059,12.32022],[122.676066,12.32022],[122.676061,12.320215]]],[[[122.67628,12.320384],[122.676243,12.320401],[122.676296,12.320401],[122.67628,12.320384]]],[[[122.676434,12.320547],[122.676427,12.320582],[122.676466,12.320582],[122.676434,12.320547]]],[[[122.676622,12.320751],[122.676611,12.320764],[122.67663,12.320764],[122.676622,12.320751]]],[[[122.677803,12.321818],[122.677162,12.321345],[122.678057,12.322393],[122.677803,12.321818]]],[[[122.678103,12.322542],[122.67808,12.322574],[122.678131,12.322574],[122.678103,12.322542]]],[[[122.678853,12.323292],[122.678815,12.323298],[122.678858,12.323298],[122.678853,12.323292]]],[[[122.679201,12.32375],[122.679182,12.323841],[122.679268,12.323841],[122.679201,12.32375]]],[[[122.679375,12.324],[122.679366,12.324022],[122.679388,12.324022],[122.679375,12.324]]],[[[122.679563,12.324373],[122.679549,12.324384],[122.679568,12.324384],[122.679563,12.324373]]],[[[122.679733,12.324733],[122.679733,12.324746],[122.679739,12.324746],[122.679733,12.324733]]],[[[122.679932,12.325082],[122.679916,12.325108],[122.679956,12.325108],[122.679932,12.325082]]],[[[122.680149,12.325431],[122.6801,12.32547],[122.680168,12.32547],[122.680149,12.325431]]],[[[122.680328,12.325785],[122.680283,12.325832],[122.680349,12.325832],[122.680328,12.325785]]],[[[122.68067,12.326356],[122.68065,12.326375],[122.680684,12.326375],[122.68067,12.326356]]],[[[122.680864,12.326639],[122.680834,12.326737],[122.680922,12.326737],[122.680864,12.326639]]],[[[122.6811,12.327035],[122.681017,12.327099],[122.681124,12.327099],[122.6811,12.327035]]],[[[122.681238,12.327335],[122.681201,12.327461],[122.68128,12.327461],[122.681238,12.327335]]],[[[122.681446,12.327798],[122.681385,12.327823],[122.681459,12.327823],[122.681446,12.327798]]],[[[122.681615,12.328119],[122.681568,12.328185],[122.681646,12.328185],[122.681615,12.328119]]],[[[122.681808,12.328491],[122.681752,12.328547],[122.681833,12.328547],[122.681808,12.328491]]],[[[122.681953,12.328836],[122.681935,12.328909],[122.681976,12.328909],[122.681953,12.328836]]],[[[122.682127,12.329175],[122.682119,12.32927],[122.682183,12.329271],[122.682127,12.329175]]],[[[122.682302,12.32953],[122.682302,12.329813],[122.682425,12.329813],[122.682302,12.32953]]],[[[122.682486,12.329961],[122.682485,12.330718],[122.682814,12.330899],[122.682795,12.330789],[122.682486,12.329961]]],[[[122.682859,12.331174],[122.682852,12.331622],[122.68293,12.331623],[122.682859,12.331174]]],[[[122.68307,12.331939],[122.683035,12.331984],[122.683108,12.331985],[122.68307,12.331939]]],[[[122.683219,12.332117],[122.683219,12.332165],[122.68326,12.332166],[122.683219,12.332117]]],[[[122.683403,12.332336],[122.683402,12.332347],[122.683412,12.332347],[122.683403,12.332336]]],[[[122.683953,12.33319],[122.683953,12.333252],[122.683983,12.333252],[122.683953,12.33319]]],[[[122.684137,12.333566],[122.684137,12.333794],[122.684249,12.333794],[122.684137,12.333566]]],[[[122.68432,12.334081],[122.68432,12.334518],[122.684412,12.334518],[122.68432,12.334081]]],[[[122.555736,12.336328],[122.555697,12.336291],[122.555663,12.336328],[122.555736,12.336328]]],[[[122.556655,12.33633],[122.557394,12.334342],[122.558132,12.333438],[122.557952,12.330906],[122.559793,12.329824],[122.562369,12.329828],[122.563287,12.330734],[122.563289,12.329468],[122.564945,12.32929],[122.565866,12.328206],[122.565684,12.327301],[122.563476,12.32784],[122.562558,12.326392],[122.563847,12.325671],[122.563112,12.325489],[122.563112,12.324946],[122.563849,12.324405],[122.5633,12.322776],[122.564221,12.322054],[122.564776,12.320246],[122.565695,12.32061],[122.565145,12.319343],[122.566065,12.319344],[122.566064,12.319887],[122.566432,12.319887],[122.567536,12.319347],[122.566618,12.318441],[122.566436,12.317355],[122.567356,12.316814],[122.56699,12.315729],[122.567726,12.315911],[122.56791,12.315549],[122.566624,12.314643],[122.567361,12.314282],[122.567178,12.313739],[122.568281,12.313741],[122.56865,12.312837],[122.569939,12.312297],[122.569758,12.310669],[122.570126,12.310127],[122.569392,12.309245],[122.565018,12.31085],[122.565135,12.311391],[122.564408,12.311782],[122.563744,12.31146],[122.563802,12.310883],[122.561659,12.314165],[122.560783,12.316866],[122.561255,12.317401],[122.560426,12.317924],[122.560338,12.32184],[122.555778,12.336148],[122.556104,12.335786],[122.556655,12.33633]]],[[[122.557214,12.33199],[122.557582,12.332352],[122.557582,12.331991],[122.557214,12.33199]]],[[[122.555551,12.33669],[122.55548,12.336596],[122.555434,12.33669],[122.555551,12.33669]]],[[[122.555366,12.337051],[122.555348,12.336871],[122.555256,12.337051],[122.555366,12.337051]]],[[[122.555182,12.337413],[122.555121,12.337324],[122.555062,12.337412],[122.555182,12.337413]]],[[[122.554998,12.337593],[122.554966,12.337553],[122.554951,12.337593],[122.554998,12.337593]]],[[[122.554813,12.337955],[122.55478,12.3379],[122.554758,12.337954],[122.554813,12.337955]]],[[[122.554629,12.338316],[122.554534,12.338272],[122.554515,12.338316],[122.554629,12.338316]]],[[[122.554444,12.338677],[122.554414,12.33854],[122.554371,12.338677],[122.554444,12.338677]]],[[[122.554259,12.339039],[122.554257,12.339023],[122.554252,12.339039],[122.554259,12.339039]]],[[[122.68247,12.342835],[122.684864,12.34103],[122.685967,12.341031],[122.686209,12.342297],[122.686362,12.340632],[122.684798,12.338851],[122.684473,12.336327],[122.684498,12.338859],[122.68321,12.339581],[122.681551,12.34193],[122.68247,12.342835]]],[[[122.551482,12.349524],[122.551467,12.349514],[122.551458,12.349524],[122.551482,12.349524]]],[[[122.551298,12.349705],[122.551291,12.349699],[122.551287,12.349705],[122.551298,12.349705]]],[[[122.551113,12.350066],[122.551044,12.350006],[122.551018,12.350066],[122.551113,12.350066]]],[[[122.550929,12.350427],[122.550927,12.350311],[122.550896,12.350427],[122.550929,12.350427]]],[[[122.546928,12.354219],[122.548164,12.353317],[122.548716,12.353498],[122.548901,12.352937],[122.548574,12.35292],[122.546928,12.354219]]],[[[122.546875,12.3544],[122.546764,12.35439],[122.546751,12.354399],[122.546875,12.3544]]],[[[122.546506,12.354761],[122.546479,12.354729],[122.546472,12.354761],[122.546506,12.354761]]],[[[122.546322,12.355122],[122.546261,12.355075],[122.546222,12.355122],[122.546322,12.355122]]],[[[122.546137,12.355303],[122.54612,12.355294],[122.546115,12.355303],[122.546137,12.355303]]],[[[122.545953,12.355837],[122.545951,12.355845],[122.545953,12.355845],[122.545953,12.355837]]],[[[122.545768,12.356387],[122.54573,12.35635],[122.545695,12.356387],[122.545768,12.356387]]],[[[122.545583,12.356568],[122.545575,12.356541],[122.545557,12.356568],[122.545583,12.356568]]],[[[122.545399,12.356745],[122.545396,12.356748],[122.545399,12.356748],[122.545399,12.356745]]],[[[122.543368,12.360905],[122.543371,12.359217],[122.543011,12.358982],[122.543368,12.360905]]],[[[122.540976,12.361443],[122.540949,12.36141],[122.540927,12.361443],[122.540976,12.361443]]],[[[122.53987,12.362346],[122.539323,12.362271],[122.539091,12.362344],[122.53987,12.362346]]],[[[122.53895,12.362706],[122.538886,12.362544],[122.538812,12.362705],[122.53895,12.362706]]],[[[122.538766,12.362886],[122.538649,12.362836],[122.538597,12.362886],[122.538766,12.362886]]],[[[122.538581,12.363067],[122.53835,12.362794],[122.537944,12.363066],[122.538581,12.363067]]],[[[122.537845,12.363246],[122.537793,12.363227],[122.537773,12.363246],[122.537845,12.363246]]],[[[122.537661,12.363427],[122.53762,12.363411],[122.537605,12.363427],[122.537661,12.363427]]],[[[122.537477,12.363607],[122.537463,12.36356],[122.537403,12.363607],[122.537477,12.363607]]],[[[122.537292,12.363788],[122.537211,12.36377],[122.53719,12.363788],[122.537292,12.363788]]],[[[122.537108,12.364149],[122.53692,12.364022],[122.536792,12.364149],[122.537108,12.364149]]],[[[122.538395,12.364332],[122.53858,12.364152],[122.538396,12.364152],[122.538395,12.364332]]],[[[122.536739,12.364511],[122.536528,12.364401],[122.536427,12.36451],[122.536739,12.364511]]],[[[122.536371,12.364691],[122.536316,12.36461],[122.536177,12.36469],[122.536371,12.364691]]],[[[122.536003,12.364871],[122.53593,12.364857],[122.535901,12.364871],[122.536003,12.364871]]],[[[122.535634,12.365051],[122.535559,12.364979],[122.535299,12.365051],[122.535634,12.365051]]],[[[122.538211,12.364332],[122.53729,12.365054],[122.537289,12.365597],[122.538394,12.364875],[122.538211,12.364332]]],[[[122.534713,12.365773],[122.535082,12.365103],[122.53387,12.365772],[122.534713,12.365773]]],[[[122.686566,12.366116],[122.687118,12.365574],[122.687303,12.365032],[122.686199,12.365211],[122.686198,12.365935],[122.686566,12.366116]]],[[[122.533609,12.366133],[122.533793,12.365803],[122.53277,12.366131],[122.533609,12.366133]]],[[[122.686565,12.36702],[122.687485,12.366479],[122.686382,12.366296],[122.686565,12.36702]]],[[[122.527101,12.370824],[122.528266,12.370283],[122.528634,12.370646],[122.529925,12.368659],[122.531213,12.368299],[122.530847,12.367394],[122.531585,12.36631],[122.532626,12.366131],[122.531867,12.365803],[122.531112,12.366351],[122.530559,12.367601],[122.530165,12.367598],[122.530392,12.368105],[122.529226,12.367907],[122.527101,12.370824]]],[[[122.526977,12.371005],[122.526945,12.370984],[122.526927,12.371004],[122.526977,12.371005]]],[[[122.526793,12.371185],[122.526742,12.371149],[122.526678,12.371185],[122.526793,12.371185]]],[[[122.526609,12.371366],[122.526565,12.371239],[122.526355,12.371365],[122.526609,12.371366]]],[[[122.526056,12.371546],[122.526002,12.371481],[122.525898,12.371545],[122.526056,12.371546]]],[[[122.687479,12.371703],[122.68814,12.370741],[122.689139,12.37134],[122.688548,12.37033],[122.69123,12.366849],[122.691809,12.365346],[122.692436,12.365379],[122.69271,12.364889],[122.691712,12.363658],[122.691818,12.361909],[122.69115,12.359751],[122.689986,12.357956],[122.68899,12.353836],[122.687824,12.352735],[122.686699,12.350648],[122.685963,12.34501],[122.685591,12.347903],[122.685958,12.34935],[122.68485,12.352605],[122.68577,12.352606],[122.685955,12.351521],[122.686507,12.351341],[122.687975,12.354236],[122.687239,12.354416],[122.686872,12.353511],[122.685769,12.353329],[122.685399,12.354776],[122.686869,12.356586],[122.68834,12.356768],[122.689442,12.358578],[122.689257,12.359482],[122.688152,12.360747],[122.686862,12.362012],[122.68631,12.362011],[122.687413,12.362917],[122.687595,12.364364],[122.68951,12.365215],[122.689877,12.3663],[122.688588,12.367384],[122.688587,12.367927],[122.689323,12.367928],[122.689506,12.36847],[122.688217,12.370278],[122.686932,12.367744],[122.686011,12.368286],[122.686745,12.370095],[122.687849,12.370277],[122.687479,12.371703]]],[[[122.690613,12.366482],[122.69098,12.366663],[122.690981,12.366302],[122.690613,12.366482]]],[[[122.525872,12.371726],[122.525775,12.371612],[122.525438,12.371725],[122.525872,12.371726]]],[[[122.520352,12.371897],[122.520312,12.371865],[122.520275,12.371897],[122.520352,12.371897]]],[[[122.521034,12.371744],[122.520563,12.371717],[122.521093,12.371899],[122.521034,12.371744]]],[[[122.525136,12.371906],[122.524997,12.371898],[122.524975,12.371905],[122.525136,12.371906]]],[[[122.687468,12.371724],[122.687295,12.371904],[122.687295,12.372051],[122.687468,12.371724]]],[[[122.520168,12.372078],[122.520135,12.372022],[122.520079,12.372078],[122.520168,12.372078]]],[[[122.521741,12.372081],[122.521314,12.371776],[122.521272,12.37208],[122.521741,12.372081]]],[[[122.519984,12.372258],[122.519963,12.372212],[122.51992,12.372258],[122.519984,12.372258]]],[[[122.687277,12.372085],[122.68711,12.372266],[122.68711,12.372406],[122.687277,12.372085]]],[[[122.5198,12.372439],[122.519761,12.37242],[122.519744,12.372439],[122.5198,12.372439]]],[[[122.68709,12.372447],[122.686926,12.372627],[122.686926,12.372758],[122.68709,12.372447]]],[[[122.519063,12.37298],[122.519058,12.372944],[122.519011,12.37298],[122.519063,12.37298]]],[[[122.518878,12.373161],[122.518797,12.373102],[122.518721,12.37316],[122.518878,12.373161]]],[[[122.686905,12.372808],[122.686741,12.372989],[122.686741,12.373211],[122.686905,12.372808]]],[[[122.518694,12.373341],[122.51849,12.373303],[122.518441,12.373341],[122.518694,12.373341]]],[[[122.518326,12.373521],[122.518242,12.373467],[122.518062,12.373521],[122.518326,12.373521]]],[[[122.686678,12.37335],[122.686557,12.373531],[122.686557,12.37365],[122.686678,12.37335]]],[[[122.686457,12.373893],[122.686372,12.374073],[122.686372,12.374136],[122.686457,12.373893]]],[[[122.514094,12.373876],[122.514829,12.374419],[122.516665,12.373518],[122.514805,12.373023],[122.514152,12.373333],[122.514646,12.373696],[122.514094,12.373876]]],[[[122.686252,12.374435],[122.686188,12.374616],[122.686188,12.374621],[122.686252,12.374435]]],[[[122.686003,12.374977],[122.686003,12.375127],[122.686053,12.374977],[122.686003,12.374977]]],[[[122.68586,12.375701],[122.685818,12.375881],[122.685818,12.375897],[122.68586,12.375701]]],[[[122.685737,12.376264],[122.685634,12.376424],[122.685633,12.376787],[122.685737,12.376264]]],[[[122.685568,12.37949],[122.685448,12.377328],[122.685261,12.380221],[122.685811,12.381488],[122.686505,12.381851],[122.685568,12.37949]]],[[[122.686704,12.381965],[122.686547,12.382032],[122.686795,12.382032],[122.686704,12.381965]]],[[[122.687025,12.382194],[122.686914,12.382213],[122.687049,12.382213],[122.687025,12.382194]]],[[[122.687182,12.382304],[122.687098,12.382394],[122.687271,12.382394],[122.687182,12.382304]]],[[[122.687474,12.38257],[122.687466,12.382575],[122.687478,12.382575],[122.687474,12.38257]]],[[[122.499358,12.383073],[122.499311,12.382977],[122.499226,12.383072],[122.499358,12.383073]]],[[[122.499174,12.383253],[122.499131,12.383179],[122.499056,12.383253],[122.499174,12.383253]]],[[[122.498243,12.383911],[122.498238,12.383915],[122.498243,12.383915],[122.498243,12.383911]]],[[[122.497507,12.384456],[122.497498,12.384402],[122.49742,12.384456],[122.497507,12.384456]]],[[[122.497138,12.384636],[122.497112,12.384631],[122.4971,12.384636],[122.497138,12.384636]]],[[[122.690049,12.385145],[122.689855,12.385291],[122.690122,12.385834],[122.690049,12.385145]]],[[[122.484992,12.386232],[122.484744,12.386241],[122.484992,12.386241],[122.484992,12.386232]]],[[[122.690226,12.38625],[122.690221,12.386557],[122.690318,12.386557],[122.690226,12.38625]]],[[[122.497871,12.386265],[122.498054,12.386627],[122.498238,12.386628],[122.498239,12.386266],[122.497871,12.386265]]],[[[122.690405,12.386827],[122.690405,12.386919],[122.690456,12.386919],[122.690405,12.386827]]],[[[122.690588,12.387174],[122.690588,12.387281],[122.690628,12.387281],[122.690588,12.387174]]],[[[122.690811,12.38777],[122.690772,12.387824],[122.690837,12.387824],[122.690811,12.38777]]],[[[122.691025,12.388266],[122.690955,12.388367],[122.691065,12.388367],[122.691025,12.388266]]],[[[122.691194,12.388699],[122.691138,12.388909],[122.691299,12.38891],[122.691194,12.388699]]],[[[122.691457,12.389228],[122.691322,12.389271],[122.69148,12.389272],[122.691457,12.389228]]],[[[122.691506,12.38932],[122.691506,12.389452],[122.691577,12.389453],[122.691506,12.38932]]],[[[122.472697,12.389654],[122.472603,12.389545],[122.472356,12.389649],[122.472697,12.389654]]],[[[122.473184,12.389624],[122.473155,12.389655],[122.47321,12.389655],[122.473184,12.389624]]],[[[122.473394,12.389655],[122.473513,12.389633],[122.473395,12.38953],[122.473394,12.389655]]],[[[122.514094,12.373514],[122.512335,12.373671],[122.511186,12.374809],[122.511227,12.375401],[122.510423,12.375474],[122.510912,12.374211],[122.508454,12.375856],[122.50659,12.375788],[122.50564,12.376789],[122.505505,12.378091],[122.504608,12.377641],[122.504998,12.376525],[122.501945,12.380184],[122.502491,12.380185],[122.502674,12.380908],[122.502122,12.380907],[122.501939,12.380191],[122.499399,12.382892],[122.500647,12.382351],[122.499172,12.384157],[122.499354,12.385062],[122.50009,12.385425],[122.501563,12.384704],[122.503955,12.384528],[122.50432,12.385975],[122.505421,12.387424],[122.507076,12.388331],[122.507625,12.389779],[122.508729,12.389781],[122.507811,12.388695],[122.507812,12.38779],[122.508917,12.38725],[122.509658,12.384538],[122.509108,12.383633],[122.508005,12.383088],[122.507826,12.380556],[122.50875,12.378568],[122.510037,12.378751],[122.510038,12.378209],[122.511143,12.377668],[122.511694,12.378031],[122.511875,12.379659],[122.511321,12.381105],[122.51224,12.381287],[122.512244,12.379117],[122.513165,12.378757],[122.513534,12.377853],[122.515561,12.376229],[122.514644,12.374781],[122.513172,12.374597],[122.513174,12.373693],[122.514094,12.373514]]],[[[122.508381,12.378748],[122.507646,12.378205],[122.507829,12.378928],[122.508381,12.378748]]],[[[122.506897,12.385257],[122.507083,12.384534],[122.506347,12.384532],[122.506897,12.385257]]],[[[122.474582,12.38996],[122.474498,12.390019],[122.474612,12.390019],[122.474582,12.38996]]],[[[122.489402,12.389324],[122.490139,12.388602],[122.49198,12.388244],[122.493451,12.388789],[122.494559,12.386621],[122.49732,12.385722],[122.496769,12.385178],[122.496954,12.384712],[122.493229,12.385981],[122.490422,12.385392],[122.485698,12.386062],[122.485726,12.387509],[122.488669,12.387514],[122.488851,12.3886],[122.488113,12.389864],[122.488665,12.390046],[122.488666,12.389504],[122.489034,12.389504],[122.489032,12.390047],[122.4894,12.390048],[122.489402,12.389324]]],[[[122.475233,12.390352],[122.475233,12.390382],[122.475296,12.390382],[122.475233,12.390352]]],[[[122.481489,12.390213],[122.481672,12.390395],[122.481673,12.390214],[122.481489,12.390213]]],[[[122.481672,12.390395],[122.481856,12.390576],[122.481856,12.390395],[122.481672,12.390395]]],[[[122.691689,12.389663],[122.692056,12.390719],[122.69242,12.3909],[122.692003,12.390226],[122.691689,12.389663]]],[[[122.469528,12.391275],[122.469387,12.391263],[122.46934,12.391275],[122.469528,12.391275]]],[[[122.468975,12.391455],[122.4689,12.391432],[122.46884,12.391455],[122.468975,12.391455]]],[[[122.468423,12.391635],[122.468363,12.391607],[122.46826,12.391635],[122.468423,12.391635]]],[[[122.481489,12.390033],[122.480202,12.389668],[122.480019,12.389125],[122.481309,12.387862],[122.483331,12.389132],[122.483149,12.388046],[122.48444,12.386241],[122.483051,12.386499],[122.478777,12.389796],[122.475968,12.390565],[122.477808,12.39093],[122.47891,12.391836],[122.479463,12.390933],[122.481489,12.390033]]],[[[122.464227,12.392169],[122.464136,12.392118],[122.464106,12.392169],[122.464227,12.392169]]],[[[122.465194,12.392171],[122.465125,12.392048],[122.46502,12.392171],[122.465194,12.392171]]],[[[122.464006,12.39235],[122.464001,12.392327],[122.463976,12.39235],[122.464006,12.39235]]],[[[122.467317,12.392356],[122.467871,12.391681],[122.466919,12.391994],[122.467317,12.392356]]],[[[122.46284,12.392457],[122.462405,12.39208],[122.462193,12.392242],[122.462219,12.392527],[122.46284,12.392457]]],[[[122.463637,12.39253],[122.463414,12.392513],[122.463369,12.392529],[122.463637,12.39253]]],[[[122.462165,12.392708],[122.461969,12.392656],[122.461877,12.392707],[122.462165,12.392708]]],[[[122.461613,12.392888],[122.461562,12.392864],[122.461525,12.392887],[122.461613,12.392888]]],[[[122.45517,12.394502],[122.455154,12.394459],[122.455157,12.394502],[122.45517,12.394502]]],[[[122.45885,12.39451],[122.460139,12.393608],[122.460875,12.39361],[122.461429,12.39293],[122.458667,12.393783],[122.459035,12.393968],[122.45885,12.39451]]],[[[122.453373,12.395403],[122.453421,12.395304],[122.45334,12.395197],[122.453373,12.395403]]],[[[122.453144,12.395583],[122.453137,12.395579],[122.453131,12.395583],[122.453144,12.395583]]],[[[122.451486,12.396304],[122.451416,12.396266],[122.451379,12.396303],[122.451486,12.396304]]],[[[122.451302,12.396484],[122.451269,12.396478],[122.451262,12.396484],[122.451302,12.396484]]],[[[122.451117,12.396845],[122.45091,12.396713],[122.450759,12.396845],[122.451117,12.396845]]],[[[122.450087,12.397386],[122.450565,12.397206],[122.450749,12.396851],[122.450087,12.397386]]],[[[122.69795,12.397952],[122.697935,12.39796],[122.697972,12.39796],[122.69795,12.397952]]],[[[122.698313,12.398149],[122.698119,12.398141],[122.698303,12.398517],[122.698313,12.398149]]],[[[122.450012,12.397567],[122.450012,12.397441],[122.45,12.397448],[122.450012,12.397567]]],[[[122.698486,12.399393],[122.698486,12.399408],[122.698499,12.399408],[122.698486,12.399393]]],[[[122.698781,12.399678],[122.69867,12.39959],[122.698669,12.39977],[122.698781,12.399678]]],[[[122.698669,12.400312],[122.698669,12.400492],[122.698712,12.400349],[122.698669,12.400312]]],[[[122.688364,12.400662],[122.690573,12.400122],[122.691495,12.398315],[122.693335,12.398136],[122.694256,12.397413],[122.696804,12.397959],[122.696104,12.396867],[122.695066,12.397097],[122.695761,12.39389],[122.692424,12.390906],[122.693526,12.39271],[122.692606,12.392347],[122.692237,12.39307],[122.691133,12.393069],[122.690398,12.392345],[122.690213,12.393792],[122.691683,12.394698],[122.691682,12.395783],[122.690023,12.398313],[122.690206,12.399579],[122.689285,12.399759],[122.688364,12.400662]]],[[[122.692605,12.393433],[122.692973,12.393614],[122.692973,12.393433],[122.692605,12.393433]]],[[[122.687812,12.400842],[122.687996,12.400662],[122.687812,12.400662],[122.687812,12.400842]]],[[[122.687812,12.401023],[122.687444,12.400842],[122.687444,12.401023],[122.687812,12.401023]]],[[[122.687444,12.401023],[122.68726,12.401204],[122.687444,12.401204],[122.687444,12.401023]]],[[[122.686523,12.401564],[122.686708,12.401384],[122.686524,12.401384],[122.686523,12.401564]]],[[[122.698659,12.401647],[122.698483,12.401578],[122.698483,12.40186],[122.698659,12.401647]]],[[[122.698115,12.401939],[122.698115,12.401996],[122.698212,12.401939],[122.698115,12.401939]]],[[[122.686339,12.401564],[122.685235,12.401744],[122.68505,12.40301],[122.686889,12.403373],[122.68873,12.403014],[122.688731,12.401929],[122.687075,12.402108],[122.686339,12.401564]]],[[[122.696641,12.403899],[122.697377,12.402925],[122.697439,12.402662],[122.696641,12.403899]]],[[[122.695349,12.40682],[122.696038,12.405451],[122.696596,12.403927],[122.695166,12.406096],[122.695349,12.40682]]],[[[122.695164,12.407723],[122.695164,12.407753],[122.695178,12.407723],[122.695164,12.407723]]],[[[122.69498,12.407904],[122.69498,12.408074],[122.695088,12.407904],[122.69498,12.407904]]],[[[122.694796,12.408085],[122.694796,12.408243],[122.694972,12.408085],[122.694796,12.408085]]],[[[122.694612,12.408265],[122.694611,12.408334],[122.694761,12.408266],[122.694612,12.408265]]],[[[122.693323,12.408987],[122.693345,12.409099],[122.694095,12.408627],[122.693691,12.408626],[122.693323,12.408987]]],[[[122.693178,12.409376],[122.693314,12.409349],[122.693138,12.409503],[122.693178,12.409376]]],[[[122.692954,12.40953],[122.692954,12.409568],[122.692979,12.40953],[122.692954,12.40953]]],[[[122.692586,12.409891],[122.692586,12.409899],[122.692601,12.409891],[122.692586,12.409891]]],[[[122.692275,12.410071],[122.692304,12.410117],[122.692351,12.410071],[122.692275,12.410071]]],[[[122.691725,12.410647],[122.692228,12.410243],[122.692176,12.410071],[122.691665,12.410252],[122.691725,12.410647]]],[[[122.691481,12.410613],[122.691634,12.410701],[122.691643,12.410613],[122.691481,12.410613]]],[[[122.688531,12.41562],[122.689266,12.412979],[122.691534,12.41122],[122.691463,12.410794],[122.69056,12.411155],[122.689824,12.410792],[122.689639,12.411696],[122.688903,12.411695],[122.687798,12.412779],[122.687059,12.414949],[122.688531,12.41562]]],[[[122.688871,12.417033],[122.688713,12.417121],[122.688713,12.4172],[122.688871,12.417033]]],[[[122.687063,12.418566],[122.687085,12.418646],[122.687151,12.418566],[122.687063,12.418566]]],[[[122.686871,12.418743],[122.686937,12.418566],[122.686871,12.418566],[122.686871,12.418743]]],[[[122.684424,12.42435],[122.684774,12.424452],[122.684723,12.424135],[122.684424,12.42435]]],[[[122.684853,12.424703],[122.68484,12.424712],[122.684867,12.424713],[122.684853,12.424703]]],[[[122.685184,12.425075],[122.685023,12.424803],[122.685023,12.425074],[122.685184,12.425075]]],[[[122.682262,12.425433],[122.683,12.424529],[122.684126,12.42435],[122.685237,12.42119],[122.686843,12.419147],[122.685768,12.417841],[122.684848,12.418021],[122.684663,12.418563],[122.685766,12.419288],[122.685765,12.420011],[122.68429,12.422542],[122.681896,12.424166],[122.682262,12.425433]]],[[[122.685764,12.427909],[122.685572,12.427969],[122.685823,12.427969],[122.685764,12.427909]]],[[[122.686618,12.428874],[122.686957,12.428585],[122.686859,12.428486],[122.686618,12.428874]]],[[[122.681144,12.436891],[122.682549,12.434465],[122.682281,12.434091],[122.68364,12.433428],[122.683521,12.432062],[122.684412,12.429751],[122.685706,12.42892],[122.685019,12.42833],[122.685551,12.427788],[122.685162,12.425979],[122.683546,12.428871],[122.684097,12.429776],[122.683359,12.431764],[122.682438,12.432306],[122.681516,12.433752],[122.681698,12.43556],[122.681145,12.436102],[122.681144,12.436891]]],[[[122.68096,12.437006],[122.68096,12.437118],[122.680991,12.437006],[122.68096,12.437006]]],[[[122.680407,12.438091],[122.680407,12.438136],[122.680465,12.438091],[122.680407,12.438091]]],[[[122.680223,12.438272],[122.680223,12.438305],[122.680263,12.438272],[122.680223,12.438272]]],[[[122.679854,12.438452],[122.679854,12.438587],[122.680007,12.438452],[122.679854,12.438452]]],[[[122.67967,12.438633],[122.679689,12.438735],[122.67979,12.438633],[122.67967,12.438633]]],[[[122.679486,12.438813],[122.679486,12.438862],[122.679508,12.438813],[122.679486,12.438813]]],[[[122.679302,12.438994],[122.679302,12.439015],[122.679312,12.438994],[122.679302,12.438994]]],[[[122.678749,12.439355],[122.678749,12.439527],[122.678885,12.439355],[122.678749,12.439355]]],[[[122.678565,12.439536],[122.678459,12.439684],[122.678711,12.439536],[122.678565,12.439536]]],[[[122.667149,12.444586],[122.667333,12.444405],[122.666966,12.444043],[122.667149,12.444586]]],[[[122.667517,12.444586],[122.667701,12.444767],[122.667701,12.444587],[122.667517,12.444586]]],[[[122.668989,12.444769],[122.669173,12.44495],[122.669173,12.444769],[122.668989,12.444769]]],[[[122.669173,12.445131],[122.668254,12.443864],[122.668436,12.445492],[122.667884,12.445491],[122.666777,12.447841],[122.667327,12.449469],[122.668616,12.448928],[122.668615,12.449652],[122.668983,12.449833],[122.668981,12.450737],[122.668797,12.450737],[122.668797,12.451099],[122.668613,12.451099],[122.668612,12.45146],[122.668244,12.451641],[122.668244,12.451904],[122.669344,12.450798],[122.668855,12.447565],[122.669273,12.447003],[122.670478,12.446976],[122.671115,12.445842],[122.671635,12.44573],[122.673078,12.44285],[122.673633,12.440487],[122.673871,12.440509],[122.674441,12.440146],[122.675006,12.439313],[122.678081,12.440312],[122.678339,12.43999],[122.677645,12.439715],[122.677462,12.438268],[122.675991,12.437543],[122.67636,12.436458],[122.67581,12.435192],[122.674521,12.435914],[122.675623,12.437723],[122.6747,12.439531],[122.673411,12.440615],[122.673226,12.441519],[122.672305,12.442241],[122.671934,12.444411],[122.669173,12.445131]]],[[[122.660353,12.461403],[122.659801,12.461221],[122.659801,12.461402],[122.660353,12.461403]]],[[[122.660353,12.461584],[122.661088,12.461766],[122.661273,12.461223],[122.664034,12.461407],[122.664769,12.462313],[122.665321,12.461771],[122.668266,12.461594],[122.669175,12.462137],[122.66678,12.460387],[122.665071,12.460342],[122.664442,12.459172],[122.664933,12.457923],[122.664386,12.457181],[122.664958,12.454466],[122.665677,12.453715],[122.666391,12.453685],[122.667747,12.45302],[122.668199,12.452422],[122.668251,12.452226],[122.668244,12.45192],[122.666954,12.453267],[122.66456,12.453987],[122.664006,12.455976],[122.661613,12.455973],[122.661244,12.456877],[122.662165,12.456155],[122.663453,12.456518],[122.663486,12.45797],[122.66238,12.459416],[122.660907,12.459776],[122.66109,12.460861],[122.660353,12.461584]]],[[[122.665363,12.464988],[122.666729,12.464703],[122.668194,12.463975],[122.66933,12.462753],[122.669186,12.462158],[122.668632,12.463222],[122.665363,12.464988]]],[[[122.665133,12.465026],[122.665133,12.46506],[122.66524,12.465026],[122.665133,12.465026]]],[[[122.661632,12.468566],[122.663942,12.465929],[122.662557,12.46448],[122.661453,12.46466],[122.660899,12.465563],[122.660347,12.465563],[122.660714,12.466829],[122.660161,12.467552],[122.661265,12.467553],[122.66108,12.468096],[122.661632,12.468566]]],[[[122.661078,12.469723],[122.661078,12.469739],[122.661083,12.469723],[122.661078,12.469723]]],[[[122.660948,12.470085],[122.660893,12.470266],[122.660893,12.470289],[122.660948,12.470085]]],[[[122.652978,12.471522],[122.653162,12.470979],[122.65261,12.471521],[122.652978,12.471522]]],[[[122.450002,12.473144],[122.45046,12.473873],[122.450587,12.473888],[122.450405,12.472984],[122.450002,12.473144]]],[[[122.450585,12.475154],[122.450521,12.475196],[122.450585,12.475219],[122.450585,12.475154]]],[[[122.450952,12.475336],[122.45085,12.475365],[122.450952,12.475404],[122.450952,12.475336]]],[[[122.455174,12.480982],[122.454257,12.47914],[122.454078,12.47697],[122.451211,12.475517],[122.452769,12.477753],[122.453209,12.477629],[122.453656,12.479055],[122.454679,12.480062],[122.454733,12.480458],[122.454902,12.48074],[122.455174,12.480982]]],[[[122.521,12.481086],[122.520631,12.481266],[122.520999,12.481267],[122.521,12.481086]]],[[[122.455357,12.481132],[122.455299,12.481225],[122.455357,12.481306],[122.455357,12.481132]]],[[[122.520447,12.481266],[122.520263,12.481446],[122.520447,12.481447],[122.520447,12.481266]]],[[[122.636215,12.481808],[122.636951,12.481809],[122.638793,12.480727],[122.637505,12.480544],[122.63732,12.481087],[122.636216,12.481266],[122.636215,12.481808]]],[[[122.520445,12.48217],[122.520262,12.481808],[122.520261,12.48217],[122.520445,12.48217]]],[[[122.45654,12.482039],[122.455363,12.481313],[122.455664,12.481696],[122.456308,12.482215],[122.45654,12.482039]]],[[[122.520445,12.48217],[122.520629,12.482532],[122.520629,12.48217],[122.520445,12.48217]]],[[[122.520629,12.482532],[122.52118,12.482895],[122.521181,12.482533],[122.520629,12.482532]]],[[[122.468787,12.483872],[122.468777,12.483883],[122.468787,12.48389],[122.468787,12.483872]]],[[[122.467131,12.483993],[122.46842,12.483777],[122.46842,12.48369],[122.467131,12.483993]]],[[[122.459769,12.483854],[122.459217,12.483672],[122.459219,12.482768],[122.459035,12.482767],[122.459589,12.482045],[122.459592,12.480236],[122.458856,12.480416],[122.458857,12.479873],[122.457937,12.47969],[122.457565,12.481498],[122.456634,12.482039],[122.456729,12.482421],[122.457217,12.482035],[122.457069,12.482722],[122.458017,12.482757],[122.45919,12.483348],[122.459073,12.483611],[122.45928,12.483857],[122.459769,12.483854]]],[[[122.4583,12.482223],[122.458667,12.482586],[122.458668,12.482224],[122.4583,12.482223]]],[[[122.466763,12.484049],[122.466762,12.484077],[122.466839,12.484049],[122.466763,12.484049]]],[[[122.460321,12.484036],[122.460289,12.484152],[122.460309,12.484165],[122.460321,12.484036]]],[[[122.469155,12.484053],[122.469088,12.484141],[122.469155,12.48419],[122.469155,12.484053]]],[[[122.469339,12.484235],[122.469287,12.484308],[122.469339,12.484341],[122.469339,12.484235]]],[[[122.460504,12.484217],[122.460444,12.484353],[122.460496,12.484367],[122.460504,12.484217]]],[[[122.465657,12.484408],[122.466361,12.48444],[122.466468,12.484285],[122.465657,12.484408]]],[[[122.460688,12.484398],[122.4606,12.484562],[122.460688,12.484684],[122.460688,12.484398]]],[[[122.465289,12.484588],[122.465617,12.484657],[122.4656,12.484589],[122.465289,12.484588]]],[[[122.465275,12.484801],[122.465289,12.484734],[122.465219,12.484769],[122.465275,12.484801]]],[[[122.460871,12.48476],[122.4608,12.484841],[122.460871,12.484904],[122.460871,12.48476]]],[[[122.464921,12.484768],[122.464957,12.484888],[122.465033,12.484769],[122.464921,12.484768]]],[[[122.469887,12.484959],[122.46989,12.484963],[122.46989,12.484959],[122.469887,12.484959]]],[[[122.461055,12.484941],[122.461016,12.485028],[122.461055,12.485045],[122.461055,12.484941]]],[[[122.521175,12.485608],[122.521543,12.485789],[122.521543,12.485608],[122.521175,12.485608]]],[[[122.461054,12.485149],[122.461237,12.485846],[122.461239,12.485123],[122.461054,12.485149]]],[[[122.521543,12.485789],[122.521727,12.48597],[122.521727,12.485789],[122.521543,12.485789]]],[[[122.462524,12.486484],[122.463405,12.485621],[122.464917,12.48505],[122.46271,12.485487],[122.462524,12.486484]]],[[[122.461236,12.48657],[122.461216,12.48658],[122.461236,12.4866],[122.461236,12.48657]]],[[[122.46234,12.486641],[122.462448,12.486572],[122.46234,12.486572],[122.46234,12.486641]]],[[[122.522095,12.486152],[122.521726,12.486513],[122.522094,12.486694],[122.522095,12.486152]]],[[[122.471478,12.486646],[122.471176,12.485685],[122.469293,12.484684],[122.469582,12.485451],[122.470663,12.48571],[122.471478,12.486646]]],[[[122.461971,12.486933],[122.461918,12.48696],[122.462083,12.486933],[122.461971,12.486933]]],[[[122.522277,12.487237],[122.522093,12.486875],[122.522093,12.487237],[122.522277,12.487237]]],[[[122.471726,12.487133],[122.471694,12.487192],[122.471725,12.487239],[122.471726,12.487133]]],[[[122.522277,12.487237],[122.52246,12.487599],[122.522461,12.487238],[122.522277,12.487237]]],[[[122.471794,12.487616],[122.471909,12.487509],[122.471713,12.487554],[122.471794,12.487616]]],[[[122.52246,12.487599],[122.522644,12.48778],[122.522644,12.4876],[122.52246,12.487599]]],[[[122.472135,12.488022],[122.472276,12.487857],[122.471974,12.487747],[122.472135,12.488022]]],[[[122.522827,12.488143],[122.522643,12.487961],[122.522643,12.488142],[122.522827,12.488143]]],[[[122.472275,12.4884],[122.47225,12.488407],[122.472275,12.488475],[122.472275,12.4884]]],[[[122.522827,12.488143],[122.523011,12.488505],[122.523011,12.488143],[122.522827,12.488143]]],[[[122.630684,12.488493],[122.631973,12.487952],[122.633817,12.485422],[122.62995,12.486864],[122.630684,12.488493]]],[[[122.472459,12.488581],[122.472345,12.488629],[122.472459,12.488755],[122.472459,12.488581]]],[[[122.525219,12.488689],[122.52485,12.48887],[122.525219,12.48887],[122.525219,12.488689]]],[[[122.476508,12.48877],[122.476598,12.488836],[122.476665,12.48877],[122.476508,12.48877]]],[[[122.523378,12.489048],[122.523194,12.488867],[122.523194,12.489047],[122.523378,12.489048]]],[[[122.47242,12.489061],[122.472458,12.488853],[122.472362,12.488836],[122.47242,12.489061]]],[[[122.523378,12.489048],[122.523561,12.489229],[122.523562,12.489048],[122.523378,12.489048]]],[[[122.525402,12.489051],[122.525218,12.489232],[122.525402,12.489232],[122.525402,12.489051]]],[[[122.475219,12.489129],[122.47606,12.489219],[122.476482,12.488951],[122.475219,12.489129]]],[[[122.472641,12.489486],[122.47245,12.489588],[122.472641,12.489664],[122.472641,12.489486]]],[[[122.472825,12.489667],[122.472746,12.489719],[122.472825,12.489729],[122.472825,12.489667]]],[[[122.474493,12.489848],[122.475136,12.489549],[122.475159,12.48931],[122.47485,12.489309],[122.474493,12.489848]]],[[[122.473745,12.48985],[122.473767,12.48987],[122.473799,12.48985],[122.473745,12.48985]]],[[[122.473381,12.489849],[122.473455,12.489879],[122.473525,12.489849],[122.473381,12.489849]]],[[[122.474093,12.489988],[122.474405,12.489851],[122.473819,12.48985],[122.474093,12.489988]]],[[[122.634915,12.489945],[122.635469,12.489042],[122.635652,12.489645],[122.635966,12.489131],[122.637084,12.484976],[122.638125,12.483666],[122.643753,12.483531],[122.644653,12.484152],[122.645836,12.483962],[122.647486,12.484617],[122.649074,12.483971],[122.652852,12.484367],[122.65468,12.483956],[122.656692,12.482242],[122.657151,12.480682],[122.655633,12.477793],[122.652624,12.479267],[122.652112,12.478328],[122.652518,12.47725],[122.653039,12.47738],[122.657429,12.472693],[122.658374,12.472228],[122.660428,12.472187],[122.660886,12.47117],[122.659419,12.47153],[122.656847,12.468452],[122.653719,12.467905],[122.653536,12.467182],[122.653904,12.46682],[122.653537,12.465916],[122.652985,12.465915],[122.652798,12.468085],[122.654086,12.468448],[122.6539,12.469714],[122.654452,12.470257],[122.654451,12.471162],[122.655003,12.47062],[122.655924,12.470621],[122.656659,12.471526],[122.656658,12.47225],[122.655737,12.472429],[122.655736,12.473695],[122.652791,12.473873],[122.652421,12.474957],[122.651316,12.47586],[122.649292,12.475134],[122.649291,12.476038],[122.647266,12.476036],[122.646899,12.475312],[122.646346,12.475854],[122.644874,12.475852],[122.643035,12.474764],[122.644689,12.476213],[122.644686,12.478383],[122.643948,12.479648],[122.641187,12.480187],[122.641186,12.480549],[122.641923,12.48055],[122.645052,12.480192],[122.648363,12.481282],[122.65039,12.480019],[122.652413,12.481106],[122.652779,12.482373],[122.652226,12.482915],[122.649834,12.482731],[122.648913,12.483453],[122.646703,12.483812],[122.64468,12.483086],[122.643945,12.482],[122.640632,12.481814],[122.638977,12.481089],[122.638239,12.482354],[122.636398,12.482351],[122.635845,12.483074],[122.634556,12.483434],[122.634003,12.484518],[122.634002,12.485061],[122.635659,12.484701],[122.635656,12.486691],[122.634367,12.487413],[122.633813,12.488497],[122.634363,12.489945],[122.634915,12.489945]]],[[[122.649654,12.479656],[122.650023,12.478752],[122.64892,12.478208],[122.648734,12.479112],[122.649654,12.479656]]],[[[122.593685,12.49061],[122.593685,12.490634],[122.593716,12.49061],[122.593685,12.49061]]],[[[122.592396,12.491331],[122.592211,12.491454],[122.592531,12.491331],[122.592396,12.491331]]],[[[122.634912,12.492116],[122.634912,12.492186],[122.634944,12.492116],[122.634912,12.492116]]],[[[122.624052,12.492282],[122.624021,12.492327],[122.624052,12.492333],[122.624052,12.492282]]],[[[122.62442,12.492463],[122.624401,12.492482],[122.62442,12.492489],[122.62442,12.492463]]],[[[122.620371,12.492638],[122.620371,12.492638],[122.620372,12.492638],[122.620371,12.492638]]],[[[122.496746,12.492606],[122.497299,12.492246],[122.496563,12.492063],[122.496746,12.492606]]],[[[122.616505,12.492994],[122.616469,12.493016],[122.616505,12.493042],[122.616505,12.492994]]],[[[122.62626,12.493078],[122.629736,12.493],[122.631193,12.491888],[122.632939,12.492896],[122.633901,12.492836],[122.634386,12.492638],[122.63483,12.492296],[122.633071,12.492656],[122.632704,12.491751],[122.631784,12.491569],[122.63068,12.491567],[122.630311,12.49229],[122.62847,12.491926],[122.627001,12.489934],[122.626819,12.488487],[122.626267,12.488306],[122.625714,12.488486],[122.625714,12.488848],[122.626266,12.488848],[122.62608,12.490295],[122.62663,12.491743],[122.62755,12.492106],[122.627733,12.492648],[122.62626,12.493078]]],[[[122.618188,12.49324],[122.618806,12.493171],[122.619369,12.492998],[122.61853,12.492997],[122.618188,12.49324]]],[[[122.617609,12.493177],[122.61697,12.49324],[122.617609,12.493275],[122.617609,12.493177]]],[[[122.583004,12.493849],[122.583142,12.493872],[122.583275,12.493849],[122.583004,12.493849]]],[[[122.606002,12.494166],[122.612948,12.491431],[122.61429,12.491534],[122.616137,12.492822],[122.615954,12.49227],[122.615218,12.492088],[122.615219,12.491546],[122.615956,12.491004],[122.614852,12.49046],[122.61375,12.488831],[122.612462,12.488648],[122.612463,12.487925],[122.612095,12.487924],[122.612279,12.488286],[122.611356,12.489551],[122.6097,12.489548],[122.609697,12.491357],[122.609328,12.491718],[122.608408,12.491717],[122.607673,12.490811],[122.605649,12.490808],[122.603807,12.491167],[122.602701,12.492432],[122.602149,12.492431],[122.599205,12.491703],[122.598288,12.489532],[122.597736,12.48935],[122.597737,12.488626],[122.597186,12.488445],[122.596999,12.48986],[122.598546,12.491222],[122.599049,12.492696],[122.601481,12.493792],[122.606002,12.494166]]],[[[122.579909,12.494387],[122.58128,12.49438],[122.58174,12.494209],[122.579909,12.494387]]],[[[122.576193,12.494743],[122.576193,12.494764],[122.576355,12.494743],[122.576193,12.494743]]],[[[122.559259,12.494715],[122.559075,12.494896],[122.559259,12.494896],[122.559259,12.494715]]],[[[122.572879,12.494918],[122.572695,12.494958],[122.572948,12.494918],[122.572879,12.494918]]],[[[122.57159,12.495459],[122.57159,12.49563],[122.571739,12.495459],[122.57159,12.495459]]],[[[122.571406,12.495639],[122.571405,12.495771],[122.571577,12.49564],[122.571406,12.495639]]],[[[122.544533,12.495414],[122.544901,12.495596],[122.544901,12.495234],[122.544533,12.495414]]],[[[122.500174,12.495697],[122.499989,12.495878],[122.500173,12.495878],[122.500174,12.495697]]],[[[122.544532,12.495776],[122.544348,12.495957],[122.544532,12.495957],[122.544532,12.495776]]],[[[122.551526,12.495969],[122.553,12.495428],[122.552266,12.49398],[122.551898,12.49398],[122.551528,12.495064],[122.551526,12.495969]]],[[[122.544348,12.495957],[122.544164,12.496137],[122.544348,12.496137],[122.544348,12.495957]]],[[[122.571185,12.49594],[122.571341,12.49582],[122.570853,12.496171],[122.571185,12.49594]]],[[[122.495451,12.49604],[122.495451,12.496195],[122.495606,12.49604],[122.495451,12.49604]]],[[[122.570669,12.496181],[122.570668,12.496291],[122.570838,12.496181],[122.570669,12.496181]]],[[[122.559441,12.495982],[122.55944,12.496343],[122.559809,12.496344],[122.559809,12.496163],[122.559441,12.495982]]],[[[122.570484,12.496361],[122.5703,12.496457],[122.570507,12.496361],[122.570484,12.496361]]],[[[122.495432,12.496221],[122.495267,12.496402],[122.495266,12.49648],[122.495432,12.496221]]],[[[122.490481,12.496504],[122.49048,12.496507],[122.490481,12.496508],[122.490481,12.496504]]],[[[122.521176,12.485427],[122.520441,12.48434],[122.521179,12.483799],[122.521364,12.482895],[122.520811,12.483618],[122.520075,12.483616],[122.51842,12.482709],[122.518422,12.481805],[122.517319,12.481079],[122.516769,12.479632],[122.515849,12.479811],[122.515109,12.481799],[122.514004,12.481978],[122.513266,12.482881],[122.510875,12.481972],[122.5094,12.483235],[122.506272,12.483049],[122.5059,12.484857],[122.504243,12.485396],[122.503872,12.486842],[122.503319,12.487203],[122.503501,12.488288],[122.50258,12.488468],[122.500921,12.490092],[122.502394,12.489914],[122.502393,12.490457],[122.503498,12.490097],[122.503865,12.49064],[122.506265,12.486666],[122.509579,12.485948],[122.509761,12.487396],[122.507734,12.488477],[122.507915,12.490105],[122.507177,12.491189],[122.507174,12.492636],[122.506621,12.492996],[122.506803,12.494082],[122.508463,12.492457],[122.512514,12.49156],[122.513984,12.492467],[122.514167,12.493372],[122.51214,12.494453],[122.508274,12.494989],[122.5068,12.49571],[122.50588,12.495708],[122.505697,12.494984],[122.50441,12.494439],[122.504039,12.495524],[122.504591,12.495706],[122.50459,12.496429],[122.502966,12.496426],[122.504981,12.496494],[122.508567,12.495215],[122.516947,12.494041],[122.516117,12.493576],[122.515427,12.491882],[122.516883,12.491576],[122.517512,12.492241],[122.517542,12.493041],[122.520182,12.494288],[122.520602,12.49492],[122.523918,12.495557],[122.522999,12.494834],[122.520975,12.49465],[122.519321,12.492839],[122.519875,12.491935],[122.520426,12.492479],[122.520615,12.489947],[122.519513,12.488498],[122.519151,12.485604],[122.521176,12.485427]]],[[[122.511047,12.488664],[122.510862,12.488845],[122.511046,12.488845],[122.511047,12.488664]]],[[[122.509389,12.489204],[122.509021,12.489022],[122.509021,12.489203],[122.509389,12.489204]]],[[[122.570116,12.496541],[122.569931,12.496674],[122.570156,12.496542],[122.570116,12.496541]]],[[[122.495082,12.496763],[122.495082,12.496853],[122.495127,12.496763],[122.495082,12.496763]]],[[[122.569747,12.496722],[122.569563,12.49686],[122.569851,12.496722],[122.569747,12.496722]]],[[[122.569379,12.496902],[122.569195,12.497026],[122.569469,12.496902],[122.569379,12.496902]]],[[[122.56901,12.497082],[122.568826,12.497191],[122.569069,12.497082],[122.56901,12.497082]]],[[[122.494897,12.497124],[122.494897,12.497234],[122.49496,12.497124],[122.494897,12.497124]]],[[[122.568642,12.497263],[122.568458,12.497345],[122.568655,12.497263],[122.568642,12.497263]]],[[[122.56809,12.497443],[122.568089,12.497499],[122.568224,12.497443],[122.56809,12.497443]]],[[[122.489937,12.497478],[122.490479,12.497297],[122.490481,12.496552],[122.490448,12.497277],[122.489937,12.497478]]],[[[122.567721,12.497623],[122.567721,12.497653],[122.567792,12.497623],[122.567721,12.497623]]],[[[122.567353,12.497803],[122.567353,12.497874],[122.567446,12.497803],[122.567353,12.497803]]],[[[122.557791,12.498043],[122.559255,12.497064],[122.559074,12.495619],[122.558337,12.495799],[122.558338,12.495076],[122.557602,12.495074],[122.556867,12.49435],[122.555578,12.494528],[122.556865,12.495435],[122.556862,12.497243],[122.555941,12.497863],[122.557485,12.497707],[122.557791,12.498043]]],[[[122.567168,12.497984],[122.566984,12.498125],[122.567201,12.497984],[122.567168,12.497984]]],[[[122.5668,12.498164],[122.566616,12.498242],[122.566924,12.498164],[122.5668,12.498164]]],[[[122.565487,12.498549],[122.566242,12.498344],[122.565143,12.49862],[122.565487,12.498549]]],[[[122.492181,12.498392],[122.494626,12.498382],[122.494873,12.497892],[122.494713,12.497305],[122.494527,12.498209],[122.494159,12.498208],[122.494532,12.495315],[122.496189,12.495318],[122.496372,12.49568],[122.49582,12.495679],[122.495635,12.496016],[122.497536,12.495863],[122.498084,12.496537],[122.500203,12.496703],[122.50207,12.496424],[122.500909,12.496422],[122.500725,12.49606],[122.500356,12.496602],[122.499132,12.496409],[122.499133,12.495866],[122.49803,12.495322],[122.498399,12.494599],[122.49748,12.494055],[122.496926,12.494958],[122.496374,12.494957],[122.496192,12.493871],[122.493984,12.493505],[122.495458,12.492423],[122.495275,12.492061],[122.493985,12.492782],[122.492513,12.492418],[122.492515,12.491875],[122.491594,12.492235],[122.490675,12.491329],[122.490494,12.489882],[122.488838,12.489517],[122.488468,12.490421],[122.486628,12.490417],[122.486626,12.49096],[122.487363,12.490961],[122.487545,12.491866],[122.486808,12.492407],[122.485703,12.492405],[122.483496,12.491858],[122.483313,12.490953],[122.482395,12.490228],[122.482398,12.4886],[122.480743,12.487874],[122.47743,12.487867],[122.476692,12.488589],[122.479337,12.488421],[122.479296,12.488022],[122.480263,12.488357],[122.480533,12.49043],[122.481096,12.4913],[122.482145,12.491694],[122.485552,12.494678],[122.488588,12.494086],[122.488937,12.494431],[122.488993,12.49393],[122.489175,12.493934],[122.488811,12.495708],[122.489649,12.493683],[122.489015,12.492954],[122.490488,12.492775],[122.48966,12.493863],[122.490756,12.493072],[122.490183,12.495423],[122.490591,12.496212],[122.490668,12.494946],[122.491587,12.495671],[122.4914,12.497118],[122.490888,12.497298],[122.492181,12.498392]]],[[[122.491775,12.493501],[122.49196,12.49314],[122.491776,12.49314],[122.491775,12.493501]]],[[[122.484229,12.493125],[122.484229,12.493487],[122.484597,12.493488],[122.484597,12.493307],[122.484229,12.493125]]],[[[122.486437,12.493491],[122.486436,12.494034],[122.486989,12.494035],[122.487542,12.493132],[122.486437,12.493491]]],[[[122.490673,12.492414],[122.491409,12.492235],[122.490674,12.492052],[122.490673,12.492414]]],[[[122.529854,12.498662],[122.529803,12.498464],[122.529802,12.498695],[122.529854,12.498662]]],[[[122.527961,12.498822],[122.529619,12.498282],[122.529436,12.497739],[122.527778,12.49846],[122.527961,12.498822]]],[[[122.529639,12.498861],[122.529618,12.498825],[122.529618,12.498927],[122.529639,12.498861]]],[[[122.529618,12.498945],[122.529618,12.498976],[122.529639,12.498956],[122.529618,12.498945]]],[[[122.56367,12.498882],[122.563669,12.499006],[122.563795,12.498882],[122.56367,12.498882]]],[[[122.563485,12.499063],[122.563513,12.499098],[122.563573,12.499063],[122.563485,12.499063]]],[[[122.53919,12.498661],[122.538821,12.498841],[122.539004,12.499203],[122.539189,12.499203],[122.53919,12.498661]]],[[[122.529249,12.499186],[122.529347,12.499263],[122.529513,12.499181],[122.529597,12.499006],[122.529249,12.499186]]],[[[122.527714,12.499398],[122.527594,12.498641],[122.523867,12.495809],[122.523987,12.496309],[122.527714,12.499398]]],[[[122.529065,12.499501],[122.529211,12.499367],[122.529065,12.499367],[122.529065,12.499501]]],[[[122.528161,12.499546],[122.528175,12.499549],[122.528191,12.499546],[122.528161,12.499546]]],[[[122.528022,12.499553],[122.528144,12.499365],[122.527922,12.499365],[122.528022,12.499553]]],[[[122.528421,12.49961],[122.528603,12.499547],[122.528199,12.499546],[122.528421,12.49961]]],[[[122.529027,12.499571],[122.528958,12.499607],[122.529052,12.499609],[122.529027,12.499571]]],[[[122.528816,12.499644],[122.528877,12.499547],[122.528622,12.499547],[122.528816,12.499644]]],[[[122.532736,12.500837],[122.533482,12.499374],[122.531277,12.4972],[122.531279,12.496477],[122.532016,12.495935],[122.531283,12.494126],[122.528524,12.492855],[122.52742,12.492853],[122.525582,12.491584],[122.525763,12.493212],[122.526683,12.493213],[122.52705,12.493937],[122.529074,12.494483],[122.530357,12.497018],[122.529987,12.498458],[122.530781,12.497616],[122.531247,12.497815],[122.530905,12.498987],[122.532736,12.500837]]],[[[122.532927,12.501182],[122.532693,12.501006],[122.532927,12.501261],[122.532927,12.501182]]],[[[122.54398,12.496137],[122.543423,12.498487],[122.542685,12.49939],[122.54066,12.499929],[122.539371,12.499927],[122.538636,12.499383],[122.537898,12.500467],[122.535319,12.501367],[122.534582,12.502089],[122.533648,12.502087],[122.539811,12.505246],[122.542416,12.504348],[122.54416,12.505628],[122.5463,12.505635],[122.548848,12.504412],[122.554029,12.498686],[122.551891,12.497778],[122.550416,12.499222],[122.549497,12.498678],[122.547104,12.498855],[122.545818,12.497587],[122.544345,12.497946],[122.54398,12.496137]]],[[[122.546367,12.499035],[122.546184,12.498492],[122.546,12.498853],[122.546367,12.499035]]]]}}]}